{
"type": "FeatureCollection",
"name": "boundary",
"crs": { "type": "name", "properties": { "name": "urn:ogc:def:crs:EPSG::28992" } },
"features": [
{ "type": "Feature", "properties": { "source_id": "boundary_0", "name": "Amsterdam", "category": "boundary", "subtype": null, "source": "osm", "acquired_at": "2026-08-12T17:40:42.487362+00:00", "area_sqm": 219467456.52046615 }, "geometry": { "type": "MultiPolygon", "coordinates": [ [ [ [ 110189.651744093338493, 490522.596802565036342 ], [ 112043.609478509693872, 490116.748582958709449 ], [ 112040.825933842730592, 490104.288233962375671 ], [ 112078.472922649030806, 490096.416249926493037 ], [ 112140.107967912626918, 490081.648628982133232 ], [ 112153.693610055619502, 490069.847128529800102 ], [ 112162.892994139489019, 490056.937676182948053 ], [ 112167.085665812512161, 490042.803238241176587 ], [ 112173.867969166545663, 489167.455004201852717 ], [ 112174.05110099632293, 489143.85290180821903 ], [ 112200.294995378237218, 489000.96500072669005 ], [ 112211.137046348594595, 488875.00160295702517 ], [ 112226.37221676025365, 488698.116133899951819 ], [ 112226.891613266605418, 488692.058511077600997 ], [ 112226.825049106293591, 488684.381418537406716 ], [ 112226.854004974258714, 488675.156836944457609 ], [ 112226.875712076958735, 488666.666704126051627 ], [ 112226.87875787075609, 488666.232722493703477 ], [ 112227.226523772289511, 488658.440767346764915 ], [ 112227.774277752090711, 488646.229636914271396 ], [ 112227.953220778712421, 488640.953860634414013 ], [ 112227.95410351123428, 488639.485081522027031 ], [ 112228.14695278959698, 488634.242565920692869 ], [ 112228.805383801722201, 488616.733997956500389 ], [ 112229.114679658319801, 488608.430532696831506 ], [ 112229.123472871957347, 488607.87410367449047 ], [ 112229.413204639451578, 488580.821719826722983 ], [ 112229.472900378197664, 488574.356383235834073 ], [ 112229.898633152479306, 488530.790273421211168 ], [ 112230.109584122401429, 488508.000238128995989 ], [ 112230.196822358615464, 488499.999130279757082 ], [ 112230.589131760440068, 488464.355777971330099 ], [ 112231.143712969060289, 488413.656120193365496 ], [ 112231.412482780375285, 488399.889627446886152 ], [ 112231.697572451812448, 488386.43455103773158 ], [ 112231.696607940306421, 488386.323288887972012 ], [ 112231.717904613193241, 488373.070786528172903 ], [ 112231.72146868595155, 488369.554607570054941 ], [ 112232.131247652403545, 488346.918634489702526 ], [ 112232.161835905339103, 488344.948881429561879 ], [ 112232.16899089407525, 488344.203307037125342 ], [ 112232.218286540271947, 488340.464190839265939 ], [ 112232.446734244469553, 488323.615856816410087 ], [ 112232.510573028295767, 488319.197864673740696 ], [ 112232.699833130536717, 488304.897965364565607 ], [ 112232.858409399006632, 488292.556693084246945 ], [ 112232.965702974994201, 488284.510906538518611 ], [ 112232.980746290078969, 488282.318747487268411 ], [ 112233.101244483492337, 488256.15801151713822 ], [ 112233.13082949987438, 488249.359128530079033 ], [ 112233.145506229106104, 488245.553550814103801 ], [ 112233.161456949645071, 488244.251547911553644 ], [ 112233.464077342010569, 488204.536491333390586 ], [ 112233.471580242330674, 488203.045401957875583 ], [ 112233.487531410995871, 488201.743399155733641 ], [ 112233.856245192204369, 488168.080886202282272 ], [ 112234.30507596260577, 488127.16284714860376 ], [ 112234.325329433806473, 488125.571504061867017 ], [ 112233.830078156388481, 488124.997190395544749 ], [ 112192.737151109758997, 488077.295833756099455 ], [ 112149.222133195435163, 488026.789579682284966 ], [ 112126.143475574994227, 487999.995851445768494 ], [ 112105.809333299141144, 487976.394086011801846 ], [ 112073.476098403101787, 487962.92224830435589 ], [ 112068.999607331847074, 487961.058470531599596 ], [ 112049.589897741330788, 487952.959993464522995 ], [ 112086.488814551645191, 487872.835768800112419 ], [ 112122.735802213574061, 487777.10627119342098 ], [ 112156.82062454809784, 487651.797923348553013 ], [ 112178.516514000482857, 487534.775721112382598 ], [ 112187.081940678239334, 487450.581024910497945 ], [ 112190.041321173164761, 487394.486235141637735 ], [ 112191.483499320049305, 487334.632551221584436 ], [ 112189.411053891861229, 487265.306879367039073 ], [ 112184.711701586158597, 487226.046981864492409 ], [ 112179.711723758315202, 487194.534110610431526 ], [ 112146.86825246133958, 487003.634616568044294 ], [ 112135.667761001488543, 486945.214859627594706 ], [ 112039.548034656836535, 486410.36242868041154 ], [ 111967.304833097528899, 486020.656082239001989 ], [ 111940.369069981883513, 485869.908576888614334 ], [ 111926.461111570242792, 485797.648725617153104 ], [ 111921.591113875678275, 485744.671036916202866 ], [ 111927.993896219326416, 485668.016878058202565 ], [ 111938.722189244115725, 485624.850668274797499 ], [ 111952.74893045326462, 485591.937076061672997 ], [ 111977.565654636302497, 485548.648146157735027 ], [ 112006.016976856742986, 485512.727151660481468 ], [ 112042.974353445897577, 485477.934030283999164 ], [ 112088.802323003910715, 485442.296328314288985 ], [ 112139.639354745333549, 485409.886912774993107 ], [ 112413.505763371562352, 485232.189282617473509 ], [ 112604.229989741317695, 485107.428022441454232 ], [ 112888.518705478636548, 484921.522805197513662 ], [ 113065.170913032867247, 484805.845780619420111 ], [ 113171.111901494237827, 484734.858603069267701 ], [ 113297.701407229527831, 484647.587512081256136 ], [ 113539.171774148533586, 484482.633687016321346 ], [ 113723.565373378296499, 484357.591295974096283 ], [ 113847.710298208374297, 484273.136738209926989 ], [ 114042.767040933103999, 484140.22880590276327 ], [ 114177.069573405693518, 484049.100199794396758 ], [ 114313.078965785680339, 483955.268541760044172 ], [ 114339.08794640089036, 483936.561446232663002 ], [ 114399.66146185240359, 483875.343653017305769 ], [ 114422.858525458679651, 483845.266171910334378 ], [ 114459.030063642800087, 483786.708698396629188 ], [ 114712.314075771457283, 483372.340540161705576 ], [ 114795.804738938226365, 483237.915210672479589 ], [ 114825.461559941060841, 483202.746669894375373 ], [ 114855.961880033399211, 483175.705209887237288 ], [ 114895.06475964175479, 483148.69424503238406 ], [ 114962.453696164870053, 483102.149154035781976 ], [ 115298.204299627104774, 482870.315236493013799 ], [ 115500.099093354263459, 482730.868655925150961 ], [ 115835.665083388797939, 482501.243153908930253 ], [ 116023.318319917976623, 482370.899482876935508 ], [ 116088.891701423068298, 482316.206138352688868 ], [ 116137.381946457418962, 482262.337864804605488 ], [ 116137.868564631120535, 482261.799949936103076 ], [ 116177.155544908397133, 482207.826437136740424 ], [ 116205.697850379685406, 482155.439709010126535 ], [ 116225.100853829702828, 482109.444895376160275 ], [ 116247.375117264135042, 482109.615108853322454 ], [ 116248.745447256253101, 482109.615490164025687 ], [ 116283.598790684598498, 482109.876401182147674 ], [ 116293.765219452485326, 482110.063807981554419 ], [ 116296.214223783332272, 482110.256036940030754 ], [ 116297.438236335234251, 482110.724904396687634 ], [ 116298.185746918112272, 482111.286518427426927 ], [ 116301.856390245055081, 482115.997801539429929 ], [ 116306.275819414004218, 482122.305487467790954 ], [ 116308.505818146528327, 482125.002973200113047 ], [ 116308.533347904594848, 482125.036138139665127 ], [ 116311.915782988624414, 482127.769110007327981 ], [ 116315.400668691843748, 482129.655643370351754 ], [ 116320.855195070325863, 482130.592109246761538 ], [ 116324.894835950573906, 482131.061200356460176 ], [ 116351.729110378277255, 482131.129437548748683 ], [ 116398.492356795555679, 482129.629005323396996 ], [ 116462.4152271731582, 482128.117566940549295 ], [ 116495.975008783629164, 482126.876814442570321 ], [ 116638.120499147538794, 482123.40133296867134 ], [ 116679.999284513076418, 482125.001360358088277 ], [ 116685.611573810936534, 482125.191508141579106 ], [ 116700.008062764027272, 482130.198248938308097 ], [ 116708.648668809677474, 482133.202292416244745 ], [ 116713.470839302448439, 482135.245645652990788 ], [ 116727.864675170509145, 482140.797701740055345 ], [ 116742.342793664560304, 482145.79280614858726 ], [ 116745.914842544822022, 482146.633045857131947 ], [ 116752.52885529762716, 482147.650026550632901 ], [ 116772.275868065276882, 482150.7573907514452 ], [ 116799.860886860580649, 482155.361994213599246 ], [ 116818.481561148946639, 482158.28909334418131 ], [ 116838.045028341570287, 482161.476025440671947 ], [ 116866.917743619269459, 482165.993170711852144 ], [ 116905.298465700878296, 482171.983808315882925 ], [ 116973.91042218109942, 482182.771347404341213 ], [ 117052.974717426957795, 482195.538024050358217 ], [ 117136.987555603845976, 482208.245791162422393 ], [ 117220.337073378410423, 482221.638789149408694 ], [ 117280.889992629119661, 482231.602051947789732 ], [ 117333.453745441365754, 482240.803559009335004 ], [ 117362.911311588046374, 482246.153646916791331 ], [ 117406.863496851408854, 482254.331100219103973 ], [ 117451.624632188322721, 482262.224626440263819 ], [ 117570.77004073021817, 482283.741270951286424 ], [ 117646.434937899612123, 482297.266406560025644 ], [ 117656.809856615509489, 482298.946028974547517 ], [ 117657.566291505179834, 482319.658414388308302 ], [ 117672.383380185739952, 482320.992952615022659 ], [ 117672.181622418749612, 482381.824694976676255 ], [ 117670.026245066168485, 482410.548124536813702 ], [ 117665.248146459111013, 482471.091773811727762 ], [ 117663.171980343977339, 482497.656013323052321 ], [ 117719.030898675613571, 482536.589766182471067 ], [ 117727.254632468771888, 482542.347045662871096 ], [ 117731.644668900902616, 482545.051127045648172 ], [ 117734.497899094276363, 482546.45383921242319 ], [ 117741.666466082795523, 482548.792044875910506 ], [ 117761.743056708044605, 482554.326502045965753 ], [ 117770.60167349682888, 482556.596379444003105 ], [ 117790.52653027389897, 482562.810831173148472 ], [ 117800.065395649027778, 482565.798880892223679 ], [ 117834.798945048096357, 482575.974457258707844 ], [ 117882.277113968099002, 482589.414819941390306 ], [ 117914.534085059625795, 482598.452370915038045 ], [ 117939.302598675334593, 482605.209662961424328 ], [ 117955.093091739545343, 482610.120569440652616 ], [ 117955.332250749037485, 482610.196664064424112 ], [ 117969.749608393874951, 482614.717346929595806 ], [ 118014.698446969647193, 482583.592851904511917 ], [ 118056.260137581411982, 482554.330017036059871 ], [ 118125.002808042860124, 482571.841952658374794 ], [ 118133.021132874884643, 482573.896212981489953 ], [ 118200.679372245940613, 482590.493764139071573 ], [ 118213.933310336084105, 482593.510578387067653 ], [ 118215.243808896193514, 482593.734485090244561 ], [ 118219.286138314171694, 482596.474965860950761 ], [ 118220.271019745967351, 482596.912706708419137 ], [ 118220.817635069601238, 482597.999063859228045 ], [ 118222.458121132323868, 482605.007860316662118 ], [ 118223.116835990891559, 482607.417471813911106 ], [ 118242.537071391707286, 482649.454644096374977 ], [ 118244.508185999875423, 482651.431677652464714 ], [ 118245.819412611075677, 482651.755728058458772 ], [ 118274.601934742546291, 482650.217631760926452 ], [ 118343.727374330133898, 482645.186868295422755 ], [ 118424.419147229345981, 482637.145099300832953 ], [ 118428.764702620479511, 482632.061372602765914 ], [ 118490.215382050373591, 482632.641738475766033 ], [ 118525.03420766472118, 482633.397131489880849 ], [ 118534.784942795842653, 482632.846712288621347 ], [ 118551.520027413236676, 482631.910984930058476 ], [ 118551.806234147865325, 482631.897746993578039 ], [ 118632.585345187457278, 482627.319169580820017 ], [ 118718.427390409167856, 482622.459947929019108 ], [ 118785.307194536420866, 482619.721724119561259 ], [ 118786.49673775692645, 482612.747640826913994 ], [ 118789.888682218894246, 482592.828098427213263 ], [ 118802.785701652130228, 482550.896911602292676 ], [ 118803.342151300428668, 482548.689733038656414 ], [ 118807.475177671090933, 482528.486608076433185 ], [ 118812.021687023516279, 482507.957782926096115 ], [ 118814.814469087374164, 482491.836882378556766 ], [ 118817.20634249462455, 482468.442006698984187 ], [ 118818.046941133434302, 482455.695691026223358 ], [ 118819.285359475383302, 482365.070152838714421 ], [ 118818.576444167090813, 482339.939956963178702 ], [ 118814.65069780164049, 482124.999439233331941 ], [ 118811.658963257388677, 481961.29092916182708 ], [ 118808.704521256455337, 481799.896560625929851 ], [ 118806.283551056971191, 481667.605941449699458 ], [ 118816.989993577386485, 481667.883607242663857 ], [ 118822.281773300011992, 481668.011771806282923 ], [ 118821.924168901576195, 481645.237907764618285 ], [ 118832.302489338500891, 481644.460966602899134 ], [ 118834.265027790912427, 481644.313084809400607 ], [ 118834.674880229460541, 481628.57684548292309 ], [ 118893.245505819897517, 481629.884401360177435 ], [ 118894.21737824039883, 481647.190540263603907 ], [ 118894.537869785825023, 481652.796086216636468 ], [ 118895.282667499370291, 481656.751772182644345 ], [ 118895.952369165315758, 481658.827584331505932 ], [ 118896.916930686915293, 481660.20025684335269 ], [ 118898.236095321422908, 481661.581466169678606 ], [ 118904.916437391162617, 481663.257323449768592 ], [ 118910.49026451545069, 481663.728452301758807 ], [ 119122.15337227913551, 481668.718869736476336 ], [ 119234.493659874671721, 481671.365092018037103 ], [ 119679.586712962962338, 481680.27023668930633 ], [ 119679.723146669275593, 481680.280388457817025 ], [ 119695.843550704114023, 481680.632539148908108 ], [ 119907.00476091488963, 481685.326344259083271 ], [ 119922.695531243822188, 481685.671158468350768 ], [ 119930.851160301055643, 481685.846946323290467 ], [ 120000.003575760580134, 481687.348456615698524 ], [ 120025.002299935251358, 481687.883606465300545 ], [ 120168.155184172428562, 481690.97845452738693 ], [ 120213.495192130474607, 481691.960964844853152 ], [ 120288.859721677028574, 481693.623079321347177 ], [ 120290.966778440328198, 481693.663915792945772 ], [ 120462.002525054806028, 481697.394923648040276 ], [ 120500.005166851507965, 481698.231058678764384 ], [ 120549.852432291940204, 481699.318715445231646 ], [ 120568.652576908018091, 481699.73292220546864 ], [ 120580.954151768863085, 481700.003296538139693 ], [ 120709.031845859775785, 481703.152050939912442 ], [ 120975.00616111556883, 481709.692332188482396 ], [ 121000.005157175080967, 481710.310297870484646 ], [ 121098.002958728990052, 481712.719243252126034 ], [ 121203.248121470052865, 481715.125076319032814 ], [ 121265.75826984771993, 481716.556196254794486 ], [ 121295.366522937110858, 481717.233212226361502 ], [ 121307.088421716340235, 481717.498219825443812 ], [ 121336.839907788584242, 481718.185634523048066 ], [ 121350.180008774681482, 481718.795778008294292 ], [ 121360.697598652594024, 481719.42516672873171 ], [ 121371.412973206839524, 481720.064358824165538 ], [ 121377.29251231145463, 481720.424920412420761 ], [ 121400.551362025042181, 481721.835619266086724 ], [ 121409.752754205474048, 481722.418426370248199 ], [ 121412.978408378257882, 481722.530026095861103 ], [ 121417.552898005989846, 481722.476689120929223 ], [ 121422.332521784846904, 481722.510976466350257 ], [ 121425.216915323806461, 481722.569269014697056 ], [ 121427.848980291426415, 481722.61815044854302 ], [ 121430.160615819491795, 481722.66920962248696 ], [ 121431.694057275744854, 481722.580907813797239 ], [ 121433.847677933837986, 481722.455014546925668 ], [ 121437.071971442754148, 481722.366358463652432 ], [ 121443.734493317548186, 481721.564504436508287 ], [ 121452.236800721322652, 481720.60552432044642 ], [ 121457.738870047120145, 481720.601562260766514 ], [ 121470.516578523878707, 481720.726271888648625 ], [ 121471.381891596247442, 481720.642514897568617 ], [ 121494.613166752664256, 481721.007932731008623 ], [ 121530.963626216587727, 481721.585026102664415 ], [ 121538.804495000076713, 481710.538750529056415 ], [ 121588.826699219687725, 481662.9452361977892 ], [ 121601.204515853110934, 481658.355265270045493 ], [ 121665.984438031358877, 481634.340472295647487 ], [ 121738.619107560181874, 481623.447686158819124 ], [ 121787.482229329849361, 481623.130236984579824 ], [ 121796.604422514108592, 481623.068949104985222 ], [ 121846.044542639720021, 481624.406081287772395 ], [ 121892.261677326227073, 481619.934905210975558 ], [ 121925.801361721489229, 481610.987030491058249 ], [ 121955.617769934251555, 481596.834727272973396 ], [ 121985.435347582300892, 481576.707562257943209 ], [ 122000.001654959865846, 481565.884156158776022 ], [ 122011.521799647336593, 481557.328715320036281 ], [ 122061.478237568138866, 481520.444369306671433 ], [ 122062.061984028026927, 481520.051045081811026 ], [ 122091.594622320175404, 481500.00431670906255 ], [ 122102.923059922657558, 481492.307124246726744 ], [ 122158.400391156639671, 481464.165992113063112 ], [ 122316.182632964366348, 481391.976152709627058 ], [ 122351.659557080056402, 481359.062630854721647 ], [ 122398.196951824051212, 481315.873241305060219 ], [ 122403.545121931267204, 481252.137716395256575 ], [ 122449.74491784843849, 481252.723418683570344 ], [ 122470.311522185074864, 481252.988595065660775 ], [ 122470.331977059686324, 481252.988460460794158 ], [ 122475.828252039587824, 481253.063561362680048 ], [ 122476.455608046671841, 481253.070560380641837 ], [ 122476.496517794701504, 481253.07029121927917 ], [ 122492.105562306183856, 481253.268038337118924 ], [ 122500.486266087507829, 481253.368705564527772 ], [ 122506.763847490146873, 481254.050671574193984 ], [ 122513.11357654852327, 481254.2982308951905 ], [ 122516.04485613637371, 481254.189954031899106 ], [ 122523.385815007306519, 481253.785665505449288 ], [ 122538.563644744222984, 481252.695697633898817 ], [ 122545.102386481579742, 481252.6527632016805 ], [ 122567.007441001405823, 481252.186320456617977 ], [ 122583.389243827419705, 481251.689431796898134 ], [ 122589.906510626111412, 481251.490923999343067 ], [ 122593.396309704636224, 481251.290017760999035 ], [ 122610.988420330890222, 481250.273459179676138 ], [ 122615.823101598478388, 481250.319670666824095 ], [ 122620.663507846737048, 481250.198949225596152 ], [ 122624.474497479473939, 481250.107227871078067 ], [ 122633.318708251725184, 481265.804686080664396 ], [ 122640.362396111871931, 481278.320590026851278 ], [ 122649.177122453489574, 481293.695595905766822 ], [ 122667.800458127676393, 481326.30843568535056 ], [ 122680.399727989002713, 481348.012077651452273 ], [ 122690.474872343766037, 481365.359464846958872 ], [ 122692.160677139472682, 481368.742083096294664 ], [ 122700.140382933604997, 481384.723477977910079 ], [ 122700.630939106107689, 481385.710546909249388 ], [ 122704.665721847952227, 481394.841440581250936 ], [ 122747.343159358919365, 481470.257587069820147 ], [ 122755.150199881987646, 481488.0427194465301 ], [ 122755.985262265865458, 481489.583880503138062 ], [ 122743.902215901704039, 481497.774065270437859 ], [ 122740.650721306315972, 481499.987240522634238 ], [ 122707.613136212341487, 481522.456327343184967 ], [ 122667.53308959963033, 481550.201240430527832 ], [ 122648.598352209664881, 481565.724462245125324 ], [ 122642.516587660167716, 481567.811581397079863 ], [ 122640.213448833252187, 481570.107629082165658 ], [ 122639.136475956169306, 481571.193968196748756 ], [ 122638.976198327130987, 481571.706844965403434 ], [ 122637.787825732855708, 481575.5644578600768 ], [ 122637.734448513307143, 481575.742834268079605 ], [ 122638.035906865203287, 481579.089992225228343 ], [ 122638.182534945954103, 481580.657894574163947 ], [ 122634.321501620783238, 481584.521880963933654 ], [ 122630.158199737750692, 481586.997014497115742 ], [ 122623.183253711424186, 481591.159570416784845 ], [ 122573.767505127383629, 481622.638223069428932 ], [ 122549.025631591910496, 481638.3557072141557 ], [ 122520.207620789515204, 481655.246149353333749 ], [ 122519.846865676227026, 481655.337533466052264 ], [ 122517.940824274424813, 481655.79512650729157 ], [ 122514.994341119396267, 481658.740809522452764 ], [ 122517.152057896964834, 481666.493056592706125 ], [ 122521.989602816087427, 481676.375145720783621 ], [ 122530.731031483563129, 481697.247013581276406 ], [ 122531.042797081900062, 481698.001580319367349 ], [ 122541.843552075020852, 481724.122863827855326 ], [ 122556.095353842552868, 481759.790468862629496 ], [ 122557.348103068987257, 481765.75727753189858 ], [ 122557.495435098971939, 481766.390531710872892 ], [ 122557.997401621221798, 481768.078493552980945 ], [ 122549.570730191771872, 481780.573449767020065 ], [ 122519.313529239138006, 481813.840718793682754 ], [ 122501.293938712668023, 481831.450328713166527 ], [ 122489.178032812458696, 481842.74571492173709 ], [ 122504.018708454692387, 481860.128149673284497 ], [ 122516.255364749318687, 481874.467902487027459 ], [ 122531.487513087355183, 481892.315167225897312 ], [ 122541.788420461496571, 481901.560548347944859 ], [ 122554.658907934412127, 481908.630503423977643 ], [ 122575.102572950112517, 481913.436590063618496 ], [ 122611.482992282602936, 481918.839279828593135 ], [ 122641.087585229630349, 481926.478553056251258 ], [ 122657.83266114408616, 481930.786243341804948 ], [ 122724.640939968303428, 481948.864321560715325 ], [ 122731.716479524606257, 481950.776418023277074 ], [ 122727.074666488886578, 481999.997820524557028 ], [ 122719.328091902338201, 482082.174517172214109 ], [ 122715.477206077121082, 482123.023505131306592 ], [ 122715.042659712256864, 482128.511803321365733 ], [ 122714.054076506567071, 482141.024664248223417 ], [ 122713.901297171774786, 482142.683539598772768 ], [ 122709.196749963055481, 482194.764948891534004 ], [ 122695.947704390287981, 482341.345612411038019 ], [ 122692.66186102622305, 482377.840407706564292 ], [ 122690.914942577073816, 482398.425093830213882 ], [ 122683.25585471202794, 482484.395548329921439 ], [ 122681.810505309316795, 482500.004634820099454 ], [ 122674.57194749917835, 482578.306072676030453 ], [ 122671.316597282915609, 482614.199858766107354 ], [ 122673.657101542310556, 482614.562854939140379 ], [ 122676.939216374492389, 482615.064340032346081 ], [ 122684.636641560151475, 482616.315820140414871 ], [ 122685.093850330478745, 482616.390717114962172 ], [ 122693.890313231022446, 482617.879812008701265 ], [ 122693.965366453732713, 482617.890448033693247 ], [ 122696.040100076570525, 482618.266319028101861 ], [ 122702.079965175566031, 482619.350635247537866 ], [ 122703.124184163316386, 482619.544090903771576 ], [ 122707.676543179957662, 482620.404475569026545 ], [ 122711.027686949499184, 482621.03905258665327 ], [ 122712.536220290145138, 482621.351870016078465 ], [ 122713.764844770936179, 482621.59975652769208 ], [ 122731.431704946575337, 482625.467717142717447 ], [ 122756.173031739905127, 482632.282656511466485 ], [ 122783.084658835403388, 482641.598203624016605 ], [ 122823.615665609904681, 482658.213324310258031 ], [ 122940.096217825019266, 482705.156389351352118 ], [ 122983.802851471569738, 482727.059650325565599 ], [ 123000.00795975625806, 482734.765623045328539 ], [ 123023.754940082377288, 482746.072395365743432 ], [ 123063.311955033495906, 482765.177028613979928 ], [ 123102.445341271348298, 482784.173444368236233 ], [ 123126.615812790114433, 482795.689381719392259 ], [ 123151.811683320032898, 482805.563202869787347 ], [ 123179.776441128866281, 482816.732270563661586 ], [ 123268.842932643179665, 482860.755309631233104 ], [ 123328.802583334967494, 482896.32098195591243 ], [ 123321.255911249914789, 482911.045472371159121 ], [ 123333.161536582570989, 482923.43105728959199 ], [ 123345.544131146845757, 482937.927687425923068 ], [ 123351.605839673880837, 482945.699798840389121 ], [ 123358.46205013882718, 482955.135834311135113 ], [ 123360.320735447181505, 482957.994619874982163 ], [ 123362.282583748135949, 482960.997392648016103 ], [ 123363.411011236094055, 482962.648045301204547 ], [ 123365.538218916481128, 482965.927928027056623 ], [ 123367.666848386201309, 482969.430336499586701 ], [ 123370.663111879810458, 482974.30690224346472 ], [ 123379.856596696699853, 482991.105006360972766 ], [ 123384.139545631827787, 483000.001210706715938 ], [ 123387.883652141958009, 483007.77706977375783 ], [ 123395.193742081959499, 483026.389777664386202 ], [ 123400.813297968474217, 483043.922891404654365 ], [ 123403.346580663928762, 483054.221139878092799 ], [ 123406.70567268387822, 483067.885498888848815 ], [ 123410.221446651150472, 483087.935583606595173 ], [ 123412.007511106989114, 483103.968864329275675 ], [ 123413.381863742280984, 483138.764393322053365 ], [ 123413.288026280890335, 483158.203337778802961 ], [ 123421.55108403894701, 483157.471790134499315 ], [ 123439.09224282958894, 483155.924365488288458 ], [ 123462.001386437797919, 483153.908794419083279 ], [ 123464.828396436962066, 483153.657089327112772 ], [ 123467.750826041243272, 483153.404776891809888 ], [ 123483.795690486876993, 483151.288472475367598 ], [ 123530.986464622270432, 483150.8430336509482 ], [ 123539.100668446946656, 483150.279531448613852 ], [ 123540.885665709880413, 483150.156898766290396 ], [ 123545.634275755815906, 483149.826245020667557 ], [ 123550.096911479704431, 483149.541922933363821 ], [ 123558.065419689068221, 483153.930759559036233 ], [ 123565.534884019391029, 483158.089123313839082 ], [ 123591.855682259716559, 483172.731368949403986 ], [ 123630.03699324039917, 483193.974453121772967 ], [ 123618.440186469291802, 483214.966287666466087 ], [ 123731.616655950914719, 483277.30372085631825 ], [ 123736.589430800377158, 483282.257011838431936 ], [ 123742.211682738823583, 483285.370293821964879 ], [ 123748.377232201397419, 483284.941856130259112 ], [ 123753.584835333313094, 483278.533321889000945 ], [ 123756.338697873463389, 483276.424087499035522 ], [ 123761.216676894473494, 483273.934242962335702 ], [ 123892.922506115035503, 483231.378155185549986 ], [ 124000.002920274680946, 483198.304212490387727 ], [ 124021.683158626983641, 483191.614611766301095 ], [ 124071.071593078289879, 483176.462196187349036 ], [ 124125.923007517150836, 483159.629387882887386 ], [ 124221.565958412567852, 483161.035469812864903 ], [ 124240.711334900799557, 483128.103650545352139 ], [ 124244.750861178486957, 483121.157706874539144 ], [ 124248.615129188561696, 483114.524404596129898 ], [ 124273.648344681743765, 483071.47530318365898 ], [ 124281.444375965118525, 483058.07480965036666 ], [ 124296.442648515003384, 483066.226458222838119 ], [ 124298.296086558912066, 483067.238595936854836 ], [ 124337.901479992156965, 483088.778701588511467 ], [ 124363.026877901778789, 483103.321190851740539 ], [ 124371.828878848333261, 483109.230521901859902 ], [ 124377.16294674477831, 483113.169684874126688 ], [ 124378.616912398487329, 483114.618268982099835 ], [ 124381.394446263235295, 483117.371599667181727 ], [ 124387.374698059182265, 483123.298445245367475 ], [ 124393.437413134452072, 483129.336054000130389 ], [ 124405.67244070727611, 483134.901506411784794 ], [ 124417.435154609076562, 483136.842614332621451 ], [ 124439.59402957239945, 483146.797407326521352 ], [ 124453.624083565286128, 483154.977772309328429 ], [ 124478.661481175018707, 483165.315504833415616 ], [ 124487.72391604394943, 483168.185848496446852 ], [ 124497.725540316139814, 483169.726335598097648 ], [ 124506.664073385574738, 483170.194115853868425 ], [ 124517.054198643891141, 483170.630703004193492 ], [ 124544.812337647905224, 483169.035310452745762 ], [ 124624.751354456107947, 483161.622424367815256 ], [ 124627.285409124859143, 483161.384312741982285 ], [ 124636.09339817838918, 483160.573561778524891 ], [ 124636.402845902193803, 483178.763778470398393 ], [ 124636.445424500925583, 483181.25589270790806 ], [ 124636.988572928137728, 483213.074855210143141 ], [ 124637.052782171231229, 483216.868658090010285 ], [ 124636.948235451316577, 483230.911169432278257 ], [ 124637.679596680885879, 483257.866619098407682 ], [ 124640.368398033024278, 483258.417557046923321 ], [ 124669.890648524000426, 483264.478305795113556 ], [ 124672.244867933695787, 483264.931174864876084 ], [ 124733.534773060120642, 483277.584679867373779 ], [ 124758.527071507254732, 483286.321858342562336 ], [ 124760.171849362741341, 483286.678971538494807 ], [ 124779.534109574567992, 483290.933286612387747 ], [ 124776.111897670314647, 483294.158703363907989 ], [ 124788.086889195954427, 483299.693308708141558 ], [ 124788.906105215704883, 483299.910832911322359 ], [ 124789.769411436485825, 483300.651041510223877 ], [ 124792.637197683856357, 483302.614055744721554 ], [ 124807.618614635648555, 483310.500310219882522 ], [ 124808.794746780302376, 483311.127343686064705 ], [ 124833.536269327451009, 483323.493729113950394 ], [ 124835.628243635961553, 483324.537990876764525 ], [ 124845.786865262285573, 483329.538617968268227 ], [ 124848.911018047641846, 483331.077286262821872 ], [ 124850.633867057869793, 483331.945780158799607 ], [ 124855.316818996507209, 483334.276061256881803 ], [ 124860.05456127479556, 483336.650519237504341 ], [ 124864.088072531740181, 483338.662096845218912 ], [ 124864.723805591347627, 483338.969766150927171 ], [ 124871.874161024898058, 483342.442188118177 ], [ 124878.812618554482469, 483345.815772137371823 ], [ 124879.475543523716624, 483346.112150875793304 ], [ 124894.791288590524346, 483352.984102427202743 ], [ 124898.187890967587009, 483354.498888232046738 ], [ 124914.845765980222495, 483362.408632269245572 ], [ 124921.414510183429229, 483365.517486884782556 ], [ 124926.896555334707955, 483368.132264250889421 ], [ 124933.472979852813296, 483371.385734863695689 ], [ 124937.601305990014225, 483373.307781758019701 ], [ 124940.164512100949651, 483374.516120399348438 ], [ 124945.564346898754593, 483377.064658494549803 ], [ 124948.578715860319789, 483378.492790547665209 ], [ 124951.189624020073097, 483379.700844734441489 ], [ 124957.731060736434301, 483382.809913467033766 ], [ 124963.171904652001103, 483385.380474703095388 ], [ 124968.455584293842549, 483387.885237161652185 ], [ 124981.294676381294266, 483394.371950159780681 ], [ 124982.470563528579078, 483394.965646206634119 ], [ 124986.959589872785727, 483396.807655908109155 ], [ 124990.218813307350501, 483398.156439068960026 ], [ 125000.002123102894984, 483399.766025099263061 ], [ 125000.138564673252404, 483399.787449957395438 ], [ 125004.941354857990518, 483401.672077434894163 ], [ 125024.152478677031468, 483409.210634046467021 ], [ 125060.71350883305422, 483423.097567855205853 ], [ 125090.094697850203374, 483435.381484411715064 ], [ 125105.529954892757814, 483444.078137265110854 ], [ 125108.715964005692513, 483445.727861473395023 ], [ 125110.732927282544551, 483446.783819633536041 ], [ 125112.416363157550222, 483446.784762137918733 ], [ 125138.863634310779162, 483458.574889743758831 ], [ 125140.728700480642146, 483459.309104606567416 ], [ 125158.809042235501693, 483468.145710949553177 ], [ 125172.543117413719301, 483473.937658908776939 ], [ 125171.206369735999033, 483477.172465083014686 ], [ 125174.709565375538659, 483480.567204484483227 ], [ 125193.893391889519989, 483490.454311060544569 ], [ 125189.309643789965776, 483499.995273860055022 ], [ 125183.204688419529703, 483512.694270838052034 ], [ 125188.759953019412933, 483516.199029288196471 ], [ 125242.834671929595061, 483550.354596276942175 ], [ 125250.002122360543581, 483555.629980851022992 ], [ 125332.929743815853726, 483616.650685407221317 ], [ 125342.759795840873267, 483625.003430781071074 ], [ 125366.550460854603443, 483645.222484165395144 ], [ 125373.720082506595645, 483654.314483406895306 ], [ 125384.513422886797343, 483664.219269117107615 ], [ 125409.348525463414262, 483690.474050562363118 ], [ 125412.743500996133662, 483694.058759334380738 ], [ 125466.611483300221153, 483770.599502696073614 ], [ 125485.032745691161836, 483802.567614719970152 ], [ 125543.834591845108662, 483904.615443736256566 ], [ 125546.5546285121236, 483909.339189589256421 ], [ 125547.99969492724631, 483911.678302666754462 ], [ 125602.607998681225581, 483999.999262296478264 ], [ 125633.943606954038842, 484050.684050250332803 ], [ 125653.877206074015703, 484082.921968347218353 ], [ 125684.51325188780902, 484135.324741265620105 ], [ 125691.05135514990252, 484145.010661103704479 ], [ 125712.927521385310683, 484177.448698431137018 ], [ 125725.006648968250374, 484195.346682584960945 ], [ 125758.129497840607655, 484244.463930018362589 ], [ 125840.597891597775742, 484375.004187057667878 ], [ 125869.783018759291735, 484421.196858865092508 ], [ 125873.893007693375694, 484431.776348673389293 ], [ 125882.195815028593643, 484453.124004059063736 ], [ 125885.189909724518657, 484473.234521723061334 ], [ 125885.523342568369117, 484475.469019379059318 ], [ 125886.026931000858895, 484478.826308979361784 ], [ 125899.452736080711475, 484499.999152693315409 ], [ 125912.211266170852468, 484520.118927668198012 ], [ 125912.816513311699964, 484521.072257988736965 ], [ 125920.313355891674291, 484532.889157852274366 ], [ 125927.631368379865307, 484544.428954624745529 ], [ 125934.03454418835463, 484554.516550333530176 ], [ 125970.617070412117755, 484612.204661543713883 ], [ 125971.332229009654839, 484613.313126589346211 ], [ 125984.784824603120796, 484634.530551178148016 ], [ 126000.002242590358946, 484666.218985843937844 ], [ 126022.724434369927621, 484713.518675828760024 ], [ 126040.252065352600766, 484750.000409417611081 ], [ 126065.498028788104421, 484802.548421855317429 ], [ 126162.295305157022085, 484989.767352754774038 ], [ 126167.58086321951123, 484999.995297905406915 ], [ 126200.003349678881932, 485062.705281880975235 ], [ 126232.211422390959342, 485125.005041213531513 ], [ 126232.314783118956257, 485125.204719512548763 ], [ 126281.384987634926802, 485254.378149983473122 ], [ 126292.240762678164174, 485282.966259262349922 ], [ 126294.548098098937771, 485277.890201857953798 ], [ 126299.579741494977497, 485266.801025087945163 ], [ 126308.008473532550852, 485248.226105796638876 ], [ 126314.796701696875971, 485234.578727926884312 ], [ 126320.305461275929702, 485223.509055789210834 ], [ 126321.167113375748158, 485226.408117737679277 ], [ 126323.181124558337615, 485228.299085855833255 ], [ 126328.316655598217039, 485231.562766490911599 ], [ 126333.294741717108991, 485233.525543711439241 ], [ 126339.701087102512247, 485236.236651436192915 ], [ 126345.623038417019416, 485240.00761362130288 ], [ 126353.435862655780511, 485244.412961683410686 ], [ 126361.738934064109344, 485248.770972194441129 ], [ 126374.560341767501086, 485256.885877671418712 ], [ 126387.164344080243609, 485265.113342814089265 ], [ 126400.895884908502921, 485273.935151065175887 ], [ 126402.194750019873027, 485274.695370611909311 ], [ 126414.062421633119811, 485281.669852344377432 ], [ 126421.924803622896434, 485286.419948671536986 ], [ 126435.239232052699663, 485294.99947862373665 ], [ 126446.151093969529029, 485300.466336239478551 ], [ 126455.331861017883057, 485304.652527999540325 ], [ 126461.834774312359514, 485307.596895648457576 ], [ 126477.683454315993004, 485317.352450192207471 ], [ 126491.028489361007814, 485325.364491836808156 ], [ 126500.410707808565348, 485332.598316709103528 ], [ 126504.969762655702652, 485336.355081407818943 ], [ 126517.219002744503086, 485346.93265511986101 ], [ 126524.176962647441542, 485352.010804032557644 ], [ 126531.098458490654593, 485357.856914443604182 ], [ 126536.261722325027222, 485362.433599539857823 ], [ 126544.798063450696645, 485370.68491270247614 ], [ 126543.424690378466039, 485379.449530973623041 ], [ 126530.658825865350082, 485383.228300132323056 ], [ 126550.110432668734575, 485437.803874659992289 ], [ 126590.370888389996253, 485425.477371918444987 ], [ 126592.444701027052361, 485431.874414292047732 ], [ 126600.067131654534023, 485429.327064870041795 ], [ 126606.630335419686162, 485427.397785528795794 ], [ 126604.470407771805185, 485421.424046734871808 ], [ 126623.72125542005233, 485415.14919994934462 ], [ 126652.599555034961668, 485405.481145891593769 ], [ 126675.005600729331491, 485396.963051176280715 ], [ 126679.791434918268351, 485395.155331951566041 ], [ 126699.573775345634203, 485386.485497023386415 ], [ 126725.784648590051802, 485374.941625088977162 ], [ 126746.301766332704574, 485364.876936214568559 ], [ 126767.606693071735208, 485353.172206633666065 ], [ 126793.995829712235718, 485338.189535522833467 ], [ 126812.759163574097329, 485326.377127267769538 ], [ 126840.980818697164068, 485307.734698565269355 ], [ 126859.801475358239259, 485293.986101900809444 ], [ 126882.714251849407447, 485276.197544894879684 ], [ 126903.971061559539521, 485258.307250429119449 ], [ 126953.181046553945635, 485215.100790506578051 ], [ 126986.770269644708605, 485185.246414893539622 ], [ 127000.003667571058031, 485173.65525454597082 ], [ 127055.595708057226148, 485125.006089513073675 ], [ 127057.439761416375404, 485123.393414016114548 ], [ 127112.440455400035717, 485074.792754401336424 ], [ 127150.005911743763136, 485041.701451073575299 ], [ 127197.341377481643576, 484999.999018397880718 ], [ 127212.229656322757364, 484986.885894896520767 ], [ 127238.495058101325412, 484963.850621652207337 ], [ 127287.459013264335226, 484920.682322578912135 ], [ 127394.562978356436361, 484826.251334648521151 ], [ 127441.46826233471802, 484784.865239781560376 ], [ 127481.235838123800931, 484749.995080080989283 ], [ 127562.562924847050454, 484678.710306680644862 ], [ 127625.006444735787227, 484623.787567422667053 ], [ 127685.939222162327496, 484570.198059279413428 ], [ 127765.772335882895277, 484500.004245464340784 ], [ 127788.028072165921913, 484480.432197819813155 ], [ 127859.089368472254137, 484418.021277843450662 ], [ 127908.214880086801713, 484375.00301378138829 ], [ 127932.981401840705075, 484353.31492565019289 ], [ 127987.620105073350715, 484305.160129168012645 ], [ 128000.003719181098859, 484294.321833638998214 ], [ 128043.936955325130839, 484255.895253406488337 ], [ 128100.007923168508569, 484206.320825279224664 ], [ 128123.086293370841304, 484185.911339294339996 ], [ 128153.692400598170934, 484158.785063580668066 ], [ 128187.228854983128258, 484129.106201610760763 ], [ 128188.911919232152286, 484127.828629849420395 ], [ 128193.311893925711047, 484124.911825305840466 ], [ 128196.627318105529412, 484123.057939822843764 ], [ 128201.187048985651927, 484120.696607402118389 ], [ 128206.904912498343037, 484117.016054435516708 ], [ 128214.20521127981192, 484111.090473467018455 ], [ 128226.974188359658001, 484099.505183682427742 ], [ 128251.275050816315343, 484078.143918490270153 ], [ 128270.169543626252562, 484061.340566020109691 ], [ 128295.418666715675499, 484038.839474633219652 ], [ 128326.515774670639075, 484011.433470225776546 ], [ 128339.517806997188018, 484000.002991654619109 ], [ 128363.541512107360177, 483978.877444596902933 ], [ 128396.945779603469418, 483949.501165575522464 ], [ 128427.650145321633318, 483922.353837702365126 ], [ 128465.225499825843144, 483889.105781761114486 ], [ 128480.222068592935102, 483875.873580963583663 ], [ 128494.942360562490649, 483863.210366819461342 ], [ 128549.02671802797704, 483821.49606439616764 ], [ 128566.519281617816887, 483805.958682303491514 ], [ 128575.002603848581202, 483817.184569844568614 ], [ 128582.236624175813631, 483826.737031936063431 ], [ 128593.099457857082598, 483838.183885903214104 ], [ 128605.046528756327461, 483848.490054870897438 ], [ 128617.96139445528388, 483857.544902239809744 ], [ 128632.613181542445091, 483866.445866345078684 ], [ 128647.98026615085837, 483874.030116380192339 ], [ 128663.946630152437137, 483880.264897646731697 ], [ 128680.39602037743316, 483885.072948967688717 ], [ 128716.575323348632082, 483895.194712296011858 ], [ 128753.321364217976225, 483902.9882644059835 ], [ 128790.484211571325432, 483908.443287015135866 ], [ 128870.547344260703539, 483916.709063854883425 ], [ 128884.884161496316665, 483919.003225405933335 ], [ 128899.364890228724107, 483920.161752721236553 ], [ 128913.887145148182753, 483920.151807902206201 ], [ 128928.362522958777845, 483919.007237789803185 ], [ 128942.702326448226813, 483916.706256640667561 ], [ 128962.022398380227969, 483912.85471848922316 ], [ 128981.133197888921131, 483908.080848834826611 ], [ 129000.007710874589975, 483902.429293999448419 ], [ 129000.844445188107784, 483902.146724899765104 ], [ 129001.688052770070499, 483901.875246387906373 ], [ 129002.524787271904643, 483901.592677571636159 ], [ 129018.266577857779339, 483895.034170157683548 ], [ 129034.091296800790587, 483888.686683173640631 ], [ 129050.005698579916498, 483882.539055305358488 ], [ 129062.452551710914122, 483877.911776837136131 ], [ 129074.954587545435061, 483873.406633153383154 ], [ 129087.498175969769363, 483869.023696155811194 ], [ 129108.393416899314616, 483862.694362137059215 ], [ 129128.94255803465785, 483855.332154000585433 ], [ 129137.245463826096966, 483851.883935926889535 ], [ 129149.104780853682314, 483846.948407746735029 ], [ 129156.922939688884071, 483843.324733672372531 ], [ 129165.030935002607293, 483840.389406605274417 ], [ 129173.360733149660518, 483838.165036824240815 ], [ 129181.844241861210321, 483836.663107895175926 ], [ 129190.433870818989817, 483835.906122437969316 ], [ 129199.054654357722029, 483835.894472480926197 ], [ 129207.645256185292965, 483836.628478387894575 ], [ 129216.13746728253318, 483838.097369349910878 ], [ 129224.469951615727041, 483840.301464854739606 ], [ 129236.842998218387947, 483843.686176099290606 ], [ 129248.90095658111386, 483848.073955988569651 ], [ 129260.561754161593853, 483853.409596722573042 ], [ 129271.750366188571206, 483859.682359578262549 ], [ 129282.3983518773166, 483866.836964555201121 ], [ 129307.536329988011857, 483883.485103084938601 ], [ 129331.781198606491671, 483901.406443324871361 ], [ 129355.071386587165762, 483920.556785335298628 ], [ 129378.917350076386356, 483941.785031233273912 ], [ 129400.932928060807171, 483964.903274058771785 ], [ 129420.967453570963698, 483989.767623701947741 ], [ 129423.526657767593861, 483993.114611162629444 ], [ 129426.004430240020156, 483996.528781194821931 ], [ 129428.400713465016452, 483999.999007356178481 ], [ 129436.332106402624049, 484012.998351737624034 ], [ 129443.094711372250458, 484026.649099032860249 ], [ 129448.626630158192711, 484040.840298522554804 ], [ 129449.301843683671905, 484043.585080337070394 ], [ 129447.084024888376007, 484044.308655122469645 ], [ 129446.696235876122955, 484044.43305378605146 ], [ 129451.081924253681791, 484058.36314670369029 ], [ 129451.898041492328048, 484058.047380721545778 ], [ 129452.544719367055222, 484057.910516990465112 ], [ 129455.523618137391168, 484068.632297280128114 ], [ 129455.593200353774591, 484068.910102886788081 ], [ 129456.630808669608086, 484073.210738204128575 ], [ 129458.163486498582643, 484109.99853537522722 ], [ 129490.086048277225927, 484168.715644055278972 ], [ 129491.957334844802972, 484172.155232554068789 ], [ 129525.007353284425335, 484232.94742409378523 ], [ 129602.23556119838031, 484375.003859657619614 ], [ 129670.193466039650957, 484499.996295002114493 ], [ 129693.237431608155021, 484542.381874632323161 ], [ 129700.171213939087465, 484555.141970629279967 ], [ 129819.044300805573585, 484606.851904402952641 ], [ 129995.037674084742321, 484683.410225982661359 ], [ 130000.002211483806605, 484685.577039929747116 ], [ 130148.102089528241777, 484749.998267004091758 ], [ 130475.00334773711802, 484892.209165962296538 ], [ 130722.785274450376164, 485000.003594242443796 ], [ 130950.005185751520912, 485098.842305267462507 ], [ 131000.003416286053834, 485120.596405664808117 ], [ 131010.128615746289142, 485124.997858841554262 ], [ 131281.38612566748634, 485243.009487442788668 ], [ 131276.477493772894377, 485384.140794809733052 ], [ 131248.499270510277711, 486082.715704132511746 ], [ 131244.670974765002029, 486200.209102522116154 ], [ 131215.204098745249212, 487105.002660598955117 ], [ 131198.761199250089703, 487560.607250272412784 ], [ 131199.013743388204603, 487560.728425712208264 ], [ 131375.719905813137302, 487651.919198912917636 ], [ 132198.683011311251903, 488069.849007515644189 ], [ 132880.000923982763197, 488416.72593999421224 ], [ 133206.60446753015276, 488583.007048311876133 ], [ 134029.808756262675161, 489022.358602065767627 ], [ 134003.710222775232978, 489249.998596918245312 ], [ 134000.00157410200336, 489282.303946888132486 ], [ 133975.041153448313707, 489500.003262225713115 ], [ 133960.707755313429516, 489625.005702045513317 ], [ 133917.698447192437015, 490000.002382152364589 ], [ 133874.695960464014206, 490374.999706315051299 ], [ 133860.361061523784883, 490500.002676149306353 ], [ 133831.693490214180201, 490749.997704329609405 ], [ 133803.022194279008545, 491000.004175063513685 ], [ 133800.004960204300005, 491026.29840629780665 ], [ 133788.684233600273728, 491124.996406211517751 ], [ 133745.681802218401572, 491499.995754234027117 ], [ 133708.305083159764763, 491825.924912209797185 ], [ 133643.201168968895217, 491874.9971492968034 ], [ 133541.316168799705338, 491951.80222412646981 ], [ 133509.037002475233749, 491976.143445144873112 ], [ 133477.388785611430649, 492000.003676964435726 ], [ 133413.672777974978089, 492048.027017452812288 ], [ 133325.004493635264225, 492113.40726156369783 ], [ 133318.128138360916637, 492118.477906434971374 ], [ 133301.974365448520985, 492130.276548256166279 ], [ 133300.444025225704536, 492130.372297783207614 ], [ 133294.030369978572708, 492130.812221219472121 ], [ 133291.037771723524202, 492131.014552615932189 ], [ 133288.779728932480793, 492131.169143906736281 ], [ 133280.930981736106332, 492131.704418536974117 ], [ 133279.183036330214236, 492131.823386807925999 ], [ 133278.123739142902195, 492132.284249948628712 ], [ 133274.280356222734554, 492133.947941691381857 ], [ 133272.341234278865159, 492133.911980696895625 ], [ 133262.580387227062602, 492138.995417443220504 ], [ 133261.011831331270514, 492139.681064360076562 ], [ 133256.638739722140599, 492141.55851363617694 ], [ 133236.016258566436591, 492150.473008454951923 ], [ 133164.501642325893044, 492181.710426737379748 ], [ 133134.957746139640221, 492194.637113520409912 ], [ 133107.921746819745749, 492206.963124248140957 ], [ 133067.910413813602645, 492174.57302204152802 ], [ 133037.473201367392903, 492153.389707675494719 ], [ 133000.004198177222861, 492125.294874853745569 ], [ 132989.833063351252349, 492117.662829741486348 ], [ 132956.084008491074201, 492098.475361831893679 ], [ 132913.078811163868522, 492089.210122517775744 ], [ 132881.312641451426316, 492090.53197617206024 ], [ 132850.002200155227911, 492094.856205042218789 ], [ 132586.717917914356804, 492131.240036579489242 ], [ 132404.932607757509686, 492069.203791226784233 ], [ 132375.00780233455589, 492061.118375447986182 ], [ 132229.960035876807524, 492021.94132534682285 ], [ 132146.739374226774089, 492000.006158905569464 ], [ 132121.33771139421151, 491993.303283706482034 ], [ 132002.308640344417654, 491977.211496330332011 ], [ 132000.007300119264983, 491978.301526271097828 ], [ 131954.170736681204289, 492000.001322505646385 ], [ 131900.005095764819998, 492025.646055999211967 ], [ 131872.959800115873804, 492038.446218235127162 ], [ 131650.581541876716074, 492143.740966839948669 ], [ 131616.492889364832081, 492158.745629533194005 ], [ 131555.139373393874848, 492185.774620275420602 ], [ 131453.949503800045932, 492209.178018649574369 ], [ 131427.439154412189964, 492215.31316253246041 ], [ 131425.00559923533001, 492215.73648989450885 ], [ 131337.595337294333149, 492231.009508563904092 ], [ 131295.649237908655778, 492250.004124582163058 ], [ 131286.627357779158046, 492254.086528587096836 ], [ 131200.500018274789909, 492293.901447231008206 ], [ 131166.88395069737453, 492310.475831133604515 ], [ 131128.461456512653967, 492323.490902628051117 ], [ 131098.569681733992184, 492330.768002725148108 ], [ 131071.456133065497852, 492331.544895436440129 ], [ 131055.653986432618694, 492329.062472498626448 ], [ 131042.647992307174718, 492323.795946016150992 ], [ 131023.610506363780587, 492307.943855202582199 ], [ 131000.007037526112981, 492282.122233199770562 ], [ 130998.734844645558042, 492280.726455191266723 ], [ 130988.557241147384048, 492249.99939570290735 ], [ 130975.189396096189739, 492209.62987648381386 ], [ 130950.003537758006132, 492176.160994948761072 ], [ 130934.418002017890103, 492155.452267213375308 ], [ 130867.565006949618692, 492110.381899198866449 ], [ 130700.931460456486093, 492040.667895098798908 ], [ 130705.573487524263328, 492103.199672712362371 ], [ 130704.107648184988648, 492148.12563984352164 ], [ 130701.942360383283813, 492172.604065948922653 ], [ 130694.970266270669526, 492214.274790070892777 ], [ 130685.75112738214375, 492250.003791033930611 ], [ 130680.49732659298752, 492270.347183027479332 ], [ 130665.903219083033036, 492310.075002802128438 ], [ 130630.223679177172016, 492398.775838812347502 ], [ 130622.497672148834681, 492412.98954647424398 ], [ 130610.895140237436863, 492434.310198828345165 ], [ 130588.203368796370341, 492461.026637057948392 ], [ 130530.619221840941464, 492499.999947550706565 ], [ 130513.824860522465315, 492511.365895634400658 ], [ 130490.482713711506221, 492523.398681612452492 ], [ 130475.007114695778, 492529.061297557433136 ], [ 130462.247756972297793, 492533.731283623958007 ], [ 130432.753311834632768, 492539.753136655897833 ], [ 130402.691456394182751, 492543.841939169098623 ], [ 130386.691860790131614, 492541.262507210776675 ], [ 130357.565637914303807, 492536.545632829074748 ], [ 130357.157142263284186, 492536.480914413521532 ], [ 130356.197183002834208, 492536.329938908340409 ], [ 130347.989219589013373, 492536.949575148930307 ], [ 130347.696870533138281, 492536.984417621686589 ], [ 130342.937375530731515, 492537.48667539289454 ], [ 130320.595078246667981, 492539.868352636985946 ], [ 130313.591870159259997, 492540.615535653196275 ], [ 130312.843964051702642, 492540.697168896556832 ], [ 130311.749287840764737, 492540.81391944095958 ], [ 130311.049780867964728, 492541.051085430546664 ], [ 130282.89185018594435, 492550.371796053135768 ], [ 130262.252291928525665, 492557.207038526656106 ], [ 130238.110867624345701, 492568.410529540793505 ], [ 130181.873770815844182, 492613.367390971456189 ], [ 130171.428913212512271, 492625.002972736139782 ], [ 130152.101927955023712, 492646.519421288103331 ], [ 130133.328412940201815, 492661.746522992441896 ], [ 130130.449072818417335, 492664.086547891434748 ], [ 130130.272937061701668, 492664.232084787334315 ], [ 130123.83978796840529, 492661.972431332047563 ], [ 130116.38102963277197, 492658.683173105644528 ], [ 130108.263093218862195, 492654.184435670380481 ], [ 130107.806030885956716, 492653.930827911477536 ], [ 130099.153265649467357, 492647.253956995438784 ], [ 130096.061537785470136, 492639.87026664352743 ], [ 130089.687076377987978, 492625.003716156585142 ], [ 130085.58426097969641, 492615.433166344824713 ], [ 130064.982630983518902, 492566.457107535563409 ], [ 130052.014529463718645, 492535.167457034229301 ], [ 130046.652658618608257, 492524.179085040115751 ], [ 130041.298511319881072, 492517.407729857950471 ], [ 130032.559405483858427, 492511.209864243341144 ], [ 130014.801772070175502, 492502.754476180998608 ], [ 130010.454377325222595, 492500.005946104764007 ], [ 130000.988322364486521, 492494.012103822489735 ], [ 130000.00522645007004, 492493.327229448244907 ], [ 129972.936476154034608, 492474.59357241349062 ], [ 129953.603051691476139, 492459.982168255839497 ], [ 129926.891763748863013, 492442.048074914782774 ], [ 129925.430920816870639, 492441.065222422359511 ], [ 129918.322647686392884, 492431.87728543812409 ], [ 129914.866285516953212, 492433.129946682252921 ], [ 129913.968593513258384, 492433.190149115282111 ], [ 129911.610846062016208, 492432.423274217871949 ], [ 129908.978435445707873, 492431.157093403162435 ], [ 129907.50511281688523, 492430.396845349809155 ], [ 129904.789479783925344, 492428.81954053719528 ], [ 129903.923082220513606, 492428.345499969087541 ], [ 129903.616104299406288, 492428.180161178228445 ], [ 129897.367299242701847, 492424.79605826473562 ], [ 129870.943361907688086, 492440.619458962290082 ], [ 129870.504407065614942, 492439.920709518715739 ], [ 129858.793200299332966, 492447.290724356891587 ], [ 129853.801705442223465, 492450.331544009386562 ], [ 129829.910642969189212, 492463.861255923635326 ], [ 129810.238986715645296, 492475.010642136621755 ], [ 129795.716269939177437, 492483.30757355428068 ], [ 129787.753091455117101, 492487.89915319805732 ], [ 129786.004579894055496, 492489.198804064653814 ], [ 129780.089932376111392, 492492.622732195246499 ], [ 129767.48457879642956, 492499.363314804504625 ], [ 129766.406188145425403, 492500.003062040661462 ], [ 129755.303479937283555, 492506.580208860046696 ], [ 129747.349459412042052, 492511.616879010980483 ], [ 129739.583422560928739, 492516.163020216510631 ], [ 129736.232113719408517, 492517.982735358527862 ], [ 129730.736965169009636, 492520.948375050793402 ], [ 129719.301589348193374, 492527.638577208155766 ], [ 129701.935694299580064, 492538.609673168044537 ], [ 129695.302706474030856, 492542.549223274516407 ], [ 129690.02403888842673, 492545.269008179602679 ], [ 129683.0210386661347, 492548.687515988596715 ], [ 129680.211700932326494, 492550.059414436633233 ], [ 129679.027119052378112, 492551.211558715673164 ], [ 129677.997856107263942, 492552.140369612257928 ], [ 129676.287697061430663, 492552.950284243968781 ], [ 129674.807343194726855, 492553.469722264970187 ], [ 129672.069066400130396, 492554.106892330222763 ], [ 129664.973026928404579, 492557.948722027183976 ], [ 129647.568595884804381, 492567.996686417551246 ], [ 129637.163837068219436, 492573.98079270881135 ], [ 129618.607826780731557, 492584.958309705543797 ], [ 129611.764258147377404, 492588.932438223971985 ], [ 129609.818036782220588, 492590.133029681048356 ], [ 129598.308406522846781, 492598.192493279871996 ], [ 129594.526139420602703, 492600.849036010156851 ], [ 129593.077951261147973, 492602.325236897799186 ], [ 129590.488130541794817, 492604.040985972271301 ], [ 129582.898906814662041, 492608.51970463298494 ], [ 129576.482183977699606, 492612.146751148160547 ], [ 129570.38536452918197, 492615.80553600715939 ], [ 129564.314558675891021, 492619.230531656765379 ], [ 129555.430799287729315, 492624.628370525431819 ], [ 129554.745634400329436, 492624.999091693025548 ], [ 129549.257516428187955, 492627.964899617654737 ], [ 129545.126586181984749, 492630.278350586129818 ], [ 129534.091111587011255, 492636.588611222163308 ], [ 129527.547225031681592, 492640.605816855502781 ], [ 129525.003857404139126, 492642.087698072544299 ], [ 129522.006100646598497, 492643.838972380908672 ], [ 129518.005710375873605, 492646.39656097459374 ], [ 129511.806938401874504, 492650.055946218839381 ], [ 129505.042701655125711, 492653.551362349593546 ], [ 129498.255581938981777, 492657.881415654730517 ], [ 129485.535500796264387, 492665.958535786136054 ], [ 129477.376035617664456, 492670.629526186094154 ], [ 129466.721332281798823, 492676.871206920419354 ], [ 129447.555536271625897, 492688.175211377907544 ], [ 129433.862803866912145, 492696.246382280543912 ], [ 129429.651567263164907, 492698.794010348734446 ], [ 129426.524631750013214, 492700.546013569808565 ], [ 129420.935503800181323, 492703.679391950368881 ], [ 129415.673478817639989, 492706.922346750448924 ], [ 129412.581778729014331, 492708.907838700921275 ], [ 129406.898821282491554, 492712.308763360721059 ], [ 129403.379209061808069, 492714.41887788369786 ], [ 129383.67995427751157, 492726.426892130810302 ], [ 129372.806770697643515, 492732.469631420739461 ], [ 129367.408701652020682, 492735.702218934020493 ], [ 129361.54986927502614, 492739.282139888964593 ], [ 129357.052484195068246, 492741.731178049987648 ], [ 129354.713784296734957, 492741.999262551718857 ], [ 129352.307437533672783, 492743.647422894428018 ], [ 129339.958878277000622, 492751.133269783982541 ], [ 129321.341967589571141, 492763.224915701255668 ], [ 129314.832549907150678, 492767.264481131802313 ], [ 129310.282766247575637, 492770.092146624927409 ], [ 129301.435555119867786, 492774.566734010004438 ], [ 129298.769997734751087, 492776.071624009404331 ], [ 129294.850182064707042, 492778.384186221694108 ], [ 129281.191728970821714, 492786.411100202880334 ], [ 129268.719954806685564, 492793.708615084877238 ], [ 129260.630904801175348, 492798.757911914726719 ], [ 129255.823738616425544, 492801.787254810915329 ], [ 129253.64146602517576, 492803.345279143133666 ], [ 129241.76570482790703, 492810.12791686784476 ], [ 129230.563347106581205, 492816.895935785491019 ], [ 129229.492014043702511, 492817.558018551790155 ], [ 129214.849071750300936, 492825.90181664202828 ], [ 129206.668380721530411, 492830.317454933945555 ], [ 129202.503302835611976, 492832.542360591585748 ], [ 129201.195993440793245, 492833.606249557575211 ], [ 129189.498168630540022, 492840.566112045198679 ], [ 129168.890708278879174, 492853.013696410285775 ], [ 129162.638386344420724, 492856.740567367814947 ], [ 129158.162196990917437, 492859.300945920986123 ], [ 129150.739670697948895, 492862.989460761891678 ], [ 129144.531605338503141, 492866.070768317847978 ], [ 129128.057486987439916, 492875.403592480230145 ], [ 129124.144457098533167, 492877.682875992089976 ], [ 129115.32233809614263, 492882.981052615214139 ], [ 129104.696928668723558, 492889.445907175017055 ], [ 129098.546675960358698, 492893.161197279347107 ], [ 129092.164397240514518, 492896.733066395041533 ], [ 129087.620024665404344, 492899.249360937392339 ], [ 129085.825690591722378, 492900.827674524625763 ], [ 129082.395890220766887, 492903.148957989062183 ], [ 129075.325489854818443, 492907.80376780894585 ], [ 129070.681035020708805, 492910.687789139337838 ], [ 129067.616400269180303, 492912.595470120781101 ], [ 129060.299157999193994, 492916.873289248382207 ], [ 129053.021394142269855, 492920.894995023845695 ], [ 129050.001634255881072, 492922.279491021996364 ], [ 129045.268545314407675, 492925.119496043713298 ], [ 129040.617322168167448, 492928.003581689263228 ], [ 129029.970645694222185, 492934.268428822571877 ], [ 129022.08472703472944, 492939.05000818282133 ], [ 129010.719183657362009, 492945.719251580710988 ], [ 129000.00397506574518, 492951.873257537838072 ], [ 128997.406509077656665, 492953.355699544772506 ], [ 128982.738797717232956, 492962.011876332806423 ], [ 128968.607387211930472, 492970.453855239728 ], [ 128957.275352069656947, 492977.000651450245641 ], [ 128946.35933284710336, 492983.745557297603227 ], [ 128937.450932368752547, 492989.37831645377446 ], [ 128927.542353890850791, 492994.960748988902196 ], [ 128919.57400568263256, 492999.553774663771037 ], [ 128918.875748572711018, 493000.002542143163737 ], [ 128908.198316852663993, 493006.824158596806228 ], [ 128898.612566771102138, 493012.983534910308663 ], [ 128889.700324053148506, 493017.870905604562722 ], [ 128877.792983876744984, 493024.921641114749946 ], [ 128865.663394229079131, 493032.385276248387527 ], [ 128853.864955501296208, 493039.435492774879094 ], [ 128843.512009897400276, 493045.84383766859537 ], [ 128830.934005869537941, 493053.387826929159928 ], [ 128819.244439477639389, 493060.426422416465357 ], [ 128806.516629851423204, 493067.926763314695563 ], [ 128794.948384686504141, 493074.74223607359454 ], [ 128785.767651394053246, 493080.265452767547686 ], [ 128782.404479041942977, 493082.275042547320481 ], [ 128774.796732037590118, 493086.833006286527961 ], [ 128763.729726307516103, 493093.234193861484528 ], [ 128751.567356296189246, 493100.865189932927024 ], [ 128742.916795232420554, 493106.296649177442305 ], [ 128733.300975376652787, 493111.844536529155448 ], [ 128728.702627670558286, 493114.372580288385507 ], [ 128723.372171089722542, 493117.37185802514432 ], [ 128717.5816249542695, 493120.829794624471106 ], [ 128711.357427827024367, 493124.60160212253686 ], [ 128682.544043341709767, 493137.384321258694399 ], [ 128673.355825209509931, 493141.46130378881935 ], [ 128671.433384890842717, 493139.390859564882703 ], [ 128662.278686340345303, 493138.282587905589025 ], [ 128661.51013438575319, 493138.297822169319261 ], [ 128660.35387579179951, 493138.315128710761201 ], [ 128639.624731891191914, 493140.250761276867706 ], [ 128637.359114548336947, 493140.151612242683768 ], [ 128632.932824560833978, 493140.497969784075394 ], [ 128624.975353621295653, 493140.674072676338255 ], [ 128618.428025725952466, 493139.974747772561386 ], [ 128608.347486682338058, 493138.726883963216096 ], [ 128598.974270767357666, 493138.732581676449627 ], [ 128580.047886380707496, 493139.434857941698283 ], [ 128575.007701042035478, 493139.461881008115597 ], [ 128564.063433312883717, 493139.509449888835661 ], [ 128456.322633972595213, 493141.501683317241259 ], [ 128405.606799981876975, 493144.089484880911186 ], [ 128383.179602629432338, 493145.200849665794522 ], [ 128362.098942507233005, 493146.260530769766774 ], [ 128361.935697852255544, 493146.26141315093264 ], [ 128361.122476168879075, 493148.07948059233604 ], [ 128352.405201452609617, 493148.627316132653505 ], [ 128347.958418150315993, 493145.179795034287963 ], [ 128339.670318983640755, 493145.847727090527769 ], [ 128339.540722669844399, 493143.26700587105006 ], [ 128336.392843858600827, 493143.539953262661584 ], [ 128329.325528580171522, 493144.802146145608276 ], [ 128319.95351579535054, 493142.51624327438185 ], [ 128304.8483798657835, 493142.931847458239645 ], [ 128290.299672391207423, 493143.099692137853708 ], [ 128286.139222825149773, 493143.545062049815897 ], [ 128284.641740835024393, 493144.610227661265526 ], [ 128281.071848566833069, 493144.829864072380587 ], [ 128272.33223939590971, 493145.021904135879595 ], [ 128270.168643618089845, 493144.922370629385114 ], [ 128267.179487392466399, 493144.359989775461145 ], [ 128259.154535974681494, 493143.379860317625571 ], [ 128249.241561501927208, 493142.944079500739463 ], [ 128241.171649185940623, 493142.453803518612403 ], [ 128232.633527431738912, 493140.920162558089942 ], [ 128224.892186326222145, 493139.560236451972742 ], [ 128217.760621610999806, 493139.00926660298137 ], [ 128210.15283614009968, 493139.695973093272187 ], [ 128204.381859855755465, 493140.428337885998189 ], [ 128200.364557057968341, 493140.928636057884432 ], [ 128190.343263917937293, 493141.839908277324867 ], [ 128182.912213774339762, 493142.503441793785896 ], [ 128175.0020673374529, 493142.624380024906714 ], [ 128167.354511643279693, 493143.50052516796859 ], [ 128156.379392700546305, 493144.127762638032436 ], [ 128147.107845783873927, 493144.067005451011937 ], [ 128140.004213270018226, 493143.649517828016542 ], [ 128129.810105976997875, 493142.803817072534002 ], [ 128119.359036729874788, 493143.483913847303484 ], [ 128109.311708696492133, 493144.606902713130694 ], [ 128100.005180718522752, 493145.614600172964856 ], [ 128099.876006072372547, 493145.626432097982615 ], [ 128096.646336406745831, 493145.866598774329759 ], [ 128094.21218109675101, 493146.046790158899967 ], [ 128086.4782822743, 493146.055640101665631 ], [ 128082.912162126725889, 493145.719058360089548 ], [ 128079.665060435130727, 493145.258341448497958 ], [ 128078.363655718698283, 493144.85375816328451 ], [ 128077.256465587532148, 493143.891772986215074 ], [ 128076.660387545736739, 493143.105024912278168 ], [ 128076.46853721352818, 493142.850156067113858 ], [ 128075.827386145814671, 493140.038572292716708 ], [ 128064.226132858821074, 493140.602674980997108 ], [ 128059.941928511310834, 493140.804122319736052 ], [ 128058.405618566597695, 493140.979423314158339 ], [ 128045.948185830347938, 493141.704025355749764 ], [ 128028.668415768872364, 493142.488429429591633 ], [ 128026.771486679353984, 493142.643460314255208 ], [ 128024.221883076184895, 493142.85769865202019 ], [ 128015.757093410589732, 493143.549396777059883 ], [ 128016.806310928193852, 493148.828893928206526 ], [ 128016.747652919526445, 493149.29654177359771 ], [ 128015.314106022473425, 493149.604815478785895 ], [ 128014.216652926814277, 493150.423083161585964 ], [ 128013.343356748286169, 493151.184489455539733 ], [ 128013.955324134250986, 493153.629039961553644 ], [ 128012.84006425444386, 493153.679654494859278 ], [ 128012.013643815662363, 493150.579795821337029 ], [ 128009.320813971731695, 493139.545605610765051 ], [ 128006.773872452235082, 493126.58567716658581 ], [ 128006.293624431855278, 493114.660351170750801 ], [ 128006.979953088666662, 493102.116660302039236 ], [ 128008.149420411966275, 493087.122422299406026 ], [ 128008.626232528302353, 493081.033437921199948 ], [ 128009.325331769970944, 493072.061388816975523 ], [ 128010.217724033995182, 493048.701298386207782 ], [ 128009.528840925428085, 493042.151372124091722 ], [ 128006.563475276925601, 493036.014480070327409 ], [ 128000.004303546040319, 493025.746972471359186 ], [ 127995.325020717384177, 493018.417780463176314 ], [ 127982.170532177988207, 492999.997098459396511 ], [ 127976.254776495523402, 492991.717796504031867 ], [ 127952.099700993479928, 492953.262485284009017 ], [ 127925.72158844693331, 492915.119928625063039 ], [ 127919.994615356394206, 492907.807690604066011 ], [ 127913.640617552387994, 492903.99272737139836 ], [ 127901.882396488246741, 492902.087916476593819 ], [ 127862.787401819834486, 492903.037399255379569 ], [ 127839.58290268536075, 492903.999735915742349 ], [ 127829.413312528195092, 492904.000156731926836 ], [ 127823.690064369351603, 492899.859153820027132 ], [ 127810.65962177264737, 492886.834752382012084 ], [ 127783.760447406501044, 492856.840659367793705 ], [ 127780.398853406484704, 492861.554743451648392 ], [ 127780.331383914832259, 492861.655257485574111 ], [ 127779.8723947989929, 492862.303148231061641 ], [ 127769.996987111400813, 492876.166088478290476 ], [ 127760.696578289178433, 492886.977121433767024 ], [ 127747.688118191523245, 492907.489012636826374 ], [ 127694.608364655709011, 492984.724815276567824 ], [ 127684.244726747303503, 493000.003746312926523 ], [ 127659.010437353223097, 493037.173761231417302 ], [ 127625.007282665581442, 493087.589032999065239 ], [ 127622.780875495212968, 493090.883815794659313 ], [ 127608.789546627085656, 493110.589291222568136 ], [ 127527.553578199833282, 493229.264091269462369 ], [ 127562.386535539626493, 493177.975605927640572 ], [ 127482.468571948455065, 493294.752280134358443 ], [ 127478.033823537363787, 493292.329141777765471 ], [ 127469.637073697987944, 493286.879386674554553 ], [ 127447.638986540318001, 493272.136876344389748 ], [ 127429.492759575790842, 493258.986303434998263 ], [ 127424.958744196250336, 493255.851650386233814 ], [ 127413.148369649847155, 493248.162345744902268 ], [ 127408.939519989900873, 493243.579398218425922 ], [ 127406.377532897982746, 493241.568658791889902 ], [ 127403.07490242276981, 493239.695590347342659 ], [ 127400.243084815796465, 493238.08693131711334 ], [ 127398.502971050766064, 493237.084135203389451 ], [ 127391.179336061599315, 493232.596537545556203 ], [ 127389.520403065136634, 493231.515401911805384 ], [ 127381.444069166725967, 493226.23090365313692 ], [ 127376.317803588230163, 493223.021726542618126 ], [ 127371.101611274061725, 493219.546014811960049 ], [ 127366.617817558901152, 493216.889587607351132 ], [ 127359.641262792079942, 493211.231772425409872 ], [ 127358.957965050212806, 493210.679263121564873 ], [ 127337.861283719015773, 493195.475984077027533 ], [ 127328.567233795823995, 493187.761630124936346 ], [ 127324.737799016220379, 493185.357483819825575 ], [ 127320.628486274028546, 493182.776883069134783 ], [ 127310.416964601448854, 493176.425190624140669 ], [ 127295.226365420341608, 493166.451905728899874 ], [ 127263.013416799309198, 493143.767456239380408 ], [ 127259.841943445891957, 493141.048105442430824 ], [ 127254.626370168814901, 493136.50433646858437 ], [ 127253.281451449423912, 493135.632888458610978 ], [ 127249.925376895640511, 493132.747680817148648 ], [ 127234.731354341085535, 493123.419957286154386 ], [ 127224.936772238157573, 493117.466658159450162 ], [ 127209.92946958533139, 493107.492601760372054 ], [ 127206.726883259630995, 493105.296421781997196 ], [ 127199.765622395498212, 493098.793105819087941 ], [ 127194.277096408914076, 493095.319116565980949 ], [ 127188.049746221469832, 493091.103804775164463 ], [ 127186.21746975350834, 493089.456246770219877 ], [ 127182.844812504234142, 493087.261042093508877 ], [ 127181.977762404654641, 493086.698467568319757 ], [ 127180.728358506268705, 493085.882134291692637 ], [ 127177.580833854182856, 493085.009756029408891 ], [ 127176.297356230264995, 493084.182489399681799 ], [ 127172.820085754676256, 493081.531681837048382 ], [ 127169.064434006926604, 493078.97146352607524 ], [ 127158.172569253714755, 493071.466735975234769 ], [ 127150.005978167144349, 493065.949461364478339 ], [ 127146.366565147021902, 493063.499871753156185 ], [ 127138.770865613303613, 493059.103199675213546 ], [ 127128.612953746356652, 493052.695944737351965 ], [ 127122.360740033938782, 493048.914802818384487 ], [ 127121.650877527397824, 493048.484871730324812 ], [ 127113.778524205379654, 493040.885273675899953 ], [ 127111.306815179414116, 493039.241361653723288 ], [ 127109.388649337488459, 493038.050518461386673 ], [ 127104.685561736856471, 493035.161905826476868 ], [ 127103.736428433476249, 493034.521921748819295 ], [ 127100.383535886052414, 493032.226519795658533 ], [ 127090.127202520685387, 493025.274685894779395 ], [ 127081.796831400031806, 493019.691690233070403 ], [ 127079.238187404174823, 493018.315330806886777 ], [ 127075.669239351424039, 493015.108768927748315 ], [ 127073.560653900582111, 493012.728446909284685 ], [ 127069.349215297290357, 493008.980315325257834 ], [ 127065.022144689835841, 493006.434541267808527 ], [ 127063.582117249214207, 493005.597064385714475 ], [ 127058.643790472880937, 493002.019965002604295 ], [ 127058.181754878154607, 493002.111599310708698 ], [ 127055.05435974264401, 493000.004105765314307 ], [ 127054.794871780468384, 492999.827547762659378 ], [ 127051.870526229497045, 492997.540875449485611 ], [ 127048.625470882107038, 492995.077994409773964 ], [ 127046.787824674349395, 492993.69756252807565 ], [ 127038.684707822525525, 492987.423486402956769 ], [ 127036.170366617006948, 492985.46830228343606 ], [ 127035.842919487069594, 492985.303257718682289 ], [ 127028.802958741085604, 492981.782621083140839 ], [ 127024.407424106844701, 492977.968811541330069 ], [ 127016.779115576573531, 492973.861809406138491 ], [ 127011.793487347298651, 492970.351786331681069 ], [ 127009.150960973536712, 492968.586500148638152 ], [ 127000.003326256861328, 492962.863634955429006 ], [ 126999.771232477214653, 492962.720304704504088 ], [ 126993.31800295994617, 492958.317364787857514 ], [ 126980.704064373465371, 492949.520973905164283 ], [ 126971.026774300116813, 492942.777504430559929 ], [ 126957.827861890080385, 492932.805053926829714 ], [ 126951.080416119119036, 492928.114545331394766 ], [ 126939.940662984474329, 492920.200015362119302 ], [ 126936.417244924872648, 492917.850061087927315 ], [ 126928.795719603076577, 492912.574837792431936 ], [ 126924.979796599858673, 492910.226557733258232 ], [ 126915.304082740680315, 492902.593041048734449 ], [ 126910.607363664312288, 492899.671195850765798 ], [ 126904.747413226825302, 492895.554287698818371 ], [ 126888.327880100841867, 492883.897976999694947 ], [ 126880.426978213858092, 492878.557660659018438 ], [ 126857.419075907440856, 492863.912547611922491 ], [ 126856.872227053667302, 492863.448343096766621 ], [ 126851.376460261046304, 492858.795330202148762 ], [ 126848.575583004843793, 492857.910054315172601 ], [ 126846.265293989417842, 492857.16662638791604 ], [ 126840.455970432711183, 492857.166435311373789 ], [ 126817.443520800283295, 492854.850071244873106 ], [ 126813.026049851148855, 492854.385753133159596 ], [ 126799.777579089466599, 492853.682663999206852 ], [ 126783.049244861656916, 492851.130223719519563 ], [ 126776.540729611791903, 492850.199456615955569 ], [ 126770.383780249860138, 492850.078943620261271 ], [ 126764.920726164680673, 492849.965589753352106 ], [ 126755.15646683058003, 492849.498577831021976 ], [ 126739.263738768873736, 492849.133484645921271 ], [ 126726.011120556853712, 492848.897944778203964 ], [ 126720.90107980540779, 492848.660219254903495 ], [ 126717.645505749998847, 492847.966782957955729 ], [ 126713.228018567024264, 492847.502554312930442 ], [ 126703.69920923524478, 492846.578092467738315 ], [ 126695.696563870209502, 492844.888258732797112 ], [ 126690.452288780681556, 492843.783442092884798 ], [ 126675.003794564938289, 492843.783190060930792 ], [ 126646.065926345763728, 492843.782686640275642 ], [ 126638.625461336268927, 492842.85746322479099 ], [ 126635.372496968368068, 492842.62026667536702 ], [ 126633.74682918965118, 492841.461304820666555 ], [ 126627.466858985135332, 492840.062091588217299 ], [ 126622.500228190576308, 492839.923784012033138 ], [ 126619.567801504119416, 492839.829401194991078 ], [ 126609.806198126447271, 492839.829989166581072 ], [ 126584.143670659745112, 492839.232386917225085 ], [ 126571.36447992324247, 492838.527205772872549 ], [ 126558.113294576993212, 492837.368581051880028 ], [ 126553.465852527951938, 492837.139486262225546 ], [ 126548.763734749925788, 492836.866204111545812 ], [ 126545.334159017540514, 492836.674593887815718 ], [ 126540.919278573448537, 492836.666705073963385 ], [ 126515.350140792987077, 492834.577924668497872 ], [ 126510.470065084504313, 492834.116551238577813 ], [ 126495.598489781143144, 492832.722671116644051 ], [ 126487.461332289036363, 492832.491569497156888 ], [ 126480.956831839241204, 492831.09384163672803 ], [ 126477.390945519306115, 492830.858560074761044 ], [ 126473.981576159232645, 492830.633501990581863 ], [ 126468.174859008344356, 492831.089935179217719 ], [ 126438.564091549196746, 492830.026368534890935 ], [ 126411.832878656874527, 492829.324588269693777 ], [ 126407.882056303686113, 492828.4017254820792 ], [ 126404.14578374728444, 492828.111851157795172 ], [ 126401.838704954396235, 492827.936081556079444 ], [ 126393.384107171892538, 492826.928098075208254 ], [ 126392.083897917735158, 492826.768742532120086 ], [ 126356.519008317322005, 492824.215856196882669 ], [ 126342.810551455520908, 492822.815676953236107 ], [ 126331.884355797199532, 492822.589923436695244 ], [ 126330.321383557951776, 492821.697740781470202 ], [ 126328.628713669095305, 492820.728425222623628 ], [ 126291.907223332804278, 492819.328798717644531 ], [ 126280.426522187422961, 492817.337220587010961 ], [ 126270.203665527384146, 492816.406513825000729 ], [ 126263.692222512225271, 492816.166304828075226 ], [ 126260.841271310535376, 492816.04940662230365 ], [ 126259.126632102823351, 492815.981517580454238 ], [ 126258.119628960237605, 492815.942882796283811 ], [ 126247.191984683653573, 492815.472534762113355 ], [ 126224.418440594599815, 492814.548399549094029 ], [ 126205.824309958523372, 492814.07840412389487 ], [ 126200.944182679115329, 492813.617337241361383 ], [ 126200.004811641672859, 492813.511558029276785 ], [ 126192.809681249476853, 492812.685714967316017 ], [ 126189.944275843750802, 492812.424293215794023 ], [ 126185.139101028238656, 492811.985057510610204 ], [ 126175.144790369289694, 492811.754203033982776 ], [ 126154.751767704583472, 492810.771959850273561 ], [ 126140.141694448975613, 492809.922836557321716 ], [ 126131.828986264052219, 492809.927013747394085 ], [ 126113.943528303381754, 492808.507431672711391 ], [ 126112.201283426111331, 492808.372994435951114 ], [ 126109.514231675653718, 492808.366491544351447 ], [ 126094.905186579606379, 492807.695525867631659 ], [ 126080.290118315126165, 492807.158161020139232 ], [ 126046.898650036615436, 492804.082919390057214 ], [ 126044.401799585306435, 492804.030827214533929 ], [ 126043.8234700623143, 492804.011971362109762 ], [ 126040.462591759089264, 492803.942704016109928 ], [ 126036.439140162459807, 492803.410005019279197 ], [ 126027.000305373891024, 492802.786746675439645 ], [ 126010.374530698318267, 492801.582672002143227 ], [ 126000.002654750423972, 492800.775797217385843 ], [ 125996.565834485343657, 492800.517850178817753 ], [ 125972.698089009500109, 492798.633280961716082 ], [ 125970.818216603292967, 492798.232659817847889 ], [ 125959.287567098173895, 492797.03212945983978 ], [ 125958.573254946692032, 492797.025211735279299 ], [ 125957.410053359970334, 492797.032066199055407 ], [ 125943.814828574686544, 492796.411208190198522 ], [ 125927.233762135932921, 492795.874761353770737 ], [ 125927.056901032512542, 492795.875804658979177 ], [ 125923.014729595408426, 492795.632606753089931 ], [ 125918.972557733926806, 492795.389412160555366 ], [ 125915.794678011065116, 492795.207881464564707 ], [ 125909.419233188702492, 492794.967337791575119 ], [ 125908.548335175059037, 492794.939097879687324 ], [ 125891.65951030132419, 492794.126416012179106 ], [ 125888.264676283157314, 492794.068579826678615 ], [ 125884.012614249135368, 492793.993556503264699 ], [ 125879.936295623963815, 492793.728341939626262 ], [ 125875.832767119893106, 492793.463291538704652 ], [ 125868.327140421752119, 492793.062577060598414 ], [ 125865.508466380197206, 492792.656418464728631 ], [ 125858.938404645086848, 492791.716098763572518 ], [ 125852.641224271559622, 492790.907696197391488 ], [ 125841.229326631262666, 492790.240828490408603 ], [ 125808.702390520033077, 492788.463926439639181 ], [ 125807.123517882821034, 492788.35088302398799 ], [ 125793.724856166911195, 492787.618006005825009 ], [ 125779.108039472223027, 492786.80337290361058 ], [ 125774.093774210079573, 492786.677329309342895 ], [ 125769.052233206413803, 492786.540325737732928 ], [ 125761.797877451317618, 492786.071521968697198 ], [ 125749.283839498544694, 492785.389151985873468 ], [ 125725.001963995222468, 492783.67514226178173 ], [ 125724.614030772427213, 492783.644066040753387 ], [ 125715.0924278931343, 492782.843866649142001 ], [ 125691.096821759856539, 492781.22846454102546 ], [ 125687.469437478037435, 492780.960739317641128 ], [ 125684.254614850186044, 492780.289995868457481 ], [ 125678.352822148852283, 492777.343107414257247 ], [ 125667.84597285334894, 492772.164879445976112 ], [ 125664.147689665827784, 492770.273072217241861 ], [ 125663.486735180296819, 492778.088059972738847 ], [ 125662.654703268359299, 492788.018169153132476 ], [ 125662.31782335236494, 492791.992462511872873 ], [ 125659.585435772984056, 492824.365630367479753 ], [ 125652.723140399350086, 492823.4718328488525 ], [ 125643.49977676407434, 492822.480839732510503 ], [ 125637.399003546743188, 492821.526893182017375 ], [ 125632.550915008978336, 492820.743519183190074 ], [ 125629.996598370868014, 492820.180144002428278 ], [ 125627.480205159823527, 492820.273028766328935 ], [ 125624.97267021011794, 492820.710794632148463 ], [ 125620.945396548166173, 492821.825232528790366 ], [ 125620.107252558140317, 492821.5854380648816 ], [ 125618.331781911663711, 492821.584895778156351 ], [ 125617.638211080920883, 492821.633538148715161 ], [ 125615.082464394377894, 492821.97145476663718 ], [ 125613.395954719380825, 492822.059398707002401 ], [ 125611.143326952209463, 492821.894801320391707 ], [ 125608.631348434268148, 492821.587102482269984 ], [ 125602.265807628587936, 492820.723793250042945 ], [ 125596.423777473188238, 492819.812861402577255 ], [ 125590.9968193644454, 492818.921713316114619 ], [ 125587.054491586022777, 492818.311008911347017 ], [ 125583.805534655504744, 492817.618281038769055 ], [ 125580.692888906414737, 492816.969249049376231 ], [ 125578.655075742004556, 492816.324929241847713 ], [ 125576.446406817543902, 492815.548108012822922 ], [ 125574.674348183747497, 492814.980091250734404 ], [ 125572.506757717725122, 492814.247533951653168 ], [ 125571.082679834711598, 492813.855470434471499 ], [ 125568.956898959266255, 492813.28956792189274 ], [ 125567.053800290144864, 492812.421911232115235 ], [ 125564.154969105467899, 492811.126254886738025 ], [ 125561.990788217895897, 492809.82621200568974 ], [ 125561.015263360051904, 492809.364710974274203 ], [ 125558.553107517684111, 492808.288986696861684 ], [ 125556.513160694565158, 492807.288629256945569 ], [ 125554.868812184198759, 492806.463938852015417 ], [ 125553.83226438856218, 492806.036184400087222 ], [ 125552.140830498479772, 492805.300791099842172 ], [ 125550.414054681983544, 492804.34307237615576 ], [ 125548.941624376107939, 492803.82890870817937 ], [ 125546.862189570660121, 492803.051328403234947 ], [ 125544.136465091258287, 492802.266484790307004 ], [ 125538.594587637140648, 492800.363536868593656 ], [ 125534.604156147470349, 492799.675273829139769 ], [ 125532.792802903975826, 492799.36342476925347 ], [ 125530.954971869417932, 492799.174130154715385 ], [ 125521.691188326076372, 492798.261494289792608 ], [ 125518.662213370902464, 492797.956933545938227 ], [ 125512.254933906544466, 492798.084280505077913 ], [ 125510.608432788329083, 492798.038497880275827 ], [ 125508.528645347731072, 492798.340241225319915 ], [ 125507.699624494591262, 492798.489851332094986 ], [ 125506.51894576959603, 492798.986498683923855 ], [ 125504.635018413682701, 492800.188347242597956 ], [ 125502.994634642120218, 492802.301141428994015 ], [ 125501.737913730932632, 492804.867841066210531 ], [ 125498.125295535719488, 492810.475149189762305 ], [ 125495.040943411950138, 492814.554917553206906 ], [ 125488.916926215213607, 492824.49449043936329 ], [ 125485.85406364472874, 492828.752165889833122 ], [ 125479.840123627378489, 492837.756435042771045 ], [ 125477.221825425658608, 492842.412020236777607 ], [ 125473.507228923408547, 492848.019958132819738 ], [ 125470.502010538562899, 492853.946327446261421 ], [ 125468.356821531822789, 492858.087247224408202 ], [ 125460.871662791862036, 492870.171370690106414 ], [ 125459.036123767204117, 492872.630282572994474 ], [ 125453.75099151104223, 492880.639925796131138 ], [ 125453.629753791625262, 492881.975876171549316 ], [ 125453.106050515794777, 492883.125082804413978 ], [ 125451.952541985330754, 492884.745393759978469 ], [ 125450.805038350590621, 492887.367086651443969 ], [ 125450.012382962479023, 492889.040868793381378 ], [ 125448.969914036686532, 492891.027701171464287 ], [ 125448.239413892893936, 492892.856887007248588 ], [ 125446.50852860530722, 492896.88406393880723 ], [ 125444.989515471912455, 492901.076873867539689 ], [ 125444.361985579686007, 492903.061218903691042 ], [ 125442.196233621230931, 492907.168893523863517 ], [ 125439.789477199767134, 492911.923372810764704 ], [ 125439.211696600570576, 492913.128539717465173 ], [ 125437.850607879285235, 492916.430255700310227 ], [ 125436.593828890472651, 492921.244599842233583 ], [ 125435.864939889812376, 492923.340822753321845 ], [ 125430.127560058026575, 492942.124010476632975 ], [ 125431.002440955184284, 492942.819753613846842 ], [ 125434.412599686140311, 492945.447487720171921 ], [ 125436.63270788823138, 492947.003057076595724 ], [ 125442.94277855764085, 492951.115528546273708 ], [ 125449.707914310100023, 492955.114010730758309 ], [ 125452.745869855367346, 492956.931728163792286 ], [ 125448.982709996867925, 492963.496888170077 ], [ 125439.111739355284953, 492957.703356927726418 ], [ 125432.005490401948919, 492953.540032849588897 ], [ 125428.217687699449016, 492951.459782821591944 ], [ 125418.908518172742333, 492946.341659491881728 ], [ 125410.315358800187823, 492941.519679916556925 ], [ 125403.838869565777713, 492938.020226989872754 ], [ 125400.998881834049826, 492936.323746056412347 ], [ 125400.391484998064698, 492935.993588198907673 ], [ 125390.530145343538607, 492930.689677935093641 ], [ 125389.698008231061976, 492930.316364206024446 ], [ 125378.98298244815669, 492925.585076338960789 ], [ 125368.622518955337, 492920.996329055167735 ], [ 125365.303055733806104, 492921.016288719372824 ], [ 125358.264067585958401, 492917.876337544294074 ], [ 125356.410971663863165, 492916.274088224105071 ], [ 125351.444589229242411, 492913.911687761486974 ], [ 125350.898874554404756, 492913.659052941075061 ], [ 125356.670636506969458, 492902.898034589015879 ], [ 125356.724451809248421, 492902.797569107147865 ], [ 125362.825934992433758, 492891.433724451286253 ], [ 125363.404435604126775, 492890.350939690193627 ], [ 125363.498596142468159, 492890.172343620157335 ], [ 125361.907857112877537, 492889.213872690161224 ], [ 125364.91820912755793, 492880.772733362275176 ], [ 125368.084958922438091, 492868.925835343892686 ], [ 125369.589671984620509, 492858.969372067833319 ], [ 125370.919271373262745, 492849.30326072126627 ], [ 125371.584129893381032, 492836.559005113726016 ], [ 125371.339087761283736, 492824.087264767906163 ], [ 125369.163788669829955, 492811.894174330926035 ], [ 125362.794507104350487, 492776.482288677245378 ], [ 125362.754741000710055, 492775.525617673643865 ], [ 125362.635710251066484, 492772.700110513484105 ], [ 125362.5653221574903, 492771.176153703359887 ], [ 125360.173379273895989, 492769.343479318777099 ], [ 125356.335159262234811, 492769.088392534351442 ], [ 125347.121110229607439, 492768.542971585353371 ], [ 125333.061814985863748, 492767.704052698449232 ], [ 125327.978151713308762, 492767.356343402236234 ], [ 125308.834513087873347, 492766.058524996915367 ], [ 125291.222945228320896, 492765.007463114743587 ], [ 125272.447555662511149, 492763.863342232245486 ], [ 125256.516969140502624, 492762.935787515016273 ], [ 125250.004522748626187, 492762.552274178189691 ], [ 125249.487339019979117, 492762.522015545982867 ], [ 125249.324014306126628, 492762.511874598334543 ], [ 125246.25499094168481, 492762.341245168878231 ], [ 125246.061415897929692, 492762.954391329083592 ], [ 125245.209938767060521, 492765.018001764197834 ], [ 125243.818655022303574, 492766.684304409951437 ], [ 125241.11968415787851, 492769.215271916240454 ], [ 125240.36643303456367, 492769.520245605497621 ], [ 125239.645648633420933, 492769.569105477596167 ], [ 125237.7905612673203, 492768.779173595015891 ], [ 125235.742385723453481, 492767.556460826075636 ], [ 125227.097757623734651, 492762.178766264929436 ], [ 125222.843662179919193, 492759.522893062036019 ], [ 125215.093214654101757, 492754.651652706321329 ], [ 125210.859446200673119, 492751.984540077566635 ], [ 125205.580867642478552, 492748.656135394354351 ], [ 125185.816864232649095, 492735.913001075212378 ], [ 125185.147465923684649, 492735.460849137452897 ], [ 125184.805930632195668, 492735.229251126933377 ], [ 125180.646013390098233, 492732.405941426870413 ], [ 125166.342300387434079, 492722.678611431736499 ], [ 125165.27936614578357, 492721.271934055024758 ], [ 125162.264259849835071, 492718.775515685672872 ], [ 125158.775062988497666, 492714.379275863757357 ], [ 125144.102100271906238, 492718.952266748528928 ], [ 125108.726818491675658, 492729.970877721789293 ], [ 125102.490744806797011, 492715.721808309317566 ], [ 125085.806761979591101, 492660.188720741483849 ], [ 125084.982383694150485, 492656.622000934556127 ], [ 125080.552690079435706, 492639.635914412909187 ], [ 125076.375311198004056, 492624.996068550448399 ], [ 125075.485664383915719, 492621.885948163922876 ], [ 125073.993563001800794, 492615.908755099575501 ], [ 125069.78206478676293, 492601.257995475200005 ], [ 125069.006905671049026, 492597.958024405525066 ], [ 125065.745270939922193, 492587.373932162765414 ], [ 125053.751618752343347, 492545.92133747774642 ], [ 125042.433163394380244, 492505.900034888123628 ], [ 125040.689759954126203, 492500.002268119947985 ], [ 125038.279420997176203, 492491.827549552661367 ], [ 125037.574213844520273, 492488.849837568006478 ], [ 125026.546394626362599, 492450.796261388051789 ], [ 125025.729352272872347, 492447.329649443156086 ], [ 125020.519351273338543, 492429.625120036827866 ], [ 125018.041290415334515, 492420.39377208170481 ], [ 125013.777277168032015, 492406.110568994714413 ], [ 125012.870156576856971, 492402.377462712232955 ], [ 125001.945360544719733, 492364.54585523478454 ], [ 125001.424507713774801, 492362.802108259114902 ], [ 125000.006095870048739, 492357.781400651496369 ], [ 124994.826201687188586, 492339.464739446237218 ], [ 124994.595200890325941, 492338.397967178258114 ], [ 124989.290819879504852, 492320.872076953353826 ], [ 124988.07163629119168, 492316.172838883008808 ], [ 124984.42857158552215, 492304.45618618169101 ], [ 124981.757729732431471, 492294.869972120446619 ], [ 124970.955034236525535, 492258.172633239766583 ], [ 124968.768969163662405, 492249.996584264852572 ], [ 124968.692508037333027, 492249.730005531164352 ], [ 124963.864885547271115, 492233.436320643289946 ], [ 124954.454482277797069, 492199.734787668858189 ], [ 124921.619824670793605, 492064.610214536951389 ], [ 124913.063752914546058, 492036.099794584501069 ], [ 124899.615539771490148, 492003.101758052944206 ], [ 124898.004508498328505, 491999.996076665527653 ], [ 124884.139146942776279, 491973.365190634736791 ], [ 124875.990248753121705, 491960.329802409687545 ], [ 124854.254319119761931, 491931.744270291295834 ], [ 124850.796820378585835, 491928.215949286008254 ], [ 124846.707811095315265, 491924.891776906326413 ], [ 124844.356633804447483, 491923.148116607335396 ], [ 124837.62993981296313, 491919.072335290838964 ], [ 124816.721944077711669, 491906.871756740903948 ], [ 124796.16288690402871, 491896.115619311283808 ], [ 124787.150431277477765, 491890.996861078310758 ], [ 124783.111649895465234, 491889.219065929297358 ], [ 124775.005090161008411, 491885.37436509958934 ], [ 124772.985354190386715, 491884.429839912452735 ], [ 124763.888978372051497, 491880.057137756608427 ], [ 124754.382730508703389, 491875.419922593340743 ], [ 124753.70732848692569, 491875.123641564219724 ], [ 124753.434432551657665, 491875.002920591447037 ], [ 124748.440386765883886, 491872.785940918314736 ], [ 124743.06731362627761, 491870.893971449346282 ], [ 124733.868859149311902, 491867.634636356320698 ], [ 124714.77093299551052, 491861.086943609290756 ], [ 124690.538585616304772, 491852.746086694241967 ], [ 124660.088542500947369, 491842.385144133120775 ], [ 124624.163836453895783, 491830.244442938710563 ], [ 124593.83680231551989, 491820.016672263795044 ], [ 124566.680237574182684, 491810.882198910810985 ], [ 124555.177910160666215, 491806.992061881464906 ], [ 124545.496901692895335, 491803.858452492684592 ], [ 124538.444869788421784, 491801.153690423932858 ], [ 124494.966225469921483, 491782.273228167381603 ], [ 124436.560773857825552, 491757.065472837479319 ], [ 124386.372605540324003, 491734.911763017356861 ], [ 124356.652176154864719, 491721.744187715987209 ], [ 124331.195763957919553, 491710.441827506350819 ], [ 124307.134289392881328, 491700.265852487762459 ], [ 124300.005886715007364, 491697.361621951626148 ], [ 124286.192555888177594, 491691.75071211787872 ], [ 124264.860632829324459, 491683.961338763183448 ], [ 124251.506832511950051, 491678.948511080991011 ], [ 124246.072813010920072, 491677.168729684432037 ], [ 124241.865852104296209, 491675.7596113794134 ], [ 124235.016891374587431, 491674.03317793860333 ], [ 124232.95371153432643, 491673.790136170864571 ], [ 124224.356696677408763, 491672.163642381201498 ], [ 124214.629324006076786, 491670.399573070171755 ], [ 124206.740390151360771, 491668.846576192765497 ], [ 124199.226361595865455, 491667.402518126531504 ], [ 124182.399009066197323, 491665.126534292066935 ], [ 124146.708769149714499, 491660.409447917481884 ], [ 124123.656516368471785, 491657.204590078385081 ], [ 124107.946609959093621, 491655.188905934686773 ], [ 124090.425867592857685, 491653.028849216061644 ], [ 124068.924597549441387, 491650.860447517712601 ], [ 124050.010481058809091, 491648.942940981010906 ], [ 124022.590536157716997, 491645.854992787237279 ], [ 124000.788429702923167, 491643.466241002723109 ], [ 124000.005276237570797, 491643.359896998037584 ], [ 123990.53272848665074, 491642.106502277310938 ], [ 123974.207279496025876, 491639.605533624591772 ], [ 123967.96308323906851, 491638.854828167939559 ], [ 123964.132607436578837, 491637.821889620099682 ], [ 123957.663884760433575, 491635.99330496910261 ], [ 123950.383243599993875, 491633.813782813434955 ], [ 123945.916767678892938, 491632.273028430063277 ], [ 123940.395047868427355, 491629.559478844166733 ], [ 123930.290494187938748, 491647.871208044874948 ], [ 123919.551499068547855, 491666.98809333977988 ], [ 123919.309856171792489, 491669.671191194502171 ], [ 123919.03650895539613, 491672.7216754949186 ], [ 123918.966576456441544, 491673.500996932387352 ], [ 123918.172209518699674, 491682.407497176784091 ], [ 123916.209181891725166, 491682.94283700408414 ], [ 123914.986656278415467, 491683.295478419808205 ], [ 123910.776666254372685, 491685.736556431220379 ], [ 123909.529311981343199, 491686.46766920509981 ], [ 123903.83208816323895, 491690.442513542657252 ], [ 123901.104934043614776, 491692.807485436205752 ], [ 123898.262678243787377, 491695.262199972290546 ], [ 123896.08558436538442, 491696.377495451248251 ], [ 123891.238796107762028, 491700.335862020670902 ], [ 123889.707230763495318, 491701.313564440526534 ], [ 123887.40703992114868, 491702.329498846083879 ], [ 123885.708047913954942, 491703.731080097611994 ], [ 123884.262204311584355, 491705.353601427399553 ], [ 123882.814184480870608, 491706.631204078847077 ], [ 123878.988959474838339, 491708.580298847518861 ], [ 123872.778065356615116, 491713.092512045812327 ], [ 123868.479039222365827, 491715.434047101240139 ], [ 123866.772691125937854, 491716.746666523918975 ], [ 123863.926754486194113, 491719.691006604 ], [ 123856.223528640766745, 491723.845480204327032 ], [ 123851.245417537997128, 491727.47091042867396 ], [ 123846.868159806981566, 491731.426354653958697 ], [ 123840.616500948221073, 491735.938866667274851 ], [ 123837.84949381754268, 491738.448775406111963 ], [ 123831.978915917832637, 491741.890710334118921 ], [ 123826.278110672545154, 491746.355250608059578 ], [ 123825.004694826988271, 491747.264579783426598 ], [ 123818.617140875285259, 491751.800233301531989 ], [ 123814.494463013048517, 491755.119865073647816 ], [ 123809.003786457891692, 491760.528880234283861 ], [ 123805.39278831941192, 491762.988513409974985 ], [ 123801.137292397732381, 491766.820833017351106 ], [ 123798.711117969651241, 491768.349442644161172 ], [ 123794.839995568472659, 491771.634118410933297 ], [ 123792.624460508828633, 491773.116890241333749 ], [ 123786.503796024000621, 491777.8845608192496 ], [ 123782.546565592027036, 491781.53697834193008 ], [ 123774.758650315459818, 491786.259587782376911 ], [ 123770.887769424196449, 491789.577661795250606 ], [ 123768.043026156592532, 491791.620774436509237 ], [ 123766.000669030341669, 491792.512737134413328 ], [ 123763.743836069537792, 491793.917895729711745 ], [ 123759.39966871017532, 491797.70630646898644 ], [ 123752.423348896627431, 491802.724233932211064 ], [ 123749.745154808420921, 491805.278137641726062 ], [ 123747.876426595903467, 491806.725350794673432 ], [ 123729.544493021661765, 491818.21326635236619 ], [ 123714.32299018552294, 491829.848412617866416 ], [ 123691.679500708996784, 491847.005160753848031 ], [ 123685.598787418566644, 491851.605802039324772 ], [ 123680.48918720666552, 491854.842802431667224 ], [ 123674.281840801311773, 491859.855956786312163 ], [ 123667.135887419863138, 491864.919592482445296 ], [ 123664.151607720661559, 491867.475489193107933 ], [ 123659.003904345372575, 491871.135575624415651 ], [ 123654.497093869256787, 491875.003002786426805 ], [ 123654.199361540144309, 491875.26081410900224 ], [ 123644.838858589340816, 491881.940834986628033 ], [ 123633.612125074359938, 491890.446429021831136 ], [ 123629.7828092231357, 491893.853366494760849 ], [ 123625.10184519548784, 491897.076570608885959 ], [ 123618.379731345019536, 491902.438006214913912 ], [ 123609.91229983397352, 491908.311274215870071 ], [ 123606.041909374675015, 491911.673984553548507 ], [ 123603.237063324442715, 491913.550036712316796 ], [ 123600.25879905410693, 491914.904231976135634 ], [ 123590.047999057394918, 491921.589774991793092 ], [ 123587.118860309899901, 491924.245509772910737 ], [ 123585.413304729678202, 491927.794725404877681 ], [ 123565.738173205725616, 491942.974816249392461 ], [ 123561.447023643835564, 491947.564201945555396 ], [ 123558.764191060196026, 491950.42979375005234 ], [ 123513.172875282165478, 491986.794140975223854 ], [ 123496.35674374208611, 491999.997922004840802 ], [ 123472.290301743720192, 492018.889457288489211 ], [ 123449.071051321152481, 492037.241599285509437 ], [ 123400.902987323730486, 492069.395282973360736 ], [ 123354.124301803865819, 492100.616993097763043 ], [ 123352.25551604903012, 492102.019851796911098 ], [ 123350.002728968654992, 492104.014901726564858 ], [ 123345.788201979739824, 492107.769471103907563 ], [ 123330.890840093663428, 492118.747255159134511 ], [ 123323.364620285487035, 492124.870895122992806 ], [ 123319.10516408274998, 492127.980417164275423 ], [ 123315.790009555261349, 492130.872462117811665 ], [ 123313.278153911160189, 492132.780179375375155 ], [ 123307.363864320708672, 492136.701485813013278 ], [ 123300.382473835168639, 492140.78543835732853 ], [ 123298.127292468008818, 492142.402213737834245 ], [ 123292.728137394849909, 492147.076853191480041 ], [ 123289.532749661972048, 492149.545324047270697 ], [ 123283.366206275095465, 492153.379267476324458 ], [ 123275.278652532040724, 492158.950249840621836 ], [ 123272.214762847288512, 492161.762819270719774 ], [ 123269.028992829815252, 492165.722244627191685 ], [ 123267.45394236285938, 492168.358329638198484 ], [ 123266.474566554650664, 492169.466196619265247 ], [ 123263.879324892070144, 492173.210412781743798 ], [ 123262.73073282004043, 492175.509947004495189 ], [ 123261.066387449696776, 492178.013086458900943 ], [ 123260.559442395635415, 492178.528187597170472 ], [ 123259.493487972387811, 492178.868858264177106 ], [ 123256.175026817698381, 492179.123893085343298 ], [ 123252.09324998719967, 492180.229490030440502 ], [ 123251.369893489070819, 492180.946270008338615 ], [ 123250.689445318144863, 492184.099562162766233 ], [ 123249.923699087958084, 492185.628878222720232 ], [ 123245.510885233612498, 492190.263836570549756 ], [ 123244.902755359158618, 492190.91311388061149 ], [ 123243.836804681675858, 492191.253787956375163 ], [ 123232.902784753387095, 492191.123960124328732 ], [ 123232.647777193036745, 492191.670821150531992 ], [ 123229.881541565584484, 492193.157399369229097 ], [ 123223.153458667598898, 492198.519422483805101 ], [ 123212.263942138524726, 492205.288024846813641 ], [ 123206.860057329875417, 492209.206162225629669 ], [ 123205.11760040979425, 492210.140933505666908 ], [ 123202.138331986760022, 492211.295095004024915 ], [ 123200.266616596578388, 492212.230701888212934 ], [ 123196.222214716282906, 492214.904995821067132 ], [ 123192.479866616340587, 492216.943111213098746 ], [ 123186.436030540091451, 492221.84456734417472 ], [ 123177.800948397140019, 492227.931083191244397 ], [ 123173.969695941370446, 492230.948953162005637 ], [ 123173.542175945360214, 492231.118616984516848 ], [ 123173.461903324918239, 492231.330546224256977 ], [ 123173.244202951798798, 492231.331951918429695 ], [ 123173.116595769344713, 492231.588694362086244 ], [ 123172.648257041728357, 492231.758621834684163 ], [ 123172.60880328498024, 492231.970287511532661 ], [ 123159.924244898589677, 492240.987103457388002 ], [ 123155.121245772679686, 492244.178169053280726 ], [ 123147.518660453730263, 492250.002149772946723 ], [ 123145.122152040712535, 492251.84244747023331 ], [ 123140.439399469411001, 492254.687816847523209 ], [ 123132.952284546248848, 492260.477693395514507 ], [ 123127.332663003937341, 492263.629558688378893 ], [ 123111.805731933156494, 492274.945894178992603 ], [ 123106.399879937889636, 492279.587404293124564 ], [ 123102.147137298888993, 492282.641439132916275 ], [ 123092.785818519390887, 492290.012399068160448 ], [ 123086.10329212518991, 492293.961202284204774 ], [ 123079.252255893210531, 492299.20182563556591 ], [ 123074.570451059800689, 492302.180775141227059 ], [ 123069.973603903592448, 492305.671015916392207 ], [ 123063.422897765733069, 492310.008437680953648 ], [ 123054.061616780236363, 492317.368345347233117 ], [ 123048.277228213206399, 492321.322506433760282 ], [ 123043.512290075523197, 492325.114288142998703 ], [ 123038.406848410682869, 492328.852648086380213 ], [ 123031.598552951865713, 492333.325305948208552 ], [ 123027.339677415817278, 492336.468461381387897 ], [ 123022.237525602715323, 492339.661599137238227 ], [ 123014.918803649256006, 492345.150139509525616 ], [ 123011.002279127947986, 492347.578966339060571 ], [ 123000.006906227790751, 492355.761847728979774 ], [ 122999.343394136827555, 492356.255739003536291 ], [ 122994.49132868333254, 492359.191363625577651 ], [ 122987.769736654037843, 492364.431275843235198 ], [ 122982.066802701636334, 492368.340479287027847 ], [ 122975.218149303109385, 492373.915041251631919 ], [ 122964.622025538876187, 492381.750475075794384 ], [ 122962.06766337742738, 492383.358224518655334 ], [ 122956.115743292117259, 492386.634843777457718 ], [ 122952.708125049161026, 492388.848998034198303 ], [ 122947.433324229030404, 492392.677570189000107 ], [ 122943.686653963537537, 492395.060839162848424 ], [ 122938.073965216011857, 492399.236552957096137 ], [ 122935.346943552693119, 492401.490799726103432 ], [ 122929.732821257814066, 492405.443994547124021 ], [ 122925.901641530828783, 492408.428679674514569 ], [ 122923.095888490206562, 492410.082593162427656 ], [ 122921.223215016972972, 492410.851410218281671 ], [ 122914.671971325617051, 492412.974783449142706 ], [ 122909.985803323725122, 492414.206996949273162 ], [ 122907.178312872973038, 492414.547956789960153 ], [ 122902.499377587722847, 492414.800963208894245 ], [ 122889.648461639648303, 492416.932018573163077 ], [ 122876.884036006202223, 492418.762117552629206 ], [ 122875.002539451903431, 492419.219456584600266 ], [ 122871.266686352377292, 492420.122832997178193 ], [ 122859.100130240534781, 492421.826685012725648 ], [ 122856.376821607351303, 492422.556566425191704 ], [ 122856.038927409812459, 492422.903703988878988 ], [ 122852.020972478756448, 492403.502341842744499 ], [ 122851.15816539475054, 492403.686000001034699 ], [ 122850.532226060357061, 492403.67895595979644 ], [ 122849.91258158274286, 492403.593982631107792 ], [ 122849.421466395899188, 492403.396901979867835 ], [ 122848.991141795937438, 492403.132663427677471 ], [ 122848.704694183063111, 492403.023262977658305 ], [ 122848.047333435082692, 492402.371064011356793 ], [ 122847.639449681853876, 492402.418232388445176 ], [ 122847.1437814712408, 492402.56611556612188 ], [ 122845.561608995179995, 492403.021513159619644 ], [ 122843.889619884459535, 492403.266086135525256 ], [ 122835.97748399496777, 492403.262078186206054 ], [ 122819.547753733728314, 492403.2580534745357 ], [ 122815.615314136070083, 492403.228095913247671 ], [ 122811.125109301792691, 492403.212911028123926 ], [ 122803.559310763681424, 492407.279139047779609 ], [ 122802.109451485419413, 492408.201016170496587 ], [ 122794.86602098068397, 492412.66572024236666 ], [ 122785.587266155387624, 492417.989382164669223 ], [ 122780.552291834756033, 492421.015430099330842 ], [ 122778.486579810400144, 492422.430923862266354 ], [ 122777.165838756787707, 492423.329710518941283 ], [ 122776.317952967481688, 492423.713568527426105 ], [ 122771.502355293487199, 492426.994110320694745 ], [ 122767.458943274381454, 492429.757769437273964 ], [ 122758.151185186536168, 492435.838302767893765 ], [ 122748.5666037107585, 492441.197416674986016 ], [ 122746.513641263736645, 492442.479317778313998 ], [ 122745.917393614770845, 492442.850407461228315 ], [ 122731.032222788067884, 492452.216550935641862 ], [ 122702.247072257348918, 492470.731107428495307 ], [ 122667.324364222484292, 492493.180511037644465 ], [ 122664.336822463781573, 492495.102811579476111 ], [ 122658.829238682519644, 492498.655050912639126 ], [ 122656.756353218239383, 492500.003882127115503 ], [ 122647.299714527791366, 492506.163493294850923 ], [ 122633.819363630420412, 492514.953241117938887 ], [ 122626.287378283945145, 492519.976436821045354 ], [ 122612.523873921396444, 492529.146418541145977 ], [ 122601.938021153357113, 492536.337214167346247 ], [ 122592.953029050142504, 492542.816511208773591 ], [ 122583.324438693365664, 492549.700626724108588 ], [ 122577.873591549723642, 492553.58639201062033 ], [ 122565.918392819556175, 492562.533199283992872 ], [ 122554.917066784822964, 492570.661492153536528 ], [ 122547.19938794351765, 492576.387028442521114 ], [ 122511.226641366447438, 492602.382827235618606 ], [ 122510.678269147261744, 492602.787010950269178 ], [ 122498.138968730985653, 492612.872781051904894 ], [ 122485.32783599247341, 492622.993757787859067 ], [ 122482.742384166369447, 492625.002532773360144 ], [ 122466.403989461337915, 492637.694896135595627 ], [ 122459.642962644298677, 492643.002561335102655 ], [ 122456.996822975153918, 492645.089639166370034 ], [ 122448.394853202116792, 492651.822594337631017 ], [ 122447.556186389294453, 492652.562509968527593 ], [ 122443.44669934133708, 492654.536864866793621 ], [ 122440.22460095610586, 492655.937888001033571 ], [ 122440.048102132743225, 492655.994688618753571 ], [ 122439.077689470723271, 492656.357161050196737 ], [ 122406.418571892019827, 492667.877985650324263 ], [ 122401.749024745775387, 492669.511145245924126 ], [ 122400.005115881271195, 492670.179168378468603 ], [ 122399.156860087488894, 492670.49633304530289 ], [ 122399.061919036175823, 492670.541468731185887 ], [ 122399.729829147632699, 492672.784687304927502 ], [ 122400.007818192156265, 492673.673001625516918 ], [ 122400.188584616422304, 492674.261532371630892 ], [ 122400.78655497924774, 492676.215913951629773 ], [ 122401.844088912257575, 492679.769531550060492 ], [ 122402.787924027637928, 492682.589525049203075 ], [ 122403.887079769614502, 492686.26526387152262 ], [ 122404.580061622837093, 492688.185636784881353 ], [ 122404.858122551624547, 492689.085077832743991 ], [ 122406.156461125821806, 492693.048799612617586 ], [ 122407.42318045454158, 492698.403595204523299 ], [ 122401.939129347782, 492700.309187532751821 ], [ 122400.004761694013723, 492700.978470571571961 ], [ 122399.651841796599911, 492701.10320114257047 ], [ 122388.271454630055814, 492705.317706462228671 ], [ 122383.188396719662705, 492707.165031806624029 ], [ 122379.035588376005762, 492708.750285908579826 ], [ 122375.560231561001274, 492709.90823612868553 ], [ 122372.867013832714292, 492711.038756910827942 ], [ 122370.011348269850714, 492712.292750806780532 ], [ 122368.494666283106199, 492713.370976758887991 ], [ 122361.448808475426631, 492718.780807429575361 ], [ 122354.497537241331884, 492724.089879571052734 ], [ 122345.16516211203998, 492731.428710173524451 ], [ 122334.85798348399112, 492739.486142463283613 ], [ 122329.119610706606181, 492744.063962436106522 ], [ 122320.719405223659123, 492750.395238171215169 ], [ 122312.340809339715634, 492756.904415844299365 ], [ 122308.597452616726514, 492759.699848336982541 ], [ 122298.783867247242597, 492767.286752769548912 ], [ 122288.688230531115551, 492775.420768241689075 ], [ 122288.416799690647167, 492775.522712145699188 ], [ 122278.208880995429354, 492784.158206155581865 ], [ 122274.874223855455057, 492787.028839583043009 ], [ 122274.77270546265936, 492787.107402138819452 ], [ 122274.603237240749877, 492787.197542822745163 ], [ 122265.599387836133246, 492794.801391597546171 ], [ 122261.536373351147631, 492798.622660393011756 ], [ 122259.59244996032794, 492799.892916328273714 ], [ 122246.38383993942989, 492810.4511168517638 ], [ 122246.032558594684815, 492810.820639906160068 ], [ 122245.194614860534784, 492811.660728172282688 ], [ 122244.079550486349035, 492812.769704592472408 ], [ 122243.408337831308017, 492813.10797354998067 ], [ 122242.005801152263302, 492813.951815131760668 ], [ 122240.320821263507241, 492815.287119113549124 ], [ 122237.441664726444287, 492817.086566165555269 ], [ 122224.567930816629087, 492825.817785018298309 ], [ 122221.975593487921287, 492827.782237544772215 ], [ 122217.781841943127802, 492831.370747393579222 ], [ 122210.392946006657439, 492836.293495527119376 ], [ 122202.528876725496957, 492842.387744015781209 ], [ 122197.766858746399521, 492845.423707050387748 ], [ 122194.452622813667404, 492848.283133156306576 ], [ 122188.865552056973684, 492852.047847131849267 ], [ 122180.549027786866645, 492857.611051474988926 ], [ 122174.377147263556253, 492862.425607512937859 ], [ 122155.76816063883598, 492875.100764186354354 ], [ 122153.237838488799753, 492877.176109444990288 ], [ 122139.608940548117971, 492886.869502773566637 ], [ 122127.602906685206108, 492895.094481884385459 ], [ 122119.96983608827577, 492900.09688505117083 ], [ 122113.738898323033936, 492904.199789247242734 ], [ 122109.974839744041674, 492906.917625037371181 ], [ 122109.690483717131428, 492907.119807493814733 ], [ 122107.476781916542677, 492908.725732695078477 ], [ 122085.984832161469967, 492921.542796580877621 ], [ 122080.431640764989424, 492925.262901490728837 ], [ 122071.081841205974342, 492931.912507813074626 ], [ 122066.318429000748438, 492934.714943721017335 ], [ 122063.079485713271424, 492936.605914075917099 ], [ 122059.506643923334195, 492938.410103056114167 ], [ 122057.39054227284214, 492939.347783124772832 ], [ 122054.444470213406021, 492941.292436107469257 ], [ 122047.757969020589371, 492945.409597543126438 ], [ 122034.841442621778697, 492952.728486431529745 ], [ 122028.55751831291127, 492956.00846175319748 ], [ 122023.780921444980777, 492958.86666218348546 ], [ 122019.917033145713503, 492960.884239419479854 ], [ 122014.659431197229424, 492964.034968032559846 ], [ 122010.488784660788951, 492965.954463681904599 ], [ 122007.677970005432144, 492967.775843352952506 ], [ 122005.076086259243311, 492969.306525631865952 ], [ 122000.007844383158954, 492972.289098320936318 ], [ 121998.794959637190914, 492972.998216998879798 ], [ 121987.762109667935874, 492979.191923974081874 ], [ 121959.05380767423776, 492994.094124266586732 ], [ 121949.444204228362651, 492998.475813056284096 ], [ 121946.685832229530206, 492999.996449158003088 ], [ 121945.09996713748842, 493000.8749868926825 ], [ 121936.237049342846149, 493005.018027723301202 ], [ 121936.033659065258689, 493005.119534742552787 ], [ 121935.850824316992657, 493005.243157712742686 ], [ 121934.320947182626696, 493006.354988843551837 ], [ 121934.009395799585036, 493006.557364062755369 ], [ 121933.663610120565863, 493006.726588226738386 ], [ 121929.655683204560773, 493008.556045759411063 ], [ 121929.533619338384597, 493008.612499561859295 ], [ 121929.438763741607545, 493008.668770774791483 ], [ 121925.00791074722656, 493011.335590145841707 ], [ 121924.994381298834924, 493011.346807884576265 ], [ 121920.143902085110312, 493013.315451480564661 ], [ 121919.974373400968034, 493013.394477999594528 ], [ 121919.804994101636112, 493013.495757388474885 ], [ 121916.803931695962092, 493015.34072056307923 ], [ 121916.532895152136916, 493015.498317186138593 ], [ 121916.234501001556055, 493015.633843630261254 ], [ 121911.41781560642994, 493017.568888231413439 ], [ 121911.268618661386427, 493017.636651608743705 ], [ 121911.160159337014193, 493017.693014522606973 ], [ 121899.307161744363839, 493024.292998489108868 ], [ 121895.294328321921057, 493026.400690520938952 ], [ 121894.072950619418407, 493026.853972926968709 ], [ 121891.827006537962006, 493027.692454775446095 ], [ 121881.632405812502839, 493033.068504512717482 ], [ 121881.368023840332171, 493033.20380451035453 ], [ 121881.103417550242739, 493033.305725233687554 ], [ 121878.266674014448654, 493034.292834065854549 ], [ 121878.022473940000054, 493034.394617795245722 ], [ 121877.792027507937746, 493034.518562961777207 ], [ 121875.489134415751323, 493035.991670246701688 ], [ 121875.285821447192575, 493036.104306214430835 ], [ 121875.048573134612525, 493036.22829722892493 ], [ 121863.75798496833886, 493041.478228455584031 ], [ 121858.263238482759334, 493043.7294391321484 ], [ 121855.936432227186742, 493044.679750649316702 ], [ 121855.81437009118963, 493044.736206285830121 ], [ 121855.692307957680896, 493044.792661921994295 ], [ 121852.954471477147308, 493046.324339929386042 ], [ 121852.601964172237786, 493046.504741991055198 ], [ 121852.2083454344247, 493046.640912879200187 ], [ 121849.683010894717881, 493047.403404940618202 ], [ 121849.486201598570915, 493047.471490498515777 ], [ 121849.289542006939882, 493047.561828924808651 ], [ 121843.52139137632912, 493050.627161562966648 ], [ 121837.022662914387183, 493053.285721000516787 ], [ 121833.816322412632871, 493054.942958937725052 ], [ 121833.46366664711968, 493055.101109515235294 ], [ 121833.069974228972569, 493055.226155510288663 ], [ 121830.808951463346602, 493055.84222824574681 ], [ 121825.251894284083392, 493057.926991471729707 ], [ 121824.282129769242601, 493058.367470518045593 ], [ 121823.550360441964585, 493058.795220537576824 ], [ 121823.041484059489449, 493058.987804413540289 ], [ 121816.13862888753647, 493062.238839956000447 ], [ 121810.187369348393986, 493064.370782613055781 ], [ 121807.568021513230633, 493065.311960563296452 ], [ 121803.577896166680148, 493066.740832139563281 ], [ 121800.266322472423781, 493067.920342854456976 ], [ 121797.422962714947062, 493068.929797061078716 ], [ 121792.990789336326998, 493070.372782642196398 ], [ 121792.67184596505831, 493070.486201251565944 ], [ 121774.499725021698396, 493077.073440898326226 ], [ 121774.389918886474334, 493073.903004744264763 ], [ 121763.487856549603748, 493077.225588401779532 ], [ 121760.053038258469314, 493078.283561269927304 ], [ 121754.710621148667997, 493079.910752460476942 ], [ 121752.869239356863545, 493080.212475909909699 ], [ 121750.137851010571467, 493080.67598227027338 ], [ 121750.60814704358927, 493082.831434561056085 ], [ 121751.769928921334213, 493087.663812895014416 ], [ 121749.14637013382162, 493086.969390992890112 ], [ 121747.628932609441108, 493086.890614773728885 ], [ 121745.356433244378422, 493087.818358631921001 ], [ 121741.045900948229246, 493089.138174107880332 ], [ 121734.156486902182223, 493091.343302817898802 ], [ 121729.914505973181804, 493092.740553885698318 ], [ 121725.693909957684809, 493094.282314403390046 ], [ 121721.344455264363205, 493095.88058346247999 ], [ 121715.689856659882935, 493097.610067979956511 ], [ 121712.581706207362004, 493098.688121632905677 ], [ 121705.90295259092818, 493100.858486302488018 ], [ 121693.600439427304082, 493105.292254702420905 ], [ 121689.895007081329823, 493106.563517713395413 ], [ 121685.754478736969759, 493107.871105785539839 ], [ 121681.690955431200564, 493109.500857893552165 ], [ 121673.801562345266575, 493111.690578980837017 ], [ 121665.755280373501591, 493113.814612421905622 ], [ 121660.741607413569, 493115.762363641057163 ], [ 121646.862006916941027, 493121.341867484035902 ], [ 121637.460966829734389, 493123.29708614514675 ], [ 121632.009656891459599, 493124.902894679631572 ], [ 121624.387468196058762, 493127.369059500691947 ], [ 121616.525881731911795, 493128.635148551897146 ], [ 121610.475866386899725, 493130.222783179779071 ], [ 121604.267601527142688, 493131.544451185967773 ], [ 121598.68692439822189, 493133.128919647890143 ], [ 121593.644958125762059, 493134.910027306119446 ], [ 121587.928174870918156, 493136.484303780598566 ], [ 121581.564148530829698, 493138.908623751369305 ], [ 121570.789789924412617, 493140.962299376260489 ], [ 121564.053795294879819, 493142.69929519307334 ], [ 121555.105527446983615, 493145.207946627575438 ], [ 121551.062789751886157, 493145.880749244592153 ], [ 121545.009190198106808, 493146.93439584353473 ], [ 121538.952417815729859, 493148.522164631984197 ], [ 121532.141699377651094, 493150.270838645286858 ], [ 121525.178774717787746, 493151.642240062006749 ], [ 121519.346097991947317, 493153.172876053140499 ], [ 121513.505186378926737, 493154.492163048184011 ], [ 121505.651455269617145, 493155.903026594896801 ], [ 121499.330114360054722, 493157.592785135318991 ], [ 121495.878475159348454, 493158.161472224979661 ], [ 121491.125040810075006, 493159.350995728571434 ], [ 121484.415397870616289, 493160.954398462723475 ], [ 121479.14480077085318, 493162.114070245006587 ], [ 121465.542174304631772, 493164.365248250658624 ], [ 121450.006032457837136, 493167.364006067859009 ], [ 121445.930074972828152, 493168.148390886839479 ], [ 121434.926845331865479, 493170.537731591204647 ], [ 121428.668789628965897, 493171.526152681035455 ], [ 121425.49862099046004, 493172.4712877611164 ], [ 121420.982523113081697, 493173.547992735635489 ], [ 121414.601889111698256, 493174.515013162279502 ], [ 121407.057612313481513, 493175.412085903109983 ], [ 121402.371247525617946, 493176.456587914784905 ], [ 121395.763000414066482, 493177.959278068388812 ], [ 121388.091015119673102, 493179.079789736540988 ], [ 121383.354008691210765, 493179.679577536997385 ], [ 121375.148556193744298, 493181.371222975780256 ], [ 121363.159200214256998, 493183.778580653481185 ], [ 121354.273350868417765, 493185.441524667025078 ], [ 121351.250413909961935, 493186.029640207882039 ], [ 121347.860711128058028, 493186.698150937329046 ], [ 121342.538455937494291, 493187.257467150629964 ], [ 121336.746116153954063, 493187.708731016668025 ], [ 121331.146965163599816, 493188.559251779399347 ], [ 121323.571866791753564, 493188.922569875605404 ], [ 121314.72464465055964, 493190.2626400043373 ], [ 121307.157005422661314, 493191.716373176081106 ], [ 121295.777662598804454, 493193.797043004713487 ], [ 121290.627368664267124, 493194.633412929426413 ], [ 121286.527779271928011, 493194.939633026777301 ], [ 121281.140490562509513, 493195.933411608682945 ], [ 121272.707669120718492, 493197.192833153880201 ], [ 121263.912299402640201, 493198.154323682654649 ], [ 121252.623261111380998, 493199.511223639012314 ], [ 121239.961179297271883, 493201.01107964233961 ], [ 121227.834159506222932, 493202.17349266220117 ], [ 121220.963411117627402, 493203.077361993084196 ], [ 121210.065847535006469, 493203.986598175193649 ], [ 121197.538832946447656, 493205.340986920928117 ], [ 121187.376941076770891, 493206.401004185259808 ], [ 121176.703849613229977, 493207.308774004632141 ], [ 121170.883957791258581, 493207.70478761580307 ], [ 121159.692942288165796, 493208.471499668841716 ], [ 121145.316015897711623, 493208.87068130238913 ], [ 121133.610360461228993, 493208.984498378355056 ], [ 121120.598608206550125, 493209.085069131862838 ], [ 121107.42980272899149, 493209.097738869080786 ], [ 121095.344843550119549, 493208.457623076101299 ], [ 121085.133820399147226, 493208.305351822753437 ], [ 121075.437741133762756, 493207.860255787614733 ], [ 121065.075467181042768, 493207.475401398725808 ], [ 121055.232810469766264, 493207.476432621770073 ], [ 121051.952352439257083, 493207.20973093516659 ], [ 121028.848727556658559, 493204.709611935191788 ], [ 121027.609879711817484, 493204.584629296732601 ], [ 121023.273681583377765, 493204.113813240022864 ], [ 121015.377378650970059, 493203.266982552944683 ], [ 121015.935866047686432, 493202.38410156138707 ], [ 121006.955261764422175, 493202.123364042723551 ], [ 121003.343044211243978, 493202.081522373948246 ], [ 121002.261480881861644, 493202.077857444062829 ], [ 121000.002975438168505, 493202.048932505480479 ], [ 120990.880683454975951, 493201.956106211582664 ], [ 120979.901575670315651, 493201.887242767494172 ], [ 120975.004661928585847, 493201.976688008347992 ], [ 120967.951807490433566, 493202.114408238732722 ], [ 120962.790776621288387, 493202.372594030573964 ], [ 120960.664272107096622, 493202.743345681054052 ], [ 120952.240032524350681, 493204.248050354595762 ], [ 120949.903288880334003, 493204.709274967317469 ], [ 120945.552290677718702, 493205.050897192268167 ], [ 120939.19583938246069, 493205.562162350164726 ], [ 120931.477568350819638, 493205.871438725735061 ], [ 120923.44022927840706, 493206.271949320740532 ], [ 120915.159873833879828, 493206.941200918401591 ], [ 120913.10665510148101, 493207.088927124335896 ], [ 120910.978616734690149, 493207.237171789223794 ], [ 120908.170629899381311, 493207.423502426827326 ], [ 120904.641729985683924, 493207.625949735578615 ], [ 120903.343357050194754, 493207.746203207876533 ], [ 120902.344109154175385, 493207.842133246245794 ], [ 120897.624972733290633, 493208.063948773196898 ], [ 120895.760665036912542, 493207.987835727399215 ], [ 120889.891794725699583, 493208.18423528218409 ], [ 120883.988068487044075, 493208.258486645238008 ], [ 120871.430800731730415, 493208.178537680476438 ], [ 120860.39805926187546, 493208.22158169967588 ], [ 120850.295004512241576, 493207.946652585931588 ], [ 120839.987508935621008, 493207.617526652524248 ], [ 120827.986519004858565, 493207.322419936943334 ], [ 120817.037798964156536, 493206.730741833802313 ], [ 120801.391427990281954, 493206.516624080715701 ], [ 120791.072411625704262, 493205.508935989462771 ], [ 120782.280316250835313, 493204.969125368224923 ], [ 120772.57500010333024, 493204.179753578093369 ], [ 120762.154022698901827, 493203.183961150294635 ], [ 120750.901364933684818, 493201.926924204570241 ], [ 120740.807638161350042, 493201.040171913569793 ], [ 120730.682367119326955, 493199.530549971619621 ], [ 120723.091928909896524, 493198.659806212992407 ], [ 120707.600728223187616, 493198.266875364002772 ], [ 120705.211202688020421, 493197.983077274111565 ], [ 120704.053578725812258, 493197.801975824986584 ], [ 120703.366441129765008, 493197.784504392067902 ], [ 120703.033075043189456, 493197.775697699224111 ], [ 120702.667558525485219, 493198.034161819436122 ], [ 120702.261773298727348, 493198.370794963091612 ], [ 120701.776999541878467, 493199.086294547189027 ], [ 120700.821907976904185, 493200.639589789847378 ], [ 120699.016528050997294, 493203.166849448811263 ], [ 120698.350352741224924, 493204.206293936062139 ], [ 120697.805680652279989, 493205.111369199119508 ], [ 120695.577600214543054, 493208.476094658835791 ], [ 120693.524045482598012, 493211.505797311780043 ], [ 120692.643313852429856, 493212.991814769455232 ], [ 120690.089452202926623, 493216.45895365573233 ], [ 120688.237013543228386, 493219.064433821244165 ], [ 120685.978794704918982, 493222.006549206678756 ], [ 120685.710210328325047, 493222.509132740553468 ], [ 120683.327238126832526, 493225.118309335957747 ], [ 120681.862257300846977, 493226.708540305902716 ], [ 120679.593989261833485, 493229.18339638505131 ], [ 120675.798368188494351, 493233.082016410131473 ], [ 120672.920040803088341, 493235.861553133057896 ], [ 120670.811070313473465, 493237.767828666837886 ], [ 120668.823215150390752, 493239.48410295980284 ], [ 120667.855681111672311, 493240.225223436485976 ], [ 120665.459723079475225, 493241.94434253295185 ], [ 120663.63100420468254, 493243.069781203870662 ], [ 120661.389550733554643, 493244.509651669592131 ], [ 120659.525429287401494, 493245.435053301334847 ], [ 120657.925878582202131, 493246.258469089865685 ], [ 120654.671046468458371, 493247.716532353078946 ], [ 120653.952000833727652, 493247.999718218808994 ], [ 120651.326397603043006, 493248.974938568950165 ], [ 120650.104954462673049, 493249.39515064295847 ], [ 120647.016369217264582, 493250.306839000957552 ], [ 120643.425775488256477, 493251.411187800462358 ], [ 120640.106011341325939, 493252.335619341523852 ], [ 120636.479937673371751, 493253.228808370535262 ], [ 120632.155071817920543, 493254.382793970231432 ], [ 120629.390026826804387, 493254.869412327825557 ], [ 120628.234974432605668, 493255.055500570451841 ], [ 120627.398749683416099, 493255.116968485992402 ], [ 120625.121722463023616, 493255.355391892837361 ], [ 120623.90475617654738, 493255.441770412086044 ], [ 120621.136607447988354, 493255.483336592558771 ], [ 120620.347451549954712, 493255.466588574578054 ], [ 120618.53045812570781, 493255.345742595149204 ], [ 120616.705964137378032, 493255.124806960579008 ], [ 120614.336322182934964, 493254.763025646680035 ], [ 120613.614018774096621, 493254.57890776329441 ], [ 120612.190826408012072, 493254.355173368239775 ], [ 120610.758657947764732, 493253.819947090465575 ], [ 120608.543435694242362, 493253.167789847357199 ], [ 120602.005583418664173, 493251.065920930355787 ], [ 120553.821783642008086, 493233.844167962204665 ], [ 120532.29909922547813, 493227.885966493922751 ], [ 120511.399475571975927, 493224.460445442760829 ], [ 120494.934503176016733, 493220.992830515373498 ], [ 120460.360867344745202, 493219.265578663500492 ], [ 120440.931849310698453, 493219.924771011341363 ], [ 120418.975064377620583, 493221.925887766643427 ], [ 120409.38822378453915, 493223.484189533162862 ], [ 120389.835221401997842, 493227.794098851154558 ], [ 120367.171739047742449, 493233.761610905639827 ], [ 120342.095501980977133, 493241.938209870073479 ], [ 120319.873358486394864, 493251.641497914795764 ], [ 120297.7248980346194, 493263.102429329475854 ], [ 120268.03663669800153, 493280.858830723678693 ], [ 120270.660935747000622, 493281.641475596756209 ], [ 120245.003945242293412, 493300.003844476654194 ], [ 120227.00660172055359, 493316.498592931136955 ], [ 120210.006298342239461, 493334.499637267086655 ], [ 120194.006226387369679, 493353.495104073605035 ], [ 120178.207416234916309, 493374.002470747625921 ], [ 120143.504615634985385, 493425.999398272077087 ], [ 120126.50592722260626, 493449.898026735638268 ], [ 120109.36617832959746, 493475.945221923990175 ], [ 120102.001360697046039, 493475.196236661227886 ], [ 120083.421958546590758, 493536.092292337620165 ], [ 120064.197538883716334, 493597.082018735352904 ], [ 120052.405255491030402, 493640.471858569537289 ], [ 120050.450559392935247, 493644.892008573166095 ], [ 120044.422404234559508, 493651.321660496934783 ], [ 120030.755566795996856, 493652.87627618672559 ], [ 120009.668113724794239, 493651.534973180911038 ], [ 120005.35217243518855, 493658.664641056500841 ], [ 120003.381412395232474, 493658.901178713596892 ], [ 119990.077336785150692, 493674.172901834186632 ], [ 119975.086028298246674, 493687.45379887096351 ], [ 119966.756711326102959, 493693.543843387742527 ], [ 119949.599271269224118, 493703.479872911819257 ], [ 119941.039393069164362, 493707.746776226675138 ], [ 119920.715481815830572, 493715.224122653366067 ], [ 119889.193273056487669, 493724.161090173758566 ], [ 119874.626166019123048, 493747.275532272353303 ], [ 119869.265940711833537, 493745.266384313930757 ], [ 119866.586381798959337, 493744.339697476825677 ], [ 119864.831686425313819, 493743.395289506879635 ], [ 119861.389090577955358, 493740.382173267309554 ], [ 119856.814925348866382, 493735.107225159124937 ], [ 119856.177346482174471, 493734.399645782075822 ], [ 119848.450224453685223, 493725.720084343105555 ], [ 119842.47725591561175, 493718.863970288599376 ], [ 119840.3918587451044, 493716.375279466970824 ], [ 119839.200420775567181, 493714.303035265940707 ], [ 119837.389815437796642, 493711.244908287655562 ], [ 119834.746880645223428, 493708.782452899380587 ], [ 119830.4136146165838, 493705.820223186456133 ], [ 119826.84559309798351, 493704.29904256912414 ], [ 119822.120903270348208, 493702.719360979564954 ], [ 119819.368741139682243, 493700.202058705035597 ], [ 119816.714350059337448, 493696.137408451351803 ], [ 119814.20090073972824, 493687.999275513866451 ], [ 119812.100410965213086, 493684.353497618285473 ], [ 119810.344856004288886, 493682.34092419029912 ], [ 119805.968565384799149, 493678.121673449291848 ], [ 119803.128125373652438, 493675.627264730632305 ], [ 119800.381439465010772, 493678.640046810673084 ], [ 119792.795387564576231, 493686.872585907694884 ], [ 119788.449330227886094, 493691.643741137173492 ], [ 119776.877106865140377, 493704.555876481463201 ], [ 119768.421510189611581, 493713.873988782579545 ], [ 119761.074161613243632, 493722.182760282186791 ], [ 119756.593657051969785, 493727.166318932955619 ], [ 119753.508566732954932, 493730.404088486568071 ], [ 119750.201786335746874, 493733.07596963312244 ], [ 119746.550736578472424, 493735.16058590443572 ], [ 119738.699193466818542, 493739.534044814819936 ], [ 119725.439329655026086, 493745.637537616945338 ], [ 119716.04382424124924, 493749.999833528068848 ], [ 119713.020437654660782, 493751.401233500684611 ], [ 119701.139678990701213, 493756.32658112293575 ], [ 119689.398575901810545, 493760.805877077276818 ], [ 119683.449461526193772, 493762.996027327841148 ], [ 119673.570394987924374, 493765.359012695320416 ], [ 119656.253154859048664, 493769.021594944584649 ], [ 119643.378855465736706, 493771.962478682340588 ], [ 119629.014749407942872, 493774.858456756337546 ], [ 119619.779510892985854, 493776.894245532166678 ], [ 119610.684863282280276, 493778.617486009839922 ], [ 119601.797775547544006, 493779.883045295719057 ], [ 119599.405099690688075, 493780.078268682293128 ], [ 119592.208913300419226, 493780.029837649082765 ], [ 119579.921732819697354, 493779.483919149730355 ], [ 119568.231277833052445, 493778.688945926551241 ], [ 119564.905183688271791, 493778.657232056837529 ], [ 119563.207091868534917, 493778.96987437835196 ], [ 119556.216616971185431, 493780.099477800598834 ], [ 119550.409440323797753, 493781.209449921327177 ], [ 119550.007700570538873, 493781.145578577823471 ], [ 119548.278323319420451, 493780.890974414185621 ], [ 119542.685968205303652, 493779.718375816242769 ], [ 119533.065402538210037, 493777.350810475822072 ], [ 119523.279279660811881, 493774.66177309921477 ], [ 119521.718001152898069, 493774.138919898017775 ], [ 119516.244674101180863, 493771.552365609968547 ], [ 119510.599873026192654, 493768.766766610497143 ], [ 119506.7495994521596, 493767.726311160309706 ], [ 119501.782592956442386, 493766.50474580086302 ], [ 119499.938071481941734, 493766.317750142537989 ], [ 119496.037168135429965, 493766.746431336039677 ], [ 119493.646639889891958, 493766.29632481164299 ], [ 119485.240425706084352, 493767.280454028921667 ], [ 119483.719946883313241, 493766.757318715564907 ], [ 119479.494147977384273, 493764.573510955262464 ], [ 119476.036880121857394, 493763.329960093600675 ], [ 119466.069376553234179, 493760.019231902551837 ], [ 119449.713949799974216, 493754.629356153716799 ], [ 119441.178404966194648, 493751.831314651586581 ], [ 119435.574450651853113, 493750.002428073436022 ], [ 119430.195408839543234, 493748.238686040102039 ], [ 119429.511446681033703, 493742.057013627083506 ], [ 119428.794120232778369, 493735.96459821955068 ], [ 119423.578206066682469, 493734.188558548223227 ], [ 119415.906829554995056, 493731.451082469080575 ], [ 119413.242545798580977, 493730.769325025437865 ], [ 119413.167492854088778, 493730.73648614413105 ], [ 119406.032586618879577, 493727.883880492881872 ], [ 119399.336880950402701, 493725.573334387037903 ], [ 119385.739487580984132, 493720.68671034189174 ], [ 119385.098496018297737, 493720.457676875870675 ], [ 119382.445793222315842, 493719.497677359846421 ], [ 119373.669937878788915, 493716.401060427946504 ], [ 119367.355706457630731, 493714.176815113925841 ], [ 119350.288113129834528, 493708.158179290476255 ], [ 119337.796590559795732, 493703.842289106629323 ], [ 119335.991476369134034, 493703.465910381928552 ], [ 119333.878942445764551, 493702.90259876078926 ], [ 119325.858239081353531, 493700.779775884526316 ], [ 119329.308328061946668, 493685.989269642683212 ], [ 119329.836550162566709, 493683.793426785501651 ], [ 119329.922548413291224, 493683.458994236774743 ], [ 119331.936968803376658, 493675.16592429386219 ], [ 119332.154882499133237, 493674.263059927383438 ], [ 119334.279775741539197, 493665.257063580851536 ], [ 119331.101893326733261, 493664.100607234227937 ], [ 119327.262604101444595, 493662.715274734015111 ], [ 119329.270377753739012, 493652.56404365086928 ], [ 119330.005586913350271, 493645.137013785541058 ], [ 119329.981802213311312, 493638.093796892615501 ], [ 119329.379189370985841, 493630.954627699917182 ], [ 119327.224571256840136, 493618.007276103133336 ], [ 119324.59950701915659, 493607.722684150619898 ], [ 119321.20223064973834, 493597.877638404606842 ], [ 119317.179981553781545, 493587.202596503135283 ], [ 119313.705058820021804, 493578.849135831347667 ], [ 119309.704942595475586, 493571.233863688190468 ], [ 119305.597977942612488, 493564.832211396133061 ], [ 119293.039401506131981, 493547.565094690828118 ], [ 119260.174409922256018, 493502.661155706446152 ], [ 119258.237046594818821, 493500.004730082990136 ], [ 119244.222029859345639, 493480.789950898033567 ], [ 119228.455006398333353, 493459.173372546152677 ], [ 119201.905573454452679, 493422.39118687226437 ], [ 119179.683441531495191, 493390.518068553414196 ], [ 119168.599108335474739, 493374.998614600510336 ], [ 119075.00800545324455, 493243.925344587478321 ], [ 119030.330777358089108, 493181.361505350505468 ], [ 119020.354479986533988, 493166.802342595241498 ], [ 119016.560507015907206, 493160.509914120892063 ], [ 119013.638894393327064, 493155.379451917891856 ], [ 119011.231154770735884, 493150.757080036331899 ], [ 119009.15095765152364, 493146.276967892888933 ], [ 119006.818086672050413, 493140.730510900029913 ], [ 119004.940556731642573, 493136.059761309763417 ], [ 119002.608626053333865, 493129.71215596026741 ], [ 119000.001985523238545, 493122.075827500550076 ], [ 118999.925538688461529, 493121.853846143290866 ], [ 118998.26991239975905, 493115.901873793278355 ], [ 118996.519408099266002, 493108.136895435745828 ], [ 118995.061734461938613, 493101.348953486711252 ], [ 118993.950740046173451, 493095.459765242412686 ], [ 118993.462624716426944, 493092.892996611539274 ], [ 118991.903534722776385, 493082.467270280001685 ], [ 118990.689091038017068, 493072.662137620791327 ], [ 118990.224705162952887, 493062.172777724103071 ], [ 118990.508593033766374, 493050.754409690154716 ], [ 118991.289627721707802, 493040.344965304655489 ], [ 118992.375891113682883, 493030.745561297866516 ], [ 118993.660204451967729, 493023.114188014820684 ], [ 118996.340465389163001, 493011.956486817391124 ], [ 118998.45846466140938, 493004.841992685047444 ], [ 119000.004521571361693, 493000.446663533628453 ], [ 119000.15771822995157, 493000.000464745855425 ], [ 119001.437221576052252, 492996.363718740758486 ], [ 119004.702246245986316, 492987.96124471060466 ], [ 119016.013511506811483, 492961.707955342310015 ], [ 119024.591485134937102, 492943.074380815960467 ], [ 119034.633869045021129, 492920.958514331083279 ], [ 119075.002653676521732, 492833.573135937040206 ], [ 119101.817675440775929, 492775.517412282584701 ], [ 119109.904431088172714, 492757.53294224239653 ], [ 119114.023914013028843, 492748.712626681663096 ], [ 119116.194764250496519, 492743.211216996773146 ], [ 119117.976910222234437, 492738.513781239336822 ], [ 119123.479254397825571, 492721.538455018715467 ], [ 119126.592667468154104, 492706.271825987496413 ], [ 119128.309962381899823, 492683.315490651817527 ], [ 119128.363971935512382, 492668.304800535843242 ], [ 119127.07812014373485, 492653.337244494119659 ], [ 119124.473855503820232, 492638.557318053964991 ], [ 119121.20494715141831, 492624.99507272237679 ], [ 119118.960311008093413, 492615.698132495570462 ], [ 119110.577774806326488, 492591.23530652327463 ], [ 119105.391188517998671, 492580.591179141949397 ], [ 119099.472727382322773, 492570.341832750244066 ], [ 119092.849842157185776, 492560.520450879586861 ], [ 119075.004148193518631, 492534.212800744455308 ], [ 119073.945091723056976, 492532.651616684626788 ], [ 119051.943823329100269, 492499.998584682820365 ], [ 119051.324837331980234, 492499.079560363432392 ], [ 119012.847571956750471, 492442.423616913089063 ], [ 119000.007745344599243, 492423.501381558075082 ], [ 118919.596998864115449, 492305.041843789396808 ], [ 118913.028888685250422, 492295.364951551193371 ], [ 118866.193176913351635, 492226.565056356368586 ], [ 118857.441532677228679, 492229.032650749082677 ], [ 118825.131233408494154, 492238.249156870006118 ], [ 118783.158272063650656, 492249.995930668257643 ], [ 118600.00593615922844, 492301.271921439270955 ], [ 118559.955425662876223, 492312.483442187716719 ], [ 118551.869134664302692, 492314.724123662686907 ], [ 118506.209406593086896, 492330.984711723984219 ], [ 116126.171490013715811, 492871.797435574582778 ], [ 116099.496691566950176, 492877.649349189130589 ], [ 116000.003487836540444, 492899.510394405922852 ], [ 115999.72512452834053, 492899.579359775059856 ], [ 115915.247842452838086, 492918.218859272019472 ], [ 115750.002930169415777, 492954.693781836540438 ], [ 115748.468212156774825, 492955.028691048966721 ], [ 115732.965036996101844, 492958.434687990229577 ], [ 115543.67571086109092, 493000.004131092864554 ], [ 115533.584902644099202, 493002.221336331684142 ], [ 115510.763630871428177, 493007.466983872116543 ], [ 115366.648939396895003, 493038.366658570768777 ], [ 115275.00236600273638, 493058.187566502252594 ], [ 115185.624423250643304, 493077.502265356306452 ], [ 115000.002926826360635, 493118.150646197085734 ], [ 114947.473222455533687, 493129.659922043851111 ], [ 114800.002913303440437, 493161.972162599267904 ], [ 114734.301242414745502, 493176.372974666359369 ], [ 114522.381584512535483, 493221.872156684519723 ], [ 114325.003458538121777, 493265.079525770619512 ], [ 114303.357201570208417, 493269.820375968294684 ], [ 114266.664765003399225, 493277.879162752011325 ], [ 114083.055075516589568, 493318.222950449911878 ], [ 114000.001930805970915, 493336.316147985577118 ], [ 113995.147277688723989, 493337.380241012549959 ], [ 113933.692952012235764, 493350.76612667547306 ], [ 113850.007476780592697, 493369.579271597962361 ], [ 113825.891823549580295, 493374.999354659288656 ], [ 113375.002385003550444, 493476.350557384546846 ], [ 113269.820276250917232, 493499.995282485208008 ], [ 113188.094877462179284, 493518.369172792590689 ], [ 113061.074503976429696, 493546.098252884170506 ], [ 113012.226103316847002, 493556.762400864681695 ], [ 113000.005510049319128, 493559.42580455809366 ], [ 112900.007877460855525, 493581.253932254621759 ], [ 112853.950443604961038, 493591.306071281549521 ], [ 112833.940372522891266, 493500.001031108724419 ], [ 112828.879370211157948, 493476.911015921796206 ], [ 112786.562965483346488, 493486.264126147318166 ], [ 112723.075968332064804, 493500.005277210264467 ], [ 112664.070113627327373, 493512.762935693084728 ], [ 112425.001457828519051, 493564.472363649052568 ], [ 112000.001619564107386, 493656.40173742105253 ], [ 111950.001461991821998, 493667.220037378137931 ], [ 111879.865753370977473, 493682.38772921951022 ], [ 111743.553526394753135, 493711.879077085293829 ], [ 111677.302149875933537, 493726.203281260444783 ], [ 111571.052757318044314, 493750.005097548244521 ], [ 111475.006873564008856, 493771.515879668644629 ], [ 111056.640553410485154, 493865.204324414313305 ], [ 111000.002500438378775, 493877.894139769254252 ], [ 110942.339689416985493, 493890.805191351450048 ], [ 110929.721131817772402, 493893.633094718039501 ], [ 110899.684701330304961, 493758.239064581459388 ], [ 110898.104019799706293, 493751.09842582832789 ], [ 110897.862922615458956, 493749.998991470900364 ], [ 110892.547148618643405, 493726.034086974919774 ], [ 110884.261066036182456, 493689.388526078895666 ], [ 110189.651744093338493, 490522.596802565036342 ] ] ], [ [ [ 123773.526478282437893, 480161.661492009123322 ], [ 123812.81475718258298, 480113.747042187256739 ], [ 123806.050578476366354, 480107.480908153462224 ], [ 123794.311208614992211, 480097.451996409450658 ], [ 123778.992984347685706, 480083.3844864712446 ], [ 123799.001687140058493, 480050.69054266938474 ], [ 123782.602260045256116, 480037.152795540227089 ], [ 123799.122302029660204, 480002.789633850217797 ], [ 123800.448294718356919, 479999.999609771475662 ], [ 123815.889235648748581, 479967.52371732116444 ], [ 123835.340033036642126, 479927.356356755131856 ], [ 123851.255487232876476, 479897.59248936525546 ], [ 123884.654194758652011, 479844.33046979032224 ], [ 123913.656377846476971, 479798.985098761564586 ], [ 123931.565412000083597, 479770.477407463826239 ], [ 123950.542139371784288, 479749.039612693071831 ], [ 123986.064584135485347, 479708.894388877553865 ], [ 124000.005102483250084, 479688.066960622905754 ], [ 124001.924186099407962, 479685.195389626023825 ], [ 124020.775995530144428, 479640.448386901291087 ], [ 124035.266316495282808, 479606.065397384169046 ], [ 124066.812266142631415, 479555.842708156968001 ], [ 124092.145597793103661, 479522.093063840991817 ], [ 124097.367985862918431, 479515.150800305127632 ], [ 124106.870446785906097, 479500.003742364468053 ], [ 124151.405288665744592, 479429.038374368858058 ], [ 124146.782991650979966, 479426.140908554370981 ], [ 124225.096202931643347, 479290.286637303302996 ], [ 124290.977647057763534, 479167.517845369700808 ], [ 124293.566926753948792, 479162.661696320632473 ], [ 124300.126165153371403, 479150.092421646520961 ], [ 124295.87349280322087, 479147.426180962123908 ], [ 124300.403537145990413, 479138.730436247715261 ], [ 124306.052800769859459, 479127.913695413270034 ], [ 124372.745669611787889, 479000.000536169507541 ], [ 124424.326606721850112, 478901.066369389824104 ], [ 124476.570191090722801, 478800.838000050571281 ], [ 124499.237430769804632, 478757.360094874980859 ], [ 124576.782213378377492, 478608.598480646556709 ], [ 124583.518173711781856, 478595.68359445274109 ], [ 124633.394706766761374, 478500.000061486265622 ], [ 124701.533991599615547, 478369.301086570019834 ], [ 124738.31931674478983, 478298.755937114125118 ], [ 124772.374490227113711, 478233.446123952395283 ], [ 124894.07652340149798, 478000.002848690550309 ], [ 124899.7080158105382, 477989.19806267414242 ], [ 124922.726553051208612, 477945.030233759782277 ], [ 124928.073505268330337, 477934.53875575872371 ], [ 124924.752242842747364, 477932.556160670064855 ], [ 124927.081109825739986, 477928.42517379677156 ], [ 124938.381659420469077, 477908.451066339272074 ], [ 124948.154310986283235, 477891.913249419420026 ], [ 124963.922312442053226, 477866.00386251101736 ], [ 125000.00170868128771, 477801.573549981287215 ], [ 125010.370165819767863, 477783.07397420151392 ], [ 125050.496149883430917, 477712.855963751440868 ], [ 125081.261432362647611, 477658.438972934905905 ], [ 125128.54014456216828, 477575.716635491757188 ], [ 125171.59101260418538, 477499.996609590074513 ], [ 125188.63358953713032, 477470.041352152242325 ], [ 125308.553356634060037, 477259.506933874159586 ], [ 125291.35140422800032, 477249.518392994417809 ], [ 125325.636983200762188, 477182.631267314369325 ], [ 125362.180818217253545, 477110.935327225655783 ], [ 125386.149051283005974, 477064.427523330785334 ], [ 125418.943716814188519, 476999.997846707643475 ], [ 125421.034732098632958, 476995.890780422370881 ], [ 125453.921420038532233, 476927.288346910499968 ], [ 125485.882058095667162, 476860.026854334399104 ], [ 125500.557211528721382, 476829.497148082940839 ], [ 125500.847079046579893, 476828.894587211951148 ], [ 125503.449131839617621, 476823.482706968090497 ], [ 125504.022110286474344, 476822.288752410153393 ], [ 125506.462373535468942, 476817.211634274572134 ], [ 125510.116119240905391, 476809.623815444472712 ], [ 125513.264209280474461, 476803.073780210921541 ], [ 125520.659212913160445, 476787.686230692488607 ], [ 125520.850694966211449, 476787.751849389635026 ], [ 125537.627748836544924, 476793.816050577035639 ], [ 125554.617576184566133, 476800.090446723042987 ], [ 125561.937978055750136, 476803.117823821201455 ], [ 125572.414218710255227, 476807.773173926223535 ], [ 125583.807952387141995, 476812.934913513949141 ], [ 125593.367896597643266, 476817.295337444345932 ], [ 125599.06100173437153, 476819.820617632882204 ], [ 125602.926502131449524, 476821.433256951044314 ], [ 125607.810751029785024, 476823.362518621608615 ], [ 125611.16886228803196, 476824.577622299781069 ], [ 125614.320390436172602, 476825.482411777309608 ], [ 125616.863357687136158, 476826.190538548107725 ], [ 125619.200932012550766, 476826.788620559324045 ], [ 125622.856339278107043, 476827.501273070229217 ], [ 125625.506051106218365, 476827.797088779043406 ], [ 125628.351887052180246, 476827.791325466590934 ], [ 125639.83196028189559, 476827.967992433754262 ], [ 125642.779699921593419, 476827.883747138781473 ], [ 125650.810883116471814, 476827.646963722945657 ], [ 125661.173171823698794, 476826.917932900425512 ], [ 125674.281473457056563, 476825.460553605051246 ], [ 125684.439865227366681, 476823.72026495175669 ], [ 125688.113469010422705, 476822.897395846899599 ], [ 125691.350905643354054, 476822.177251227200031 ], [ 125696.127099525241647, 476820.84716466604732 ], [ 125700.491394881944871, 476819.107839356467593 ], [ 125705.164808252986404, 476816.554451107571367 ], [ 125712.266243834295892, 476812.584755035175476 ], [ 125720.59626178687904, 476807.484020788630005 ], [ 125732.773985015504877, 476799.834822417644318 ], [ 125737.345066701120231, 476797.282070057757664 ], [ 125741.911170321356622, 476795.040894364239648 ], [ 125746.887927961070091, 476792.997573301719967 ], [ 125750.647257648583036, 476791.662423651374411 ], [ 125754.305471924119047, 476790.539278527721763 ], [ 125758.57283796108095, 476789.712953481648583 ], [ 125763.347054389945697, 476789.195180943759624 ], [ 125767.412712720994023, 476788.881875664927065 ], [ 125773.206795069185318, 476788.869909508328419 ], [ 125779.610091986556654, 476789.165896244754549 ], [ 125791.297409454695298, 476789.75337347300956 ], [ 125803.899789539762423, 476790.435618955409154 ], [ 125817.212563542052521, 476791.224973014206626 ], [ 125821.793073502762127, 476791.420497215643991 ], [ 125826.467354440203053, 476791.315056516439654 ], [ 125831.142160127550596, 476791.298629409458954 ], [ 125838.353362310910597, 476790.877832608763129 ], [ 125843.332318553031655, 476790.358930954826064 ], [ 125847.191477794753155, 476789.746491395810153 ], [ 125850.185441150417319, 476789.395060822949745 ], [ 125860.202028586762026, 476787.889626565680373 ], [ 125865.786007608170621, 476786.966630215989426 ], [ 125871.068468894794933, 476785.834010649996344 ], [ 125877.671929227246437, 476784.192929627315607 ], [ 125888.137200037570437, 476781.227336289943196 ], [ 125897.381429026310798, 476778.357957256899681 ], [ 125904.389011851017131, 476775.802160168532282 ], [ 125910.075010298372945, 476773.654695791890845 ], [ 125913.833874742806074, 476772.230661105655599 ], [ 125917.285574977839133, 476770.797307704342529 ], [ 125922.607663947317633, 476779.889792720263358 ], [ 125924.117449061581283, 476782.473404606804252 ], [ 125925.476441182981944, 476784.946637479006313 ], [ 125929.525850325604551, 476792.321994129859377 ], [ 125931.064102108444786, 476795.105718496779446 ], [ 125931.402812252752483, 476795.838080201181583 ], [ 125932.08153916754236, 476797.525326630275231 ], [ 125932.968592366494704, 476799.823308877181262 ], [ 125936.807799914386123, 476809.759008285065647 ], [ 125942.445021341991378, 476827.205689474008977 ], [ 125945.363909895677352, 476836.156537778035272 ], [ 125947.865195684455102, 476844.887308562465478 ], [ 125951.32788987737149, 476856.961523886187933 ], [ 125957.486095141139231, 476882.961468512483407 ], [ 125964.285072559039691, 476906.520951369486284 ], [ 125970.602765293369885, 476929.482434239820577 ], [ 125974.522831925103674, 476941.598490045289509 ], [ 125978.766527362138731, 476953.045059274882078 ], [ 125984.964217101107351, 476968.363336286973208 ], [ 125988.646563707603491, 476978.355629315366969 ], [ 125992.126145669564721, 476986.357464019965846 ], [ 125994.045370793552138, 476990.118110152950976 ], [ 125995.126871657281299, 476991.836384398397058 ], [ 125996.562836802317179, 476993.485822328657378 ], [ 125998.044614053083933, 476994.80119618983008 ], [ 125999.842192374504521, 476996.437389428960159 ], [ 126000.006754450223525, 476996.569943537877407 ], [ 126004.326245039745118, 477000.00498622719897 ], [ 126005.04584449158574, 477000.523717307951301 ], [ 126007.365618710973649, 477001.600527161324862 ], [ 126009.206072282104287, 477002.401982551498804 ], [ 126011.243447893808479, 477003.03538713051239 ], [ 126013.403266582783544, 477003.60131618368905 ], [ 126016.642472401217674, 477004.361202310363296 ], [ 126020.645785741886357, 477005.083236567559652 ], [ 126021.376490208785981, 477005.167970159440301 ], [ 126026.402446358915768, 477005.717123095644638 ], [ 126035.084252564673079, 477005.922213677433319 ], [ 126050.482379708017106, 477006.321684374881443 ], [ 126064.243100623541977, 477006.79753552202601 ], [ 126073.646575040547759, 477007.877470450417604 ], [ 126082.242653758818051, 477009.763251288153697 ], [ 126084.763425266719423, 477010.204710452526342 ], [ 126090.603845572986756, 477011.160851662047207 ], [ 126097.764180216254317, 477012.598858646408189 ], [ 126102.403742941256496, 477013.595406557666138 ], [ 126108.047490060416749, 477014.764120827196166 ], [ 126111.608122015357367, 477015.644584370485973 ], [ 126113.281916698964778, 477015.957483733131085 ], [ 126114.84704464468814, 477016.360030161216855 ], [ 126117.804813579859911, 477016.843461687734816 ], [ 126119.607356847613119, 477016.999840358563233 ], [ 126121.566854891207186, 477017.155303806473967 ], [ 126123.76500244642375, 477017.275995956966653 ], [ 126125.526405854412587, 477017.399237223726232 ], [ 126128.845592064244556, 477017.836060556408484 ], [ 126130.641375369887101, 477018.003609204490203 ], [ 126132.368138510326389, 477018.038042718893848 ], [ 126133.924558092141524, 477018.117976529349107 ], [ 126135.644302360058646, 477018.119072526518721 ], [ 126137.445481899616425, 477018.041808462468907 ], [ 126139.361503702006303, 477017.763597755983938 ], [ 126140.923319998808438, 477017.598718592897058 ], [ 126142.962176418892341, 477017.31979299482191 ], [ 126146.884297228811192, 477016.996508618234657 ], [ 126149.012451616930775, 477016.81720369058894 ], [ 126149.966856394530623, 477016.644741914584301 ], [ 126151.808008578052977, 477016.400352086522616 ], [ 126153.246537436061772, 477016.158309753576759 ], [ 126155.081579158941167, 477016.036348617170006 ], [ 126156.963741417595884, 477015.80284821963869 ], [ 126158.886589256959269, 477015.524605306622107 ], [ 126160.687056846581982, 477015.324962014798075 ], [ 126162.282735887652962, 477015.115386150893755 ], [ 126165.925329600009718, 477014.838251832581591 ], [ 126167.924669744446874, 477014.80435047170613 ], [ 126170.886860233003972, 477014.876106277806684 ], [ 126174.245433338946896, 477015.04569385771174 ], [ 126176.087753670406528, 477015.001583839068189 ], [ 126177.446014474655385, 477015.038179344322998 ], [ 126178.804793616218376, 477015.163784450967796 ], [ 126180.4035186314577, 477015.477143671712838 ], [ 126182.206319394244929, 477015.678049759939313 ], [ 126183.723219276071177, 477016.003013047331478 ], [ 126185.444777980577783, 477016.315658675797749 ], [ 126186.483729487401433, 477016.59889948106138 ], [ 126188.963089654702344, 477016.962767027667724 ], [ 126190.165107367647579, 477017.122667450457811 ], [ 126191.763183344592107, 477017.324768799357116 ], [ 126193.683158779953374, 477017.725274545897264 ], [ 126195.20707565441262, 477018.083580095379148 ], [ 126197.003957261302276, 477018.440297456574626 ], [ 126198.527873667946551, 477018.798604028474074 ], [ 126200.243577508197632, 477019.278186832671054 ], [ 126203.162462929743924, 477020.117944588186219 ], [ 126204.482107890537009, 477020.555327317502815 ], [ 126205.842503134961589, 477020.959093712386675 ], [ 126207.004739752330352, 477021.319507229141891 ], [ 126208.563746048166649, 477021.844510700029787 ], [ 126209.602436133951414, 477022.083251736301463 ], [ 126210.724633625301067, 477022.599670486990362 ], [ 126211.723090671323007, 477022.961037857923657 ], [ 126212.686973951815162, 477023.244720821036026 ], [ 126213.487466619320912, 477023.596113539708313 ], [ 126214.963417255334207, 477023.921324570022989 ], [ 126215.962067854794441, 477024.316071259148885 ], [ 126217.801766860182397, 477024.995216507173609 ], [ 126223.163970941619482, 477027.044695164193399 ], [ 126226.922375528665725, 477029.081250715185888 ], [ 126230.045229601077153, 477030.965732305776328 ], [ 126233.245668676565401, 477033.28369957767427 ], [ 126236.566511709112092, 477036.357573212473653 ], [ 126239.603324990239344, 477039.878160899912473 ], [ 126242.92483513514162, 477044.242712472565472 ], [ 126247.885753920811112, 477052.403014993818942 ], [ 126255.241361606313149, 477065.155796694394667 ], [ 126265.216653130424675, 477077.770986121846363 ], [ 126266.722229236736894, 477079.676007880771067 ], [ 126267.32746027946996, 477080.484730722208042 ], [ 126267.964615058139316, 477080.91496623319108 ], [ 126268.763092045934172, 477080.921457074233331 ], [ 126269.568134700049995, 477080.883403802465182 ], [ 126270.365190703218104, 477080.645119467342738 ], [ 126271.005487669201102, 477080.441124855133239 ], [ 126271.684210014369455, 477079.802972553297877 ], [ 126272.126458724844269, 477078.398462415614631 ], [ 126272.685792402960942, 477076.003011405584402 ], [ 126273.807023045723327, 477070.477743705268949 ], [ 126274.642873016011436, 477061.638426630815957 ], [ 126275.36204823513981, 477058.563329875469208 ], [ 126275.687905415688874, 477050.038516169006471 ], [ 126276.005131670870469, 477041.202209872019012 ], [ 126276.176684741163626, 477033.134479794010986 ], [ 126276.281524542195257, 477027.681871586944908 ], [ 126276.482718997067423, 477024.721046891703736 ], [ 126276.645185403729556, 477023.318161180068273 ], [ 126276.887131291325204, 477020.323720422689803 ], [ 126277.30656932585407, 477017.339376095798798 ], [ 126277.607822807272896, 477015.156827872153372 ], [ 126277.96496105735423, 477013.196485935419332 ], [ 126278.24395513581112, 477011.881936266901903 ], [ 126278.525318123720353, 477009.799642324564047 ], [ 126279.006905881746206, 477008.116741485137027 ], [ 126279.286610799434129, 477006.924579589569476 ], [ 126279.767295159064815, 477005.085912665177602 ], [ 126280.242769908349146, 477003.525439261400606 ], [ 126280.723906929182704, 477001.764655525621492 ], [ 126281.327878984899144, 477000.00315904157469 ], [ 126281.642803279246436, 476998.999943927570712 ], [ 126282.206799527280964, 476997.405577475030441 ], [ 126282.785090063902317, 476995.922393442539033 ], [ 126283.504170435771812, 476994.004457914561499 ], [ 126284.203811816187226, 476992.264659756969195 ], [ 126284.965645826334367, 476990.658019204740413 ], [ 126285.706943290657364, 476989.040371403039899 ], [ 126287.503903303324478, 476985.881138013966847 ], [ 126289.627135029673809, 476982.49748194613494 ], [ 126290.886039930352126, 476980.698807777604088 ], [ 126292.124473218194908, 476978.900252688443288 ], [ 126293.424776795407524, 476977.179224750259891 ], [ 126296.067299751521205, 476973.90382475068327 ], [ 126297.463725400826661, 476972.282379167736508 ], [ 126298.643391022953438, 476970.94035427167546 ], [ 126300.088039350812323, 476969.396515487111174 ], [ 126301.587540203458047, 476967.89686517365044 ], [ 126302.842983813810861, 476966.676793695427477 ], [ 126304.125273245415883, 476965.37868118903134 ], [ 126305.68677491620474, 476963.978811402572319 ], [ 126307.36454690413666, 476962.622774141724221 ], [ 126309.226057273626793, 476961.176660059718415 ], [ 126311.182591625052737, 476959.640983623219654 ], [ 126313.384347198429168, 476958.026000878133345 ], [ 126315.226420227001654, 476956.758026200230233 ], [ 126316.926281997439219, 476955.680027403403074 ], [ 126318.842778345715487, 476954.300357484957203 ], [ 126321.025549056241289, 476952.94139835156966 ], [ 126325.322722962067928, 476950.201626076421235 ], [ 126328.165126066975063, 476948.438293301209342 ], [ 126331.98603003603057, 476945.946069733647164 ], [ 126335.345339200255694, 476943.879330689203925 ], [ 126337.344122610084014, 476942.565950600430369 ], [ 126339.287668910372304, 476941.14162594312802 ], [ 126341.2660462026397, 476939.839492165017873 ], [ 126343.047552545482176, 476938.71652356965933 ], [ 126343.584476606789394, 476938.335112692671828 ], [ 126344.447868849907536, 476937.762660633772612 ], [ 126351.723523000153364, 476933.180916441779118 ], [ 126356.023755951478961, 476929.78468839020934 ], [ 126359.2840696828207, 476927.11770633404376 ], [ 126362.105832054890925, 476924.141721370979212 ], [ 126363.263573273594375, 476922.543928966566455 ], [ 126367.099769548643962, 476923.868042991496623 ], [ 126369.041590880893636, 476924.502147556690034 ], [ 126370.019389974870137, 476924.830286805285141 ], [ 126371.289791047791368, 476927.370912404672708 ], [ 126372.175394370497088, 476929.457576575339772 ], [ 126373.900891101904563, 476932.807806832366623 ], [ 126373.997524513615645, 476932.996398846502416 ], [ 126374.957870575570269, 476935.026998568675481 ], [ 126375.013172360646422, 476935.149070501793176 ], [ 126375.594516627024859, 476936.547650453052483 ], [ 126376.559626427129842, 476938.22217408393044 ], [ 126377.271981613244861, 476939.853653583093546 ], [ 126377.617761819754378, 476940.641637188149616 ], [ 126378.357670612254879, 476942.317463598330505 ], [ 126379.441621293750359, 476944.480867686681449 ], [ 126380.510893149083131, 476946.466332467680331 ], [ 126380.80793774445192, 476947.087700222793501 ], [ 126381.519453893299215, 476948.574540342087857 ], [ 126382.154359145468334, 476949.794786924496293 ], [ 126382.941584235624759, 476951.392454733198974 ], [ 126384.033062839822378, 476953.678208094963338 ], [ 126385.528841373743489, 476956.250913802243304 ], [ 126386.71559931570664, 476958.491610766388476 ], [ 126388.412621684139594, 476961.641733238066081 ], [ 126390.826111773669254, 476965.95599985338049 ], [ 126391.859967248426983, 476967.719141288020182 ], [ 126393.101891963655362, 476970.059659635531716 ], [ 126394.164714596088743, 476972.111923814576585 ], [ 126395.406637141582905, 476974.452442753361538 ], [ 126397.056200874634669, 476977.658475136209745 ], [ 126397.919897410087287, 476979.500486964127049 ], [ 126398.527819534341688, 476980.7765242283931 ], [ 126399.53552989968739, 476982.740095855784602 ], [ 126399.716173273132881, 476983.29537826939486 ], [ 126400.249157200654736, 476984.594101867289282 ], [ 126400.75600149652746, 476986.093254067644011 ], [ 126401.082009557634592, 476987.003745379392058 ], [ 126401.421472950241878, 476987.880779377184808 ], [ 126401.56696640989685, 476988.258240549184848 ], [ 126402.475333350448636, 476990.745333621103782 ], [ 126403.410610288687167, 476993.165512208710425 ], [ 126403.715694918311783, 476993.998238906497136 ], [ 126404.629019595304271, 476996.16263444890501 ], [ 126405.589919688296504, 476998.293375694076531 ], [ 126406.316355165065033, 477000.002663743973244 ], [ 126406.34397317582625, 477000.058136812993325 ], [ 126406.84888563984714, 477001.223504990863148 ], [ 126407.712188839490409, 477002.998761654831469 ], [ 126408.576455598959001, 477004.940910812932998 ], [ 126409.286991136294091, 477006.260862698720302 ], [ 126409.866389338538283, 477007.325662136659957 ], [ 126410.322824274539016, 477008.36891892622225 ], [ 126410.860955831652973, 477009.378324232529849 ], [ 126412.687604241495137, 477012.527706244844012 ], [ 126413.274017926189117, 477013.625845139962621 ], [ 126413.832042308888049, 477014.534997121081688 ], [ 126414.5632402702322, 477015.88821000099415 ], [ 126415.121714010616415, 477016.875245220784564 ], [ 126415.734844786027679, 477017.873091347864829 ], [ 126416.237439867894864, 477018.63791888311971 ], [ 126417.049883438739926, 477019.879397610842716 ], [ 126417.917947680849466, 477021.298579682712443 ], [ 126418.523931955074659, 477022.240834786614869 ], [ 126419.412339207381592, 477023.637646574992687 ], [ 126419.845792449108558, 477024.247102397144772 ], [ 126420.479393715591868, 477025.244830890791491 ], [ 126421.367478636515443, 477026.58601225662278 ], [ 126422.056250420995639, 477027.683561107318383 ], [ 126423.350361902193981, 477029.612104195985012 ], [ 126424.541404133342439, 477031.418850943038706 ], [ 126425.429165658031707, 477032.70440226275241 ], [ 126426.295233882468892, 477033.778674970672 ], [ 126426.977757623142679, 477034.976399327802937 ], [ 126427.692859874907299, 477035.906899027875625 ], [ 126428.476459774930845, 477036.881509489787277 ], [ 126429.493748673936352, 477038.144060689606704 ], [ 126429.872606657401775, 477038.753832563350443 ], [ 126430.558869946544291, 477039.417462499346584 ], [ 126431.03938259606366, 477039.904255827423185 ], [ 126431.676785064759315, 477040.379017012193799 ], [ 126432.184786557831103, 477040.899031347595155 ], [ 126432.513820163876517, 477041.15304214641219 ], [ 126433.253134138067253, 477041.549329562869389 ], [ 126433.862019603257068, 477041.812851605413016 ], [ 126434.061652223957935, 477042.112115546711721 ], [ 126434.951738107440178, 477042.618798220180906 ], [ 126435.636844258158817, 477043.08215803623898 ], [ 126436.500660906225676, 477043.767017048958223 ], [ 126437.926107295366819, 477044.804683705733623 ], [ 126438.967670614569215, 477045.544149951660074 ], [ 126439.597862255875953, 477045.952194598794449 ], [ 126440.235134708404075, 477046.40470456838375 ], [ 126440.873049106361577, 477046.968476194771938 ], [ 126441.353688420320395, 477047.477522840665188 ], [ 126441.964434630484902, 477048.063704437052365 ], [ 126442.623655493312981, 477048.771998195908964 ], [ 126442.898801609728253, 477049.148712437658105 ], [ 126443.359289267609711, 477049.713508200715296 ], [ 126443.634884676488582, 477050.168105584918521 ], [ 126444.042384504980873, 477051.011370342457667 ], [ 126444.373599576952984, 477051.643671283789445 ], [ 126444.526939186165691, 477052.199112893664278 ], [ 126444.776586195686832, 477052.887517141993158 ], [ 126445.105663343449123, 477054.332066982227843 ], [ 126445.212582408130402, 477055.121433538384736 ], [ 126445.284803314352757, 477055.810861547186505 ], [ 126445.336231007502647, 477056.444776895979885 ], [ 126445.359913034553756, 477057.000966636580415 ], [ 126445.359829576715128, 477058.169252526771743 ], [ 126445.413953480543569, 477059.270466486806981 ], [ 126445.435497744445456, 477060.638905093772337 ], [ 126445.587148573555169, 477062.084478706121445 ], [ 126445.614553911495022, 477063.285985585185699 ], [ 126445.687930179716204, 477064.175684446352534 ], [ 126445.659202321752673, 477065.110478537448216 ], [ 126445.786143893186818, 477065.82184389437316 ], [ 126445.88829281704966, 477066.967286886589136 ], [ 126446.043814431570354, 477067.901017909520306 ], [ 126446.166628003833466, 477069.079721267626155 ], [ 126446.29472490720218, 477069.991357479128055 ], [ 126446.49904181722377, 477071.102831429103389 ], [ 126446.646904629975324, 477071.89196180208819 ], [ 126446.823540036391933, 477072.936836319742724 ], [ 126447.031792084730114, 477073.54759383504279 ], [ 126447.206501582259079, 477074.258683632710017 ], [ 126447.507446010757121, 477075.558751119358931 ], [ 126447.74299404307385, 477076.169351185671985 ], [ 126447.889508506850689, 477076.724832287116442 ], [ 126448.1182323963003, 477077.335471742087975 ], [ 126448.34740555958706, 477078.023994313087314 ], [ 126448.728889972873731, 477079.089940126636066 ], [ 126449.158270867847023, 477080.17786270979559 ], [ 126449.716602217056789, 477081.14264960156288 ], [ 126450.250012080563465, 477082.519261867564637 ], [ 126450.913912674208404, 477084.039766286499798 ], [ 126451.672835834498983, 477085.470710416557267 ], [ 126452.405553521384718, 477087.090956811443903 ], [ 126453.041322415578179, 477088.466978925047442 ], [ 126453.932339513499755, 477090.319969513220713 ], [ 126454.891917044980801, 477092.228197451680899 ], [ 126455.581955891306279, 477093.548274225904606 ], [ 126456.217530575348064, 477094.890918285294902 ], [ 126457.8656680881395, 477097.863322140357923 ], [ 126458.575792403775267, 477099.116524328128435 ], [ 126459.00414278639073, 477100.026429262361489 ], [ 126459.464431440093904, 477100.55784808244789 ], [ 126459.945297753569321, 477102.290813331259415 ], [ 126460.456562302366365, 477103.378264686965849 ], [ 126460.907308857626049, 477104.621836482605431 ], [ 126461.26181337799062, 477105.743571506871376 ], [ 126461.7966931425035, 477107.376086708565708 ], [ 126462.253364779578988, 477108.463853064575233 ], [ 126462.634843928666669, 477109.5298000035109 ], [ 126463.064411676372401, 477110.651102312840521 ], [ 126463.396775236149551, 477111.483675429306459 ], [ 126463.901534884658759, 477112.626797293487471 ], [ 126464.282628440618282, 477113.625987411476672 ], [ 126464.868954789504642, 477114.713006408535875 ], [ 126465.194557944400003, 477115.556745161127765 ], [ 126465.651356404196122, 477116.666764159686863 ], [ 126466.286733008761075, 477117.976031081168912 ], [ 126466.873764051386388, 477119.185438071202952 ], [ 126467.376469400871429, 477119.972523223084863 ], [ 126467.964269704112667, 477121.315444248262793 ], [ 126468.418950223596767, 477122.058300277392846 ], [ 126468.930659929232206, 477123.223635646572802 ], [ 126469.234314609901048, 477123.811591041041538 ], [ 126469.58676334626216, 477124.577289615524933 ], [ 126469.788314797449857, 477125.210339792422019 ], [ 126470.244726511940826, 477126.253602279990446 ], [ 126470.603934755097725, 477127.008135426323861 ], [ 126471.005497800637386, 477128.007208067574538 ], [ 126471.461909007513896, 477129.050470671325456 ], [ 126471.796450649475446, 477130.261333775240928 ], [ 126472.303130601751036, 477131.738241293642204 ], [ 126472.761593550909311, 477133.137541107600555 ], [ 126473.263501283479854, 477134.970525159675162 ], [ 126473.97996567642258, 477137.325219362101052 ], [ 126474.253154682912282, 477138.547562819847371 ], [ 126474.43602882437699, 477139.492263658554293 ], [ 126474.736192765543819, 477140.658819016243797 ], [ 126475.092872118737432, 477142.158844501071144 ], [ 126475.366637771265232, 477143.481323463784065 ], [ 126475.625536919746082, 477144.592484081513248 ], [ 126476.057150896143867, 477146.069824674981646 ], [ 126476.637865373835666, 477147.368281474395189 ], [ 126477.29672097961884, 477149.200361363647971 ], [ 126478.085936339048203, 477151.154081843502354 ], [ 126478.818058800665312, 477152.674196861684322 ], [ 126479.481556731028832, 477154.12794830754865 ], [ 126480.647561527395737, 477156.335407903359737 ], [ 126481.662284740887117, 477158.343462044314947 ], [ 126483.538524995208718, 477161.82638036221033 ], [ 126484.406417493082699, 477163.223322045465466 ], [ 126484.985653311698115, 477164.265878184349276 ], [ 126485.722159599361476, 477165.363160864566453 ], [ 126486.204962539719418, 477166.250501371046994 ], [ 126486.660790162481135, 477167.193629996385425 ], [ 126487.373141064847005, 477168.836252024397254 ], [ 126487.705432639864739, 477169.657700680545531 ], [ 126487.92860559312976, 477170.490904571546707 ], [ 126488.11045038687007, 477171.257587402302306 ], [ 126488.33375140633143, 477172.113043632241897 ], [ 126488.487851731159026, 477172.802000617084559 ], [ 126488.567465921718394, 477173.591525507974438 ], [ 126488.567244427045807, 477174.73755929118488 ], [ 126488.515316244505811, 477176.384584790328518 ], [ 126488.435836085671326, 477177.987262914539315 ], [ 126488.294299859044258, 477179.479033281095326 ], [ 126488.281421278981725, 477179.612625828711316 ], [ 126488.205688262940384, 477180.681208969617728 ], [ 126488.054443688932224, 477181.672341459954623 ], [ 126487.972912504250417, 477182.918982488743495 ], [ 126487.744012118520914, 477184.64491334365448 ], [ 126487.742893404967617, 477185.635180909303017 ], [ 126487.79610941199644, 477186.580629309290089 ], [ 126487.822286253343918, 477187.570739615068305 ], [ 126487.867460385139566, 477188.304830290318932 ], [ 126488.097328194533475, 477189.115742572816089 ], [ 126488.401203955232631, 477190.927616136497818 ], [ 126488.633827915007714, 477192.216953341150656 ], [ 126488.885384985987912, 477193.239144768624101 ], [ 126489.08478672124329, 477194.684444811602589 ], [ 126489.470099639787804, 477196.417963570682332 ], [ 126489.640603108317009, 477197.585266887384932 ], [ 126489.823536373762181, 477198.541094543528743 ], [ 126490.25254818884423, 477200.752802393515594 ], [ 126490.557127569234581, 477202.687063889519777 ], [ 126490.886053752605221, 477204.10936477658106 ], [ 126491.113198638675385, 477205.632390804414172 ], [ 126491.39390876921243, 477206.977083796227816 ], [ 126492.079153643586324, 477211.023193151457235 ], [ 126492.835742465162184, 477214.423552912310697 ], [ 126494.226377953382325, 477222.46002351376228 ], [ 126495.012758412543917, 477226.294146715314128 ], [ 126496.07539256765449, 477231.884670632658526 ], [ 126498.131070090865251, 477242.832462929771282 ], [ 126500.260743672508397, 477254.781217815412674 ], [ 126501.096098599140532, 477258.826464158832096 ], [ 126501.878271513647633, 477263.116800594143569 ], [ 126502.742520689105731, 477267.440044128452428 ], [ 126503.447579182495247, 477271.37477594288066 ], [ 126504.187075777939754, 477275.364942218235228 ], [ 126504.946145587455248, 477279.199224493117072 ], [ 126505.553361831131042, 477282.733964931452647 ], [ 126505.960735387023306, 477284.745521393953823 ], [ 126506.31127638957696, 477286.367976538022049 ], [ 126506.974233944507432, 477290.102673795132432 ], [ 126507.65734146401519, 477293.781622481124941 ], [ 126508.519304986082716, 477298.894864050962497 ], [ 126509.12071762472624, 477302.607662928290665 ], [ 126509.73366300977068, 477305.953219964576419 ], [ 126509.847582740767393, 477306.775927425536793 ], [ 126510.160381403809879, 477308.954926747013815 ], [ 126510.441401130912709, 477310.355251847126056 ], [ 126510.575023163226433, 477311.044327521580271 ], [ 126510.771916178346146, 477312.055708361847792 ], [ 126511.047713174135424, 477313.734226856846362 ], [ 126511.27878861723002, 477314.756537466251757 ], [ 126511.324983193771914, 477315.668647110811435 ], [ 126511.457580136775505, 477316.179704215493985 ], [ 126511.657517448067665, 477316.534602210042067 ], [ 126511.705795843474334, 477316.623336532094982 ], [ 126511.91274898366828, 477317.011573744588532 ], [ 126512.085519487503916, 477317.388881216058508 ], [ 126512.319447156958631, 477317.721330504107755 ], [ 126512.607644226562115, 477317.99783472972922 ], [ 126512.97804602177348, 477318.32949841383379 ], [ 126513.183525883883704, 477318.461833939363714 ], [ 126513.484537662385264, 477318.593619540508371 ], [ 126513.711321237758966, 477318.870477360498626 ], [ 126515.387548858037917, 477319.628559225006029 ], [ 126516.175093065074179, 477320.113593498361297 ], [ 126516.941589640628081, 477320.498610255657695 ], [ 126517.626265663187951, 477320.895224589214195 ], [ 126518.365595255294465, 477321.302650993340649 ], [ 126519.275517344940454, 477321.709095688827801 ], [ 126520.192903313334682, 477322.226762912410777 ], [ 126521.007101140159648, 477322.600379237555899 ], [ 126522.295591853006044, 477323.572098957607523 ], [ 126523.062791699383524, 477324.079504454566631 ], [ 126523.721068273705896, 477324.632042989018373 ], [ 126524.255557750613661, 477325.018395943101496 ], [ 126524.687627626495669, 477325.394211771490518 ], [ 126525.119633415248245, 477325.758901467139367 ], [ 126525.497433674696367, 477326.190662294742651 ], [ 126526.893463448141119, 477328.063013472885359 ], [ 126527.374963154783472, 477328.727834937686566 ], [ 126527.808504827407887, 477329.359552792913746 ], [ 126528.111243950144853, 477329.791745692898985 ], [ 126528.57124802855833, 477330.278666448255535 ], [ 126528.948727580122068, 477330.654796725779306 ], [ 126529.279209377593361, 477331.164715799619444 ], [ 126529.66370453358104, 477331.5741853628424 ], [ 126530.144435407273704, 477332.105493146635126 ], [ 126530.501507640539785, 477332.492867480847053 ], [ 126530.830516955931671, 477332.746884909225628 ], [ 126531.386756220439565, 477333.355644129333086 ], [ 126531.798801811644807, 477333.809461489378009 ], [ 126532.732135761601967, 477334.727594413910992 ], [ 126533.5485706745676, 477335.490628520376049 ], [ 126534.48955967623624, 477336.553362647187896 ], [ 126535.98582647171861, 477338.057964245905168 ], [ 126537.736552317102905, 477339.906025213480461 ], [ 126539.898681127553573, 477342.096643213240895 ], [ 126541.903543616470415, 477344.232533892558422 ], [ 126543.474802255572286, 477345.725579951424152 ], [ 126544.79288042220287, 477347.097690485534258 ], [ 126545.431448226154316, 477347.783863595919684 ], [ 126547.208950011394336, 477349.542761681310367 ], [ 126547.690253007429419, 477350.174206653377041 ], [ 126548.479388419757015, 477350.937400169728789 ], [ 126549.344159592685173, 477351.800297751033213 ], [ 126549.899562891776441, 477352.264418937673327 ], [ 126550.661211091908626, 477352.994391235522926 ], [ 126551.984957693479373, 477354.166193521989044 ], [ 126553.507293299408047, 477355.459246426646132 ], [ 126555.029947883915156, 477356.8079306135769 ], [ 126556.628237398574129, 477358.256319319363683 ], [ 126560.132645207748283, 477361.284847511327825 ], [ 126562.189586799853714, 477362.986512323957868 ], [ 126563.561924691632157, 477364.302683353074826 ], [ 126564.933302866033046, 477365.451962308143266 ], [ 126566.531267053054762, 477366.844723404268734 ], [ 126567.272503566724481, 477367.585942058183718 ], [ 126569.42554633889813, 477369.387196477386169 ], [ 126571.332233532972168, 477371.067475253483281 ], [ 126572.958383453937131, 477372.615847932698671 ], [ 126576.791327873128466, 477375.820525074668694 ], [ 126578.849152326700278, 477377.677963140886277 ], [ 126582.074019838037202, 477380.752618407423142 ], [ 126583.343098731318605, 477381.91361643827986 ], [ 126585.120127620684798, 477383.59464505041251 ], [ 126586.897858023818117, 477385.398062119842507 ], [ 126588.552506558582536, 477387.157680358097423 ], [ 126590.07629164197715, 477388.706646344333421 ], [ 126591.469405209791148, 477390.078338450752199 ], [ 126592.691480703128036, 477391.37312708463287 ], [ 126593.651767633855343, 477392.235484043078031 ], [ 126595.277456589712529, 477393.705980931699742 ], [ 126596.628603905890486, 477394.899890862521715 ], [ 126597.842448363211588, 477395.949944307096303 ], [ 126598.349438379329513, 477396.303083455713931 ], [ 126598.376860501943156, 477396.325179129024036 ], [ 126599.213745970802847, 477397.088106633105781 ], [ 126599.625524646224221, 477397.497425014444161 ], [ 126600.359608765924349, 477398.183056980371475 ], [ 126601.162184070766671, 477398.912802123639267 ], [ 126603.479924901679624, 477400.880024064797908 ], [ 126606.277996667209663, 477403.311805325385649 ], [ 126608.280763092800044, 477405.091685745457653 ], [ 126613.789591946057044, 477410.200539791025221 ], [ 126616.11491188115906, 477412.301242515852209 ], [ 126618.392145742414868, 477414.346589461434633 ], [ 126619.681869685286074, 477415.540857941552531 ], [ 126621.259204000438331, 477416.911501856637187 ], [ 126622.452822346283938, 477418.006183418096043 ], [ 126624.235564005357446, 477419.498042194580194 ], [ 126625.553791618003743, 477420.903552849835251 ], [ 126626.486772842181381, 477421.766072708123829 ], [ 126627.159182388146291, 477422.40755613456713 ], [ 126627.385572122293524, 477422.617662197561003 ], [ 126628.642194572646986, 477423.990147294534836 ], [ 126628.827642792952247, 477424.200488158210646 ], [ 126630.70846158695349, 477426.136848215304781 ], [ 126632.101999877457274, 477427.586434975790326 ], [ 126633.523278035689145, 477429.113748835516162 ], [ 126635.506956640470889, 477431.138533325516619 ], [ 126636.036196691420628, 477431.803091659152415 ], [ 126637.436555385938846, 477433.252640822611284 ], [ 126638.700888664985541, 477434.780855709686875 ], [ 126640.025421551268664, 477436.097321803565137 ], [ 126643.500259910564637, 477439.938314948114567 ], [ 126644.873128711042227, 477441.354644132603426 ], [ 126646.548782390498673, 477443.214300072635524 ], [ 126647.337569039067603, 477443.921878599969205 ], [ 126648.910549203908886, 477445.726490956265479 ], [ 126650.34578277078981, 477447.309362323954701 ], [ 126651.37632380463765, 477448.527376943151467 ], [ 126653.560100358678028, 477450.940450920141302 ], [ 126656.450075242333696, 477453.939187036536168 ], [ 126658.434244364645565, 477456.052990106167272 ], [ 126660.260706287721405, 477458.034178778936621 ], [ 126661.709643424474052, 477459.628101473150309 ], [ 126663.900297297528596, 477462.052267133898567 ], [ 126664.044546694785822, 477462.218339098617435 ], [ 126664.475638359552249, 477462.427274677844252 ], [ 126664.544319434207864, 477462.504767122969497 ], [ 126666.610937124234624, 477464.71824012696743 ], [ 126668.7041462779016, 477466.809169892105274 ], [ 126669.555165630212286, 477467.66104055242613 ], [ 126672.424650617016596, 477470.659903250110801 ], [ 126674.607260827848222, 477472.872715567995328 ], [ 126675.876485535656684, 477474.067115944519173 ], [ 126677.47661238614819, 477475.849328880896792 ], [ 126679.178198942710878, 477477.475190210854635 ], [ 126680.804853371198988, 477479.123734010732733 ], [ 126682.122539766511181, 477480.440250489918981 ], [ 126683.626114877566579, 477482.04499342374038 ], [ 126685.396632402611431, 477483.792854281608015 ], [ 126685.705471601191675, 477484.102630011970177 ], [ 126687.785845132835675, 477486.338286160607822 ], [ 126689.995608187120524, 477488.528696804540232 ], [ 126692.741355233316426, 477491.372507684805896 ], [ 126695.432638684244012, 477494.238884671183769 ], [ 126696.942010570477578, 477495.665573959355243 ], [ 126697.27125506408629, 477495.964107166510075 ], [ 126697.868141856321017, 477496.528146376193035 ], [ 126698.376132597506512, 477497.059314493730199 ], [ 126699.392050120994099, 477498.110524717194494 ], [ 126701.121488349846913, 477499.836373040801845 ], [ 126701.293029238033341, 477500.002290014119353 ], [ 126703.900449324341025, 477502.524228686525021 ], [ 126705.108311930438504, 477503.730113931174856 ], [ 126706.254126714396989, 477504.825088933750521 ], [ 126707.338084637696738, 477505.842532139446121 ], [ 126708.52471190984943, 477506.915021244902164 ], [ 126710.267409135369235, 477508.574037751182914 ], [ 126711.577302367470111, 477509.723708603123669 ], [ 126712.680647211411269, 477510.55189110187348 ], [ 126713.57852519727021, 477511.247729974857066 ], [ 126714.915901511834818, 477512.430624195025302 ], [ 126716.067708820730331, 477513.380922285374254 ], [ 126717.527460710829473, 477514.485232008912135 ], [ 126719.192614524785313, 477515.710760094574653 ], [ 126720.603710793613573, 477516.659577355603687 ], [ 126721.727459300134797, 477517.476518725277856 ], [ 126723.576843744624057, 477518.700995463470463 ], [ 126724.802752040253836, 477519.483974159229547 ], [ 126726.589643385988893, 477520.519658069999423 ], [ 126728.51382892827678, 477521.699203124619089 ], [ 126730.047425564815057, 477522.591690520348493 ], [ 126731.400793479377171, 477524.18617948750034 ], [ 126733.729932953327079, 477524.584555957932025 ], [ 126735.002521743939724, 477525.17811947572045 ], [ 126736.409672194859013, 477525.437118782894686 ], [ 126737.709109303541481, 477525.952643922704738 ], [ 126738.754808646030142, 477526.247087916883174 ], [ 126739.595805211705738, 477526.542701201396994 ], [ 126740.156723697276902, 477526.784281480591744 ], [ 126740.615354352630675, 477527.03757250966737 ], [ 126741.204773652454605, 477527.490394242049661 ], [ 126741.821168836264405, 477527.887429340509698 ], [ 126742.617450714460574, 477528.717372012091801 ], [ 126743.263871277405997, 477529.592676690779626 ], [ 126743.835170500751701, 477530.457283882074989 ], [ 126744.127980154269608, 477531.546011996455491 ], [ 126744.471476028003963, 477533.146271160338074 ], [ 126743.53738030383829, 477535.666201222338714 ], [ 126745.366752770671155, 477535.778147148434073 ], [ 126745.556321266049054, 477536.711693402146921 ], [ 126745.819676589599112, 477537.422287718567532 ], [ 126746.15980455421959, 477538.432860052387696 ], [ 126746.469780042985803, 477538.942910636193119 ], [ 126746.732944540475728, 477539.62012649566168 ], [ 126747.006960628146771, 477539.807713003014214 ], [ 126747.411484490527073, 477541.34086475125514 ], [ 126748.039655710599618, 477542.605702867382206 ], [ 126748.586199929923168, 477543.915513222571462 ], [ 126749.158322373783449, 477544.924761251779273 ], [ 126749.676047987290076, 477545.967699489498045 ], [ 126750.247153674587025, 477546.798928937409073 ], [ 126750.660876516718417, 477547.553171197476331 ], [ 126751.362896624472342, 477548.606184040312655 ], [ 126751.953646202979144, 477549.292656623583753 ], [ 126753.499451941752341, 477551.130836756201461 ], [ 126754.062399295100477, 477551.728456036769785 ], [ 126755.220759320014622, 477552.634219650295563 ], [ 126754.882928015984362, 477554.416393108665943 ], [ 126758.552037828412722, 477555.263320566678885 ], [ 126760.067497893745895, 477556.567602396768052 ], [ 126762.322612181538716, 477558.346104643656872 ], [ 126764.323609289916931, 477559.836768105975352 ], [ 126766.140437586946064, 477561.33960972056957 ], [ 126767.93596943547891, 477562.697928590583615 ], [ 126768.505292759087752, 477563.217627402744256 ], [ 126771.676319148042239, 477565.269071727641858 ], [ 126773.956687853380572, 477566.691386157996021 ], [ 126775.362552899430739, 477569.120077523286454 ], [ 126778.285807741660392, 477569.604098327341489 ], [ 126780.156072956058779, 477570.906362717738375 ], [ 126782.148967297485797, 477572.174548915703781 ], [ 126783.663273971251328, 477573.278566930210218 ], [ 126783.972038014282589, 477573.577222650230397 ], [ 126785.252065915265121, 477574.28202190855518 ], [ 126785.786825237097219, 477574.724034058279358 ], [ 126787.070595334924292, 477576.085277825593948 ], [ 126787.818083493271843, 477576.737481417774688 ], [ 126787.825731498320238, 477576.882082730124239 ], [ 126791.72257983891177, 477580.576128390035592 ], [ 126794.755368774858653, 477583.51849801040953 ], [ 126801.693776356652961, 477590.499795454379637 ], [ 126805.735605219044373, 477594.493442262231838 ], [ 126810.771816607564688, 477599.360423479403835 ], [ 126815.012521077151177, 477603.530969381332397 ], [ 126819.432462026816211, 477608.023167553532403 ], [ 126820.626370777390548, 477609.184654171403963 ], [ 126824.132593868198455, 477612.591659929195885 ], [ 126828.427672135934699, 477616.728528051811736 ], [ 126832.565870871228981, 477620.877419437107164 ], [ 126836.778612222493393, 477624.936877739964984 ], [ 126840.66287947827368, 477628.83131089725066 ], [ 126844.594460403866833, 477632.647592151828576 ], [ 126848.841551452656859, 477636.751371336984448 ], [ 126849.129774513930897, 477637.039021432341542 ], [ 126852.945663380960468, 477640.911600123043172 ], [ 126855.33363864455896, 477643.267968412139453 ], [ 126856.932823834344163, 477644.905599474266637 ], [ 126858.544452219051891, 477646.331756174447946 ], [ 126858.064367213257356, 477647.102217255800497 ], [ 126861.132014899820206, 477650.189073983754497 ], [ 126863.532182655166253, 477653.491132103721611 ], [ 126865.573932764920755, 477656.161016928148456 ], [ 126867.737486880709184, 477658.652185577200726 ], [ 126869.81814796954859, 477660.96580189501401 ], [ 126871.46476908022305, 477662.547535296936985 ], [ 126872.878640326976893, 477663.997073878126685 ], [ 126874.085726860095747, 477665.080612686288077 ], [ 126876.013046163861873, 477666.827650063904002 ], [ 126879.503583898491343, 477669.889861485105939 ], [ 126881.375491714396048, 477671.492570928938221 ], [ 126882.712784748611739, 477672.675510698871221 ], [ 126884.303674164955737, 477674.057287459319923 ], [ 126887.602831952244742, 477675.863293855567463 ], [ 126890.506430593639379, 477677.704929119325243 ], [ 126892.362283815644332, 477678.884925670863595 ], [ 126895.76555297995219, 477681.001888989994768 ], [ 126899.12023536732886, 477682.974485645536333 ], [ 126901.83119634326431, 477684.539058217371348 ], [ 126905.029192978603533, 477686.557054728909861 ], [ 126908.302684335503727, 477688.652510422340129 ], [ 126910.863150020697503, 477690.151183120091446 ], [ 126913.835089821091969, 477692.014697107137181 ], [ 126916.16312155315245, 477693.436806134181097 ], [ 126918.519012985678273, 477694.958896930853371 ], [ 126920.998477976521826, 477696.613805986940861 ], [ 126923.306288451392902, 477698.080539230548311 ], [ 126925.682518761546817, 477699.580264944292139 ], [ 126927.319508581698756, 477700.672504061483778 ], [ 126929.72997855648282, 477702.194290517421905 ], [ 126931.46906182145176, 477703.24144570378121 ], [ 126933.564653449415346, 477704.586995682271663 ], [ 126935.181044133831165, 477705.657101162069011 ], [ 126936.612261921458412, 477706.561359392013401 ], [ 126937.714894248259952, 477707.278330489061773 ], [ 126938.324428093445022, 477707.675428826420102 ], [ 126939.462122213968541, 477708.559099446516484 ], [ 126940.819545377293252, 477709.686308010655921 ], [ 126941.971578918339219, 477710.692289744736627 ], [ 126943.075660567512386, 477711.665164041332901 ], [ 126944.208485403403756, 477712.893785842519719 ], [ 126945.368665411340771, 477714.13337934052106 ], [ 126946.446777670207666, 477715.340058800007682 ], [ 126947.653204797636135, 477716.312353860528674 ], [ 126948.532561393090873, 477717.364389135036618 ], [ 126949.78750658914214, 477718.469928041566163 ], [ 126950.637992956049857, 477719.243964047404006 ], [ 126951.994590766495094, 477720.226535426510964 ], [ 126953.707064065441955, 477721.396241065987851 ], [ 126955.165692636772292, 477722.322602333384566 ], [ 126957.295952979678987, 477723.768104595015757 ], [ 126959.289181669591926, 477725.114245534583461 ], [ 126960.673636169769452, 477726.196800199628342 ], [ 126961.954671124010929, 477727.090790229267441 ], [ 126964.748348235632875, 477728.810699821973685 ], [ 126966.328780508658383, 477729.558349726721644 ], [ 126967.561043058987707, 477730.274593009380624 ], [ 126969.450973819504725, 477731.454425255011301 ], [ 126970.835046163760126, 477732.470225725439377 ], [ 126974.754201978197671, 477735.329798410646617 ], [ 126977.316891705195303, 477737.229047852451913 ], [ 126982.366895877479692, 477740.972344836161938 ], [ 126987.184087461064337, 477744.572320059523918 ], [ 126991.905244588386267, 477748.083831277675927 ], [ 126996.181066717894282, 477751.275197931856383 ], [ 126999.989260365371592, 477753.823875596572179 ], [ 127000.002969541004859, 477753.83492455171654 ], [ 127004.573056210123468, 477757.180404693412129 ], [ 127008.299678496507113, 477759.785182892170269 ], [ 127010.848759411077481, 477761.69565311941551 ], [ 127014.418695559725165, 477764.345828344637994 ], [ 127017.885463576109032, 477766.851944650348742 ], [ 127020.126680334360572, 477768.619515754049644 ], [ 127021.448569146363297, 477769.502163543482311 ], [ 127026.11446447596245, 477772.902754376700614 ], [ 127027.977953203895595, 477774.238529788679443 ], [ 127030.349115933306166, 477776.061003544484265 ], [ 127033.404848232603399, 477778.280164305469953 ], [ 127035.090492921590339, 477779.539061843359377 ], [ 127040.262911011450342, 477783.226093066099565 ], [ 127043.119319709425326, 477785.190475875686388 ], [ 127045.592377524721087, 477786.934495462395716 ], [ 127048.215792311297264, 477788.722173020418268 ], [ 127052.957018906497979, 477792.177996127284132 ], [ 127054.669569061996299, 477793.369989142171107 ], [ 127056.320208254765021, 477794.473320131597575 ], [ 127058.286214924301021, 477795.841907519381493 ], [ 127060.985993213544134, 477797.862817745481152 ], [ 127062.390434482716955, 477798.867402132309508 ], [ 127064.377409386215732, 477800.32488578860648 ], [ 127067.138401672855252, 477802.312074153509457 ], [ 127070.72881024715025, 477804.973300728481263 ], [ 127073.859308745348244, 477807.147558179975022 ], [ 127076.154631965095177, 477808.836963417357765 ], [ 127077.942726373308687, 477810.117550363764167 ], [ 127081.738190912859864, 477812.844386923825368 ], [ 127085.280069590924541, 477815.372379442211241 ], [ 127088.466394510440296, 477817.768861758115236 ], [ 127092.419216002483154, 477820.572704541031271 ], [ 127094.87796521880955, 477822.205564006289933 ], [ 127098.742331365923746, 477825.054416798520833 ], [ 127102.592106086056447, 477827.736456883547362 ], [ 127105.723077945658588, 477829.999743963358924 ], [ 127108.401659306065994, 477831.898407565895468 ], [ 127111.258012799691642, 477833.862829800404143 ], [ 127113.573528998618713, 477835.507632354216184 ], [ 127115.080732708185678, 477836.58953816711437 ], [ 127117.040573053935077, 477838.080575366097037 ], [ 127118.650684319218271, 477839.262041134119499 ], [ 127120.300040075380821, 477840.14286995009752 ], [ 127122.443408512393944, 477841.510483328078408 ], [ 127124.7638599499478, 477842.821467343252152 ], [ 127124.839163504031603, 477842.865549231995828 ], [ 127127.48855836346047, 477844.430591596465092 ], [ 127130.2893104836985, 477846.217313460831065 ], [ 127132.535832816225593, 477847.728995072771795 ], [ 127138.211440569619299, 477851.135130821901839 ], [ 127141.524910097097745, 477853.096996444452088 ], [ 127145.017966406070627, 477855.447281865112018 ], [ 127148.6407183316187, 477857.807966225314885 ], [ 127153.02275656927668, 477860.509302374965046 ], [ 127153.960632890666602, 477861.060350666986778 ], [ 127156.13196347662597, 477862.550213040434755 ], [ 127158.623721222713357, 477863.993767220701557 ], [ 127160.966061143291881, 477865.56055517954519 ], [ 127164.158388853975339, 477867.823533816728741 ], [ 127172.264417439000681, 477873.908656614948995 ], [ 127174.916721353438334, 477875.996654843038414 ], [ 127176.957840186587418, 477877.387119778082706 ], [ 127180.116788964354782, 477879.78381472255569 ], [ 127182.66549142274016, 477881.649868957407307 ], [ 127186.132216976693599, 477884.178355767216999 ], [ 127190.646973562354106, 477887.435305564547889 ], [ 127193.215824223210802, 477889.245619307796005 ], [ 127195.359588830353459, 477890.691147591685876 ], [ 127196.914643267038628, 477891.795062355871778 ], [ 127198.819228576117894, 477893.175176936667413 ], [ 127200.916542178514646, 477894.854625765176024 ], [ 127202.217708674521418, 477895.704058410658035 ], [ 127203.999416123930132, 477897.073738784878515 ], [ 127206.044143040518975, 477899.109534190909471 ], [ 127206.172715781329316, 477898.919660928077064 ], [ 127208.208368334016996, 477900.554953075305093 ], [ 127210.833288696027012, 477902.631997722259257 ], [ 127212.876198470665258, 477904.345136736752465 ], [ 127215.940154379612068, 477906.842526675609406 ], [ 127217.721854020710452, 477908.212212005688343 ], [ 127218.942138929211069, 477909.240127672557719 ], [ 127219.887571159488289, 477909.924664341611788 ], [ 127222.182796769993729, 477911.614137476077303 ], [ 127224.375427673119702, 477913.25968148157699 ], [ 127226.38872604034259, 477914.561310618242715 ], [ 127228.553063519488205, 477916.028990785125643 ], [ 127230.237487550679361, 477917.087683714053128 ], [ 127232.935818139885669, 477918.875038198486436 ], [ 127235.052266774262534, 477920.320736872672569 ], [ 127238.852634989816579, 477922.736122877278831 ], [ 127240.324421868528589, 477923.595734723669011 ], [ 127241.577689083336736, 477924.423193333903328 ], [ 127242.495698956001434, 477925.08563507895451 ], [ 127243.51630129199475, 477925.792007592855953 ], [ 127244.810629452345893, 477926.641489737667143 ], [ 127245.755617897462798, 477927.248148094397038 ], [ 127246.112404132582014, 477927.602195761923213 ], [ 127247.207058443862479, 477928.130129157390911 ], [ 127248.838014694352751, 477929.389405851135962 ], [ 127252.714918145939009, 477932.071409925236367 ], [ 127254.194770522168255, 477933.153511258540675 ], [ 127256.154093934834236, 477934.566720422706567 ], [ 127257.96300148665614, 477935.925141067651566 ], [ 127260.771225934178801, 477937.845412860391662 ], [ 127266.326636839221464, 477941.753062509873416 ], [ 127269.662895146451774, 477944.148820444766898 ], [ 127274.63542036752915, 477947.536799250519834 ], [ 127277.005785697532701, 477949.248129692976363 ], [ 127279.327579181175679, 477950.815088489907794 ], [ 127281.081767093215603, 477952.15157105086837 ], [ 127282.28043758343847, 477952.979345776722766 ], [ 127283.991879522858653, 477953.993399426573887 ], [ 127286.182850736542605, 477955.349690155650023 ], [ 127289.057536660504411, 477956.95806278422242 ], [ 127290.946493902622024, 477957.993377692939248 ], [ 127292.726285171069321, 477959.029304640425835 ], [ 127294.409123241013731, 477959.809864903392736 ], [ 127296.803216225875076, 477960.88685965212062 ], [ 127297.973344805563102, 477961.492267353169154 ], [ 127299.778991948798648, 477962.272141851077322 ], [ 127300.900488084778772, 477962.72205107769696 ], [ 127301.940670761890942, 477963.272554527153261 ], [ 127302.966584747628076, 477963.711872761545237 ], [ 127303.80177108568023, 477964.207891490310431 ], [ 127304.719142440037103, 477964.759082977951039 ], [ 127306.019463093049126, 477965.463902604416944 ], [ 127307.067090167125571, 477966.125630771333817 ], [ 127308.031660052161897, 477966.576419927063398 ], [ 127308.620414633245673, 477966.929173799464479 ], [ 127309.27839354723983, 477967.459564814227633 ], [ 127310.353684601228451, 477968.187898032134399 ], [ 127311.066930552624399, 477968.840371833124664 ], [ 127311.752636027958943, 477969.448493730276823 ], [ 127312.800946353934705, 477970.232611114915926 ], [ 127313.588993534940528, 477970.840160577441566 ], [ 127314.480067445343593, 477971.569525513157714 ], [ 127315.172594928953913, 477972.177609704784118 ], [ 127316.302466525696218, 477972.905638813856058 ], [ 127316.343590110773221, 477972.938788311730605 ], [ 127317.393019472961896, 477973.923177961318288 ], [ 127318.865897859403049, 477974.983084483537823 ], [ 127320.955504052224569, 477976.517982124409173 ], [ 127322.435514894736116, 477977.633482461678796 ], [ 127323.812000641191844, 477978.538158231240232 ], [ 127325.29257032739406, 477979.753795065393206 ], [ 127327.176493067032425, 477981.11182128515793 ], [ 127328.430042270309059, 477981.99493285571225 ], [ 127329.320987537284964, 477982.702048107166775 ], [ 127330.060835618816782, 477983.231984015961643 ], [ 127330.697906154993689, 477983.68460907478584 ], [ 127332.505406486074207, 477984.798281011753716 ], [ 127333.92977232823614, 477985.724944902933203 ], [ 127335.586858859111089, 477986.78382636239985 ], [ 127336.840156293968903, 477987.622435336350463 ], [ 127337.956811029405799, 477988.428428970102686 ], [ 127338.85383013128012, 477989.001993603480514 ], [ 127340.079773124947678, 477989.829629785672296 ], [ 127342.160615640052129, 477991.019662869628519 ], [ 127344.585145808465313, 477992.663963544764556 ], [ 127347.365018310665619, 477994.406418192782439 ], [ 127349.658979736210313, 477995.884553119016346 ], [ 127351.056234601113829, 477996.844753015320748 ], [ 127353.069527687781374, 477998.157559976854827 ], [ 127355.822662512146053, 478000.000307529000565 ], [ 127355.925377002669848, 478000.066492829413619 ], [ 127356.6312922869256, 478000.630001871089917 ], [ 127357.145361881615827, 478001.049937938398216 ], [ 127357.782179000787437, 478001.458061761688441 ], [ 127358.370615078281844, 478001.755190646508709 ], [ 127358.829418563575018, 478002.053043805062771 ], [ 127359.998970377273508, 478002.558330545376521 ], [ 127360.566813593002735, 478002.833321665821131 ], [ 127361.100232169483206, 478003.052872505097184 ], [ 127361.763283187508932, 478003.271699269069359 ], [ 127363.035735170327825, 478003.876550696848426 ], [ 127363.651585980478558, 478004.195780142268632 ], [ 127364.438502891542157, 478004.603066418319941 ], [ 127365.23261529111187, 478005.077071813982911 ], [ 127366.663232642094954, 478005.9035713840276 ], [ 127367.252351177216042, 478006.323089350480586 ], [ 127367.710780876033823, 478006.554186228662729 ], [ 127368.348217771927011, 478007.073573248286266 ], [ 127369.115349043975584, 478007.603362598572858 ], [ 127369.834161665494321, 478008.03328312037047 ], [ 127370.293833719770191, 478008.486903914890718 ], [ 127370.930710922388243, 478008.906155613600276 ], [ 127371.341940092621371, 478009.237655179807916 ], [ 127372.033709779047058, 478009.712233154859859 ], [ 127372.391164434346138, 478010.188677979342174 ], [ 127372.801710012558033, 478010.397789645881858 ], [ 127373.316522717650514, 478010.951241603353992 ], [ 127373.700398428103654, 478011.271767567144707 ], [ 127374.160380443543545, 478011.781019638350699 ], [ 127374.470386106986552, 478012.313362201792188 ], [ 127375.060497154350742, 478012.910900033602957 ], [ 127375.464716606380534, 478013.209059490065556 ], [ 127375.773169053485617, 478013.463247537205461 ], [ 127376.081932062923443, 478013.773066523193847 ], [ 127376.437833087082254, 478013.971357046568301 ], [ 127376.71911868173629, 478014.247949887416326 ], [ 127377.102745450407383, 478014.523971381713636 ], [ 127377.616252824169351, 478014.843773933243938 ], [ 127378.232039209688082, 478015.151879002572969 ], [ 127378.868480092904065, 478015.493248441198375 ], [ 127379.579784752582782, 478015.800820448552258 ], [ 127380.346168156291242, 478016.197097338328604 ], [ 127381.365427719661966, 478016.669848483114038 ], [ 127382.364094647564343, 478017.120461719401646 ], [ 127383.232942970644217, 478017.538420172932092 ], [ 127384.532493308593985, 478018.109746258880477 ], [ 127384.963878531983937, 478018.385501800163183 ], [ 127385.606954979943112, 478018.693455472879577 ], [ 127386.318879714759532, 478019.112290290475357 ], [ 127387.516833299072459, 478019.817702537635341 ], [ 127387.633130338610499, 478019.872686159564182 ], [ 127388.106569324008888, 478020.348484829824883 ], [ 127388.667710366615211, 478020.645769625087269 ], [ 127389.332061661727494, 478021.098249952774495 ], [ 127390.380162467801711, 478021.849005262774881 ], [ 127391.09921950478747, 478022.323433615150861 ], [ 127392.016259901967715, 478022.819010398117825 ], [ 127392.632851453541662, 478023.271757658221759 ], [ 127393.166887194471201, 478023.602573797630612 ], [ 127393.885384998153313, 478023.976866898941807 ], [ 127394.418986034579575, 478024.229799881170038 ], [ 127395.007975875836564, 478024.627068787754979 ], [ 127395.493941806256771, 478024.90252072038129 ], [ 127395.95218223289703, 478025.100241669861134 ], [ 127396.486776211342658, 478025.531193825067021 ], [ 127397.130223437881796, 478025.905906101863366 ], [ 127397.637340092245722, 478026.30363208061317 ], [ 127398.123740196911967, 478026.656967564718798 ], [ 127398.610264368675416, 478027.032555458368734 ], [ 127399.24806778106722, 478027.618703575513791 ], [ 127399.659914156713057, 478028.061467345221899 ], [ 127400.12683880032273, 478028.592936149449088 ], [ 127400.510649339630618, 478028.902338013111148 ], [ 127401.093498099216959, 478029.422033734037541 ], [ 127401.765662783698644, 478030.052496626623906 ], [ 127402.299697180453222, 478030.383313750789966 ], [ 127402.834414153665421, 478030.836518962343689 ], [ 127403.478853128035553, 478031.38925101532368 ], [ 127404.191208908319823, 478031.885971698153298 ], [ 127404.855681380446185, 478032.360706483421382 ], [ 127405.601902279740898, 478032.812732367601711 ], [ 127406.362078739926801, 478033.320313186675776 ], [ 127407.080822326533962, 478033.739112944283988 ], [ 127407.614980065176496, 478034.092183014843613 ], [ 127408.053309418552089, 478034.390154893801082 ], [ 127408.662516926997341, 478034.742806544993073 ], [ 127409.887878487003036, 478035.470324397436343 ], [ 127410.654876814907766, 478035.977867836423684 ], [ 127411.270844618295087, 478036.319355581945274 ], [ 127411.982392404577695, 478036.67143698799191 ], [ 127414.200024334873888, 478037.927496674878057 ], [ 127414.563179028278682, 478038.203635196259711 ], [ 127414.845019402826438, 478038.580365871544927 ], [ 127415.256181130607729, 478038.900742917088792 ], [ 127415.66783904665499, 478039.310129468445666 ], [ 127415.923070751334308, 478039.809400387457572 ], [ 127416.213036252040183, 478040.419742983067408 ], [ 127416.468453931011027, 478040.952392487030011 ], [ 127416.651488953561056, 478041.963886342768092 ], [ 127417.094531120601459, 478043.107449060655199 ], [ 127417.462647373060463, 478044.273682574683335 ], [ 127417.72941530153912, 478045.618505598744377 ], [ 127418.201546425872948, 478047.084575638000388 ], [ 127418.666172316166922, 478048.428295730263926 ], [ 127419.082046707408153, 478049.594263140694238 ], [ 127419.658564220022527, 478051.426926937070675 ], [ 127420.801550315169152, 478054.513731159153394 ], [ 127422.784407729137456, 478057.718246197677217 ], [ 127424.152044339396525, 478059.490868436230812 ], [ 127425.489349079478416, 478061.942378480627667 ], [ 127426.803766256110976, 478063.960081731551327 ], [ 127428.117810352763627, 478065.911028228350915 ], [ 127428.99290830179234, 478067.452739442058373 ], [ 127429.875262373316218, 478069.072296092112083 ], [ 127430.75166115805041, 478070.847657515027095 ], [ 127431.96441579668317, 478072.988320458098315 ], [ 127434.710954936803319, 478078.558536236989312 ], [ 127437.862689544912428, 478084.604937126045115 ], [ 127439.228696913021849, 478087.312201204535086 ], [ 127440.366580769928987, 478089.486662873125169 ], [ 127441.427865263947751, 478091.383388185640797 ], [ 127442.558552775415592, 478093.49113125220174 ], [ 127443.516876371475519, 478095.277165177569259 ], [ 127444.834747545493883, 478097.917939723585732 ], [ 127445.895284993501264, 478099.681151786237024 ], [ 127446.640369851753348, 478101.156831008091103 ], [ 127447.392462775140302, 478102.665850906341802 ], [ 127448.088487259519752, 478103.908146396861412 ], [ 127448.529100437066518, 478104.617790772987064 ], [ 127449.05195668534725, 478105.393736401805654 ], [ 127450.07050212372269, 478106.968032160075381 ], [ 127451.281443125772057, 478108.786040543520357 ], [ 127452.285846345272148, 478110.271403253485914 ], [ 127453.752195784298237, 478112.622063666640315 ], [ 127454.474392740958137, 478113.663936777156778 ], [ 127455.093197239271831, 478114.517234578612261 ], [ 127455.611396773951128, 478115.682635420700535 ], [ 127456.10131459699187, 478116.670169259770773 ], [ 127456.591665802086936, 478117.735586459049955 ], [ 127457.088529710323201, 478118.745334791368805 ], [ 127464.435555620118976, 478117.313623728288803 ], [ 127466.650549418860464, 478116.878488699672744 ], [ 127470.807448170700809, 478115.976361522392835 ], [ 127474.916466362745268, 478115.05225116625661 ], [ 127479.128196540521458, 478114.194332083454356 ], [ 127481.363722697802586, 478113.770215986587573 ], [ 127482.911031897659996, 478113.505699921690393 ], [ 127488.996384483194561, 478112.170054875488859 ], [ 127494.959428079659119, 478110.924109535117168 ], [ 127500.717610648120171, 478109.645930439699441 ], [ 127506.326316842198139, 478108.47985399904428 ], [ 127510.994493326157681, 478107.497033898660447 ], [ 127520.705230805528117, 478105.373556189646479 ], [ 127527.833476181665901, 478103.854142494674306 ], [ 127532.958653496825718, 478102.846552627568599 ], [ 127538.233436596914544, 478101.749125470931176 ], [ 127546.078377085257671, 478100.281392858421896 ], [ 127552.191793692312785, 478099.079188467643689 ], [ 127566.57174996905087, 478096.151043145917356 ], [ 127572.767356508717057, 478095.004041194508318 ], [ 127578.806045215635095, 478093.857916699431371 ], [ 127584.613136862026295, 478092.779842065181583 ], [ 127590.42041590763256, 478091.735152816865593 ], [ 127596.943211987338145, 478090.530736008251552 ], [ 127603.336689006711822, 478089.382676544133574 ], [ 127610.111744298861595, 478088.143500746518839 ], [ 127618.870222730198293, 478086.537308428552933 ], [ 127624.7048066623247, 478085.492508439347148 ], [ 127629.094283783517312, 478084.689366659033112 ], [ 127632.84944041116978, 478083.923116943682544 ], [ 127638.022663726762403, 478082.959876644483302 ], [ 127641.955335028877016, 478082.214905222295783 ], [ 127646.576603463297943, 478081.377117741794791 ], [ 127650.175090168151655, 478080.656253490888048 ], [ 127652.914968680532183, 478080.129288491327316 ], [ 127656.064145673197345, 478079.588936440472025 ], [ 127659.744814315839903, 478078.923257625836413 ], [ 127664.284093879163265, 478078.063686744309962 ], [ 127673.389825397360255, 478076.322154387424234 ], [ 127673.579815247881925, 478076.131954096548725 ], [ 127699.453405779306195, 478071.416118004126474 ], [ 127734.063105770299444, 478064.727377882867586 ], [ 127783.777497249146109, 478056.56495486194035 ], [ 127815.534080588622601, 478050.871615765907336 ], [ 127833.271401574733318, 478047.981435551308095 ], [ 127851.211409304087283, 478044.723031660774723 ], [ 127881.965387644799193, 478039.069001367548481 ], [ 127909.342006258681067, 478034.646444801532198 ], [ 127931.032721001523896, 478031.022874116199091 ], [ 127980.513870950671844, 478025.01112840406131 ], [ 128000.00348423543619, 478021.86719532054849 ], [ 128079.911671131965704, 478008.947828815784305 ], [ 128098.199164169011055, 478006.801084472273942 ], [ 128100.012626001436729, 478006.535314890672453 ], [ 128102.439470801036805, 478006.143819727876689 ], [ 128107.893806122403475, 478005.402074430661742 ], [ 128115.052684108290123, 478004.439669058599975 ], [ 128120.813684657216072, 478003.629512609331869 ], [ 128125.633931588439737, 478002.969117293891031 ], [ 128129.342794632684672, 478002.448280477256048 ], [ 128144.387767262480338, 477999.996648771688342 ], [ 128150.577585446677404, 477998.995048765267711 ], [ 128180.397208550755749, 477994.560739735723473 ], [ 128241.870509717380628, 477987.941426089266315 ], [ 128277.029959331601276, 477986.794527438760269 ], [ 128299.349461128789699, 477984.548867593402974 ], [ 128357.832741147401975, 477978.859507723362185 ], [ 128385.83474532366381, 477976.405619934608694 ], [ 128409.418351888190955, 477974.487453570822254 ], [ 128414.351975499812397, 477980.947699377313256 ], [ 128414.489387836874812, 477981.124985255475622 ], [ 128423.463360378082143, 477992.882005918305367 ], [ 128423.903125536235166, 477993.458222520188428 ], [ 128425.290409079170786, 477995.142001351341605 ], [ 128428.891711882213713, 477999.996073155081831 ], [ 128441.975167280339519, 478018.507106893113814 ], [ 128452.230451103459927, 478032.571617014298681 ], [ 128460.717382831440773, 478043.875131243956275 ], [ 128465.244373408160754, 478050.871681454766076 ], [ 128465.931117928441381, 478051.702487075177487 ], [ 128466.679505112275365, 478052.577468272240367 ], [ 128467.297186942130793, 478053.252873239398468 ], [ 128467.913556011568289, 478053.683502021012828 ], [ 128469.053661259225919, 478053.810906600381713 ], [ 128471.067190100802691, 478053.955881288624369 ], [ 128472.964196222514147, 478054.001342894451227 ], [ 128474.820146868616575, 478054.024772299511824 ], [ 128476.493018098102766, 478054.260587589349598 ], [ 128476.977226742688799, 478055.493034964310937 ], [ 128478.272501391926198, 478069.294095560209826 ], [ 128479.962325815940858, 478084.1500608259812 ], [ 128480.744984658434987, 478088.87463444005698 ], [ 128481.144465772202238, 478092.121435518260114 ], [ 128481.502856119826902, 478094.066654672962613 ], [ 128481.967009265717934, 478095.37709567922866 ], [ 128482.52578453940805, 478096.520131878147367 ], [ 128483.00837765930919, 478097.45217265834799 ], [ 128483.449259648637963, 478098.239792336768005 ], [ 128485.509395494562341, 478098.173119229031727 ], [ 128488.26573765987996, 478098.158348976226989 ], [ 128491.068407549508265, 478097.876295697176829 ], [ 128493.609552777546924, 478097.172837513498962 ], [ 128496.226105267938692, 478096.535735792887863 ], [ 128498.047032685601152, 478096.392463699216023 ], [ 128499.098850226087961, 478096.598233642871492 ], [ 128500.16064865453518, 478097.393655610620044 ], [ 128501.41616184351733, 478098.688733470335137 ], [ 128502.023703613915131, 478100.020661413145717 ], [ 128502.184973870171234, 478100.832033265149221 ], [ 128514.481657711148728, 478117.767506883887108 ], [ 128530.452110152356909, 478140.40238389436854 ], [ 128548.080491089785937, 478164.341376931522973 ], [ 128553.592845447565196, 478171.922445103933569 ], [ 128558.651804922468727, 478178.927363659953699 ], [ 128568.857541480334476, 478192.780975901288912 ], [ 128583.805543281152495, 478213.129424862912856 ], [ 128588.370053224760341, 478219.547308411973063 ], [ 128595.09746572599397, 478229.825679742847569 ], [ 128603.816530060576042, 478241.283971112337895 ], [ 128616.853672147670295, 478259.027983721811324 ], [ 128618.873876231926261, 478261.720954503049143 ], [ 128620.00692898867419, 478263.094600920798257 ], [ 128621.247656060688314, 478265.469059924420435 ], [ 128622.937532965850551, 478267.629720823315438 ], [ 128624.559184481811826, 478269.790746019571088 ], [ 128625.528437153610867, 478271.154140413447749 ], [ 128629.253509252448566, 478277.543157047592103 ], [ 128632.821960411092732, 478281.429545126855373 ], [ 128639.050878566282336, 478289.095901604741812 ], [ 128642.949033490061993, 478294.682897192717064 ], [ 128645.192206489708042, 478298.25368561479263 ], [ 128652.771417371361167, 478308.382953138032462 ], [ 128660.09905989235267, 478318.680469307641033 ], [ 128668.825884562596912, 478330.372490445559379 ], [ 128673.729087948566303, 478337.656518254661933 ], [ 128674.534697219962254, 478339.043046041449998 ], [ 128675.029914205006207, 478341.076563474023715 ], [ 128675.45115121093113, 478343.310751885350328 ], [ 128676.02740606982843, 478345.188067005889025 ], [ 128677.335420933639398, 478347.39528431580402 ], [ 128681.189061492244946, 478352.326082360814326 ], [ 128685.599559219175717, 478358.055030718678609 ], [ 128692.655568341913749, 478366.050850900181103 ], [ 128698.597576375803328, 478373.685428204305936 ], [ 128703.772599140487728, 478379.499340510985348 ], [ 128705.213607628305908, 478381.060520332946908 ], [ 128705.926786664247629, 478381.746573942655232 ], [ 128708.104941639234312, 478387.220370752445888 ], [ 128708.984732115844963, 478396.150288265780546 ], [ 128706.873267503717216, 478410.926397391653154 ], [ 128706.92522186950373, 478421.985879394458607 ], [ 128706.6646931788855, 478424.312706136144698 ], [ 128707.201420842000516, 478432.877272077719681 ], [ 128708.044751274079317, 478450.35254950739909 ], [ 128708.422138033769443, 478489.271104683401063 ], [ 128708.697444841411198, 478499.995605631149374 ], [ 128709.298271034116624, 478523.191204804577865 ], [ 128709.56386198909604, 478539.790560323104728 ], [ 128709.205967773625161, 478546.902308311488014 ], [ 128709.582744444764103, 478552.330047649797052 ], [ 128710.003355650755111, 478564.722755607159343 ], [ 128710.214522985712392, 478582.635330941237044 ], [ 128710.552817102128756, 478593.659914985822979 ], [ 128710.754913799944916, 478611.149731624464039 ], [ 128711.208583826155518, 478632.332216974114999 ], [ 128711.063058684201678, 478649.879514665459283 ], [ 128711.766518374090083, 478668.00088049529586 ], [ 128711.579375888308277, 478684.135332071920857 ], [ 128711.22815067396732, 478693.783893419604283 ], [ 128710.93977961075143, 478694.720053755387198 ], [ 128711.307772155763814, 478699.78066595288692 ], [ 128711.727182303366135, 478705.530849389266223 ], [ 128711.91643290958018, 478707.766274776950013 ], [ 128711.94107151128992, 478720.105457701429259 ], [ 128711.974262919917237, 478725.067710594099481 ], [ 128724.493127204710618, 478729.029002400813624 ], [ 128728.820931377442321, 478730.819640475441702 ], [ 128733.288712079855031, 478733.27713046327699 ], [ 128737.708913286754978, 478735.768256626208313 ], [ 128742.374515697112656, 478738.224704580847174 ], [ 128748.350006038643187, 478740.696458646096289 ], [ 128755.227528155155596, 478742.173173760820646 ], [ 128762.778037739393767, 478743.201268094882835 ], [ 128772.021906570298597, 478743.230135143967345 ], [ 128777.9094798223814, 478743.276809044764377 ], [ 128782.144482167248498, 478743.009578896861058 ], [ 128786.499210469381069, 478742.163138792908285 ], [ 128790.513737402681727, 478741.485402793623507 ], [ 128794.458928147549159, 478740.596633442561142 ], [ 128797.861268475215184, 478740.255942092742771 ], [ 128800.445956566385576, 478741.388284323038533 ], [ 128802.731252900630352, 478742.666858157375827 ], [ 128804.593718156247633, 478743.969925085490104 ], [ 128805.924028132023523, 478745.264683944638819 ], [ 128806.455899982276605, 478746.5080381569569 ], [ 128806.794406594126485, 478747.30735538341105 ], [ 128806.989786538280896, 478749.420360074145719 ], [ 128807.334490388937411, 478752.678605914115906 ], [ 128807.301972350600408, 478752.979194186336827 ], [ 128807.101515265050693, 478755.060915210575331 ], [ 128807.082228323124582, 478755.283547772909515 ], [ 128807.386061060853535, 478764.995392994605936 ], [ 128807.698446206006338, 478771.168958944326732 ], [ 128807.550148749098298, 478779.236473000375554 ], [ 128807.445667648949893, 478781.406698122387752 ], [ 128806.886869917376316, 478793.114758859330323 ], [ 128806.586178655619733, 478804.610049299604725 ], [ 128806.634016123178299, 478813.644532865670044 ], [ 128806.395391744124936, 478821.400983190571424 ], [ 128806.670417472574627, 478832.114369121554773 ], [ 128806.695728354156017, 478840.759544058237225 ], [ 128807.063557422865415, 478852.251295649854001 ], [ 128807.201925983448746, 478864.211576476111077 ], [ 128807.269874282937963, 478873.179195339907892 ], [ 128807.180737859685905, 478880.823589662148152 ], [ 128807.183202752290526, 478886.442471568589099 ], [ 128807.126866102567874, 478892.551231967401691 ], [ 128807.898914145946037, 478896.641705183312297 ], [ 128811.132504017310566, 478904.390899270947557 ], [ 128818.811552680374007, 478923.309849484474398 ], [ 128824.934711829351727, 478940.846228840353433 ], [ 128830.781556648915284, 478957.738739307562355 ], [ 128830.968560908295331, 478958.271823235438205 ], [ 128837.88463531814341, 478978.708047694759443 ], [ 128843.984260940778768, 478998.269603647524491 ], [ 128844.389079014479648, 479000.003201215527952 ], [ 128844.898394248375553, 479002.14792776334798 ], [ 128845.980942760856124, 479005.62480664922623 ], [ 128846.530537904167431, 479007.64692861342337 ], [ 128847.29177387765958, 479010.991988341382239 ], [ 128847.403327586507658, 479011.447586136637256 ], [ 128848.817593711952213, 479017.025625410256907 ], [ 128855.641012494175811, 479016.088307835452724 ], [ 128856.93836493807612, 479016.326234614651185 ], [ 128861.189661983153201, 479015.313507079496048 ], [ 128875.743047754658619, 479013.300609443336725 ], [ 128915.00659785894095, 479007.875062748789787 ], [ 128931.100601887592347, 479005.653926953033078 ], [ 128932.443474871077342, 479005.468825680029113 ], [ 128946.31524812533462, 479003.548740395577624 ], [ 128957.586873769265367, 479023.439244620793033 ], [ 128974.997381609035074, 479054.924691467836965 ], [ 129000.006127108310466, 479099.265899010177236 ], [ 129010.977364147896878, 479119.19148380641127 ], [ 129020.974337112507783, 479136.763386288890615 ], [ 129032.193306442466564, 479157.132778264640365 ], [ 129050.50082197150914, 479189.448272244655527 ], [ 129069.854994724315475, 479223.683236376789864 ], [ 129076.25037649810838, 479233.530070007371251 ], [ 129077.493735162061057, 479235.192532760556787 ], [ 129081.770947995857568, 479241.75702278414974 ], [ 129090.577018643758493, 479254.751177433354314 ], [ 129099.687645025638631, 479271.204103065421805 ], [ 129103.250165474935784, 479278.07277035783045 ], [ 129108.858175042201765, 479292.596910354972351 ], [ 129109.179161856372957, 479293.974919614847749 ], [ 129113.897176897036843, 479313.098980371200014 ], [ 129114.32180634062388, 479316.034161540505011 ], [ 129114.357192105555441, 479316.278759972832631 ], [ 129114.852883602550719, 479319.758769188832957 ], [ 129115.673641876783222, 479324.093820009205956 ], [ 129117.296272401435999, 479331.762633389735129 ], [ 129117.727902984188404, 479333.429354020801838 ], [ 129121.387758340133587, 479341.96650462312391 ], [ 129123.504431851120899, 479344.981846310780384 ], [ 129127.313595021580113, 479350.76996760640759 ], [ 129131.448897117428714, 479353.707994734868407 ], [ 129140.341570005432004, 479355.93130552303046 ], [ 129148.397434088634327, 479357.268883584882133 ], [ 129157.46615693156491, 479359.24652132182382 ], [ 129170.902365729707526, 479362.91485175176058 ], [ 129175.144814583327388, 479364.172249941853806 ], [ 129179.441537878839881, 479365.373735782981385 ], [ 129184.579724087874638, 479367.049274135322776 ], [ 129191.393607518111821, 479369.595069562376011 ], [ 129197.07365229575953, 479371.846372953790706 ], [ 129200.36122312702355, 479373.119900725258049 ], [ 129205.865831992938183, 479375.739304704766255 ], [ 129211.193440674367594, 479378.426396819064394 ], [ 129217.355914062762167, 479381.632089490361977 ], [ 129226.099986975168576, 479386.771478961978573 ], [ 129232.388635330396937, 479390.632997938082553 ], [ 129235.051159145310521, 479392.388245706853922 ], [ 129242.402295708277961, 479397.256756865477655 ], [ 129251.460086830193177, 479403.707487525127362 ], [ 129256.970772730637691, 479407.506328450632282 ], [ 129265.672628136031562, 479413.725280489190482 ], [ 129266.871190700301668, 479414.664799409394618 ], [ 129272.755500427039806, 479419.485354550124612 ], [ 129274.13296363959671, 479420.724360921303742 ], [ 129277.924540706240805, 479424.487660816463176 ], [ 129278.34309739008313, 479424.963924829498865 ], [ 129279.851657093677204, 479426.491540751303546 ], [ 129282.74079852734576, 479429.858982182573527 ], [ 129285.816237496037502, 479433.637138276535552 ], [ 129288.955487977524172, 479437.882278742035851 ], [ 129298.78014032842475, 479450.170536540157627 ], [ 129305.361249159075669, 479459.148831050551962 ], [ 129309.229996213398408, 479464.647492350952234 ], [ 129313.644622198902653, 479471.500758149137255 ], [ 129317.150927673617844, 479476.823283487348817 ], [ 129321.63223275198834, 479484.699850789678749 ], [ 129328.781150446171523, 479496.646011640550569 ], [ 129330.619715682521928, 479499.996680854063015 ], [ 129333.576170942105819, 479504.520961516827811 ], [ 129337.664325621299213, 479510.252163568045944 ], [ 129343.669530987681355, 479517.375366847787518 ], [ 129347.63496053320705, 479521.805409880995285 ], [ 129351.417506884346949, 479525.168257705343422 ], [ 129357.297897617943818, 479530.589765831711702 ], [ 129364.239915787533391, 479536.862520886643324 ], [ 129369.276266580898664, 479541.309283558453899 ], [ 129374.173601596296066, 479545.256077804602683 ], [ 129377.207072628443711, 479547.543553143623285 ], [ 129382.860792670748197, 479551.352919140597805 ], [ 129389.190954972116742, 479555.39244587928988 ], [ 129392.892141700242064, 479557.542954936332535 ], [ 129396.577437691652449, 479559.25961439171806 ], [ 129397.438908157550031, 479559.655709930404555 ], [ 129403.195567103350186, 479562.274027628242038 ], [ 129408.322997267037863, 479564.561811934341677 ], [ 129413.626664667812292, 479566.637285771023016 ], [ 129420.542750874621561, 479569.238499173778109 ], [ 129427.724487758299801, 479571.771589513227809 ], [ 129433.121039274177747, 479573.345910155563615 ], [ 129439.726039206798305, 479575.147648364596535 ], [ 129446.554561549419304, 479576.647824250045232 ], [ 129452.88987113814801, 479577.738875581708271 ], [ 129457.825176854254096, 479578.492242529056966 ], [ 129459.989083319189376, 479578.825990239100065 ], [ 129462.807880430264049, 479579.178610497910995 ], [ 129468.51367924263468, 479579.883503738616128 ], [ 129476.191543227061629, 479580.756250525650103 ], [ 129485.342707181378501, 479581.632535111682955 ], [ 129491.640857280886848, 479582.134121736395173 ], [ 129500.779286795004737, 479581.864468198793475 ], [ 129502.491022942500422, 479581.811137275130022 ], [ 129503.24111467936018, 479581.773890795186162 ], [ 129512.248692902358016, 479581.260149422916584 ], [ 129517.424137943351525, 479580.966444708639756 ], [ 129518.419713508075802, 479580.916809213289525 ], [ 129519.019752695196075, 479580.880338217131793 ], [ 129526.309005769988289, 479580.464487735531293 ], [ 129536.97353181100334, 479579.853245425620116 ], [ 129545.462981339805992, 479579.386738243920263 ], [ 129558.132534605960245, 479578.720716815209016 ], [ 129560.737368275003973, 479578.584926334617194 ], [ 129578.08930524031166, 479581.2217057729722 ], [ 129594.959691094030859, 479573.769260321976617 ], [ 129610.392946438310901, 479565.378495425684378 ], [ 129620.637395849378663, 479558.661127899948042 ], [ 129625.335026383123477, 479555.632863018196076 ], [ 129629.276772372453706, 479552.842137022409588 ], [ 129638.200150992284762, 479547.86732100736117 ], [ 129662.924618177232333, 479534.366518246592022 ], [ 129687.876807311913581, 479521.354241956723854 ], [ 129707.991293551327544, 479511.982948663877323 ], [ 129725.376674603423453, 479505.118024235358462 ], [ 129729.322837545478251, 479503.172972037806176 ], [ 129728.303937390359351, 479499.995992546959314 ], [ 129727.895660925540142, 479498.852046831627376 ], [ 129737.377111222493113, 479494.931579728843644 ], [ 129742.47655383485835, 479493.091912933043204 ], [ 129749.299423165546614, 479490.809518228459638 ], [ 129753.099470073502744, 479489.632961176219396 ], [ 129758.145266759762308, 479487.971608821011614 ], [ 129770.077725066017592, 479484.494884179905057 ], [ 129783.440735677344492, 479480.654846130986698 ], [ 129792.526873032809817, 479478.116189523134381 ], [ 129806.537207038287306, 479474.139396888785996 ], [ 129816.640506730123889, 479471.762501622666605 ], [ 129824.536106710336753, 479469.830798100563698 ], [ 129830.954387248581043, 479468.451824170304462 ], [ 129838.203556071530329, 479466.823848148516845 ], [ 129845.162153909899644, 479465.731433550419752 ], [ 129851.520246694810339, 479464.586449428577907 ], [ 129857.761767613352276, 479463.31967434764374 ], [ 129861.98007522818807, 479462.563882985967211 ], [ 129898.738655427951016, 479457.314630540611688 ], [ 129936.270990759076085, 479453.986618695780635 ], [ 129961.447925856307847, 479452.813208756269887 ], [ 129987.166412781924009, 479452.171261264185887 ], [ 129987.827970034544705, 479452.156789229309652 ], [ 129992.718172208609758, 479452.076429515029304 ], [ 129997.574214475898771, 479451.985120793280657 ], [ 130000.002066952642053, 479451.906089522526599 ], [ 130059.000312625634251, 479449.994890256086364 ], [ 130057.428106832667254, 479473.66892013605684 ], [ 130056.326339980907505, 479489.184841639827937 ], [ 130054.915787019883282, 479509.742633806134108 ], [ 130053.787428189010825, 479525.392209286685102 ], [ 130052.880544565719902, 479536.267391921486706 ], [ 130051.910708150433493, 479546.831349971704185 ], [ 130050.478782230173238, 479561.792614396312274 ], [ 130048.656182080230792, 479579.08129309740616 ], [ 130045.501398116117343, 479606.757737463572994 ], [ 130042.655114982917439, 479630.682991250359919 ], [ 130036.44399502145825, 479675.776747262163553 ], [ 130034.037261259436491, 479692.178262049041223 ], [ 130033.62844352828688, 479697.665701030637138 ], [ 130032.934950459341053, 479707.560679929389153 ], [ 130032.361860186691047, 479714.283992431708612 ], [ 130031.964520469453419, 479717.991130267037079 ], [ 130027.820346650638385, 479749.600251359050162 ], [ 130025.925503962556832, 479751.20091207860969 ], [ 130011.067161244951421, 479876.093315715843346 ], [ 130004.747118418177706, 479933.248840135871433 ], [ 129999.990364862722345, 479979.870780795346946 ], [ 129996.356743510681554, 480015.249257701623719 ], [ 129992.7264966119983, 480051.2841879731277 ], [ 129984.876990686287172, 480126.87302756914869 ], [ 129981.574181861884426, 480158.845133735972922 ], [ 129978.318142983451253, 480190.616729939589277 ], [ 129973.351511898697936, 480238.786370511283167 ], [ 129968.544828603568021, 480284.852296121127438 ], [ 129958.89048517170886, 480380.956555202661548 ], [ 129951.506359248800436, 480455.308095690794289 ], [ 129947.866429083645926, 480490.642167979443911 ], [ 129947.593377348021022, 480493.280541031563189 ], [ 129939.423992896307027, 480568.704242896346841 ], [ 129929.702763215231244, 480666.177517741685733 ], [ 129912.914494697964983, 480830.290181757765822 ], [ 129891.488240076840157, 481034.215050662285648 ], [ 129877.66078555691638, 481168.593897100072354 ], [ 129862.714096394382068, 481309.32064657472074 ], [ 129850.001965756920981, 481430.75378684460884 ], [ 129845.617118189999019, 481474.826143253885675 ], [ 129842.068181383016054, 481518.349051847180817 ], [ 129837.116510127409128, 481574.262969521281775 ], [ 129832.050742603838444, 481623.81308557104785 ], [ 129826.527081033578725, 481699.902398186968639 ], [ 129824.492944056109991, 481758.327221877698321 ], [ 129749.394803350354778, 481739.528073985769879 ], [ 129743.631935310666449, 481737.83289785287343 ], [ 129737.145259650802473, 481735.918896228715312 ], [ 129732.346038422867423, 481762.691691689891741 ], [ 129732.528898339645821, 481769.121912518399768 ], [ 129730.093825173957157, 481786.235893952776678 ], [ 129726.992323942497023, 481798.346329173306003 ], [ 129721.355114318663254, 481809.212431586638559 ], [ 129722.693651910551125, 481813.656213545007631 ], [ 129721.935869794950122, 481818.78943650360452 ], [ 129720.886552025811397, 481826.906070819008164 ], [ 129718.062454198268824, 481845.257099033740815 ], [ 129716.664904744829983, 481861.264253064640798 ], [ 129715.303817726133275, 481875.068160802242346 ], [ 129713.525219524599379, 481881.88671961624641 ], [ 129711.699118886244833, 481887.414840154990088 ], [ 129709.737756208633073, 481893.155058335745707 ], [ 129707.525506857899018, 481897.828410459915176 ], [ 129705.431931982864626, 481901.711169891466852 ], [ 129702.589474341832101, 481905.798041203524917 ], [ 129700.453512993612094, 481904.062101948249619 ], [ 129698.180633049836615, 481902.215598779788706 ], [ 129682.907179153815378, 481889.82091986911837 ], [ 129682.147256866155658, 481889.201724273792934 ], [ 129678.669485325139249, 481886.382263575389516 ], [ 129657.2455134842603, 481867.154081510321703 ], [ 129653.896330580246286, 481864.1559537590947 ], [ 129637.184442447032779, 481849.165174306195695 ], [ 129629.279412280448014, 481841.862206211371813 ], [ 129606.768290107778739, 481820.770558385062031 ], [ 129566.04314995490131, 481781.725402387732174 ], [ 129535.088725893423543, 481750.908403144276235 ], [ 129479.502985024766531, 481700.63594139914494 ], [ 129450.750342127343174, 481673.902678507147357 ], [ 129436.039763194799889, 481658.546182264108211 ], [ 129392.893092329206411, 481618.480199329205789 ], [ 129370.545536107732914, 481597.767078541393857 ], [ 129342.7130971102888, 481571.218821982853115 ], [ 129330.910906379926018, 481560.676473391591571 ], [ 129327.520237988966983, 481557.645401494926773 ], [ 129325.109026717807865, 481555.477116995141841 ], [ 129311.220193373941584, 481542.264150357630569 ], [ 129303.936528538935818, 481535.325647998892237 ], [ 129287.899179307351005, 481520.666334845067468 ], [ 129265.625971284782281, 481499.997805781546049 ], [ 129265.029914879472926, 481499.444580368057359 ], [ 129245.400734771377756, 481482.46752530708909 ], [ 129237.254917098922306, 481477.592027725826483 ], [ 129224.916851739049889, 481465.04994145774981 ], [ 129223.122766129337833, 481463.568336032913066 ], [ 129222.547560667502694, 481463.092892975430004 ], [ 129220.883595610241173, 481461.721875535440631 ], [ 129220.691821643762523, 481461.555977084557526 ], [ 129219.52083965910424, 481460.582945737056434 ], [ 129219.356511633144692, 481460.450283905956894 ], [ 129197.731340444326634, 481442.560321845870931 ], [ 129176.87325450933713, 481424.054485590546392 ], [ 129161.065644827001961, 481409.138470824633259 ], [ 129144.110116502939491, 481393.772320890857372 ], [ 129127.58921099131112, 481378.092410260811448 ], [ 129107.315435013617389, 481359.294517318776343 ], [ 129082.531781808516826, 481338.662212026130874 ], [ 129081.032524608439417, 481334.909292353084311 ], [ 129074.604888463072712, 481330.102939328819048 ], [ 129070.52410251814581, 481326.85313072160352 ], [ 129061.650563047543983, 481319.812057286442723 ], [ 129057.190789389394922, 481315.807641522493213 ], [ 129056.581401467978139, 481315.321270493557677 ], [ 129044.203567844990175, 481304.459953641809989 ], [ 129038.363781939653563, 481298.649169977346901 ], [ 129007.830934323937981, 481268.812381501193158 ], [ 129000.004873449623119, 481261.320848252100404 ], [ 128994.453663861713721, 481254.651852808776312 ], [ 128990.369574101932812, 481252.091974627459422 ], [ 128953.407565092566074, 481216.025092341762502 ], [ 128940.304680905057467, 481200.939758772379719 ], [ 128903.066328328219242, 481160.457460569508839 ], [ 128896.592451188917039, 481153.426268456270918 ], [ 128892.519163902383298, 481149.063909740652889 ], [ 128868.195850326839718, 481123.011604543600697 ], [ 128863.539591084321728, 481118.018136748403776 ], [ 128832.989266599965049, 481085.289608176099136 ], [ 128806.52854915514763, 481060.050031222053804 ], [ 128796.897665463082376, 481050.509965670178644 ], [ 128785.799901719146874, 481039.531242739758454 ], [ 128748.184203662065556, 481000.365041773417033 ], [ 128747.834504182188539, 480999.999721945263445 ], [ 128745.208908439002698, 480997.365541519713588 ], [ 128701.992575545533327, 480954.034719887888059 ], [ 128691.848332470326568, 480945.487853093713056 ], [ 128672.136893326984136, 480930.494029786612373 ], [ 128663.337556722763111, 480923.542285103816539 ], [ 128659.698553451948101, 480920.134688672202174 ], [ 128658.286839636057266, 480918.818148591846693 ], [ 128653.846004895691294, 480914.658222099184059 ], [ 128652.441106707789004, 480913.341647363267839 ], [ 128651.159597467631102, 480912.146807666984387 ], [ 128646.533754854404833, 480907.820975192938931 ], [ 128633.963251087901881, 480895.715532054950017 ], [ 128623.63501999550499, 480887.236545088351704 ], [ 128608.88483889514464, 480876.87853859673487 ], [ 128590.309552710663411, 480862.76910065318225 ], [ 128573.459147132743965, 480848.617132645740639 ], [ 128560.36219178448664, 480836.314411404717248 ], [ 128543.198152629498509, 480820.929174353310373 ], [ 128528.978223718208028, 480807.786926049215253 ], [ 128522.001676184911048, 480801.304115193954203 ], [ 128510.219064900549711, 480789.995878478686791 ], [ 128505.410625173957669, 480784.725397558766417 ], [ 128505.170830054063117, 480784.515277795144357 ], [ 128499.923144689659239, 480779.992635939561296 ], [ 128486.077607852013898, 480766.770617794827558 ], [ 128485.364797641377663, 480766.095719810226001 ], [ 128484.651927567989333, 480765.409695681999438 ], [ 128484.110485768382205, 480764.900777339818887 ], [ 128484.402208892337512, 480764.621048694476485 ], [ 128474.326658964666422, 480755.039486889960244 ], [ 128465.991449611014104, 480747.006324737216346 ], [ 128465.820079584111227, 480746.840345921227708 ], [ 128465.395631213992601, 480746.531079952197615 ], [ 128456.41536801077018, 480742.82962994085392 ], [ 128450.435436917716288, 480740.380512793140952 ], [ 128444.990926488331752, 480746.206692484265659 ], [ 128431.841693421709351, 480759.818364310602192 ], [ 128425.491201702752733, 480767.084761550824624 ], [ 128423.032909167988691, 480770.257920144707896 ], [ 128412.208307914828765, 480764.697201342729386 ], [ 128411.174761425645556, 480766.516389833646826 ], [ 128405.093363000065438, 480775.628376745793503 ], [ 128400.920093206164893, 480785.776003050268628 ], [ 128398.262363218760584, 480793.701291716541164 ], [ 128398.269612214789959, 480796.315996207820717 ], [ 128400.127478794805938, 480814.631458413612563 ], [ 128400.303717604852864, 480820.772376047214493 ], [ 128399.936601868699654, 480827.316773483122233 ], [ 128399.195701880555134, 480832.828411168360617 ], [ 128398.429187571397051, 480834.846444217371754 ], [ 128397.518460310573573, 480836.676101674500387 ], [ 128397.228422631684225, 480837.267370409565046 ], [ 128398.644460940457066, 480862.1832662470988 ], [ 128398.69100100977812, 480863.228913365048356 ], [ 128398.91454763271031, 480868.023262025613803 ], [ 128399.500540793931577, 480880.615385989251081 ], [ 128399.692860050854506, 480884.675549224368297 ], [ 128400.287006831611507, 480902.586130249430425 ], [ 128400.981075769901508, 480914.988521944615059 ], [ 128401.471342642907985, 480923.731368699343875 ], [ 128402.13701410262729, 480940.996225189708639 ], [ 128402.934915624122368, 480954.955779280746356 ], [ 128404.772183493390912, 480969.45494461938506 ], [ 128408.644882969063474, 480989.662220677477308 ], [ 128410.759762096378836, 480999.998557884828188 ], [ 128410.948891395732062, 481000.932172760483809 ], [ 128414.560331537752063, 481014.409283165587112 ], [ 128416.603052367659984, 481022.743228181847371 ], [ 128418.045611538153025, 481031.05814783409005 ], [ 128418.56526711024344, 481040.201396369899157 ], [ 128418.034804525814252, 481050.60759392241016 ], [ 128416.061808629019652, 481064.114735537848901 ], [ 128415.726268223384977, 481066.38636071246583 ], [ 128411.626516019896371, 481083.821494975476526 ], [ 128405.992587830289267, 481105.059047581453342 ], [ 128400.804572745546466, 481120.452756979037076 ], [ 128395.301318368336069, 481134.279321857611649 ], [ 128379.075230731221382, 481161.292980654747225 ], [ 128366.420991935403435, 481186.807616413221695 ], [ 128355.455277527857106, 481209.309010062774178 ], [ 128354.254926669644192, 481211.785579719056841 ], [ 128340.784753970016027, 481238.940289973514155 ], [ 128340.609338276379276, 481239.286159834766295 ], [ 128332.516715131641831, 481257.154585240175948 ], [ 128329.925414636847563, 481263.421701242565177 ], [ 128328.545559134450741, 481266.744865923654288 ], [ 128321.800400590291247, 481281.590737871418241 ], [ 128316.078171206114348, 481292.670314361515921 ], [ 128307.291980914917076, 481307.071034907596186 ], [ 128298.090293697998277, 481321.540775528061204 ], [ 128291.238908371757134, 481334.362227945413906 ], [ 128283.858883405220695, 481350.290863309288397 ], [ 128276.190758297947468, 481368.413004399801139 ], [ 128268.209941022651037, 481387.961051700403914 ], [ 128259.949389201821759, 481408.72342360811308 ], [ 128253.380504193482921, 481424.569834380992688 ], [ 128248.226660901127616, 481436.046976162353531 ], [ 128240.174899086036021, 481452.524519508762751 ], [ 128228.330473524576519, 481476.221515234268736 ], [ 128220.395661045462475, 481491.608054249722045 ], [ 128216.234321126015857, 481499.997791135043371 ], [ 128214.487526775832521, 481503.523256746469997 ], [ 128211.449419891578145, 481510.326936698402278 ], [ 128209.421823762066197, 481516.134875889110845 ], [ 128208.299449818325229, 481520.391314401698764 ], [ 128205.923605977077386, 481526.101003388816025 ], [ 128154.991693644085899, 481628.91996191983344 ], [ 128125.973831628711196, 481695.269717103568837 ], [ 128097.103899356268812, 481761.095900990709197 ], [ 128072.845473662237055, 481814.769155663379934 ], [ 128069.692406117203063, 481821.673694839933887 ], [ 128068.290978268021718, 481824.730017080029938 ], [ 128065.284115423230105, 481829.686608784541022 ], [ 128064.209776332238107, 481831.461591615632642 ], [ 128059.349715592441498, 481842.892837372259237 ], [ 128059.309235314431135, 481842.970944164902903 ], [ 128059.188158350429148, 481843.272022130666301 ], [ 128040.843805736833019, 481888.635029094119091 ], [ 128030.945556858408963, 481917.540289037162438 ], [ 128026.768939322893857, 481931.74948971712729 ], [ 128023.780810836062301, 481941.368050016229972 ], [ 128022.266617345696432, 481947.484815903531853 ], [ 128018.871368182910373, 481961.200189348135609 ], [ 128010.31749006753671, 481996.540457751019858 ], [ 128009.436508641883847, 482000.00564042647602 ], [ 128001.100696045803488, 482032.807872866862454 ], [ 127999.904546709090937, 482037.231666666455567 ], [ 127994.344620856747497, 482057.75723773118807 ], [ 127989.967852157831658, 482072.724177007214166 ], [ 127987.605303250471479, 482080.770493468735367 ], [ 127982.604016893252265, 482096.219297223724425 ], [ 127979.069314914318966, 482104.33878542581806 ], [ 127972.544037644431228, 482119.094956569431815 ], [ 127961.1883040604298, 482140.620281204464845 ], [ 127950.03340249460598, 482160.208505559654441 ], [ 127949.506911504664458, 482161.168274860596284 ], [ 127946.192152971663745, 482167.105770435126033 ], [ 127933.266370909012039, 482189.451999150565825 ], [ 127918.28104500779591, 482215.370061435853131 ], [ 127908.087399594965973, 482232.416252583265305 ], [ 127895.691589832946192, 482253.135195239156019 ], [ 127886.935060971736675, 482266.190226449107286 ], [ 127868.501698690466583, 482289.790776546171401 ], [ 127860.026979268484865, 482299.517454979300965 ], [ 127857.886241605738178, 482301.965937964327168 ], [ 127844.503516348093399, 482314.211960189626552 ], [ 127842.475438183144433, 482316.070120845572092 ], [ 127840.996771620673826, 482317.424565810826607 ], [ 127839.599479538213927, 482318.700677777524106 ], [ 127829.567579498398118, 482327.879637301317416 ], [ 127825.110174282075604, 482331.765077366784681 ], [ 127809.329370856605237, 482345.493095538695343 ], [ 127786.683798723490327, 482365.378595110843889 ], [ 127782.576335903824656, 482368.427651725360192 ], [ 127777.114417868535384, 482373.097530714701861 ], [ 127759.055239449371584, 482388.974572048755363 ], [ 127739.362679682162707, 482407.786988662788644 ], [ 127720.970287571559311, 482428.706364704004955 ], [ 127709.224860870352131, 482443.525097507168539 ], [ 127708.703359279112192, 482444.139940993685741 ], [ 127707.227041384001495, 482445.906098493258469 ], [ 127698.663623082175036, 482456.746211616788059 ], [ 127694.546783420286374, 482461.775931571202818 ], [ 127690.088261219745618, 482466.651770645403303 ], [ 127675.818679704461829, 482482.319030564744025 ], [ 127659.719612736429553, 482499.965864246303681 ], [ 127650.529314685845748, 482509.585603898740374 ], [ 127630.337504496055772, 482530.404019077075645 ], [ 127624.900920547108399, 482535.897299166652374 ], [ 127617.390089695632923, 482543.493881783855613 ], [ 127604.148524837466539, 482556.385130801179912 ], [ 127600.674710956518538, 482559.330689405556768 ], [ 127593.557918019039789, 482565.445284546236508 ], [ 127590.226090054173255, 482568.178657520678826 ], [ 127583.714162136049708, 482572.732186058070511 ], [ 127579.959107054513879, 482575.356647896463983 ], [ 127577.879693058304838, 482576.525354153651278 ], [ 127572.137390307689202, 482579.728307028941344 ], [ 127569.256109686481068, 482581.346532150229905 ], [ 127565.380865557468496, 482583.192809202242643 ], [ 127555.656275867819204, 482587.374779788777232 ], [ 127551.528400819035596, 482589.144584467925597 ], [ 127548.026775207355968, 482590.755141114641447 ], [ 127526.906237575924024, 482597.64862167875981 ], [ 127513.476300323862233, 482602.34084767656168 ], [ 127493.101519024392474, 482607.260914325073827 ], [ 127486.422054249545909, 482608.633292170707136 ], [ 127471.714355276431888, 482611.541360865172464 ], [ 127452.968139260265161, 482613.893399653839879 ], [ 127440.467427311377833, 482615.287166112684645 ], [ 127437.457309372461168, 482615.793525255226996 ], [ 127429.493222731456626, 482616.605687808478251 ], [ 127419.703958929996588, 482617.717341406852938 ], [ 127417.393324945034692, 482617.752490976301488 ], [ 127408.580222179414704, 482617.890702370670624 ], [ 127398.887494062655605, 482617.97820926643908 ], [ 127388.92731042066589, 482617.777937405044213 ], [ 127383.766739192054956, 482617.706634130096063 ], [ 127363.226760565550649, 482617.432029401999898 ], [ 127347.247446574474452, 482617.221000687160995 ], [ 127334.928536048901151, 482616.989530544204172 ], [ 127326.762492417881731, 482617.035252608417068 ], [ 127317.887605882177013, 482617.096085445431527 ], [ 127308.142465165525209, 482617.562369110935833 ], [ 127271.075010139596998, 482626.293213444936555 ], [ 127250.200854885944864, 482616.27403287118068 ], [ 127129.975522933527827, 482635.487562068097759 ], [ 127092.452191075135488, 482646.703558764886111 ], [ 127074.648168662009994, 482629.969552003371064 ], [ 127047.74979874244309, 482602.238302488636691 ], [ 127038.166733395220945, 482602.437162933405489 ], [ 127000.017639029145357, 482603.07598008972127 ], [ 126993.652429714653408, 482603.345708603155799 ], [ 126967.706876120428205, 482601.890583423315547 ], [ 126945.357970842567738, 482598.790687180822715 ], [ 126939.843288384538027, 482597.586941833549645 ], [ 126923.019434942078078, 482593.921699222293682 ], [ 126901.90715039758652, 482528.984308106941171 ], [ 126890.31742186730844, 482499.998597195546608 ], [ 126889.625892940355698, 482498.266777065873612 ], [ 126867.692592571082059, 482456.900399049976841 ], [ 126849.612490226878435, 482431.445495780382771 ], [ 126834.603929736680584, 482410.301409310719464 ], [ 126792.706604939303361, 482362.41771399055142 ], [ 126706.189262669024174, 482278.516825097438414 ], [ 126682.502528774843086, 482251.614790332969278 ], [ 126670.55414616575581, 482229.374384123424534 ], [ 126651.859414952152292, 482194.543980428366922 ], [ 126651.292764071753481, 482193.212035838747397 ], [ 126650.719359725975664, 482191.891256680362858 ], [ 126650.139138090642518, 482190.570516692416277 ], [ 126649.552099160704529, 482189.249815876712091 ], [ 126648.958306755215744, 482187.940280502254609 ], [ 126648.35769704671111, 482186.630784303473774 ], [ 126647.75027002931165, 482185.321327291894704 ], [ 126647.136025697909645, 482184.011909460881725 ], [ 126646.515027877714601, 482182.713657077867538 ], [ 126645.887212735236972, 482181.415443878795486 ], [ 126645.245827096980065, 482180.128435248043388 ], [ 126644.604377294090227, 482178.830300444038585 ], [ 126643.949356983648613, 482177.543370202940423 ], [ 126643.294400173443137, 482176.267566311173141 ], [ 126642.625745172597817, 482174.980714477540459 ], [ 126641.957153667724924, 482173.704988996440079 ], [ 126641.274991639147629, 482172.440468095999677 ], [ 126640.59276542122825, 482171.164821030513849 ], [ 126639.896968668806949, 482169.900378556456417 ], [ 126639.469908317085356, 482169.135092134412844 ], [ 126639.077316005030298, 482168.436367696791422 ], [ 126638.677970412347349, 482167.748808664618991 ], [ 126638.271743841221905, 482167.050162533065304 ], [ 126637.858827835239936, 482166.373808066186029 ], [ 126637.439030844980152, 482165.686366497422569 ], [ 126637.012480568067986, 482165.010090346855577 ], [ 126636.572359981684713, 482164.34501873573754 ], [ 126636.132175423699664, 482163.668820905673783 ], [ 126635.685237575817155, 482163.003788498637732 ], [ 126635.23154643792077, 482162.349921507469844 ], [ 126634.777855180887855, 482161.696054563275538 ], [ 126634.310529748836416, 482161.042265909549315 ], [ 126633.836451023817062, 482160.399642686301377 ], [ 126633.355555146699771, 482159.757058633433189 ], [ 126632.867905975494068, 482159.12564001546707 ], [ 126632.373439649061766, 482158.494260569335893 ], [ 126631.879037059887196, 482157.874007434234954 ], [ 126631.371000281244051, 482157.253832607355434 ], [ 126630.862963375562686, 482156.633657830534503 ], [ 126630.341356139906566, 482156.024687631230336 ], [ 126629.819748776237248, 482155.415717478608713 ], [ 126629.209072727535386, 482154.729372310452163 ], [ 126625.998003732907819, 482151.142780153488275 ], [ 126625.236457404738758, 482150.301528899290133 ], [ 126624.474974697746802, 482149.471404021722265 ], [ 126623.699857645959128, 482148.641357537417207 ], [ 126622.917987171647837, 482147.822476576489862 ], [ 126622.136180323781446, 482147.014721995219588 ], [ 126621.347556172680925, 482146.207006682234351 ], [ 126620.545297665870748, 482145.399369785678573 ], [ 126619.743102787411772, 482144.602859272155911 ], [ 126618.940907651325688, 482143.806348895363044 ], [ 126618.12514204531908, 482143.021043193875812 ], [ 126617.309376180637628, 482142.235737635113765 ], [ 126616.480039845017018, 482141.46163676364813 ], [ 126615.650767149345484, 482140.698662289592903 ], [ 126614.814677141097491, 482139.935727108793799 ], [ 126613.978586875033216, 482139.172792069672141 ], [ 126613.128926138044335, 482138.421061736589763 ], [ 126612.279329049692024, 482137.680457809939981 ], [ 126611.422914645809215, 482136.939893182949163 ], [ 126610.559746834231191, 482136.210494121536613 ], [ 126609.69657876790734, 482135.481095208029728 ], [ 126608.826657297584461, 482134.762861865456216 ], [ 126607.943101444194326, 482134.044706997403409 ], [ 126607.06642631883733, 482133.337639385950752 ], [ 126596.485207324469229, 482124.897697805252392 ], [ 126592.732182025720249, 482121.915079424099531 ], [ 126586.005313024812494, 482116.301423486089334 ], [ 126575.801875997101888, 482107.180630013870541 ], [ 126531.96635455613432, 482146.220340789004695 ], [ 126529.183263105907827, 482149.48534680827288 ], [ 126516.346080682735192, 482163.634494652680587 ], [ 126504.964107698440785, 482175.950519783596974 ], [ 126481.853909983605263, 482198.437209795927629 ], [ 126454.233789472695207, 482224.955643140885513 ], [ 126414.186436094765668, 482269.170678951544687 ], [ 126401.014221763049136, 482267.722537469351664 ], [ 126327.754086735876626, 482249.498785918869544 ], [ 126247.0862594419159, 482204.86007993662497 ], [ 126152.533198953766259, 482152.559575100487564 ], [ 126139.382317732466618, 482145.49305513658328 ], [ 126070.669268134399317, 482107.941841600113548 ], [ 125999.905808353360044, 482068.523208069556858 ], [ 125876.734464144727099, 482000.006425908650272 ], [ 125799.170661240947084, 481957.10358355398057 ], [ 125797.61112094251439, 481956.233793652791064 ], [ 125795.935357050213497, 481955.309057804348413 ], [ 125707.57586673933838, 481906.318417315953411 ], [ 125609.191196263680467, 481851.358315147750545 ], [ 125546.090370401565451, 481816.529264643148053 ], [ 125537.062346060396521, 481811.731858751678374 ], [ 125535.867850193579216, 481813.786280061700381 ], [ 125533.021882755885599, 481812.14537748292787 ], [ 125534.202875479357317, 481810.113289251748938 ], [ 125495.719555880976259, 481788.901830022165086 ], [ 125490.93788462181692, 481786.215476232231595 ], [ 125448.314523916778853, 481762.514483048988041 ], [ 125426.532122836375493, 481750.071664889052045 ], [ 125375.079970739112468, 481721.984604139172006 ], [ 125371.162542088146438, 481729.284905211243313 ], [ 125354.530452754799626, 481759.426551943528466 ], [ 125336.312938935763668, 481792.326052173739299 ], [ 125306.960033818570082, 481845.275951567688026 ], [ 125287.118287496297853, 481881.200720753462519 ], [ 125266.709996994919493, 481918.097000173933338 ], [ 125245.412778908954351, 481956.76785634359112 ], [ 125221.45731526761665, 482000.005622517550364 ], [ 125208.191568948546774, 482023.941094211768359 ], [ 125183.305191208128235, 482068.709017669549212 ], [ 125176.459024036492337, 482080.889496300951578 ], [ 125157.135813390850672, 482116.566901940735988 ], [ 125122.86012015939923, 482178.905195766245015 ], [ 125098.969325292302528, 482222.332351729273796 ], [ 125073.715014192071976, 482267.926456861780025 ], [ 125048.545201167333289, 482313.887365877570119 ], [ 125042.942269538849359, 482324.124467670044396 ], [ 125038.781831156113185, 482331.660180412116461 ], [ 125038.74133510174579, 482331.727185849216767 ], [ 125036.745487435953692, 482335.355448901304044 ], [ 124999.905164195835823, 482314.972384929773398 ], [ 124980.458848772381316, 482304.208602419879753 ], [ 124974.788833419617731, 482301.13871067459695 ], [ 124967.757323504512897, 482297.264853106578812 ], [ 124959.795938144379761, 482292.940464812971186 ], [ 124949.145163211273029, 482286.930063626845367 ], [ 124890.25278878613608, 482254.587278602994047 ], [ 124835.483298957420629, 482224.35634322988335 ], [ 124772.4409808513592, 482189.2029880961054 ], [ 124725.878426931754802, 482163.485000302433036 ], [ 124660.435674066582578, 482127.357498068769928 ], [ 124638.656138206308242, 482115.452204288216308 ], [ 124618.906787761137821, 482104.446911419392563 ], [ 124607.421105916146189, 482098.052941844274756 ], [ 124577.219693424354773, 482081.370745711028576 ], [ 124546.751521270314697, 482064.579110191029031 ], [ 124539.697861905529862, 482055.009145913063549 ], [ 124537.924491356738145, 482052.66122440143954 ], [ 124536.742471991921775, 482051.133031203120481 ], [ 124535.128294393798569, 482049.173562477284577 ], [ 124525.039546330939629, 482037.185590463574044 ], [ 124521.234066062897909, 482032.546987419947982 ], [ 124519.874446170448209, 482030.964260182867292 ], [ 124515.358318488884834, 482026.063004572642967 ], [ 124512.481656690521049, 482022.798384840600193 ], [ 124511.129397655793582, 482021.304627849312965 ], [ 124504.870595723070437, 482012.408535767812282 ], [ 124503.146905188492383, 482010.382993192120921 ], [ 124502.67230722430395, 482010.808734699734487 ], [ 124493.761378022521967, 482000.794103439606261 ], [ 124493.061073353528627, 481999.997306704521179 ], [ 124488.406485150233493, 481994.763130492996424 ], [ 124487.047187896736432, 481993.236043520329986 ], [ 124483.497724595683394, 481989.2189815902384 ], [ 124479.611323345656274, 481984.736683237890247 ], [ 124478.64156744509819, 481983.362966283923015 ], [ 124477.914469746727264, 481982.644223740382586 ], [ 124475.825319004128687, 481979.953348127717618 ], [ 124471.791754493082408, 481974.826618641847745 ], [ 124469.261685436766129, 481971.392983232624829 ], [ 124465.968455952490331, 481964.715079931134824 ], [ 124450.216163568897173, 481945.363024998630863 ], [ 124440.819548634201055, 481932.914752802986186 ], [ 124437.526793866956723, 481928.528956784575712 ], [ 124435.363364455348346, 481925.960950720764231 ], [ 124430.162573183522909, 481919.51740120141767 ], [ 124427.819888571015326, 481916.62783408589894 ], [ 124426.418683516254532, 481914.945249715587124 ], [ 124425.168629845895339, 481913.450883861340117 ], [ 124422.811616376056918, 481910.45014117838582 ], [ 124421.965093849721598, 481909.164686147880275 ], [ 124419.611520612685126, 481905.618717512988951 ], [ 124418.571906616576598, 481903.978404744993895 ], [ 124418.036363926061313, 481903.36975229321979 ], [ 124417.445868913986487, 481902.694679976732004 ], [ 124415.46614198453608, 481901.171451620699372 ], [ 124413.119376238013501, 481899.828521976538468 ], [ 124410.933127750438871, 481899.085439469257835 ], [ 124406.528539025806822, 481897.922149044403341 ], [ 124404.186659419705393, 481897.369186011666898 ], [ 124393.658524055514135, 481894.897492138668895 ], [ 124389.372235054441262, 481894.122917381231673 ], [ 124389.33126173549681, 481894.112044485576916 ], [ 124388.225602256803541, 481893.918612502515316 ], [ 124387.870683881745208, 481893.854050786583684 ], [ 124381.609000332857249, 481893.358757787733339 ], [ 124379.289704762777546, 481893.150592995167244 ], [ 124376.874896404900937, 481892.931894415232819 ], [ 124373.013970896674437, 481892.588637979759369 ], [ 124372.251836193376221, 481888.420864210405853 ], [ 124369.944834481109865, 481875.895418048661668 ], [ 124369.577916805399582, 481873.894893660210073 ], [ 124369.203767690894892, 481871.827654178894591 ], [ 124367.641053208993981, 481862.791367035126314 ], [ 124366.269300570027553, 481854.866562584822532 ], [ 124365.74867198584252, 481852.266151762101799 ], [ 124364.95368924541981, 481849.400401737249922 ], [ 124360.187589127759566, 481835.020924963173456 ], [ 124357.956134711654158, 481828.091724944242742 ], [ 124354.862828488170635, 481819.610137666168157 ], [ 124352.711664784263121, 481813.537194804404862 ], [ 124351.704152670979965, 481810.483611656993162 ], [ 124350.757100111412001, 481807.285007285128813 ], [ 124349.859700917964801, 481804.397641560179181 ], [ 124349.130600020871498, 481801.164305992599111 ], [ 124355.93720761462464, 481797.161011215648614 ], [ 124358.613591041270411, 481795.575560064520687 ], [ 124361.493881655260338, 481793.888706490804907 ], [ 124369.400754062691703, 481781.500238800363149 ], [ 124372.612826041833614, 481777.241078410705086 ], [ 124374.703252290477394, 481774.613361522206105 ], [ 124377.032433603249956, 481772.006419607787393 ], [ 124382.635138677112991, 481766.25260994565906 ], [ 124384.240704897514661, 481764.595919657964259 ], [ 124392.174415010813391, 481756.524465517723002 ], [ 124399.808453884004848, 481749.600925060454756 ], [ 124405.847676924589905, 481747.171309418685269 ], [ 124410.01667729113251, 481745.498761313152499 ], [ 124417.411246675517759, 481738.432084084139206 ], [ 124423.028983524622163, 481731.788095970754512 ], [ 124424.362144736005575, 481730.177610802813433 ], [ 124438.070777618006105, 481713.29158266162267 ], [ 124439.052044945725356, 481712.106090226094238 ], [ 124441.531553488704958, 481709.542756659153383 ], [ 124442.839519701024983, 481708.266231976973359 ], [ 124452.124287790735252, 481699.240758638770785 ], [ 124454.811788391001755, 481696.130940497969277 ], [ 124460.119791627133964, 481690.100875771662686 ], [ 124466.822286423441255, 481682.448838031326886 ], [ 124472.842054858192569, 481675.746791536337696 ], [ 124475.146468991020811, 481673.529482875368558 ], [ 124477.729586798872333, 481671.176934471994173 ], [ 124481.358719036303228, 481668.183709773351438 ], [ 124484.304005866244552, 481665.962448544509243 ], [ 124490.209527780374628, 481661.731245538510848 ], [ 124494.330512161628576, 481658.89076768833911 ], [ 124495.685611607434112, 481657.513826581125613 ], [ 124505.536513199709589, 481648.496088779880665 ], [ 124505.881557417887961, 481637.011257197125815 ], [ 124506.552828403306194, 481628.673255197121762 ], [ 124508.134938396760845, 481609.937343900091946 ], [ 124508.939096341273398, 481599.929525551153347 ], [ 124509.484705502749421, 481594.429595251684077 ], [ 124514.768970436736709, 481561.306348858925048 ], [ 124516.913091110662208, 481551.879981292935554 ], [ 124517.285286054044263, 481550.319955260958523 ], [ 124519.499379306129413, 481541.182450408814475 ], [ 124523.741217033923022, 481523.6429519802914 ], [ 124527.187966298326501, 481513.162653715990018 ], [ 124531.470445074286545, 481499.99568483280018 ], [ 124534.963513575523393, 481489.281447612331249 ], [ 124540.716455409841728, 481475.738245779590216 ], [ 124540.797037076277775, 481475.537469606148079 ], [ 124542.530161517119268, 481471.320918167184573 ], [ 124549.911444146069698, 481454.251674836326856 ], [ 124560.530285780376289, 481431.454536780365743 ], [ 124567.343148179352283, 481417.28174954035785 ], [ 124577.291161975590512, 481396.246790002624039 ], [ 124580.029766331368592, 481390.321688165364321 ], [ 124579.263469140743837, 481389.892464853997808 ], [ 124552.232307014695834, 481374.982287960010581 ], [ 124550.426155694687623, 481373.992015368130524 ], [ 124539.876348024699837, 481368.171017546672374 ], [ 124538.022259131117607, 481367.147664922638796 ], [ 124527.602446847973624, 481361.403778577747289 ], [ 124508.931515629563364, 481351.104371460911352 ], [ 124484.479238563450053, 481337.613993472245056 ], [ 124480.27163876510167, 481335.303374175447971 ], [ 124530.62230321696552, 481244.032460421847645 ], [ 124530.511250659270445, 481242.608934769348707 ], [ 124530.085477036933298, 481237.693583485786803 ], [ 124528.97201308257354, 481232.938244135701098 ], [ 124527.404188670654548, 481228.586264955345541 ], [ 124524.982754684810061, 481221.813940691645257 ], [ 124516.204269262510934, 481189.267007013026159 ], [ 124507.62482621910749, 481154.738320126547478 ], [ 124506.855651964666322, 481151.638731920276769 ], [ 124495.643825720268069, 481112.653395849047229 ], [ 124471.23813948102179, 481099.173918494780082 ], [ 124468.268672459758818, 481097.534387868246995 ], [ 124463.787091116013471, 481095.058574428490829 ], [ 124373.25157155211491, 481045.08143457910046 ], [ 124378.348780861357227, 481031.341837827349082 ], [ 124395.67240389221115, 481000.002085193467792 ], [ 124414.43265778827481, 480966.072128354280721 ], [ 124414.626613667598576, 480965.458963290438987 ], [ 124420.103270993291517, 480947.989641855703667 ], [ 124419.758417858975008, 480931.924909943772946 ], [ 124418.808068136524525, 480887.424239484942518 ], [ 124416.379000277505838, 480886.081815952900797 ], [ 124378.197821981622837, 480864.955017082684208 ], [ 124267.696475960416137, 480803.832211442175321 ], [ 124179.66426165161829, 480755.133714679628611 ], [ 124225.721213857483235, 480671.842103208648041 ], [ 124237.036886874062475, 480651.398812352446839 ], [ 124242.317005918404902, 480641.841561774897855 ], [ 124255.365830702954554, 480618.249822471057996 ], [ 124241.522627855505561, 480610.614039470150601 ], [ 124190.823204306114349, 480582.656928211799823 ], [ 124167.296950483534602, 480569.685281891725026 ], [ 124103.861668158235261, 480534.70970227610087 ], [ 124093.872990891468362, 480524.112813418731093 ], [ 124073.700322134420276, 480502.241592719510663 ], [ 124071.63357746215479, 480499.995813474990427 ], [ 124071.111759106788668, 480499.43161924672313 ], [ 124048.333255723642651, 480475.295842376362998 ], [ 124026.636455649218988, 480451.865498059953097 ], [ 124004.979111821041442, 480428.234721501125023 ], [ 124000.00168412073981, 480422.94739435199881 ], [ 123984.581736273568822, 480406.543296619842295 ], [ 123970.817329901503399, 480392.064891438581981 ], [ 123956.800032890372677, 480377.510225595906377 ], [ 123942.805488290177891, 480363.333761883608531 ], [ 123933.477018626013887, 480353.723318441072479 ], [ 123919.772397985885618, 480340.123682881472632 ], [ 123905.250053955925978, 480326.640493744809646 ], [ 123890.726020842150319, 480312.901444967603311 ], [ 123869.665348615104449, 480293.250838220061269 ], [ 123849.526282126142178, 480273.772540562669747 ], [ 123841.110768358019413, 480266.237199429539032 ], [ 123824.34828160321922, 480251.232887483783998 ], [ 123840.468667308145086, 480233.6068256010185 ], [ 123827.387265069381101, 480221.594625718018506 ], [ 123817.591042527230456, 480212.510300052119419 ], [ 123814.259464747738093, 480209.80528551194584 ], [ 123811.147237581404625, 480207.276915785332676 ], [ 123798.465091846010182, 480196.953521996736526 ], [ 123796.024624308454804, 480194.96612797875423 ], [ 123793.309960411424981, 480192.757932948356029 ], [ 123773.526478282437893, 480161.661492009123322 ] ] ] ] } }
]
}
