{
"type": "FeatureCollection",
"name": "parks",
"crs": { "type": "name", "properties": { "name": "urn:ogc:def:crs:EPSG::28992" } },
"features": [
{ "type": "Feature", "properties": { "source_id": "parks_0", "name": "Gijsbrecht van Aemstelpark", "category": "park", "subtype": "park", "source": "osm", "acquired_at": "2026-08-12T17:41:01.510895+00:00", "area_sqm": 308505.66854012187 }, "geometry": { "type": "MultiPolygon", "coordinates": [ [ [ [ 119693.903256574849365, 482500.765916802512947 ], [ 119688.525183552541421, 482538.991387889778707 ], [ 119761.631860381894512, 482538.39162228978239 ], [ 119761.911579423147487, 482527.908220165525563 ], [ 119862.569848020502832, 482526.96890549629461 ], [ 119960.348888522450579, 482527.598676651599817 ], [ 120034.796731366193853, 482527.694430776289664 ], [ 120035.894272945646662, 482527.697791594313458 ], [ 120113.704759672633372, 482527.103337942564394 ], [ 120118.497526898281649, 482529.105699454492424 ], [ 120128.739512814237969, 482519.876095984887797 ], [ 120241.587253679521382, 482520.983711019100156 ], [ 120376.057229453756008, 482520.028553411364555 ], [ 120375.750723624019884, 482497.688194383867085 ], [ 120374.81011064791528, 482395.551264876266941 ], [ 120374.586561647243798, 482371.430050505499821 ], [ 120374.529427009780193, 482365.221727916505188 ], [ 120342.571414050529711, 482360.438719719997607 ], [ 120307.119320652796887, 482355.135235925437883 ], [ 120300.008426612213952, 482354.072488042525947 ], [ 120296.098115225686342, 482353.487976282602176 ], [ 120179.122028282552492, 482352.352535971091129 ], [ 120154.005093482337543, 482352.94127163750818 ], [ 120054.134647456681705, 482351.065102943975944 ], [ 119914.331194180122111, 482350.408959435822908 ], [ 119836.82507868250832, 482350.103094841935672 ], [ 119701.153597922981135, 482349.579358007526025 ], [ 119700.522900344745722, 482358.62991674937075 ], [ 119689.757942648429889, 482358.5287967993645 ], [ 119693.903256574849365, 482500.765916802512947 ] ] ], [ [ [ 120494.008478470437694, 482526.680676189076621 ], [ 120615.875272482080618, 482526.910488840541802 ], [ 120963.621061453100992, 482524.503031110507436 ], [ 120967.467442023364129, 482551.469998353393748 ], [ 121058.380978536122711, 482552.102024330932181 ], [ 121058.157043707746197, 482445.064397174573969 ], [ 120998.174048747430788, 482444.008029413525946 ], [ 120868.206881696460187, 482369.765167012868915 ], [ 120847.724275003856746, 482369.172315793985035 ], [ 120774.957951806514757, 482370.042923388653435 ], [ 120613.31319314870052, 482369.340294030902442 ], [ 120402.306523776001995, 482369.722663098189514 ], [ 120404.148978522513062, 482419.646588918229099 ], [ 120402.027700456004823, 482424.345799492031801 ], [ 120401.531842077834881, 482520.017025472596288 ], [ 120492.948584680008935, 482519.377806481323205 ], [ 120494.008478470437694, 482526.680676189076621 ] ] ], [ [ [ 119196.285663453920279, 482457.20224682171829 ], [ 119195.03530344349565, 482511.37642445374513 ], [ 119195.23184312164085, 482613.763555284589529 ], [ 119235.490444624214433, 482613.583273776283022 ], [ 119235.520814829273149, 482623.430247313692234 ], [ 119641.943089106542175, 482618.680555187107529 ], [ 119642.28191089379834, 482451.676560213265475 ], [ 119476.128873819645378, 482455.138069698878098 ], [ 119196.285663453920279, 482457.20224682171829 ] ] ], [ [ [ 119176.636726672993973, 482541.507547836808953 ], [ 119167.298897085071076, 482541.686520037532318 ], [ 118954.548593536252156, 482545.125413262168877 ], [ 118952.409424172408762, 482545.307919712038711 ], [ 118950.303282333625248, 482545.345538045861758 ], [ 118950.077060811687261, 482595.629094750387594 ], [ 118947.016150519630173, 482595.606919702549931 ], [ 118906.419565190866706, 482595.269060924882069 ], [ 118906.385717387543991, 482601.834107607370242 ], [ 118906.075073414351209, 482630.231916883087251 ], [ 119178.060940450784983, 482627.006471096246969 ], [ 119176.636726672993973, 482541.507547836808953 ] ] ] ] } },
{ "type": "Feature", "properties": { "source_id": "parks_1", "name": "Rembrandtpark", "category": "park", "subtype": "park", "source": "osm", "acquired_at": "2026-08-12T17:41:01.510895+00:00", "area_sqm": 445660.09639326076 }, "geometry": { "type": "MultiPolygon", "coordinates": [ [ [ [ 118252.306157458733651, 485488.234867112478241 ], [ 118253.363534168325714, 485490.252084517385811 ], [ 118253.702455843886128, 485491.851828670944087 ], [ 118253.634361851785798, 485497.348999706329778 ], [ 118253.329759693267988, 485502.191446756245568 ], [ 118253.236321250267792, 485507.944724106113426 ], [ 118253.912521452410147, 485513.670019926677924 ], [ 118258.103624871204374, 485531.230382326059043 ], [ 118261.38029198240838, 485547.673740573925897 ], [ 118263.511527907889104, 485564.915630072937347 ], [ 118264.493150340626016, 485575.067142427957151 ], [ 118264.440044716437114, 485578.917428396176547 ], [ 118271.33559091357165, 485603.790278006403241 ], [ 118284.590025460638572, 485649.189398591639474 ], [ 118285.893722901339061, 485660.51796760543948 ], [ 118286.37117428437341, 485684.414898875693325 ], [ 118313.580708414316177, 485684.435181284963619 ], [ 118314.371523062654887, 485500.213153443299234 ], [ 118314.392210889782291, 485455.316163689829409 ], [ 118313.864111992224935, 485452.093301320855971 ], [ 118312.737668644636869, 485449.030660676537082 ], [ 118311.061311516881688, 485446.228023914503865 ], [ 118308.897096715561929, 485443.785072095226496 ], [ 118306.30699815756816, 485441.790360077109654 ], [ 118303.39370004068769, 485440.309886468108743 ], [ 118300.252991831905092, 485439.3985741037759 ], [ 118297.000935556017794, 485439.088941246678587 ], [ 118242.129118138400372, 485438.99641943257302 ], [ 118242.128625530516729, 485460.894064062566031 ], [ 118245.921651302458486, 485466.151082186377607 ], [ 118248.185381939954823, 485470.062010222056415 ], [ 118250.298301616494427, 485474.764068131160457 ], [ 118252.306157458733651, 485488.234867112478241 ] ] ], [ [ [ 118323.685037821429432, 486918.663312337652314 ], [ 118394.235936706405482, 486660.21862498880364 ], [ 118433.273188873339677, 486523.513862170337234 ], [ 118433.92874158702034, 486520.05967698735185 ], [ 118432.769217259658035, 486519.84572920127539 ], [ 118435.019859233347233, 486511.038831709418446 ], [ 118440.261893257003976, 486510.666198203980457 ], [ 118442.737981045225752, 486412.731436653761193 ], [ 118403.15758681553416, 486412.023298970423639 ], [ 118406.076283164118649, 486383.071810385095887 ], [ 118408.665372915493208, 486383.163886545808055 ], [ 118416.336493968585273, 486379.657701555988751 ], [ 118448.684062461019494, 486378.639198886987288 ], [ 118448.873863021231955, 486358.275631950295065 ], [ 118452.47203883084876, 486347.455933084129356 ], [ 118450.820033937838161, 486345.131522797222715 ], [ 118435.56112772464985, 486345.021985373285133 ], [ 118435.452098494191887, 486348.694658110849559 ], [ 118423.122049141791649, 486348.563465851184446 ], [ 118418.653818924562074, 486352.268440854968503 ], [ 118413.079300938436063, 486353.756246312870644 ], [ 118367.435575641618925, 486352.982064790849108 ], [ 118359.238933492772048, 486349.92737536522327 ], [ 118354.821904694079421, 486342.171356760896742 ], [ 118358.337265855676378, 486072.430104808241595 ], [ 118353.7214262408379, 486065.45444454473909 ], [ 118309.826830252277432, 486043.749288504419383 ], [ 118313.422712139145005, 485720.93243526504375 ], [ 118125.465875232592225, 485720.997418621205725 ], [ 118010.830930654337863, 485723.63521651213523 ], [ 118010.460778928245418, 485737.880371490842663 ], [ 118008.353427440553787, 485747.576529344893061 ], [ 117978.336340768786613, 485805.549937743577175 ], [ 118031.133435664116405, 485832.97146958054509 ], [ 118031.085070512373932, 485862.903092486143578 ], [ 118065.08082754680072, 485863.204990525788162 ], [ 118064.784755582688376, 485896.476524803729262 ], [ 118041.960738563007908, 485896.090987617732026 ], [ 118041.386053461552365, 485946.722520883718971 ], [ 117952.88873498144676, 485945.82805593177909 ], [ 117951.920744402188575, 485962.080545140197501 ], [ 117989.667326329261414, 485963.021383361308835 ], [ 118001.122832086024573, 485964.493279987946153 ], [ 118049.665505519558792, 485978.928454233333468 ], [ 118049.087264785484876, 486019.990915495029185 ], [ 117973.740399874572176, 486019.331485387810972 ], [ 117973.38801343049272, 486063.173987873189617 ], [ 117943.140038539844682, 486062.844601244432852 ], [ 117940.839940868419944, 486064.975972063548397 ], [ 117940.067006192839472, 486116.276643399847671 ], [ 117941.786608711263398, 486118.489108673529699 ], [ 117986.888513805897674, 486119.374705943453591 ], [ 117987.186549853504403, 486113.697768162703142 ], [ 117990.933762194705196, 486113.780943747260608 ], [ 117991.063041558591067, 486103.765792575548403 ], [ 117993.580001290363725, 486103.301849721581675 ], [ 117993.689544406501227, 486099.740430595469661 ], [ 118027.273311879020184, 486099.822603581356816 ], [ 118027.157291331386659, 486111.617952626140323 ], [ 118031.039069879494491, 486111.477613498980645 ], [ 118030.625163002783665, 486138.073928464669734 ], [ 117989.885344054928282, 486137.489035062608309 ], [ 117989.590377094194992, 486161.747822501405608 ], [ 117941.973604294558754, 486161.548694211640395 ], [ 117940.142843512498075, 486162.675124634290114 ], [ 117939.564051921246573, 486167.241486879531294 ], [ 117942.036245362513, 486169.893377327127382 ], [ 117972.284399039286654, 486170.334018264024053 ], [ 117971.484982319394476, 486209.061525393917691 ], [ 117941.238736280967714, 486208.843414743314497 ], [ 117939.27677582600154, 486210.638442994095385 ], [ 117938.786385846760822, 486263.272232160379644 ], [ 117940.027850491547724, 486274.389785223582294 ], [ 117977.489890437136637, 486283.121454755950253 ], [ 117977.490938946953975, 486265.095913351571653 ], [ 117985.462765544754802, 486265.369939566939138 ], [ 117985.282322041399311, 486259.474050313991029 ], [ 117989.573501274979208, 486259.441876399097964 ], [ 117989.634654852357926, 486249.427233215246815 ], [ 118025.944467946479563, 486249.822756452311296 ], [ 118025.88324071871466, 486259.837399032141548 ], [ 118030.173586309567327, 486259.693997953028884 ], [ 118030.032997931906721, 486286.399542153871153 ], [ 118018.690536661684746, 486290.823980141780339 ], [ 118017.536294547549915, 486336.786610559793189 ], [ 118021.375481510563986, 486367.356751126761083 ], [ 118033.788823470429634, 486378.613188954652287 ], [ 118033.090003101358889, 486403.542619273881428 ], [ 118020.845919998071622, 486414.872470049420372 ], [ 118020.034649053937756, 486424.781465906766243 ], [ 118014.589296327292686, 486434.391374679049477 ], [ 118009.180393577145878, 486439.772804082254879 ], [ 118001.582764846651116, 486443.946687693125568 ], [ 118002.568013206793694, 486448.167515870009083 ], [ 118023.48069851929904, 486448.344626061036251 ], [ 118022.777983679872705, 486545.487518339185044 ], [ 117972.84750755004643, 486545.08292304124916 ], [ 117972.233505881682504, 486563.113071793690324 ], [ 117938.7857640239381, 486562.585207311378326 ], [ 117938.782317883436917, 486598.413785622920841 ], [ 118021.94958607017179, 486598.568930399487726 ], [ 118020.942867234698497, 486691.485913180105854 ], [ 117971.150918312152498, 486691.191580239392351 ], [ 117970.744612258626148, 486709.665251398226246 ], [ 117937.365135412386735, 486709.025625091104303 ], [ 117936.844396329950541, 486766.666788565460593 ], [ 117940.985112926806323, 486773.868172168033198 ], [ 117952.396538397675613, 486778.789604578982107 ], [ 118054.983690166423912, 486780.468585122667719 ], [ 118069.934034952369984, 486785.029994052252732 ], [ 118081.23572088702349, 486793.513145949458703 ], [ 118086.692693435528781, 486803.709062675072346 ], [ 118089.230225262246677, 486815.150773490371648 ], [ 118088.490614127891604, 486907.509425901516806 ], [ 118091.795909901353298, 486948.765445792581886 ], [ 118149.738680432128604, 486955.564969729981385 ], [ 118213.292369921429781, 486965.883951622177847 ], [ 118307.527074077283032, 486989.772895619506016 ], [ 118326.445607107758406, 486923.538626148365438 ], [ 118323.685037821429432, 486918.663312337652314 ] ] ] ] } },
{ "type": "Feature", "properties": { "source_id": "parks_2", "name": "Vondelpark", "category": "park", "subtype": "park", "source": "osm", "acquired_at": "2026-08-12T17:41:01.510895+00:00", "area_sqm": 477274.81907975534 }, "geometry": { "type": "MultiPolygon", "coordinates": [ [ [ [ 119013.154914759914391, 485632.042042074375786 ], [ 119070.517104828555603, 485654.501058490015566 ], [ 119130.661575362697477, 485679.288286011200398 ], [ 119209.869349176093237, 485711.938210677879397 ], [ 119209.154644691268913, 485713.901714489213191 ], [ 119238.895914098698995, 485725.8367100834148 ], [ 119239.491475447488483, 485724.352527453040238 ], [ 119283.628148153162329, 485742.047388223581947 ], [ 119352.014902498747688, 485766.087814528611489 ], [ 119391.558490906987572, 485781.791716454958078 ], [ 119382.107724850648083, 485806.071874873014167 ], [ 119406.282616342534311, 485818.993813054752536 ], [ 119394.879761989897816, 485840.862372726493049 ], [ 119417.816271224612137, 485852.124272362154443 ], [ 119420.344203032000223, 485845.585729863320012 ], [ 119432.30449231757666, 485850.017046056687832 ], [ 119440.641295025590807, 485827.11360675067408 ], [ 119452.315022112758015, 485804.987288109143265 ], [ 119460.552261124117649, 485807.976738696044777 ], [ 119466.94694528709806, 485800.108549497206695 ], [ 119472.024812527146423, 485796.689449997385964 ], [ 119478.685938886701479, 485805.965805377287325 ], [ 119483.708511497301515, 485802.435847397020552 ], [ 119486.248238146159565, 485806.044925026770215 ], [ 119482.203407895955024, 485816.70014521444682 ], [ 119527.541771731077461, 485834.065851263992954 ], [ 119555.378463175031357, 485844.714587758062407 ], [ 119642.183663578383857, 485876.482358455541544 ], [ 119675.941501880064607, 485890.238261853868607 ], [ 119718.451991464942694, 485908.638486490119249 ], [ 119765.392359413293889, 485929.266203804407269 ], [ 119772.486400483816396, 485913.393231973866932 ], [ 119853.547629894703277, 485946.307244313356932 ], [ 119857.263089671323542, 485937.134544669068418 ], [ 119869.138082018384011, 485942.112736031063832 ], [ 119867.117883003869792, 485948.28024637082126 ], [ 119855.760590019403026, 485974.876307368744165 ], [ 119863.541382548748516, 485977.936436753952876 ], [ 119873.6313049972523, 485954.164497794758063 ], [ 119884.416630026418716, 485952.485510068188887 ], [ 119889.812535879973439, 485952.580655338475481 ], [ 119899.199671805487014, 485954.494481300702319 ], [ 119917.261832070187666, 485959.729226817958988 ], [ 119944.116692537849303, 485970.47613549081143 ], [ 119974.382122804570827, 485985.716482411429752 ], [ 119994.612193815060891, 485996.977995036053471 ], [ 120002.715446714195423, 485995.574200048460625 ], [ 120011.614199244169868, 485995.878311461245175 ], [ 120020.713816681207391, 485998.573282804514747 ], [ 120022.922807741982979, 486000.760743224469479 ], [ 120027.130317485221894, 486003.312358917377423 ], [ 120029.113930656123557, 486006.38043771404773 ], [ 120031.115711973950965, 486012.975591696391348 ], [ 120031.280913814640371, 486018.025999515433796 ], [ 120031.415322173299501, 486022.575918423302937 ], [ 120042.815826218546135, 486026.979290946444962 ], [ 120041.91559011542995, 486030.679770878108684 ], [ 120045.316206535018864, 486030.878228900430258 ], [ 120054.312118360423483, 486045.880262895487249 ], [ 120056.911149501771433, 486044.471013430389576 ], [ 120058.516778030840214, 486047.074452724016737 ], [ 120063.816467029639171, 486044.177352680475451 ], [ 120064.912988538097125, 486046.072280053398572 ], [ 120069.715864292025799, 486042.27742933051195 ], [ 120067.912862306868192, 486037.772696209547576 ], [ 120069.317293901578523, 486036.972754609829281 ], [ 120071.412924597752863, 486040.474003765149973 ], [ 120079.517244953007321, 486035.376221463549882 ], [ 120093.215749683149625, 486054.573257298092358 ], [ 120109.513487106742105, 486046.379975940100849 ], [ 120112.110848357755458, 486051.479958763811737 ], [ 120129.510444495157572, 486042.077260614430998 ], [ 120128.314260918268701, 486039.571047859382816 ], [ 120133.412476250756299, 486037.076011733035557 ], [ 120135.816188988770591, 486038.87270824611187 ], [ 120138.010866245633224, 486038.078332502045669 ], [ 120141.3119275852805, 486027.072850061696954 ], [ 120151.412703057212639, 486021.070944913197309 ], [ 120152.115351905871648, 486022.178667272091843 ], [ 120154.815970626310445, 486020.679738157137763 ], [ 120154.112615396123147, 486019.471879015094601 ], [ 120157.413453015440609, 486018.079983128234744 ], [ 120151.41397390680504, 486003.879997242242098 ], [ 120159.788118356664199, 486000.315945042064413 ], [ 120165.848809555522166, 485998.09232151566539 ], [ 120168.756457831303123, 485992.141211319598369 ], [ 120190.270712135505164, 486002.036989651154727 ], [ 120195.353272606967948, 485994.412664699193556 ], [ 120211.538223161245696, 486001.097077339596581 ], [ 120212.208186498013674, 485999.501221251557581 ], [ 120212.112420952122193, 485998.478228647436481 ], [ 120214.611976412619697, 485993.575942602707073 ], [ 120214.611732661083806, 485992.574530567217153 ], [ 120216.23384684593475, 485989.792523557902314 ], [ 120215.518595179790282, 485987.861496389727108 ], [ 120217.995835093883215, 485981.724292533879634 ], [ 120219.848943164019147, 485980.787711391865741 ], [ 120220.692084530150169, 485976.698229095840361 ], [ 120242.497243991179857, 485985.345981439866591 ], [ 120241.185011314897565, 485988.604251130251214 ], [ 120248.221019823788083, 485991.380931050516665 ], [ 120247.197226184536703, 485994.002940144157037 ], [ 120244.722522563941311, 485993.731063648592681 ], [ 120243.638365466991672, 485996.487020285101607 ], [ 120242.309450364977238, 485997.375394755625166 ], [ 120240.079818086858722, 485998.047574850264937 ], [ 120238.201338066675817, 485997.315304227580782 ], [ 120230.009343120094854, 486017.07858912658412 ], [ 120233.713441759871785, 486018.777160246565472 ], [ 120234.410592587315477, 486020.074088802502956 ], [ 120256.610538241569884, 486029.676028634945396 ], [ 120259.509584320854628, 486032.17028874438256 ], [ 120270.318952024710597, 486007.77101037389366 ], [ 120272.348220562649658, 486008.63575429393677 ], [ 120276.705262528354069, 485998.56871758075431 ], [ 120354.146582560497336, 486032.762578012770973 ], [ 120491.875822669186164, 486091.738111115642823 ], [ 120539.670221512904391, 486113.457611895166337 ], [ 120542.707369326744811, 486111.366825130942743 ], [ 120566.31192987630493, 486097.87220647308277 ], [ 120571.406732520001242, 486094.86581430840306 ], [ 120594.509405083110323, 486081.664129554177634 ], [ 120595.612102621846134, 486080.566017162695061 ], [ 120596.607043577401782, 486078.667525373923127 ], [ 120596.809664106374839, 486076.463004331802949 ], [ 120596.410933308565291, 486074.963663143338636 ], [ 120594.006542746472405, 486072.065194078546483 ], [ 120500.411177095535095, 486032.272391756123397 ], [ 120473.111937869369285, 486021.069377599516883 ], [ 120474.806746599904727, 486016.973984133277554 ], [ 120304.408277056776569, 485945.977768751443364 ], [ 120283.008083506574621, 485937.771967892476823 ], [ 120282.512135047174525, 485940.868710518756416 ], [ 120281.708095059613697, 485942.777050345262978 ], [ 120279.712290940064122, 485946.674344847968314 ], [ 120277.011351682653185, 485950.075892723863944 ], [ 120276.61204066236678, 485949.477853028161917 ], [ 120274.409313044889132, 485951.073353931657039 ], [ 120270.607845949649345, 485952.969399127701763 ], [ 120264.609378292618203, 485954.369070610380732 ], [ 120259.812220054664067, 485954.169161112804431 ], [ 120255.806170640804339, 485953.129177459981292 ], [ 120253.20750852272613, 485958.477211953548249 ], [ 120232.809402096580015, 485950.375843869405799 ], [ 120235.708385042584268, 485943.178632026421838 ], [ 120234.607598078335286, 485940.671722497674637 ], [ 120231.212105027021607, 485942.175500680925325 ], [ 120227.907489677483682, 485939.172279806574807 ], [ 120226.21007767014089, 485937.070139702118468 ], [ 120224.208548099355539, 485933.379007336392533 ], [ 120223.213921186455991, 485930.470787102880422 ], [ 120221.812977295790915, 485923.070194828964304 ], [ 120226.007221543404739, 485914.072435970883816 ], [ 120226.011676315858494, 485912.770566931460053 ], [ 120210.309124022474862, 485902.077051758533344 ], [ 120161.411947573098587, 485878.076373991498258 ], [ 120174.910833121975884, 485845.780127849953715 ], [ 120125.51166783584631, 485825.076880488253664 ], [ 120124.80764789514069, 485826.672988444566727 ], [ 120113.711254598834785, 485821.977978456416167 ], [ 120127.406383951631142, 485790.481348442088347 ], [ 120130.307241026981501, 485788.380145199364051 ], [ 120130.809923058870481, 485785.283339854504447 ], [ 120134.211984167210176, 485776.980962281755637 ], [ 120108.00802247368847, 485765.883485981379636 ], [ 120118.009622294790461, 485742.880445011716802 ], [ 120018.208799321437255, 485700.781678371597081 ], [ 120012.806377874163445, 485697.882478408515453 ], [ 120005.305862533801701, 485693.084341980225872 ], [ 119993.306640946713742, 485686.982893249718472 ], [ 119979.80962987577368, 485681.982525072351564 ], [ 119958.109604679906624, 485676.884630387066863 ], [ 119953.112180021766108, 485675.384600079618394 ], [ 119948.407676795948646, 485673.882495285593905 ], [ 119939.108148382161744, 485669.987376166507602 ], [ 119931.008676176134031, 485665.282619672769215 ], [ 119926.009206206304953, 485661.579521073435899 ], [ 119920.911288678558776, 485656.486274600494653 ], [ 119918.110807644537999, 485652.578405171399936 ], [ 119907.607426042028237, 485655.679541149525903 ], [ 119906.008203284203773, 485656.881477470509708 ], [ 119903.506335737038171, 485660.482096617750358 ], [ 119880.87558165990049, 485650.984935549204238 ], [ 119881.911936776275979, 485647.272333345143124 ], [ 119881.764460952137597, 485644.736467492883094 ], [ 119881.811922050750582, 485642.788936546712648 ], [ 119877.008782172721112, 485635.089962654339615 ], [ 119873.510609391945763, 485635.582175008428749 ], [ 119863.607658100125263, 485634.985028733091895 ], [ 119857.208183606475359, 485633.684228578757029 ], [ 119852.011702730756951, 485631.985434119706042 ], [ 119843.208600255427882, 485627.986819295387249 ], [ 119833.607335881897598, 485622.881222842610441 ], [ 119806.611447563802358, 485606.984190125833265 ], [ 119789.410561023221817, 485599.484953309234697 ], [ 119783.513296746707056, 485609.385375013633166 ], [ 119763.710813623620197, 485598.188425914791878 ], [ 119767.808297415496781, 485590.982386560877785 ], [ 119748.71048926509684, 485584.987820865877438 ], [ 119734.808874099282548, 485579.690583200776018 ], [ 119719.608885141147766, 485572.889414013188798 ], [ 119701.011526864414918, 485562.585376096889377 ], [ 119680.010436741780723, 485547.692097830586135 ], [ 119656.11156328463403, 485532.485845525516197 ], [ 119650.407920327445026, 485530.390326796506997 ], [ 119643.209050902107265, 485526.892415021895431 ], [ 119619.909125738035073, 485518.291380014386959 ], [ 119617.613182900211541, 485518.285578479291871 ], [ 119614.508362042455701, 485519.487271645863075 ], [ 119612.809131960122613, 485520.990443821472581 ], [ 119611.710830189069384, 485522.689592414651997 ], [ 119599.711803385289386, 485519.593334740260616 ], [ 119599.609234252595343, 485516.689969426603056 ], [ 119599.013666072263732, 485514.390987186750863 ], [ 119597.413001608598279, 485511.587377667427063 ], [ 119595.909592810814502, 485509.995894954539835 ], [ 119592.413204292053706, 485507.895743393572047 ], [ 119574.209069531323621, 485501.19445045577595 ], [ 119570.108003340836149, 485483.187296616786625 ], [ 119578.307386542408494, 485464.691324317944236 ], [ 119563.109002539451467, 485454.396799518261105 ], [ 119562.208579405531054, 485453.29057962493971 ], [ 119561.610486275021685, 485451.592468441522215 ], [ 119562.111068121448625, 485449.196608969650697 ], [ 119566.312356560782064, 485441.288667957764119 ], [ 119578.011839381215395, 485412.096959659247659 ], [ 119585.708966835401952, 485387.195558003848419 ], [ 119583.810676328721456, 485386.59719812986441 ], [ 119582.906654497928685, 485384.990293429524172 ], [ 119579.207926679722732, 485381.289340037910733 ], [ 119576.908012892963598, 485377.889905148302205 ], [ 119573.405433696287218, 485370.193020464095753 ], [ 119565.705643142544432, 485350.097598480933812 ], [ 119561.11004776887421, 485341.996873991272878 ], [ 119558.044050757482182, 485338.180126986233518 ], [ 119557.006074627919588, 485336.896866268361919 ], [ 119553.210476719454164, 485332.996344728919212 ], [ 119550.339034067219472, 485330.658072866499424 ], [ 119550.010108686343301, 485330.393390631885268 ], [ 119544.109302733413642, 485326.496863577805925 ], [ 119540.110844251001254, 485339.888887017965317 ], [ 119538.006448763189837, 485343.798386926122475 ], [ 119537.2103844677913, 485348.688778293551877 ], [ 119534.405731942882994, 485360.39208357949974 ], [ 119532.906574458407704, 485363.195683563768398 ], [ 119529.905984875163995, 485366.588663940259721 ], [ 119526.307745781756239, 485369.296076879603788 ], [ 119521.305951897549676, 485371.991323466063477 ], [ 119516.608268841606332, 485373.393678505148273 ], [ 119511.406790450579138, 485373.898386353976093 ], [ 119498.90960423683282, 485371.696096733096056 ], [ 119485.212254785263212, 485370.292475044203456 ], [ 119476.612169151136186, 485369.998280383879319 ], [ 119462.909504552560975, 485370.69772815820761 ], [ 119452.611942034389358, 485373.097356648999266 ], [ 119440.207766465973691, 485377.192327603406738 ], [ 119427.910931355843786, 485383.890233332349453 ], [ 119413.41086971477489, 485393.997729742492083 ], [ 119401.213281790260226, 485405.001068672805559 ], [ 119383.812178104722989, 485418.100432011997327 ], [ 119369.612597129162168, 485426.392219505331013 ], [ 119357.713246792176506, 485431.496298373211175 ], [ 119333.71149207263079, 485439.992478410946205 ], [ 119324.311297337524593, 485442.096597363823093 ], [ 119293.311114315700252, 485444.70181947061792 ], [ 119269.515881410508882, 485444.996347690117545 ], [ 119259.713926803116919, 485444.299536581791472 ], [ 119243.911116495350143, 485441.899284553597681 ], [ 119214.512704499647953, 485435.202500585175585 ], [ 119214.193119033137918, 485434.348050945671275 ], [ 119213.241300100271474, 485434.621993272507098 ], [ 119202.732331122941105, 485430.380960841604974 ], [ 119202.913527052980498, 485430.001335011853371 ], [ 119202.213485770465923, 485429.294293162645772 ], [ 119198.413658535879222, 485428.598599276039749 ], [ 119188.211827233360964, 485423.498604751308449 ], [ 119174.313144798885332, 485414.998389098560438 ], [ 119159.410145347428625, 485403.300975158810616 ], [ 119151.111624643599498, 485394.804685563896783 ], [ 119142.512321916481596, 485384.296637900173664 ], [ 119123.526199733372778, 485359.198901206953451 ], [ 119113.395912031788612, 485347.099764347658493 ], [ 119095.990896415576572, 485328.666739269625396 ], [ 119086.714190158047131, 485320.600489129312336 ], [ 119078.413908716320293, 485314.708011425100267 ], [ 119064.35293760287459, 485305.508292742888443 ], [ 119037.97577107779216, 485290.022623321332503 ], [ 119034.524731457204325, 485287.655489873955958 ], [ 119027.320531090881559, 485282.60075305448845 ], [ 119021.048365272057708, 485277.361206151661463 ], [ 119017.79625904916611, 485274.24713719135616 ], [ 119015.641081735491753, 485272.070856967591681 ], [ 119013.631159782526083, 485270.193943477410357 ], [ 119007.706496657250682, 485263.093700233788695 ], [ 119002.255142104360857, 485255.500433018663898 ], [ 119000.738647843172657, 485253.085839773179032 ], [ 119000.351698269572807, 485253.27781692345161 ], [ 118998.117503436398692, 485247.741817745263688 ], [ 118994.683677646593424, 485239.332717811164912 ], [ 118990.642599446204258, 485228.001692413759883 ], [ 118988.686401057653711, 485219.481680004100781 ], [ 118988.135435670206789, 485214.000171235355083 ], [ 118988.718878137908177, 485205.250228520017117 ], [ 118989.383042449597269, 485202.897624034667388 ], [ 118994.464578469196567, 485183.121574679156765 ], [ 118996.064865503227338, 485177.401843348925468 ], [ 119000.09054434162681, 485168.860469250124879 ], [ 119005.286922320854501, 485160.154789368214551 ], [ 119012.707576457120012, 485150.943324259656947 ], [ 119016.31438106164569, 485146.622084512084257 ], [ 119018.999983671412338, 485143.041930359904654 ], [ 119025.312137101689586, 485131.301645647094119 ], [ 119025.350868101188098, 485121.65440468583256 ], [ 119022.444186832843116, 485116.401465415023267 ], [ 119023.07925973390229, 485114.72781447856687 ], [ 119020.353993006065139, 485113.801890261820517 ], [ 119020.900983262166847, 485112.195641791389789 ], [ 119018.407680235803127, 485111.312535852543078 ], [ 119018.667873477286776, 485110.554015729925595 ], [ 119012.978310791018885, 485108.626027798687574 ], [ 119013.885335364888306, 485105.937852575734723 ], [ 119015.552907013334334, 485101.029896798369009 ], [ 119016.194549414649373, 485099.322816666332074 ], [ 119014.846797442762181, 485097.630233477568254 ], [ 119006.811113943229429, 485095.385545109165832 ], [ 119006.381244831791264, 485097.168970646918751 ], [ 118997.990064747893484, 485095.694638859364204 ], [ 118989.525399477744941, 485095.355793509457726 ], [ 118977.386263086023973, 485096.601521823904477 ], [ 118977.230127465969417, 485095.745895124564413 ], [ 118974.285699856089195, 485096.5351263419725 ], [ 118975.222337725674151, 485098.842673269507941 ], [ 118976.559977174096275, 485102.883080102386884 ], [ 118965.890952929330524, 485107.64531694870675 ], [ 118958.460450761340326, 485110.837309887458105 ], [ 118958.543830637267092, 485111.059237879060674 ], [ 118956.78479178820271, 485111.828701185353566 ], [ 118956.943601726699853, 485112.116839551657904 ], [ 118955.519617489742814, 485113.050760176032782 ], [ 118954.211779208941152, 485114.028340711840428 ], [ 118952.553809145829291, 485115.575945751857944 ], [ 118951.07582016667584, 485117.511676445603371 ], [ 118952.709246119455202, 485119.135396077530459 ], [ 118953.77743862447096, 485120.796622715715785 ], [ 118954.489732070986065, 485122.237910909752827 ], [ 118955.077614203211851, 485124.369970684929285 ], [ 118955.39046900277026, 485127.093759951647371 ], [ 118955.168989505647914, 485129.420883731625509 ], [ 118954.207994348442298, 485133.11087871651398 ], [ 118951.734222213592147, 485138.636717045505065 ], [ 118947.383692658419022, 485147.469799943151884 ], [ 118943.669043404690456, 485155.675141422718298 ], [ 118942.23870260809781, 485159.468707602180075 ], [ 118941.035871112224413, 485163.627798254427034 ], [ 118939.839310124429176, 485169.578262990806252 ], [ 118939.088852302607847, 485176.90519717161078 ], [ 118938.987607307819417, 485187.298395496094599 ], [ 118939.635760681994725, 485190.220018443360459 ], [ 118939.936201284173876, 485192.176146489102393 ], [ 118940.649150904442649, 485194.641096374543849 ], [ 118943.980465537853888, 485200.191312414186541 ], [ 118952.97820018674247, 485213.845002045796718 ], [ 118956.293417013250291, 485218.126885219535325 ], [ 118957.205370675656013, 485218.92136038641911 ], [ 118970.520145211674389, 485229.439187143172603 ], [ 118978.987787233461859, 485237.689152183185797 ], [ 118982.687485049420502, 485242.379940903512761 ], [ 118984.993714996802737, 485246.580188228166662 ], [ 118987.37496965698665, 485252.660323746618815 ], [ 118989.160907649755245, 485257.454089598206338 ], [ 118990.700684440453188, 485260.257948620594107 ], [ 118992.13308810176386, 485267.023742672579829 ], [ 118992.143405025359243, 485273.110043643508106 ], [ 118991.601481296296697, 485278.21008385712048 ], [ 118990.591424158759764, 485282.645928201149218 ], [ 118989.637652786215767, 485286.39149882318452 ], [ 118988.459952062286902, 485289.326444126840215 ], [ 118986.751262110745301, 485291.386242752603721 ], [ 118984.385719782323577, 485294.930701429897454 ], [ 118982.152940932050114, 485297.061085328226909 ], [ 118980.219756368314847, 485298.232377325883135 ], [ 118975.447148055711295, 485302.428629144909792 ], [ 118970.459619452769402, 485306.114619631902315 ], [ 118966.336167331348406, 485308.703880071523599 ], [ 118961.302813618123764, 485310.776823761290871 ], [ 118942.28344771922275, 485316.746133851876948 ], [ 118939.250524362112628, 485318.459560902731027 ], [ 118930.028880240730359, 485322.632716517196968 ], [ 118927.497177145589376, 485323.941923566686455 ], [ 118920.582140562793938, 485328.632334876572713 ], [ 118915.563217716116924, 485332.674669692409225 ], [ 118913.379086428176379, 485335.861778942227829 ], [ 118912.262838451060816, 485338.807420941244345 ], [ 118912.374433418881381, 485342.890153241809458 ], [ 118913.027914913109271, 485344.676797512802295 ], [ 118914.291526162996888, 485346.047290095011704 ], [ 118916.257490282732761, 485347.501665015646722 ], [ 118918.956211228098255, 485348.538993438356556 ], [ 118920.810715373692801, 485348.725725602125749 ], [ 118919.999539837590419, 485354.26168902835343 ], [ 118911.674961101831286, 485353.454630515770987 ], [ 118900.200294372814824, 485350.445248456147965 ], [ 118884.214812733596773, 485343.630126156145707 ], [ 118876.026852142676944, 485339.150272987084463 ], [ 118875.630928537328145, 485339.976555255940184 ], [ 118875.113654631160898, 485340.047100631170906 ], [ 118874.385432430513902, 485340.152569895377383 ], [ 118873.691192164784297, 485340.246663814003114 ], [ 118872.364025661401683, 485340.434403328748886 ], [ 118872.631540963455336, 485338.819055061612744 ], [ 118860.010357091552578, 485330.900093794974964 ], [ 118850.417311904137023, 485326.208030225941911 ], [ 118848.770894074492389, 485325.596981221518945 ], [ 118840.012949794952874, 485323.302220011944883 ], [ 118831.36321843683254, 485321.830067400122061 ], [ 118824.900226366822608, 485321.254309448995627 ], [ 118821.214725251978962, 485321.303565131209325 ], [ 118812.999683740345063, 485321.508411810325924 ], [ 118807.016713860677555, 485322.286633297568187 ], [ 118803.328560515132267, 485322.903390385734383 ], [ 118800.946893792250194, 485323.299162298790179 ], [ 118799.261507974122651, 485323.878986818832345 ], [ 118796.127100235942635, 485325.682261039852165 ], [ 118794.306155016005505, 485327.286750082741491 ], [ 118792.234243138664169, 485329.972383168060333 ], [ 118791.321507695305627, 485331.859511431539431 ], [ 118790.567463488245266, 485334.94717445014976 ], [ 118790.427090264594881, 485337.173571027931757 ], [ 118790.930167204642203, 485340.741596258652862 ], [ 118792.255208842281718, 485343.980915910564363 ], [ 118794.457286101998761, 485346.969014679430984 ], [ 118796.11671634283266, 485348.425589726946782 ], [ 118797.10222469875589, 485349.030340000172146 ], [ 118796.941821010608692, 485349.454335836926475 ], [ 118796.025782734490349, 485351.819941484078299 ], [ 118793.411478462687228, 485358.581973283609841 ], [ 118790.730360676549026, 485365.522525958833285 ], [ 118789.968163083482068, 485367.497565433266573 ], [ 118789.686765271006152, 485368.144985552120488 ], [ 118788.766571553205722, 485368.084972771175671 ], [ 118788.005597657262115, 485368.368724411760923 ], [ 118787.56571468882612, 485368.772516547353007 ], [ 118787.230061089532683, 485369.453715223819017 ], [ 118780.916160066233715, 485392.910890057624783 ], [ 118755.923637324623996, 485476.08936911879573 ], [ 118744.790872296129237, 485513.123337374941912 ], [ 118745.786566413968103, 485515.118857613881119 ], [ 118746.643969046795974, 485516.837222430331167 ], [ 118747.300870120991021, 485518.156493264948949 ], [ 118747.854114197383751, 485519.276242122519761 ], [ 118749.845496754103806, 485523.267284069675952 ], [ 118788.891472901916131, 485539.326099734462332 ], [ 118788.804462248896016, 485539.538147826562636 ], [ 119013.154914759914391, 485632.042042074375786 ] ], [ [ 119693.542281312766136, 485853.749889157596044 ], [ 119690.656828144332394, 485859.879152802051976 ], [ 119666.332109947179561, 485847.780287182191387 ], [ 119669.976623698225012, 485840.154582462564576 ], [ 119624.963272881519515, 485817.678030206647236 ], [ 119527.288607741938904, 485807.363277675874997 ], [ 119530.399265027488582, 485774.761572245450225 ], [ 119569.48450331191998, 485778.898285012051929 ], [ 119570.178287776012439, 485773.051721403258853 ], [ 119611.027985382490442, 485777.198355033178814 ], [ 119640.085114296583924, 485780.3615939017036 ], [ 119641.07943314340082, 485778.418404889467638 ], [ 119649.365597019073903, 485782.542755733418744 ], [ 119652.205751267145388, 485776.74759786791401 ], [ 119657.429277716437355, 485779.380641492665745 ], [ 119660.558300314762164, 485773.015952600981109 ], [ 119663.381874851329485, 485774.419976775185205 ], [ 119664.040060266444925, 485773.102300557307899 ], [ 119680.5711620352522, 485781.306880485964939 ], [ 119684.538350221031578, 485773.066904364386573 ], [ 119690.261132509738673, 485775.974582147027832 ], [ 119680.914932501953444, 485795.079432292608544 ], [ 119686.698602002288681, 485797.931036145368125 ], [ 119687.244009887101129, 485797.036989037995227 ], [ 119689.554830856533954, 485798.188778475101572 ], [ 119690.293172851292184, 485796.647995935345534 ], [ 119694.005391905986471, 485798.47962841228582 ], [ 119693.219603566773003, 485800.05413017020328 ], [ 119730.063397881312994, 485819.474146022868808 ], [ 119729.365839547957876, 485821.003504417953081 ], [ 119736.469012366913375, 485824.524476343416609 ], [ 119737.2017448800907, 485823.150643301196396 ], [ 119745.140182244620519, 485827.255383757990785 ], [ 119744.624954974889988, 485828.560901491960976 ], [ 119747.325460724023287, 485829.910217995406128 ], [ 119751.523605427631992, 485836.834510023181792 ], [ 119732.922176385764033, 485873.496720543073025 ], [ 119693.542281312766136, 485853.749889157596044 ] ] ] ] } },
{ "type": "Feature", "properties": { "source_id": "parks_3", "name": "De Oeverlanden", "category": "park", "subtype": "park", "source": "osm", "acquired_at": "2026-08-12T17:41:01.510895+00:00", "area_sqm": 333692.69560453063 }, "geometry": { "type": "MultiPolygon", "coordinates": [ [ [ [ 115730.411211315047694, 482765.540053158765659 ], [ 115520.970789406710537, 482767.420474584796466 ], [ 115478.821844282807433, 482801.316035008814652 ], [ 115984.474500841082772, 483232.501895380672067 ], [ 116048.652270569451503, 483265.999153261189349 ], [ 116214.86269761461881, 483362.796950991731137 ], [ 116251.84724165975058, 483363.040817699453328 ], [ 116450.845133773516864, 483364.343611233634874 ], [ 116778.765471176011488, 483366.758277681772597 ], [ 116831.791234442905989, 483380.72419468004955 ], [ 116896.721341443422716, 483425.297795458871406 ], [ 116922.896188001526752, 483434.464778053225018 ], [ 116959.201285373201245, 483442.151900385564659 ], [ 116973.073484729990014, 483430.050368613330647 ], [ 117011.336568068887573, 483430.01190461893566 ], [ 117111.50075148922042, 483415.868229508574586 ], [ 117173.653889820969198, 483282.415180037613027 ], [ 117154.473974710766925, 482878.435733248945326 ], [ 117150.255151999925147, 482871.391390647215303 ], [ 117141.159728948143311, 482878.215055687527638 ], [ 117106.545001322636381, 482919.894445240788627 ], [ 117036.876251943846, 483026.57918508478906 ], [ 117141.077733001526212, 483075.672314748808276 ], [ 117129.384208527233568, 483107.19522006547777 ], [ 117094.085784726848942, 483197.237173237313982 ], [ 117025.924720427952707, 483169.64310724765528 ], [ 117003.15038263174938, 483160.538431655848399 ], [ 117038.503719619911863, 483076.047686425212305 ], [ 117033.878888066828949, 483073.82447728025727 ], [ 117028.156794339913176, 483071.620832262735348 ], [ 116990.916919681869331, 483143.88665106811095 ], [ 116957.516732603573473, 483145.490068058425095 ], [ 116930.721615779300919, 483148.010845884680748 ], [ 116885.96464925838518, 483168.896058480720967 ], [ 116629.766471705137519, 483115.9237076092395 ], [ 116433.957505156722618, 483139.323685435985681 ], [ 116253.275631457421696, 483225.357086671399884 ], [ 116202.170774550875649, 483235.972605639952235 ], [ 116147.917397739278385, 483218.885299595829565 ], [ 116121.388925816427218, 483192.834622599126305 ], [ 116021.44711258955067, 483130.888918702316005 ], [ 115918.341226229415042, 483039.795634948241059 ], [ 115926.981626116117695, 483022.224754757946357 ], [ 115971.836704568049754, 482960.583526771515608 ], [ 115933.556777723657433, 482928.796217845869251 ], [ 115880.165420577104669, 483021.126475294935517 ], [ 115758.010010345038609, 482925.803390786168166 ], [ 115730.411211315047694, 482765.540053158765659 ] ] ] ] } },
{ "type": "Feature", "properties": { "source_id": "parks_4", "name": null, "category": "park", "subtype": "park", "source": "osm", "acquired_at": "2026-08-12T17:41:01.510895+00:00", "area_sqm": 7073.600919562763 }, "geometry": { "type": "MultiPolygon", "coordinates": [ [ [ [ 123109.166532386283507, 490700.34312318143202 ], [ 123117.852209572185529, 490719.569804222323 ], [ 123146.573120102169923, 490785.143928384175524 ], [ 123151.091640774262487, 490794.583699144481216 ], [ 123163.502769137674477, 490822.74352253426332 ], [ 123168.579056375019718, 490825.826270543853752 ], [ 123179.867570239686756, 490823.472402960876934 ], [ 123188.425418808299582, 490817.686850897676777 ], [ 123192.660086758725811, 490809.514670851931442 ], [ 123195.044386323730578, 490798.283416227204725 ], [ 123193.545185988507001, 490792.69627607538132 ], [ 123190.514339235553052, 490788.0981806012569 ], [ 123188.609334964334266, 490782.903099961637054 ], [ 123179.620969901268836, 490773.659041487146169 ], [ 123177.230540151620517, 490767.065113544173073 ], [ 123175.411091893402045, 490760.367359850672074 ], [ 123170.870629572367761, 490740.145782601786777 ], [ 123170.798052903817734, 490739.445258957741316 ], [ 123170.06447444553487, 490732.284297060396057 ], [ 123166.936032538375002, 490725.227810286858585 ], [ 123165.423565759847406, 490721.810502113890834 ], [ 123162.11338105633331, 490715.066743816249073 ], [ 123159.135770713561215, 490711.34734576853225 ], [ 123152.428732897154987, 490700.252674214192666 ], [ 123149.068336802461999, 490695.222785199061036 ], [ 123147.725616774943774, 490694.908779549819883 ], [ 123143.703229595819721, 490695.913927776855417 ], [ 123132.619681117648724, 490701.593481522751972 ], [ 123128.263656306327903, 490703.624469671281986 ], [ 123124.903950572042959, 490703.968865410017315 ], [ 123122.55160933121806, 490703.283079954795539 ], [ 123119.870601367845666, 490702.28786846564617 ], [ 123118.52832715891418, 490699.937652645283379 ], [ 123117.793733634651289, 490697.895060140406713 ], [ 123111.043846136293723, 490700.186332963465247 ], [ 123097.16110708816268, 490667.663308309449349 ], [ 123103.770712720681331, 490665.773491253901739 ], [ 123101.750385038380045, 490660.657078203279525 ], [ 123101.746649635533686, 490657.975529417570215 ], [ 123104.762314091058215, 490654.940643733832985 ], [ 123111.483180471986998, 490650.257276128977537 ], [ 123116.849727762339171, 490645.571547523257323 ], [ 123120.541885713711963, 490640.85214214050211 ], [ 123121.877193877298851, 490628.437063066230621 ], [ 123120.541446871633525, 490627.099348711839411 ], [ 123117.520057698886376, 490626.095212017535232 ], [ 123113.155452077378868, 490625.756247489189263 ], [ 123108.792675507589593, 490626.752497938403394 ], [ 123104.765665830811486, 490628.102639901509974 ], [ 123100.403108910570154, 490629.132276966003701 ], [ 123098.055119567419752, 490629.125213161227293 ], [ 123096.707771132452763, 490628.099132297036704 ], [ 123096.370388298106263, 490626.443413258937653 ], [ 123096.711093219491886, 490624.404993915872183 ], [ 123101.413072547904449, 490619.033683342742734 ], [ 123104.427074089588132, 490614.685839418380056 ], [ 123104.760204013917246, 490608.3191220901208 ], [ 123103.763253319135401, 490603.596656179404818 ], [ 123100.740669573307969, 490599.254480134870391 ], [ 123097.719043335237075, 490598.216976412222721 ], [ 123093.023179143667221, 490598.22510521003278 ], [ 123087.984235331387026, 490599.904487385530956 ], [ 123084.632850679641706, 490602.59662308706902 ], [ 123081.27275523035496, 490603.942467679618858 ], [ 123078.584484597871779, 490603.937615678471047 ], [ 123077.582183102713316, 490602.597754336195067 ], [ 123076.911112118992605, 490600.910816268413328 ], [ 123075.28286137842224, 490601.700237573240884 ], [ 123070.703417957411148, 490603.921878704568371 ], [ 123069.489000696732546, 490604.508338918269146 ], [ 123068.069178206409561, 490610.158850059087854 ], [ 123109.166532386283507, 490700.34312318143202 ] ] ] ] } },
{ "type": "Feature", "properties": { "source_id": "parks_5", "name": "Frederiksplantsoen", "category": "park", "subtype": "park", "source": "osm", "acquired_at": "2026-08-12T17:41:01.510895+00:00", "area_sqm": 16215.249033484964 }, "geometry": { "type": "MultiPolygon", "coordinates": [ [ [ [ 121754.124195980490185, 485864.568678898562212 ], [ 121752.788982871061307, 485864.566543267923407 ], [ 121751.265733135922346, 485864.966238596301991 ], [ 121750.138774380407995, 485865.541294112859759 ], [ 121749.170213668228826, 485866.371199198300019 ], [ 121748.447407154977554, 485867.277336851344444 ], [ 121747.835390158928931, 485868.449771304323804 ], [ 121747.557382472208701, 485869.653336612333078 ], [ 121747.468759850802599, 485870.655344249214977 ], [ 121747.576334086537827, 485871.45574833889259 ], [ 121747.890064313818584, 485872.521806832752191 ], [ 121749.220207703911001, 485875.817503996833693 ], [ 121750.692125645990018, 485878.923091385397129 ], [ 121752.56834179352154, 485882.382013776164968 ], [ 121783.755114186991705, 485940.164908365288284 ], [ 121786.597064969595522, 485945.419885918847285 ], [ 121788.239084869332146, 485948.502086609660182 ], [ 121788.672345615108497, 485949.111145377333742 ], [ 121789.261903708553291, 485949.663518872810528 ], [ 121790.034856677608332, 485950.136771300167311 ], [ 121790.901977403074852, 485950.431361837661825 ], [ 121791.890363527898444, 485950.524854696239345 ], [ 121792.917899255771772, 485950.362168337509502 ], [ 121803.359747895272449, 485946.141655735846143 ], [ 121857.247961146611487, 485905.177971352473833 ], [ 121863.191207293712068, 485900.553843149973545 ], [ 121866.42374798815581, 485898.039748621289618 ], [ 121869.933488813432632, 485895.212246178998612 ], [ 121870.460261742904549, 485894.529977543337736 ], [ 121870.755281281599309, 485893.8270104934345 ], [ 121870.845944212662289, 485893.125414719979744 ], [ 121870.772897815797478, 485892.39153711166 ], [ 121870.543849823443452, 485891.758847361837979 ], [ 121870.172125332304859, 485891.182748940773308 ], [ 121869.699192955289618, 485890.751977879903279 ], [ 121869.001617331421585, 485890.344967902870849 ], [ 121866.429127978539327, 485889.705751012661494 ], [ 121863.624958830216201, 485889.056963612092659 ], [ 121852.694747997549712, 485886.515540518506896 ], [ 121846.806366531876847, 485885.108595484751277 ], [ 121827.312545617460273, 485880.443890633061528 ], [ 121805.672485546325333, 485875.726931150595192 ], [ 121756.307085007894784, 485865.010178599506617 ], [ 121754.124195980490185, 485864.568678898562212 ] ] ], [ [ [ 121709.268197931320174, 485877.077016662573442 ], [ 121708.935089437087299, 485877.179403860936873 ], [ 121708.752218142646598, 485877.336411966418382 ], [ 121708.617555412929505, 485877.570982526405714 ], [ 121708.585821610628045, 485877.916126908385195 ], [ 121708.662928336765617, 485878.238283803570084 ], [ 121708.957791113032727, 485878.525592026242521 ], [ 121703.6502893982979, 485898.611853924056049 ], [ 121703.289934947519214, 485898.714425266254693 ], [ 121703.073155302219675, 485898.893915858294349 ], [ 121702.924944718572078, 485899.139704743865877 ], [ 121702.879212524727336, 485899.429309647821356 ], [ 121702.977055103197927, 485899.795833778451197 ], [ 121703.278803862602217, 485900.094222010869998 ], [ 121702.842201283667237, 485902.022100802336354 ], [ 121702.515606333967298, 485902.079937371367123 ], [ 121702.244556962774368, 485902.293174373044167 ], [ 121702.082947888964554, 485902.57243401510641 ], [ 121702.065063603484305, 485902.950865413586143 ], [ 121702.230874860222684, 485903.294677549914923 ], [ 121702.504850680939853, 485903.51536553085316 ], [ 121701.130137058222317, 485908.765354247821961 ], [ 121701.000486427248688, 485908.732848321669735 ], [ 121700.03783027495956, 485912.45568831032142 ], [ 121700.119722726303735, 485912.477389540465083 ], [ 121686.954568642497179, 485962.358582783024758 ], [ 121686.901801008702023, 485962.614854988118168 ], [ 121686.937511628057109, 485962.859403391659725 ], [ 121687.137080665517715, 485963.158480111625977 ], [ 121687.369582535975496, 485963.29043278307654 ], [ 121689.327494969591498, 485963.711167061352171 ], [ 121689.302499885583529, 485964.045139381662011 ], [ 121689.406703644053778, 485964.344859623291995 ], [ 121689.612558781605912, 485964.566006503300741 ], [ 121689.913253502687439, 485964.708625989675056 ], [ 121690.165439922973746, 485964.729178089590278 ], [ 121689.330050424818182, 485968.128485171473585 ], [ 121688.913405373968999, 485967.964394475973677 ], [ 121688.430369070410961, 485968.056667924975045 ], [ 121688.159849473770009, 485968.347789713880047 ], [ 121688.054089007346192, 485968.826955259195529 ], [ 121688.213387605734169, 485969.215318052389193 ], [ 121688.548891726037255, 485969.46897048142273 ], [ 121686.675416243713698, 485976.513742541428655 ], [ 121686.671006893040612, 485976.869829556671903 ], [ 121686.781797100993572, 485977.136124940181617 ], [ 121686.987576757514034, 485977.346145433257334 ], [ 121687.226889743600623, 485977.478052140271757 ], [ 121692.968051812407793, 485979.286364075029269 ], [ 121751.38967497109843, 485997.674597165954765 ], [ 121751.956323667225661, 485997.85993649676675 ], [ 121752.049365312326699, 485997.514379464904778 ], [ 121752.6612852543185, 485995.318281220039353 ], [ 121756.244570853988989, 485996.351196640345734 ], [ 121763.227894520081463, 485998.518409976444673 ], [ 121766.79158305254532, 485984.496920344769023 ], [ 121766.733614102791762, 485975.885176584473811 ], [ 121766.675521215773188, 485974.338944101182278 ], [ 121766.218970931688091, 485971.282150657207239 ], [ 121765.435899817646714, 485967.281778302160092 ], [ 121765.364033088553697, 485965.713385000010021 ], [ 121765.10338351057726, 485964.435559006175026 ], [ 121764.566292371921008, 485962.569874220585916 ], [ 121763.761892925918801, 485960.461199666722678 ], [ 121762.588457134261262, 485958.176981047843583 ], [ 121760.075771786679979, 485952.252192926534917 ], [ 121759.764446133631282, 485951.542174587200861 ], [ 121731.615927773469593, 485899.858687703788746 ], [ 121730.815553033811739, 485898.350837933714502 ], [ 121729.778925146456459, 485896.154719525831752 ], [ 121728.831450740166474, 485894.047014842974022 ], [ 121728.03376217620098, 485891.927174132491928 ], [ 121721.465232949180063, 485874.513515495578758 ], [ 121717.707393934251741, 485875.896314167359378 ], [ 121716.811446538573364, 485876.38080579333473 ], [ 121716.228847300561029, 485876.863185153400991 ], [ 121715.613688787125284, 485877.568319827958476 ], [ 121715.095472405067994, 485878.506463556725066 ], [ 121709.568072120455327, 485877.097248240257613 ], [ 121709.268197931320174, 485877.077016662573442 ] ] ], [ [ [ 121848.935940446535824, 486028.774483505054377 ], [ 121849.371515864128014, 486028.715924776392058 ], [ 121849.649525615182938, 486028.524902634439059 ], [ 121849.845122568469378, 486028.234292798733804 ], [ 121851.909551216493128, 486020.175764119660016 ], [ 121852.215406037081266, 486020.073569473461248 ], [ 121852.445734384731622, 486019.882867640233599 ], [ 121852.600162750080926, 486019.548027178854682 ], [ 121852.563265473145293, 486019.12545699760085 ], [ 121852.356897011719411, 486018.826419319957495 ], [ 121852.008304216433316, 486018.65073122625472 ], [ 121853.490639099472901, 486013.177526318002492 ], [ 121845.627605590125313, 486011.872855925234035 ], [ 121842.619599303041468, 486011.292210477229673 ], [ 121838.757585404644487, 486010.338992256612983 ], [ 121836.266371867270209, 486009.621358027972747 ], [ 121833.834818784642266, 486008.658534940565005 ], [ 121831.059239617461571, 486007.186192120308988 ], [ 121828.753219932143111, 486005.643935192783829 ], [ 121826.094566891086288, 486003.3251736916136 ], [ 121823.630162076224224, 486000.515529633150436 ], [ 121822.239909072639421, 485998.399655796587467 ], [ 121821.122050016507274, 485996.270824957813602 ], [ 121820.116400553321, 485993.607154466211796 ], [ 121819.506953459611395, 485991.10772320907563 ], [ 121819.261146147968248, 485988.995285636920016 ], [ 121819.266700785738067, 485986.781017652130686 ], [ 121819.504004963309853, 485984.587445722310804 ], [ 121819.733892235613894, 485983.317446992732584 ], [ 121820.529821954711224, 485983.156322866794653 ], [ 121822.024671863473486, 485982.589937613054644 ], [ 121823.354693879577098, 485981.824378271063324 ], [ 121824.580894949991489, 485980.814727622841019 ], [ 121825.705518067581579, 485979.894774126529228 ], [ 121826.727890273585217, 485978.964381154102739 ], [ 121827.54389121272834, 485977.734951764694415 ], [ 121828.098727653734386, 485976.162346876750235 ], [ 121828.229514851205749, 485974.33667509269435 ], [ 121827.967910154635319, 485972.914204096305184 ], [ 121827.697541004337836, 485972.215033144922927 ], [ 121828.885266840705299, 485971.561699296173174 ], [ 121831.16056094947271, 485970.556128606549464 ], [ 121833.199312158103567, 485969.83031771046808 ], [ 121836.198450909461826, 485969.086929574725218 ], [ 121839.131714646762703, 485968.677789319131989 ], [ 121841.719595366535941, 485968.571393691992853 ], [ 121844.690878898720257, 485968.751721076783724 ], [ 121846.696756569552235, 485969.216702673817053 ], [ 121866.831785753194708, 485974.066333746770397 ], [ 121868.796863108465914, 485974.542724897735752 ], [ 121869.769971816334873, 485970.330269678554032 ], [ 121870.008401740982663, 485969.316132189065684 ], [ 121868.139359426713781, 485968.939237145183142 ], [ 121868.178587476024404, 485968.69418460392626 ], [ 121877.831784983543912, 485929.162705857539549 ], [ 121878.206062969504273, 485929.104560994368512 ], [ 121878.490742048204993, 485928.891242260870058 ], [ 121878.652136240998516, 485928.578609549324028 ], [ 121878.649673053834704, 485928.211442173400428 ], [ 121878.456627580395434, 485927.867806914728135 ], [ 121878.210206987074343, 485927.691431516839657 ], [ 121871.980278332106536, 485920.044621876673773 ], [ 121873.392402581172064, 485917.297957735194359 ], [ 121874.222963594744215, 485915.189422711206134 ], [ 121874.392681453580735, 485914.086732313211542 ], [ 121874.260288596531609, 485912.630011814238969 ], [ 121873.712670522494591, 485911.220584435563069 ], [ 121872.716514107320108, 485909.96994167676894 ], [ 121871.687641681084642, 485908.919800769188441 ], [ 121870.763559939601691, 485908.258394368865993 ], [ 121869.793288093467709, 485907.819833779532928 ], [ 121868.885069541021949, 485907.492124815296847 ], [ 121862.770857887371676, 485912.017252672754694 ], [ 121836.740716447369778, 485932.175737509794999 ], [ 121809.077818643912906, 485953.636045821534935 ], [ 121804.342100633366499, 485957.495499881100841 ], [ 121801.735418204014422, 485959.87190602789633 ], [ 121799.50338699229178, 485962.245794147718698 ], [ 121797.084443937928881, 485965.188406474131625 ], [ 121794.791184047528077, 485968.586372996447608 ], [ 121792.920033265138045, 485971.948121119872667 ], [ 121791.287596600537654, 485975.352771447505802 ], [ 121789.948143250978319, 485978.766578331764322 ], [ 121788.753460349049419, 485982.435327865241561 ], [ 121787.626222685852554, 485987.016020620882045 ], [ 121784.263011594171985, 486000.468679788173176 ], [ 121783.360045732115395, 486004.969977344793733 ], [ 121782.803580963111017, 486008.322884586988948 ], [ 121782.998127717379248, 486009.901579592959024 ], [ 121785.659866850008257, 486010.651420130452607 ], [ 121786.776392027313705, 486008.529818939394318 ], [ 121790.517078920005588, 486009.67296810093103 ], [ 121790.409438419897924, 486009.873974349000491 ], [ 121790.378448323870543, 486010.330381125793792 ], [ 121790.571646507829428, 486010.696265563485213 ], [ 121790.920541450934252, 486010.916454458842054 ], [ 121791.274975799300591, 486010.947450717445463 ], [ 121791.607927202538121, 486010.82281647407217 ], [ 121791.885187372579821, 486010.520528233086225 ], [ 121792.178690384083893, 486010.607568342820741 ], [ 121842.122915988671593, 486026.594878927513491 ], [ 121848.935940446535824, 486028.774483505054377 ] ] ] ] } },
{ "type": "Feature", "properties": { "source_id": "parks_6", "name": "Oosterpark", "category": "park", "subtype": "park", "source": "osm", "acquired_at": "2026-08-12T17:41:01.510895+00:00", "area_sqm": 143768.97480341679 }, "geometry": { "type": "MultiPolygon", "coordinates": [ [ [ [ 122946.839176941808546, 485828.341504387208261 ], [ 122910.565170300353202, 485919.727579217287712 ], [ 122897.899754690413829, 485954.046971863543149 ], [ 122894.212861117033754, 485965.331233117030933 ], [ 122912.447509928490035, 485970.375507676391862 ], [ 122974.844276640476892, 485986.905307035776787 ], [ 122983.272251338494243, 485962.972608408483211 ], [ 123083.014203290644218, 485993.459484894177876 ], [ 123092.281229923231876, 485975.952820996695664 ], [ 123106.941424852309865, 485973.944293682579882 ], [ 123150.979717849753797, 485988.469729820266366 ], [ 123147.841410601802636, 485995.121525866503362 ], [ 123146.712294844066491, 486002.772896055015735 ], [ 123142.552900661947206, 486002.143254515016451 ], [ 123133.564427011093358, 486031.164225305663422 ], [ 123139.904411376817734, 486032.970350353803951 ], [ 123145.829827394714812, 486037.037891145795584 ], [ 123147.325781749081216, 486041.901761488290504 ], [ 123144.331940572767053, 486050.878122151189018 ], [ 123139.59769168854109, 486059.331631407199893 ], [ 123231.389198875011061, 486106.006606728711631 ], [ 123289.868118952334044, 486137.664597865543328 ], [ 123304.425088138188585, 486109.030975915200543 ], [ 123303.446111743440269, 486101.905007161025424 ], [ 123326.771016629325459, 486050.038129719905555 ], [ 123384.648883795700385, 486075.058421929832548 ], [ 123435.510463716607774, 486093.770863446523435 ], [ 123443.853148435780895, 486071.096832636976615 ], [ 123512.362357860271004, 485910.089214655803517 ], [ 123511.976138236248516, 485905.073512078844942 ], [ 123510.677765212880331, 485900.163767889083829 ], [ 123509.030707148122019, 485896.124134790792596 ], [ 123505.771076136254123, 485893.452252282644622 ], [ 123492.251095392770367, 485888.453586956951767 ], [ 123378.492613830778282, 485843.461025079071987 ], [ 123235.299477085500257, 485785.230357781401835 ], [ 123009.648112523922464, 485696.894297278893646 ], [ 123004.933741390937939, 485698.972167851170525 ], [ 122999.200435901351739, 485701.501717125414871 ], [ 122981.899592226851382, 485744.997112908400595 ], [ 122946.839176941808546, 485828.341504387208261 ] ] ] ] } },
{ "type": "Feature", "properties": { "source_id": "parks_7", "name": "Wertheimpark", "category": "park", "subtype": "park", "source": "osm", "acquired_at": "2026-08-12T17:41:01.510895+00:00", "area_sqm": 6859.7501801379867 }, "geometry": { "type": "MultiPolygon", "coordinates": [ [ [ [ 122423.827613439047127, 486824.507271072186995 ], [ 122375.202855474373791, 486769.628401053952985 ], [ 122338.417192072389298, 486731.606632395531051 ], [ 122342.248692372711957, 486729.077753122837748 ], [ 122346.346777095575817, 486724.63330512290122 ], [ 122345.637438773672329, 486720.365309528890066 ], [ 122354.135182140744291, 486722.056007305916864 ], [ 122368.972588473829092, 486727.654817228205502 ], [ 122369.334219475829741, 486727.752567742019892 ], [ 122381.903417588953744, 486731.274574269307777 ], [ 122394.940676111888024, 486733.48055956652388 ], [ 122407.459603217270342, 486733.520277428149711 ], [ 122431.852018941746792, 486731.779273312189616 ], [ 122437.295407554483972, 486731.988150588935241 ], [ 122440.430325109686237, 486732.267894407501444 ], [ 122442.514202558901161, 486733.255560305260587 ], [ 122444.031981590873329, 486734.12456603924511 ], [ 122445.720688657151186, 486735.09258605632931 ], [ 122447.122317351357196, 486735.906724814383779 ], [ 122449.507857537973905, 486738.227619064040482 ], [ 122449.897928324659006, 486740.572799553279765 ], [ 122450.292069568531588, 486740.43667900597211 ], [ 122453.465018484304892, 486749.58423213462811 ], [ 122456.914942894334672, 486760.454613812966272 ], [ 122458.668037269031629, 486763.959121954103466 ], [ 122462.851472542955889, 486770.385082733700983 ], [ 122471.302351565245772, 486779.453352428041399 ], [ 122475.696652998274658, 486783.774970976111945 ], [ 122427.145351696235593, 486821.536776060820557 ], [ 122423.827613439047127, 486824.507271072186995 ] ] ] ] } },
{ "type": "Feature", "properties": { "source_id": "parks_8", "name": "Van Tuyll van Serooskerkenplein", "category": "park", "subtype": "park", "source": "osm", "acquired_at": "2026-08-12T17:41:01.510895+00:00", "area_sqm": 4375.2307432564103 }, "geometry": { "type": "MultiPolygon", "coordinates": [ [ [ [ 119418.835176348744426, 484222.427725108747836 ], [ 119518.56720004217641, 484244.386700669478159 ], [ 119508.597814687498612, 484286.150443795369938 ], [ 119409.529561532282969, 484264.465062389324885 ], [ 119418.835176348744426, 484222.427725108747836 ] ] ] ] } },
{ "type": "Feature", "properties": { "source_id": "parks_9", "name": null, "category": "park", "subtype": "park", "source": "osm", "acquired_at": "2026-08-12T17:41:01.510895+00:00", "area_sqm": 3867.4196538625688 }, "geometry": { "type": "MultiPolygon", "coordinates": [ [ [ [ 118437.860353662559646, 485422.889130316791125 ], [ 118511.051186348486226, 485422.837291912874207 ], [ 118510.247089012118522, 485406.219729915668722 ], [ 118511.392271120799705, 485368.502396116324235 ], [ 118443.047456320520723, 485368.930034511373378 ], [ 118442.779767633765005, 485383.385787075792905 ], [ 118438.225076490140054, 485382.896549088414758 ], [ 118437.860353662559646, 485422.889130316791125 ] ] ] ] } },
{ "type": "Feature", "properties": { "source_id": "parks_10", "name": "Legmeerplein", "category": "park", "subtype": "park", "source": "osm", "acquired_at": "2026-08-12T17:41:01.510895+00:00", "area_sqm": 1139.5689794023679 }, "geometry": { "type": "MultiPolygon", "coordinates": [ [ [ [ 118514.717551951063797, 485117.767864850058686 ], [ 118497.588183597457828, 485117.683047011727467 ], [ 118496.653134648950072, 485170.920754023827612 ], [ 118504.269237518383306, 485172.611372460843995 ], [ 118505.477330710360548, 485178.432907340989914 ], [ 118516.58914785028901, 485178.350796764949337 ], [ 118516.645286601691623, 485170.272297177813016 ], [ 118516.812985382479383, 485147.783718009421136 ], [ 118517.00806432236277, 485121.62308109953301 ], [ 118514.717551951063797, 485117.767864850058686 ] ] ] ] } },
{ "type": "Feature", "properties": { "source_id": "parks_11", "name": "Sarphatipark", "category": "park", "subtype": "park", "source": "osm", "acquired_at": "2026-08-12T17:41:01.510895+00:00", "area_sqm": 42459.429057101595 }, "geometry": { "type": "MultiPolygon", "coordinates": [ [ [ [ 121676.406174634917988, 485392.582667694019619 ], [ 121680.93081582756713, 485390.693962661491241 ], [ 121691.469486711750505, 485367.334516751230694 ], [ 121710.605398356186925, 485328.695698494615499 ], [ 121713.628298388401163, 485324.347004395443946 ], [ 121735.740984358810238, 485268.386089950916357 ], [ 121735.273038639454171, 485263.649236408120487 ], [ 121576.831440697729704, 485212.779325592215173 ], [ 121552.135023838491179, 485204.913012229313608 ], [ 121550.366654400786501, 485204.357524963095784 ], [ 121548.209123466687743, 485203.682280055887531 ], [ 121445.710729747006553, 485171.409052656730637 ], [ 121433.246746322372928, 485177.034896602330264 ], [ 121415.068973817877122, 485221.087018217484001 ], [ 121413.929032451211242, 485223.776325325714424 ], [ 121412.695756305853138, 485226.766690612537786 ], [ 121411.114270293270238, 485230.649567177344579 ], [ 121387.171766496874625, 485285.522866549203172 ], [ 121389.186226786696352, 485289.203245896089356 ], [ 121421.244373286259361, 485300.634881247999147 ], [ 121446.143615395310917, 485309.311415578005835 ], [ 121449.994518696214072, 485310.542575859930366 ], [ 121460.730601020419272, 485314.375142648059409 ], [ 121465.436180662465631, 485316.056707868934609 ], [ 121528.483536528772675, 485339.150952266703825 ], [ 121530.996878443984315, 485339.056028715276625 ], [ 121534.008498583469191, 485340.103787697444204 ], [ 121566.414966749900486, 485352.769072796741966 ], [ 121676.406174634917988, 485392.582667694019619 ] ] ] ] } },
{ "type": "Feature", "properties": { "source_id": "parks_12", "name": "Gerbrandypark", "category": "park", "subtype": "park", "source": "osm", "acquired_at": "2026-08-12T17:41:01.510895+00:00", "area_sqm": 89527.592814306321 }, "geometry": { "type": "MultiPolygon", "coordinates": [ [ [ [ 117373.338659095345065, 487797.843622976215556 ], [ 117492.641036617249483, 487771.46585377631709 ], [ 117498.084912472957512, 487795.147058561909944 ], [ 117515.489236631634412, 487876.563975251221564 ], [ 117299.845447887026239, 487934.675961493747309 ], [ 117175.205201821401715, 487965.839435610163491 ], [ 117106.97208726091776, 487985.022818902740255 ], [ 116901.17787981305446, 488040.595399854122661 ], [ 116851.770290322019719, 488053.940021723450627 ], [ 116847.515473812643904, 488079.609376129286829 ], [ 116812.324669613779406, 488089.239362834196072 ], [ 116808.180330101022264, 488071.090027257974725 ], [ 116777.254572896141326, 488080.153160098707303 ], [ 116770.280338860873599, 488056.228644525341224 ], [ 116750.772473970850115, 488062.488517763733398 ], [ 116713.885749602224678, 488068.549480231187772 ], [ 116713.482027133577503, 488067.417665301240049 ], [ 116700.832075397993322, 488031.675974180107005 ], [ 116722.19627835979918, 488026.825751040538307 ], [ 116771.181985054441611, 488008.253440542379394 ], [ 116758.849702947030892, 487959.868948769406416 ], [ 116994.05773496706388, 487898.311192747438326 ], [ 117162.395859857468167, 487854.735166310449131 ], [ 117373.338659095345065, 487797.843622976215556 ] ] ] ] } },
{ "type": "Feature", "properties": { "source_id": "parks_13", "name": "Volgermeer", "category": "park", "subtype": "park", "source": "osm", "acquired_at": "2026-08-12T17:41:01.510895+00:00", "area_sqm": 1073017.8596141387 }, "geometry": { "type": "MultiPolygon", "coordinates": [ [ [ [ 128171.566112480795709, 492362.642247410840355 ], [ 128159.797376112634083, 492376.514683768153191 ], [ 128114.209502226498444, 492395.200251555477735 ], [ 128115.677678263527923, 492402.446922487462871 ], [ 128123.46552577696275, 492440.814194832521025 ], [ 128101.264617270600866, 492497.682029649091419 ], [ 128076.633402232648223, 492565.356256616010796 ], [ 128081.074166548758512, 492573.799505617178511 ], [ 128066.151486555521842, 492621.615056401700713 ], [ 128030.680833389502368, 492610.259383529133629 ], [ 128032.716846142691793, 492675.273347724287305 ], [ 128040.208601630292833, 492777.610198709822726 ], [ 128040.41942443937296, 492783.817809587111697 ], [ 128042.183039376599481, 492804.036717279464938 ], [ 128045.294234213550226, 492848.015140261733904 ], [ 128047.219826980785001, 492877.958006026980001 ], [ 128049.118322774622357, 492902.949587427603547 ], [ 128051.625066321896156, 492923.487116584554315 ], [ 128072.918349660045351, 493038.366427463013679 ], [ 128077.415695988122025, 493052.261511645046994 ], [ 128081.195160491450224, 493141.45573624788085 ], [ 128222.083315500436584, 493142.13466723455349 ], [ 128363.465328490914544, 493147.36582727660425 ], [ 128681.060193500350579, 493135.923505985876545 ], [ 128782.243055557832122, 492747.592627242964227 ], [ 128784.064325360726798, 492725.507358885952272 ], [ 128781.518328290461795, 492709.820980759104714 ], [ 128771.25715943974501, 492679.899965699587483 ], [ 128762.764703402790474, 492666.61525518191047 ], [ 128747.759338850810309, 492654.110740439675283 ], [ 128735.524538798519643, 492640.690235670830589 ], [ 128723.462902062019566, 492625.310520609025843 ], [ 128713.542094206713955, 492612.111397368018515 ], [ 128708.71539227332687, 492602.523583405418321 ], [ 128704.040383254847256, 492592.044820690760389 ], [ 128686.196052421830245, 492539.699432841618545 ], [ 128688.996925067607663, 492520.223704403731972 ], [ 128692.595952636140282, 492496.059335130208638 ], [ 128697.856513091974193, 492460.714795781066641 ], [ 128735.616680123377591, 492363.064944478159305 ], [ 128741.991786383878207, 492355.509264816180803 ], [ 128919.521502923918888, 492144.949114732269663 ], [ 128543.053215638792608, 491939.55184341117274 ], [ 128189.529249116400024, 491697.651499015686568 ], [ 128116.850012171053095, 491774.087791609403212 ], [ 128112.640397606868646, 491769.470875259372406 ], [ 127874.159809865494026, 491546.594607144186739 ], [ 127507.094656448520254, 491192.447992403816897 ], [ 127498.55678724446625, 491185.507980821770616 ], [ 127490.953976929813507, 491179.074599421815947 ], [ 127487.368485794984736, 491174.310084146971349 ], [ 127480.252815531508531, 491166.160474946722388 ], [ 127478.837211029400351, 491166.123868982249405 ], [ 127476.243445002110093, 491167.139758483681362 ], [ 127456.269807921358733, 491188.792766724422108 ], [ 127351.668100290698931, 491289.753036600770429 ], [ 127370.802014833854628, 491309.050911704136524 ], [ 127371.847741744888481, 491322.018897470377851 ], [ 127372.63492358433723, 491331.349869623314589 ], [ 127480.102416546418681, 491448.870931643643416 ], [ 127488.134541441177134, 491464.025310979166534 ], [ 127507.085213508893503, 491487.285875631030649 ], [ 128005.223596603551414, 492024.950607555510942 ], [ 128122.478998016566038, 492150.087264969362877 ], [ 128098.923510836815694, 492184.630960164766293 ], [ 128166.245620379471802, 492235.091260392335244 ], [ 128153.947717336151982, 492271.776535393262748 ], [ 128177.218604793713894, 492291.210773569764569 ], [ 128172.247556096757762, 492300.350679696712177 ], [ 128176.693866652145516, 492336.054654511041008 ], [ 128182.429715206570108, 492341.197409552347381 ], [ 128171.566112480795709, 492362.642247410840355 ] ] ] ] } },
{ "type": "Feature", "properties": { "source_id": "parks_14", "name": "Gaasperzoom", "category": "park", "subtype": "park", "source": "osm", "acquired_at": "2026-08-12T17:41:01.510895+00:00", "area_sqm": 180541.52165967863 }, "geometry": { "type": "MultiPolygon", "coordinates": [ [ [ [ 128698.798400912361103, 479394.253862929297611 ], [ 128739.281417421501828, 479393.003988042939454 ], [ 128912.589139187461114, 479387.62512288527796 ], [ 129102.340125352187897, 479381.75452992686769 ], [ 129095.234448398812674, 479322.198049315949902 ], [ 129108.889090923446929, 479311.534099361742847 ], [ 129101.124037973146187, 479282.378742191474885 ], [ 129065.483322939064237, 479222.526744124945253 ], [ 129047.377116237417795, 479192.13502723275451 ], [ 129014.728483951708768, 479134.648774420318659 ], [ 128983.552546006758348, 479079.758598810643889 ], [ 128971.387063392146956, 479058.481922752223909 ], [ 128941.596098624329898, 479006.399735754879657 ], [ 128926.542654223943828, 479008.025646630674601 ], [ 128856.163728757339413, 479015.607104485156015 ], [ 128847.933568666441715, 479009.809183381090406 ], [ 128837.527358305233065, 478969.196757636906113 ], [ 128722.211085762130097, 478969.796878626337275 ], [ 128718.893539751632488, 479006.609931680199225 ], [ 128710.7693655078765, 479019.504242688592058 ], [ 128703.75578827917343, 479021.878093528444879 ], [ 128654.455603782902472, 478999.94299698312534 ], [ 128596.968648695969023, 478999.65980203053914 ], [ 128598.947848883966799, 479187.709880769951269 ], [ 128538.062481688684784, 479188.035232211346738 ], [ 128535.293269894013065, 479327.042736482806504 ], [ 128633.473851704082335, 479330.368169212306384 ], [ 128631.317975443351315, 479364.83854507812066 ], [ 128643.084803022109554, 479376.447564460046124 ], [ 128654.315422349056462, 479396.248598942707758 ], [ 128698.798400912361103, 479394.253862929297611 ] ] ] ] } },
{ "type": "Feature", "properties": { "source_id": "parks_15", "name": "Theo van Goghpark", "category": "park", "subtype": "park", "source": "osm", "acquired_at": "2026-08-12T17:41:01.510895+00:00", "area_sqm": 42443.989800405834 }, "geometry": { "type": "MultiPolygon", "coordinates": [ [ [ [ 129256.931853789603338, 484639.735830375168007 ], [ 129245.663170252330019, 484626.921062661742326 ], [ 129242.414135503946454, 484623.221710091340356 ], [ 129181.223327336716466, 484553.599186534702312 ], [ 129049.037974630933604, 484668.573557856259868 ], [ 129014.418608828360448, 484698.60833427432226 ], [ 128886.305246566844289, 484811.640814303187653 ], [ 128973.527881055124453, 484856.043028371233959 ], [ 128983.215343916701386, 484860.965596509748138 ], [ 128997.077071719337255, 484868.024772937875241 ], [ 129010.267497164066299, 484856.283500430756249 ], [ 129091.771401842604973, 484783.721298182848841 ], [ 129093.127896201141994, 484782.53475935588358 ], [ 129111.026997800596291, 484766.896995718125254 ], [ 129134.814531879936112, 484746.310485509166028 ], [ 129137.229576492783963, 484744.283918117347639 ], [ 129198.837112707929919, 484690.531613923085388 ], [ 129224.286052493029274, 484668.278995981614571 ], [ 129236.522236314602196, 484657.578096027253196 ], [ 129252.841753761633299, 484643.306544579041656 ], [ 129256.931853789603338, 484639.735830375168007 ] ] ] ] } },
{ "type": "Feature", "properties": { "source_id": "parks_16", "name": "Wibautpark", "category": "park", "subtype": "park", "source": "osm", "acquired_at": "2026-08-12T17:41:01.510895+00:00", "area_sqm": 6297.454316195297 }, "geometry": { "type": "MultiPolygon", "coordinates": [ [ [ [ 122717.696737403341103, 485141.900248487887438 ], [ 122736.211430641094921, 485141.345304409158416 ], [ 122748.244311026413925, 485138.329239515180234 ], [ 122758.580479424766963, 485134.23385990638053 ], [ 122760.818140206582029, 485127.376298476126976 ], [ 122766.381528174097184, 485124.825335158326197 ], [ 122778.998610358888982, 485125.711022235278506 ], [ 122783.209198216020013, 485122.579187128518242 ], [ 122778.144905716239009, 485100.336473442730494 ], [ 122773.67265978101932, 485079.035675628809258 ], [ 122768.748313484495156, 485051.106290075171273 ], [ 122765.347939376137219, 485022.84428681305144 ], [ 122763.926106688857544, 485001.256547545432113 ], [ 122763.570997007831465, 484971.906502320431173 ], [ 122757.033591616549529, 484974.530586417880841 ], [ 122753.038718088704627, 484985.672292700270191 ], [ 122750.307454297013464, 484995.203498648945242 ], [ 122749.003428973039263, 485006.272003480640706 ], [ 122729.065357651212253, 485069.557688758184668 ], [ 122728.797199229826219, 485070.227046204905491 ], [ 122702.250536550229299, 485136.593646599911153 ], [ 122717.696737403341103, 485141.900248487887438 ] ] ] ] } },
{ "type": "Feature", "properties": { "source_id": "parks_17", "name": "Eerste Weteringplantsoen", "category": "park", "subtype": "park", "source": "osm", "acquired_at": "2026-08-12T17:41:01.510895+00:00", "area_sqm": 9355.1516655273535 }, "geometry": { "type": "MultiPolygon", "coordinates": [ [ [ [ 121155.360667089262279, 485745.129475004039705 ], [ 121122.382366876030574, 485764.082044220180251 ], [ 121108.890149589627981, 485771.484945736767258 ], [ 121092.122324620562722, 485783.01616768212989 ], [ 121069.750970054767095, 485803.899083436699584 ], [ 121053.546572497551097, 485823.037297357222997 ], [ 121053.019521430862369, 485823.66402192460373 ], [ 120989.631896668724949, 485926.644865649577696 ], [ 120987.814410326129291, 485931.786842133908067 ], [ 121001.115536418190459, 485949.153180022141896 ], [ 121009.153537225502077, 485946.138103752338793 ], [ 121074.979372534988215, 485893.61191679420881 ], [ 121070.497221649158746, 485882.749580240575597 ], [ 121065.606190697508282, 485883.762353605532553 ], [ 121057.658531781606143, 485866.247769247042015 ], [ 121056.93387461452221, 485863.893869653285947 ], [ 121057.160516499381629, 485861.188499157200567 ], [ 121057.60437161885784, 485859.360652545117773 ], [ 121067.029813307934091, 485832.202106944459956 ], [ 121071.370640725886915, 485833.396222692623269 ], [ 121077.740437438013032, 485816.584368002251722 ], [ 121079.717548337866901, 485813.833591882721521 ], [ 121082.056682141075726, 485812.215262964018621 ], [ 121084.856731186882826, 485811.250250103592407 ], [ 121087.969053254157188, 485811.117603811260778 ], [ 121129.047263522108551, 485824.009752613375895 ], [ 121133.161875946098007, 485823.013495426275767 ], [ 121137.177937350817956, 485820.560307162930258 ], [ 121141.24924061409547, 485819.208296298224013 ], [ 121145.852851508825552, 485818.9875721046119 ], [ 121146.929203829509788, 485813.027355379716028 ], [ 121149.867091407024418, 485806.331134035950527 ], [ 121153.102128297570744, 485802.236547904438339 ], [ 121167.943807357209153, 485782.996735257678665 ], [ 121170.120437236590078, 485780.522798803052865 ], [ 121171.708107423008187, 485777.596699987538159 ], [ 121173.263119032562827, 485773.880822982115205 ], [ 121173.074446337879635, 485771.200557887204923 ], [ 121171.860768168888171, 485765.078008957847487 ], [ 121171.104857269587228, 485765.116568548954092 ], [ 121170.387890928643174, 485762.8849951318698 ], [ 121169.576873234240338, 485762.834918178385124 ], [ 121169.004636697267415, 485760.84714277688181 ], [ 121168.248496447806247, 485760.852323984843679 ], [ 121167.511091990745626, 485758.620891035301611 ], [ 121166.741251001687488, 485758.615039557917044 ], [ 121165.962668079431751, 485756.339381837111432 ], [ 121165.206374644796597, 485756.322310961899348 ], [ 121164.372760257596383, 485753.969143049151171 ], [ 121163.623278536251746, 485753.952025732782204 ], [ 121162.838033887863276, 485751.698667747201398 ], [ 121162.067810538195772, 485751.637185635452624 ], [ 121161.110508685931563, 485749.129090826027095 ], [ 121160.347097002508235, 485749.067562291573267 ], [ 121159.465718204388395, 485746.703595774713904 ], [ 121158.681488534944947, 485746.586576206726022 ], [ 121157.896469294588314, 485744.36659785208758 ], [ 121155.360667089262279, 485745.129475004039705 ] ] ] ] } },
{ "type": "Feature", "properties": { "source_id": "parks_18", "name": "Diemerpark", "category": "park", "subtype": "park", "source": "osm", "acquired_at": "2026-08-12T17:41:01.510895+00:00", "area_sqm": 639159.602003432 }, "geometry": { "type": "MultiPolygon", "coordinates": [ [ [ [ 128555.326800394817838, 484211.617589248344302 ], [ 128588.623218408232788, 484251.372937678999733 ], [ 128517.111609505547676, 484342.515773395774886 ], [ 128486.731207512479159, 484449.92840861750301 ], [ 128426.954240161692724, 484563.173911276389845 ], [ 128426.051925912397564, 484609.498978845775127 ], [ 128327.826828275123262, 484746.374342395050917 ], [ 128252.944948474527337, 484748.92673423193628 ], [ 128181.621294215277885, 484827.033150608476717 ], [ 128053.864491298663779, 485026.328190727974288 ], [ 127902.988998159926268, 485099.165440864977427 ], [ 127852.204247994493926, 485186.043165298993699 ], [ 127752.07804210598988, 485272.203166575171053 ], [ 127621.190522546981811, 485315.698008970008232 ], [ 127600.524451453209622, 485420.826154247159138 ], [ 127661.675616253894987, 485482.362656388489995 ], [ 127675.815506545608514, 485567.970906329108402 ], [ 127628.230358763219556, 485639.322779937239829 ], [ 127505.361922534677433, 485674.920918630086817 ], [ 127437.02512043491879, 485639.218081882689148 ], [ 127243.360059105049004, 485612.374945753836073 ], [ 127233.222027130163042, 485610.974348594201729 ], [ 126946.698958907247288, 485557.572389180248138 ], [ 126931.759560936057824, 485557.668412357219495 ], [ 126925.716268858304829, 485581.536130105727352 ], [ 126901.39149111667939, 485611.950205158093013 ], [ 126871.581063040808658, 485622.890564953151625 ], [ 126861.161564319292665, 485768.164363895601127 ], [ 126832.96391049848171, 485766.678388422587886 ], [ 126836.006145519946585, 485700.490601432393305 ], [ 126842.124374284147052, 485630.135027955169789 ], [ 126845.591801430375199, 485614.582398413331248 ], [ 126851.682804497744655, 485599.159462405543309 ], [ 126878.41723091393942, 485557.671490570879541 ], [ 126914.55279426240304, 485513.660066301818006 ], [ 126933.290908727576607, 485490.287627465964761 ], [ 126967.962358072749339, 485449.812087298021652 ], [ 126982.151128111523576, 485435.033213418442756 ], [ 127006.806301515549421, 485415.788871870434377 ], [ 127056.870539355324581, 485375.58278959634481 ], [ 127067.845103228770313, 485366.9976638922235 ], [ 127130.286136104143225, 485317.776496104197577 ], [ 127327.160247898456873, 485160.105912057624664 ], [ 127395.390702482283814, 485103.545494344318286 ], [ 127570.840142829605611, 484964.296844851283822 ], [ 127761.35768289558473, 484812.743214479531161 ], [ 127772.939642853074474, 484803.889293239975814 ], [ 127798.352918319491437, 484785.078732286347076 ], [ 127885.838624581287149, 484716.624943598348182 ], [ 127974.383600052387919, 484649.546639374922961 ], [ 128103.680259741187911, 484550.347772477311082 ], [ 128228.967424864502391, 484455.958531453332398 ], [ 128340.396653423827956, 484372.440133398340549 ], [ 128408.524277561009512, 484321.724869708297774 ], [ 128491.845165794831701, 484253.749479962047189 ], [ 128521.64590589805448, 484232.449044249602593 ], [ 128540.500006813439541, 484223.313190769928042 ], [ 128555.326800394817838, 484211.617589248344302 ] ] ] ] } },
{ "type": "Feature", "properties": { "source_id": "parks_19", "name": null, "category": "park", "subtype": "park", "source": "osm", "acquired_at": "2026-08-12T17:41:01.510895+00:00", "area_sqm": 759.42428329879249 }, "geometry": { "type": "MultiPolygon", "coordinates": [ [ [ [ 121585.72027103198343, 484142.880679722002242 ], [ 121614.707591126789339, 484158.707197743526194 ], [ 121613.18448407141841, 484161.221012326306663 ], [ 121619.237858556967694, 484165.552914172061719 ], [ 121612.512285042816075, 484174.688929015072063 ], [ 121611.061448891501641, 484174.78775007778313 ], [ 121577.965038560359972, 484167.022572963498533 ], [ 121577.17722135828808, 484163.389454750926234 ], [ 121585.72027103198343, 484142.880679722002242 ] ] ] ] } },
{ "type": "Feature", "properties": { "source_id": "parks_20", "name": "Martin Luther Kingpark", "category": "park", "subtype": "park", "source": "osm", "acquired_at": "2026-08-12T17:41:01.510895+00:00", "area_sqm": 44416.982444401787 }, "geometry": { "type": "MultiPolygon", "coordinates": [ [ [ [ 122393.062855439900886, 483602.211414094723295 ], [ 122381.430310524709057, 483594.143441563530359 ], [ 122377.185281940939603, 483591.189508828683756 ], [ 122376.698711773351533, 483591.815818719856907 ], [ 122374.562565561704105, 483590.33894394338131 ], [ 122372.90845253597945, 483592.708734508778434 ], [ 122372.952723097070702, 483593.220271629863419 ], [ 122372.846180501612253, 483593.599284044234082 ], [ 122372.60355714376783, 483594.012575391330756 ], [ 122371.521671641414287, 483595.310421291680541 ], [ 122367.76913226293982, 483598.817873131134547 ], [ 122366.204188806688762, 483600.241305089555681 ], [ 122363.074104979328695, 483604.089577414677478 ], [ 122343.486006183695281, 483632.83697158517316 ], [ 122339.794313759732177, 483638.324601022643037 ], [ 122339.264950506025343, 483638.661902669176925 ], [ 122338.571659536435618, 483638.944654529797845 ], [ 122336.551797912601614, 483639.59223275561817 ], [ 122336.245270108629484, 483639.616512941604014 ], [ 122335.842081694412627, 483639.452277860196773 ], [ 122335.752971741894726, 483639.374979944026563 ], [ 122335.588455394201446, 483639.231420244439505 ], [ 122332.621235948347021, 483639.874137424165383 ], [ 122332.671442447812296, 483640.252114248520229 ], [ 122332.592163994268049, 483640.630947310302872 ], [ 122332.335548491828376, 483640.988699589041062 ], [ 122331.96878945606295, 483641.18027928576339 ], [ 122330.459024151554331, 483641.668712673825212 ], [ 122328.310489201743621, 483642.439539254643023 ], [ 122267.383090037445072, 483664.239565150346607 ], [ 122266.049992863452644, 483660.532069892331492 ], [ 122256.089292325574206, 483664.103001796989702 ], [ 122251.638661074568518, 483651.726197309850249 ], [ 122254.480759805606795, 483650.717078521847725 ], [ 122250.890440962088178, 483640.637805829173885 ], [ 122249.481622630453785, 483636.819549699372146 ], [ 122246.203123420549673, 483627.517084504186641 ], [ 122245.041999284760095, 483624.053242836031131 ], [ 122242.003485293447739, 483614.971723940281663 ], [ 122237.452938287766301, 483601.927991315722466 ], [ 122234.754976838943549, 483593.845624317007605 ], [ 122232.140337413031375, 483585.9963675129693 ], [ 122230.856596476311097, 483582.544469307875261 ], [ 122230.772896684997249, 483582.255729499971494 ], [ 122230.750532589707291, 483581.966582845838275 ], [ 122229.876333812600933, 483579.635768162668683 ], [ 122228.157358941243729, 483577.355064477073029 ], [ 122222.033658042491879, 483563.47615083924029 ], [ 122217.758650569681777, 483553.96890883758897 ], [ 122213.961033298808616, 483545.53779517946532 ], [ 122211.48414705862524, 483539.968615017598495 ], [ 122211.352739491179818, 483539.680192182771862 ], [ 122209.354268769733608, 483536.366564119525719 ], [ 122207.555576382699655, 483533.374285950325429 ], [ 122202.128532360206009, 483523.84132443141425 ], [ 122200.327245688415132, 483520.459630551515147 ], [ 122198.442475464427844, 483516.82257682987256 ], [ 122196.390813809295651, 483512.685929130064324 ], [ 122194.324853456811979, 483508.449236666900106 ], [ 122192.128514424315654, 483504.07989012968028 ], [ 122191.838286635262193, 483503.480974079226144 ], [ 122191.38471594202565, 483502.916522996732965 ], [ 122190.929593445383944, 483502.11842093145242 ], [ 122190.582109905502875, 483501.108196184155531 ], [ 122190.418636395930662, 483500.09674941241974 ], [ 122190.411247234122129, 483498.984125486982521 ], [ 122190.649278967408463, 483497.880998412671033 ], [ 122191.058060162482434, 483496.832371034717653 ], [ 122191.557951325870818, 483496.161447456630412 ], [ 122192.295487902418245, 483495.355425008165184 ], [ 122193.340521415258991, 483494.669754718546756 ], [ 122199.22492129119928, 483490.958861470338888 ], [ 122211.921628787546069, 483484.710371164255776 ], [ 122216.235186699093902, 483482.556539458048064 ], [ 122230.083883053041063, 483475.299046331841964 ], [ 122230.259381486393977, 483475.041967464901973 ], [ 122230.27753932311316, 483474.696918435394764 ], [ 122242.556181312014814, 483470.142543546622619 ], [ 122240.912096548694535, 483466.826553293212783 ], [ 122240.325939980801195, 483465.795654346235096 ], [ 122239.59496618565754, 483464.509801032021642 ], [ 122238.134198000174365, 483462.116114548407495 ], [ 122236.717492716328707, 483460.200585599697661 ], [ 122235.852499650267418, 483459.260550192324445 ], [ 122234.28625791981176, 483453.295884570339695 ], [ 122232.123937251832103, 483445.83306472946424 ], [ 122230.874558657815214, 483441.401787091395818 ], [ 122229.624366057352745, 483436.848121171933599 ], [ 122228.448327496967977, 483432.171569691097829 ], [ 122227.332664907182334, 483427.349970535608009 ], [ 122226.346048024453921, 483422.460755224048626 ], [ 122225.379875176338828, 483417.571404512273148 ], [ 122224.468149171036202, 483412.670566078682896 ], [ 122223.611239239806309, 483407.813871079357341 ], [ 122223.102968050778145, 483405.169081996369641 ], [ 122220.803856038342929, 483391.476207673549652 ], [ 122219.645141353015788, 483383.250117606366985 ], [ 122218.945639700963511, 483378.492519720341079 ], [ 122218.217620256735245, 483373.545956831483636 ], [ 122217.46885799834854, 483368.555024811590556 ], [ 122216.754466520636925, 483363.608371769194491 ], [ 122216.026812069685548, 483358.717440506792627 ], [ 122215.34715933422558, 483353.870697759324685 ], [ 122214.63320683510392, 483348.990802563494071 ], [ 122214.219454890495399, 483346.211866632569581 ], [ 122213.891548357569263, 483344.044331006705761 ], [ 122213.197522527625551, 483339.086416764068417 ], [ 122212.476086020367802, 483334.106431103660725 ], [ 122211.734054172062315, 483329.10432880994631 ], [ 122211.012393358629197, 483324.090964742237702 ], [ 122210.620412984470022, 483321.51216577651212 ], [ 122192.082755452516722, 483323.738182605418842 ], [ 122177.378949789621402, 483325.449221350310836 ], [ 122170.69100070244167, 483326.216894773067906 ], [ 122160.066988925187616, 483327.500314891862217 ], [ 122154.90496145375073, 483328.146599824889563 ], [ 122150.908077563755796, 483328.740636197384447 ], [ 122148.355843234516215, 483329.291689332749229 ], [ 122145.437130213278579, 483330.078842142596841 ], [ 122142.438260928465752, 483331.111317783012055 ], [ 122139.535918856519856, 483332.310054147732444 ], [ 122136.193980269192252, 483334.023545834177639 ], [ 122132.744847753288923, 483336.015921122336295 ], [ 122113.770556335846777, 483347.380181438813452 ], [ 122109.683757390550454, 483349.82188681862317 ], [ 122092.719217955629574, 483360.015670245571528 ], [ 122071.172244946865248, 483372.921594948449638 ], [ 122058.755826711756526, 483380.336882670933846 ], [ 122027.155760622496018, 483399.340730638534296 ], [ 121999.946785217005527, 483415.522640986659098 ], [ 121986.096344322635559, 483423.515156094101258 ], [ 121972.200323800585466, 483431.819563770957757 ], [ 121945.080751462577609, 483448.067943131376524 ], [ 121940.519135235474096, 483450.824515836429782 ], [ 121933.031468125322135, 483455.291940284427255 ], [ 121929.020857813011389, 483457.889061496476643 ], [ 121926.099648402247112, 483460.323118448606692 ], [ 121923.586984038673108, 483462.698808201996144 ], [ 121920.630923113174504, 483466.034367289277725 ], [ 121918.794835235865321, 483468.683697760629002 ], [ 121917.075725889750174, 483471.499146617250517 ], [ 121915.610197646048618, 483474.524305871687829 ], [ 121914.8925176388002, 483476.253755989833735 ], [ 121914.109890002640896, 483478.462090778106358 ], [ 121913.328678874357138, 483480.88182418840006 ], [ 121912.389417664991925, 483484.125994665315375 ], [ 121911.574769005834241, 483487.658625855809078 ], [ 121911.244590422036708, 483489.240833681600634 ], [ 121910.995523829886224, 483490.722357648657635 ], [ 121910.819006185105536, 483492.859873089822941 ], [ 121911.004249707621057, 483494.060319780779537 ], [ 121911.0314021926024, 483495.061544099764433 ], [ 121919.805728233026457, 483494.457573488878552 ], [ 121921.36477008665679, 483494.202346235455479 ], [ 121922.86936498596333, 483493.958610754751135 ], [ 121925.544461376528488, 483493.451124385406729 ], [ 121929.765194080508081, 483492.721884824510198 ], [ 121933.998962654863135, 483491.903547754976898 ], [ 121937.047557162470184, 483491.193286564724986 ], [ 121939.230249155953061, 483490.433188175084069 ], [ 121940.989058849270805, 483489.475646005012095 ], [ 121942.542519580150838, 483488.385957718535792 ], [ 121943.741441191494232, 483487.276388711819891 ], [ 121943.706248434784357, 483487.109723172849044 ], [ 121940.057996718736831, 483483.762734895863105 ], [ 121938.172196989908116, 483482.039584191923495 ], [ 121941.546336557337781, 483478.033633843879215 ], [ 121945.286047317174962, 483473.65805767517304 ], [ 121949.167321541448473, 483469.047875947202556 ], [ 121952.008508246217389, 483465.857750048046 ], [ 121954.224216344766319, 483463.918003788858186 ], [ 121956.551723557960941, 483462.38919992436422 ], [ 121958.242989482780104, 483461.521129702741746 ], [ 121960.234796531454776, 483460.751190714363474 ], [ 121962.214015370307607, 483460.137110984534957 ], [ 121962.921908244170481, 483459.998856313643046 ], [ 121980.801819539134158, 483458.366086465190165 ], [ 121986.496765995078022, 483457.938591491547413 ], [ 121992.744417719295598, 483457.607550950080622 ], [ 121999.210009604576044, 483457.252809043508023 ], [ 122003.372344557501492, 483456.957965461129788 ], [ 122006.232743945234688, 483456.638439897680655 ], [ 122013.439788930176292, 483456.067357035703026 ], [ 122020.721283368664444, 483455.417900597618427 ], [ 122028.016558652088861, 483454.790616403042804 ], [ 122035.488809614471393, 483454.128781928739045 ], [ 122042.98824928473914, 483453.455650670221075 ], [ 122050.515174547908828, 483452.815727705135942 ], [ 122058.069065939664142, 483452.131129486311693 ], [ 122065.64362761900702, 483451.479785241070203 ], [ 122077.516099199041491, 483450.421500721073244 ], [ 122087.651721585105406, 483449.530589471920393 ], [ 122097.596445993578527, 483448.629843683680519 ], [ 122107.596066355807125, 483447.784386112354696 ], [ 122121.626267543819267, 483466.784464106312953 ], [ 122137.128138858723105, 483487.777603486378212 ], [ 122137.956126732955454, 483497.496858576254454 ], [ 122140.078155896640965, 483522.451128407847136 ], [ 122141.471452981306356, 483538.264073434052989 ], [ 122129.301269700401463, 483549.861202203435823 ], [ 122130.013425434968667, 483555.48659030534327 ], [ 122130.146086870838189, 483558.011475873237941 ], [ 122130.255045619182056, 483560.046942932007369 ], [ 122131.322647739900276, 483576.073461289983243 ], [ 122131.731450438062893, 483582.201571140496526 ], [ 122133.578558730776422, 483582.222662444168236 ], [ 122139.038047300709877, 483579.204379931732547 ], [ 122140.225210267890361, 483578.373105160484556 ], [ 122142.189448219374754, 483576.535256289935205 ], [ 122144.233026794929174, 483574.329698378511239 ], [ 122145.860797196553904, 483574.163098605466075 ], [ 122147.352561871739454, 483574.041910743166227 ], [ 122163.688337477840832, 483566.756561902351677 ], [ 122182.545101664494723, 483558.330720411613584 ], [ 122182.633461016375804, 483559.320412539644167 ], [ 122184.27405269825249, 483578.525379822996911 ], [ 122185.323163759574527, 483590.768942817056086 ], [ 122189.008780602132902, 483636.720120680343825 ], [ 122181.686200341937365, 483637.302843878162093 ], [ 122181.782925886334851, 483638.526141927111894 ], [ 122166.36804875053349, 483639.752370071306359 ], [ 122166.264504404432955, 483638.529117605125066 ], [ 122160.154407472204184, 483639.014800480916165 ], [ 122152.695607650908642, 483639.60959898494184 ], [ 122153.292296353523852, 483647.349838154041208 ], [ 122154.829634914669441, 483667.41224447125569 ], [ 122154.80843178894429, 483669.348437166016083 ], [ 122154.310773629054893, 483671.376811583293602 ], [ 122153.586225054998067, 483673.106272812641691 ], [ 122152.710194507380947, 483674.603079969645478 ], [ 122151.553485349548282, 483676.93625869177049 ], [ 122151.267471019426011, 483677.995200273406226 ], [ 122151.263015062111663, 483679.374944959767163 ], [ 122151.448859615949914, 483680.675537116359919 ], [ 122151.824338699720101, 483681.796840582392178 ], [ 122152.314709830767242, 483682.772732591140084 ], [ 122152.946344980417052, 483683.469517000135966 ], [ 122153.686131217997172, 483684.032061588950455 ], [ 122154.336065505631268, 483684.406049209996127 ], [ 122155.012445716187358, 483684.657467008393724 ], [ 122156.295133292253013, 483684.871473660867196 ], [ 122157.099073897697963, 483684.832748575718142 ], [ 122168.72647709211742, 483683.898701579892077 ], [ 122176.116840497794328, 483683.2710011988529 ], [ 122184.215515948832035, 483682.571846279723104 ], [ 122187.29527746840904, 483682.462375196511857 ], [ 122196.360255690684426, 483682.569073527236469 ], [ 122208.750923845538637, 483682.653712076426018 ], [ 122221.591967903630575, 483682.824407208769117 ], [ 122232.831204934773268, 483682.961253213637974 ], [ 122232.847616151644615, 483681.325514636060689 ], [ 122227.991539838578319, 483680.779136924538761 ], [ 122223.298209006141406, 483680.109290120191872 ], [ 122223.552032865671208, 483678.305075311218388 ], [ 122233.741236365865916, 483679.394662632315885 ], [ 122235.684454696747707, 483679.526421671384014 ], [ 122243.594363530442934, 483680.163824127637781 ], [ 122252.572962261110661, 483680.605000392650254 ], [ 122253.363790570190758, 483680.644265038776211 ], [ 122253.307515463166055, 483682.436041987501085 ], [ 122252.844025811122265, 483682.427987655042671 ], [ 122252.869264673296129, 483683.151057953771669 ], [ 122263.883827700308757, 483683.322844157461077 ], [ 122264.654653021512786, 483683.429003547760658 ], [ 122265.602961603057338, 483683.578493930981494 ], [ 122275.116178396012401, 483685.507150698569603 ], [ 122284.724796670489013, 483687.435193941870239 ], [ 122294.401335609916714, 483689.329425963282119 ], [ 122295.581349726213375, 483689.477388085797429 ], [ 122295.875426099999459, 483687.572770115337335 ], [ 122301.584385149923037, 483688.269343382737134 ], [ 122303.371222736634081, 483688.457797756127547 ], [ 122304.747691569209564, 483688.426434100721963 ], [ 122306.082166307402076, 483688.22844778309809 ], [ 122307.523618377177627, 483687.718205384560861 ], [ 122308.950410080869915, 483687.052286186721176 ], [ 122309.846888955653412, 483686.579031074477825 ], [ 122310.905895695148502, 483685.948926414304879 ], [ 122312.025280047382694, 483685.173774965340272 ], [ 122313.307339813341969, 483684.264026635617483 ], [ 122314.439913104870357, 483683.42202808521688 ], [ 122315.286627401335863, 483682.637554763816297 ], [ 122318.325747445720481, 483678.444923986156937 ], [ 122321.155302025639685, 483674.509596241696272 ], [ 122325.686628906565602, 483668.204147261800244 ], [ 122326.324573098070687, 483664.706134435196873 ], [ 122326.825421815941809, 483664.179865522077307 ], [ 122333.566849718612502, 483657.136569754744414 ], [ 122334.041028650462977, 483656.699491791194305 ], [ 122334.285779184705461, 483656.608859570173081 ], [ 122334.578896683495259, 483656.618048111966345 ], [ 122334.852231379598379, 483656.727508057490923 ], [ 122336.166297608666355, 483657.564450826554094 ], [ 122339.494916748022661, 483653.859495524782687 ], [ 122342.976902196969604, 483649.641699115396477 ], [ 122346.504024561669212, 483645.034171343431808 ], [ 122349.838715849968139, 483640.183129941986408 ], [ 122353.200232594957924, 483635.265153234126046 ], [ 122356.703695013187826, 483630.168213301047217 ], [ 122372.228754793002736, 483607.433885345235467 ], [ 122374.726366678311024, 483603.790076798235532 ], [ 122375.034513387188781, 483604.010576361382846 ], [ 122375.352983697288437, 483603.730304977158085 ], [ 122375.754189813116682, 483603.594134711136576 ], [ 122376.169687323941616, 483603.558010656037368 ], [ 122376.66814100422198, 483603.699366476794239 ], [ 122377.202212824777234, 483604.074148438870907 ], [ 122378.523614988967893, 483604.988941115909256 ], [ 122382.515299093836802, 483607.766520006989595 ], [ 122385.438837797119049, 483609.794536249188241 ], [ 122387.287492160045076, 483611.084159177495167 ], [ 122393.062855439900886, 483602.211414094723295 ] ] ] ] } },
{ "type": "Feature", "properties": { "source_id": "parks_21", "name": "J.W. van Overloopplantsoen", "category": "park", "subtype": "park", "source": "osm", "acquired_at": "2026-08-12T17:41:01.510895+00:00", "area_sqm": 2012.8268342662145 }, "geometry": { "type": "MultiPolygon", "coordinates": [ [ [ [ 122402.742975142609794, 486593.765565068344586 ], [ 122460.170227167225676, 486560.985470107407309 ], [ 122450.790895708167227, 486544.423887673649006 ], [ 122439.257408196659526, 486550.319259667827282 ], [ 122426.112926704314305, 486553.610494331340306 ], [ 122416.899658253925736, 486553.971722568385303 ], [ 122407.178117962437682, 486553.690970255760476 ], [ 122396.361385555879679, 486549.500841324217618 ], [ 122379.392915319884196, 486545.139975326135755 ], [ 122385.672144834272331, 486557.393585032084957 ], [ 122384.663000328684575, 486562.38505350088235 ], [ 122402.742975142609794, 486593.765565068344586 ] ] ] ] } },
{ "type": "Feature", "properties": { "source_id": "parks_22", "name": "Westerpark", "category": "park", "subtype": "park", "source": "osm", "acquired_at": "2026-08-12T17:41:01.510895+00:00", "area_sqm": 262971.24872659252 }, "geometry": { "type": "MultiPolygon", "coordinates": [ [ [ [ 120140.445949871791527, 488775.677893839485478 ], [ 120138.92568453453714, 488815.85666745720664 ], [ 120127.058246751548722, 488815.751385899668094 ], [ 120125.787868668048759, 488874.888604931125883 ], [ 120081.215047424469958, 488872.956273307267111 ], [ 120016.180184218799695, 488868.599098045087885 ], [ 119947.136312467366224, 488860.566011302056722 ], [ 119897.82385997052188, 488859.459023617208004 ], [ 119897.824251542726415, 488853.773182782810181 ], [ 119897.821070721896831, 488833.232976871659048 ], [ 119877.182555681298254, 488832.823527290136553 ], [ 119847.311024281923892, 488817.925981003325433 ], [ 119816.482777804383659, 488796.826635520730633 ], [ 119769.765467871678993, 488794.07788940978935 ], [ 119665.139961395965656, 488787.916363886673935 ], [ 119630.124033256492112, 488785.864023913396522 ], [ 119624.721376729779877, 488785.346417312277481 ], [ 119615.299329324057908, 488778.782363097008783 ], [ 119584.599310229183175, 488775.720224942371715 ], [ 119582.523364356951788, 488843.130702315655071 ], [ 119504.888233985402621, 488839.137784868536983 ], [ 119345.283667249052087, 488769.388161803188268 ], [ 119323.017238066575374, 488821.645262959296815 ], [ 119446.72704254630662, 488870.467114631494042 ], [ 119441.221612127541448, 489107.854632947884966 ], [ 119472.312593646085588, 489115.374932750943117 ], [ 119490.271527851175051, 489120.09694895753637 ], [ 119490.247422285116045, 489121.476857912959531 ], [ 119509.66655911153066, 489123.829530791379511 ], [ 119584.407529027215787, 489130.224417686113156 ], [ 119606.092940016533248, 489130.591738644638099 ], [ 119607.176830225798767, 489134.589644418272655 ], [ 119639.056494669057429, 489133.481988931132946 ], [ 119676.041332271168358, 489130.379645656503271 ], [ 119727.615221780491993, 489126.316469145356677 ], [ 119771.184147555322852, 489120.47505747678224 ], [ 119798.911763054740732, 489114.680288428149652 ], [ 119841.930197669862537, 489104.170137738459744 ], [ 119919.911504604620859, 489079.936942159081809 ], [ 119965.830210568921757, 489066.492009449226316 ], [ 120085.410283769859234, 489040.530816048500128 ], [ 120102.470748454681598, 489035.70342371618608 ], [ 120133.643110492237611, 489026.893045959994197 ], [ 120163.775986723150709, 489018.368379012099467 ], [ 120218.796661964108353, 489000.855869399674702 ], [ 120285.937235555204097, 488977.728616281761788 ], [ 120357.707364349553245, 488951.621148773061577 ], [ 120357.465970462566474, 488951.177768853667658 ], [ 120361.285955981555162, 488949.337263811321463 ], [ 120365.153676198533503, 488947.507553500472568 ], [ 120365.463146339956438, 488947.950455841084477 ], [ 120391.124030905630207, 488933.605849285959266 ], [ 120569.29111522223684, 488840.095106328022666 ], [ 120567.174139173162985, 488835.26969305658713 ], [ 120558.008115702192299, 488828.123465438897256 ], [ 120549.376463801367208, 488812.684004544222262 ], [ 120551.373945493149222, 488791.618017801956739 ], [ 120548.855787596607115, 488781.020568463951349 ], [ 120544.389736322074896, 488783.966998174146283 ], [ 120522.894447724655038, 488787.622136881691404 ], [ 120509.777416840006481, 488787.969741767330561 ], [ 120492.112515506611089, 488787.347772612876724 ], [ 120483.007743255613605, 488786.065115853445604 ], [ 120460.608254225662677, 488784.063275344378781 ], [ 120238.366207746672444, 488778.169237725262064 ], [ 120165.123651229281677, 488776.326969293411821 ], [ 120155.678872838732786, 488776.082116309495177 ], [ 120140.445949871791527, 488775.677893839485478 ] ] ] ] } },
{ "type": "Feature", "properties": { "source_id": "parks_23", "name": null, "category": "park", "subtype": "park", "source": "osm", "acquired_at": "2026-08-12T17:41:01.510895+00:00", "area_sqm": 8918.8211500940506 }, "geometry": { "type": "MultiPolygon", "coordinates": [ [ [ [ 118675.130215432596742, 487806.648616690188646 ], [ 118682.662372765305918, 487766.959199873439502 ], [ 118607.183670299637015, 487755.854300500708632 ], [ 118596.749278294155374, 487767.592245549836662 ], [ 118580.952400813359418, 487765.961885057564359 ], [ 118449.71694141253829, 487723.782105755235534 ], [ 118305.61870165381697, 487681.122831542452332 ], [ 118257.545380553521682, 487661.53001607360784 ], [ 118252.218517795598018, 487678.693972741952166 ], [ 118317.459758876269916, 487702.031244909914676 ], [ 118323.048733948933659, 487703.614228223217651 ], [ 118457.450091694088769, 487741.806032792432234 ], [ 118520.150912261015037, 487763.49575051368447 ], [ 118584.002672543705557, 487783.430845141876489 ], [ 118616.436877619300503, 487796.332451681548264 ], [ 118675.130215432596742, 487806.648616690188646 ] ] ] ] } },
{ "type": "Feature", "properties": { "source_id": "parks_24", "name": "Erasmuspark", "category": "park", "subtype": "park", "source": "osm", "acquired_at": "2026-08-12T17:41:01.510895+00:00", "area_sqm": 110817.79130237627 }, "geometry": { "type": "MultiPolygon", "coordinates": [ [ [ [ 118310.17730162521184, 487665.934106408851221 ], [ 118413.871927928164951, 487387.793141968897544 ], [ 118577.778534393073642, 487434.648880029970314 ], [ 118622.323340143251698, 487451.233186276338529 ], [ 118720.354303815838648, 487507.648073982854839 ], [ 118762.6581078042218, 487523.393344295502175 ], [ 118722.248543241206789, 487750.489521647803485 ], [ 118701.81652723546722, 487754.723341118078679 ], [ 118496.988323688623495, 487718.925808476284146 ], [ 118310.17730162521184, 487665.934106408851221 ] ] ] ] } },
{ "type": "Feature", "properties": { "source_id": "parks_25", "name": null, "category": "park", "subtype": "park", "source": "osm", "acquired_at": "2026-08-12T17:41:01.510895+00:00", "area_sqm": 331.86720895783935 }, "geometry": { "type": "MultiPolygon", "coordinates": [ [ [ [ 118971.129138833304751, 488335.153212932229508 ], [ 118981.036598926628358, 488345.4845202883007 ], [ 118997.570956597395707, 488329.018435635021888 ], [ 118987.77341028470255, 488318.819815857568756 ], [ 118971.129138833304751, 488335.153212932229508 ] ] ] ] } },
{ "type": "Feature", "properties": { "source_id": "parks_26", "name": null, "category": "park", "subtype": "park", "source": "osm", "acquired_at": "2026-08-12T17:41:01.510895+00:00", "area_sqm": 422.27868194928863 }, "geometry": { "type": "MultiPolygon", "coordinates": [ [ [ [ 119020.009764969276148, 488282.811673327174503 ], [ 119033.094576715971925, 488295.612338519480545 ], [ 119049.045845703280065, 488280.374639666057192 ], [ 119036.27828001807211, 488266.25864702713443 ], [ 119020.009764969276148, 488282.811673327174503 ] ] ] ] } },
{ "type": "Feature", "properties": { "source_id": "parks_27", "name": null, "category": "park", "subtype": "park", "source": "osm", "acquired_at": "2026-08-12T17:41:01.510895+00:00", "area_sqm": 1344.5363075889263 }, "geometry": { "type": "MultiPolygon", "coordinates": [ [ [ [ 118644.71598329799599, 487947.727911614812911 ], [ 118641.584979846025817, 487944.212629372137599 ], [ 118641.918564949228312, 487939.581384208868258 ], [ 118651.515630868409062, 487909.423564029333647 ], [ 118653.849730806032312, 487902.741362965200096 ], [ 118655.237003793779877, 487900.639289192622527 ], [ 118657.110177168564405, 487899.790975759911817 ], [ 118659.641206726169912, 487899.505289557389915 ], [ 118668.195165373734199, 487902.446560534124728 ], [ 118669.770603005425073, 487903.703426506894175 ], [ 118670.740519453771412, 487905.031512391637079 ], [ 118671.193751253958908, 487907.39820329262875 ], [ 118666.487992387003032, 487923.989665012282785 ], [ 118666.593970134199481, 487925.43538054387318 ], [ 118667.155173891311279, 487926.744221451575868 ], [ 118668.167261437367415, 487927.326494611625094 ], [ 118676.70640208144323, 487930.11211261455901 ], [ 118681.237345683664898, 487934.173457221128047 ], [ 118674.758828188525513, 487952.302344459225424 ], [ 118672.613534932912444, 487955.033099536201917 ], [ 118669.321475816570455, 487955.535793573129922 ], [ 118644.71598329799599, 487947.727911614812911 ] ] ] ] } },
{ "type": "Feature", "properties": { "source_id": "parks_28", "name": "Theophilusplantsoen", "category": "park", "subtype": "park", "source": "osm", "acquired_at": "2026-08-12T17:41:01.510895+00:00", "area_sqm": 3167.0055637413316 }, "geometry": { "type": "MultiPolygon", "coordinates": [ [ [ [ 118575.932865621231031, 488041.678832251171116 ], [ 118597.781802122597583, 488053.389991281088442 ], [ 118607.318952970294049, 488049.336211693705991 ], [ 118636.454337290866533, 487957.647215356701054 ], [ 118607.799046291795094, 487947.321305047255009 ], [ 118575.932865621231031, 488041.678832251171116 ] ] ] ] } },
{ "type": "Feature", "properties": { "source_id": "parks_29", "name": "Hertspieghelplantsoen", "category": "park", "subtype": "park", "source": "osm", "acquired_at": "2026-08-12T17:41:01.510895+00:00", "area_sqm": 3565.8029086329498 }, "geometry": { "type": "MultiPolygon", "coordinates": [ [ [ [ 118530.624292995868018, 488188.232073490740731 ], [ 118560.990070203173673, 488199.835615989752114 ], [ 118571.241346154798521, 488165.277659299084917 ], [ 118581.586024061747594, 488138.741531219449826 ], [ 118602.634634685280616, 488112.1709642438218 ], [ 118566.57890589121962, 488083.451498761074618 ], [ 118530.624292995868018, 488188.232073490740731 ] ] ] ] } },
{ "type": "Feature", "properties": { "source_id": "parks_30", "name": "Adama van Scheltemaplein", "category": "park", "subtype": "park", "source": "osm", "acquired_at": "2026-08-12T17:41:01.510895+00:00", "area_sqm": 1826.3438766813429 }, "geometry": { "type": "MultiPolygon", "coordinates": [ [ [ [ 120010.085971958280425, 484715.860828336968552 ], [ 120069.718660962884314, 484719.399833333736751 ], [ 120071.580936830927385, 484688.865859546465799 ], [ 120012.158707264257828, 484685.269703907193616 ], [ 120011.967508148751222, 484688.097264961805195 ], [ 120010.84465615163208, 484704.650767811166588 ], [ 120010.641014069129596, 484707.645319150818978 ], [ 120010.085971958280425, 484715.860828336968552 ] ] ] ] } },
{ "type": "Feature", "properties": { "source_id": "parks_31", "name": "Veroneseplantsoen", "category": "park", "subtype": "park", "source": "osm", "acquired_at": "2026-08-12T17:41:01.510895+00:00", "area_sqm": 1592.0170458177986 }, "geometry": { "type": "MultiPolygon", "coordinates": [ [ [ [ 119820.75100070645567, 484706.55753909109626 ], [ 119820.95557881249988, 484679.796124593354762 ], [ 119761.281259021474398, 484677.206193525809795 ], [ 119759.667063917542691, 484703.087527456809767 ], [ 119820.75100070645567, 484706.55753909109626 ] ] ] ] } },
{ "type": "Feature", "properties": { "source_id": "parks_32", "name": "Prof. Durrerplantsoen", "category": "park", "subtype": "park", "source": "osm", "acquired_at": "2026-08-12T17:41:01.510895+00:00", "area_sqm": 873.90661667811503 }, "geometry": { "type": "MultiPolygon", "coordinates": [ [ [ [ 119956.669536857429193, 484424.517230943311006 ], [ 119993.600852629489964, 484426.158014477579854 ], [ 120005.34557226196921, 484426.686758368101437 ], [ 120019.169243402371649, 484427.300946536648553 ], [ 120019.7928602208558, 484413.365786489041056 ], [ 120006.022952212108066, 484412.651074187771883 ], [ 119994.40845273033483, 484412.23267336684512 ], [ 119957.299791793819168, 484410.582014360057656 ], [ 119956.669536857429193, 484424.517230943311006 ] ] ] ] } },
{ "type": "Feature", "properties": { "source_id": "parks_33", "name": "Leidsebosje", "category": "park", "subtype": "park", "source": "osm", "acquired_at": "2026-08-12T17:41:01.510895+00:00", "area_sqm": 4471.3148363749415 }, "geometry": { "type": "MultiPolygon", "coordinates": [ [ [ [ 120402.173429547256092, 486318.807849989505485 ], [ 120420.13550381117966, 486327.527819025854114 ], [ 120417.156653102661949, 486334.024496908998117 ], [ 120419.910689350843313, 486336.275076042627916 ], [ 120422.696005058882292, 486337.156838472583331 ], [ 120431.565215838112636, 486335.281051215308253 ], [ 120438.799637395422906, 486331.458404381177388 ], [ 120464.242921883895178, 486316.147862390498631 ], [ 120489.930093893257435, 486300.624338896246627 ], [ 120499.170782056637108, 486294.3843638432445 ], [ 120503.345666899695061, 486294.288427275372669 ], [ 120508.335798665910261, 486283.160119992913678 ], [ 120511.235785990604199, 486269.253588557941839 ], [ 120506.141720760351745, 486266.485221465060022 ], [ 120484.030771247984376, 486251.852224597707391 ], [ 120476.161666639527539, 486249.681886090605985 ], [ 120466.762045744297211, 486252.685110488149803 ], [ 120462.996274665434612, 486258.686556761385873 ], [ 120426.364029236574424, 486295.817258631228469 ], [ 120402.173429547256092, 486318.807849989505485 ] ] ] ] } },
{ "type": "Feature", "properties": { "source_id": "parks_34", "name": "Leidsebosje", "category": "park", "subtype": "park", "source": "osm", "acquired_at": "2026-08-12T17:41:01.510895+00:00", "area_sqm": 4655.3430174578707 }, "geometry": { "type": "MultiPolygon", "coordinates": [ [ [ [ 120569.1066071063251, 486123.522276208037511 ], [ 120531.860404916107655, 486152.978948381438386 ], [ 120526.950633421452949, 486157.107898842950817 ], [ 120523.233222740207566, 486159.325841455778573 ], [ 120521.037322679549106, 486160.921185347368009 ], [ 120517.886233672543312, 486164.247858498594724 ], [ 120515.338342664035736, 486167.136374319379684 ], [ 120508.792768111336045, 486176.973700408940203 ], [ 120506.073865455415216, 486183.657660702941939 ], [ 120501.016888536571059, 486194.007557276054285 ], [ 120496.787167481612414, 486202.838430322881322 ], [ 120494.42463696555933, 486208.852297818870284 ], [ 120502.120634929524385, 486210.612183205899782 ], [ 120504.809401804872323, 486211.316637883312069 ], [ 120504.57009809371084, 486212.16394819074776 ], [ 120503.98275400933926, 486216.819062269991264 ], [ 120503.952627523613046, 486221.281126859830692 ], [ 120504.201148003427079, 486225.652229853556491 ], [ 120504.96772540936945, 486230.075347019301262 ], [ 120506.511036893323762, 486234.526417532004416 ], [ 120509.044954982557101, 486239.393386479408946 ], [ 120512.442284789256519, 486244.02066165272845 ], [ 120516.497050150821451, 486248.176020405138843 ], [ 120526.934813433617819, 486256.292459890944883 ], [ 120529.236210990522522, 486253.227641307457816 ], [ 120537.692675864149351, 486241.963894436135888 ], [ 120539.699425032245927, 486242.550734114600345 ], [ 120544.186777871407685, 486226.708204360154923 ], [ 120546.16184043159592, 486218.850013462535571 ], [ 120547.856086872110609, 486210.771246932446957 ], [ 120551.919720164063619, 486187.888407768623438 ], [ 120553.006272739672568, 486182.528827297501266 ], [ 120554.299812318902696, 486177.546114662254695 ], [ 120557.461531283479417, 486166.953579759749118 ], [ 120558.719042376964353, 486163.640142241958529 ], [ 120560.552333581683342, 486158.887329103425145 ], [ 120561.394420257420279, 486159.493429556081537 ], [ 120564.168524550172151, 486152.898130304121878 ], [ 120567.948960077192169, 486146.039897156122606 ], [ 120570.713759139791364, 486142.014961103734095 ], [ 120572.900838322442723, 486139.151244173874147 ], [ 120574.552383351154276, 486137.637607252923772 ], [ 120576.438625642709667, 486136.567406979505904 ], [ 120576.616657113860128, 486136.699687377316877 ], [ 120576.965272286834079, 486135.896125883853529 ], [ 120576.91060911231034, 486134.895093686121982 ], [ 120576.708806914713932, 486134.284525984548964 ], [ 120573.468052337906556, 486129.644988674961496 ], [ 120569.1066071063251, 486123.522276208037511 ] ] ] ] } },
{ "type": "Feature", "properties": { "source_id": "parks_35", "name": "Museumplein", "category": "park", "subtype": "park", "source": "osm", "acquired_at": "2026-08-12T17:41:01.510895+00:00", "area_sqm": 37278.063902666734 }, "geometry": { "type": "MultiPolygon", "coordinates": [ [ [ [ 120682.239388904723455, 485684.560845507658087 ], [ 120677.070940720659564, 485674.104196057189256 ], [ 120629.224198435171274, 485574.918908898951486 ], [ 120626.638974351400975, 485569.562660002615303 ], [ 120625.020336002096883, 485567.025890867982525 ], [ 120623.453488030150766, 485565.078482211451046 ], [ 120544.525733599890373, 485482.656058147083968 ], [ 120494.075891520406003, 485495.169956953963265 ], [ 120500.172880929050734, 485498.031448522815481 ], [ 120502.853236195413047, 485502.352174677944276 ], [ 120506.116712523245951, 485508.226581110386178 ], [ 120504.815245985606452, 485516.970214249566197 ], [ 120503.576375897129765, 485519.070708568848204 ], [ 120502.297770092234714, 485520.359224143496249 ], [ 120500.834919026878197, 485521.604520167049486 ], [ 120498.628117184242001, 485522.654732449620496 ], [ 120496.438021508685779, 485523.170742384449113 ], [ 120494.196429483679822, 485523.141899762616958 ], [ 120492.135817491143825, 485522.688974758784752 ], [ 120490.290091558126733, 485521.789476557518356 ], [ 120488.555509841578896, 485520.221593942434993 ], [ 120486.680899490253069, 485519.088636081607547 ], [ 120475.550186874635983, 485514.404178857337683 ], [ 120456.066026995162247, 485505.683516796154436 ], [ 120450.107055494008819, 485524.496129814710002 ], [ 120438.972179659322137, 485550.365992165461648 ], [ 120431.270290593267418, 485565.429970089579001 ], [ 120441.810651291161776, 485581.167377863719594 ], [ 120479.433067192847375, 485632.254408853594214 ], [ 120507.343599327694392, 485660.443832487915643 ], [ 120498.665588884046883, 485667.436465220467653 ], [ 120493.302901478760759, 485677.009615060291253 ], [ 120528.131593362515559, 485700.866989289235789 ], [ 120546.415012578421738, 485714.347456185845658 ], [ 120570.834129033493809, 485733.370857835921925 ], [ 120594.111307607556228, 485749.85429801401915 ], [ 120605.55368339639972, 485758.297708323400002 ], [ 120614.979576220168383, 485745.224817446316592 ], [ 120620.639227815670893, 485738.164390409539919 ], [ 120625.905036854150239, 485732.263899847748689 ], [ 120634.288017434737412, 485723.982834651658777 ], [ 120642.370596560765989, 485716.582892078731675 ], [ 120650.90613011046662, 485709.658264447469264 ], [ 120658.544725262356224, 485704.041726513183676 ], [ 120665.868350055272458, 485699.172886767191812 ], [ 120673.277061526619946, 485694.781919081986416 ], [ 120680.328530558967032, 485690.938659229082987 ], [ 120681.122151893563569, 485690.443563476786949 ], [ 120681.798883744253544, 485689.793505061184987 ], [ 120682.331786766299047, 485689.033178392041009 ], [ 120682.686800049938029, 485688.16282016428886 ], [ 120682.864387522422476, 485687.249187940033153 ], [ 120682.844267219712492, 485686.314676271111239 ], [ 120682.633560542497435, 485685.403742881375365 ], [ 120682.239388904723455, 485684.560845507658087 ] ] ] ] } },
{ "type": "Feature", "properties": { "source_id": "parks_36", "name": "Beatrixpark", "category": "park", "subtype": "park", "source": "osm", "acquired_at": "2026-08-12T17:41:01.510895+00:00", "area_sqm": 232459.97171195032 }, "geometry": { "type": "MultiPolygon", "coordinates": [ [ [ [ 120515.4944716902246, 483660.369287106906995 ], [ 120521.595763059944147, 483678.174033324117772 ], [ 120523.717204100496019, 483685.280357970448676 ], [ 120516.552606858924264, 483692.840932745486498 ], [ 120508.13711614019121, 483700.844195982150268 ], [ 120502.657001071755076, 483704.65443650004454 ], [ 120498.118835760018555, 483705.743172986316495 ], [ 120497.975980669580167, 483716.51488191774115 ], [ 120476.33017787974677, 483728.126681472349446 ], [ 120467.237951666407753, 483732.896855852566659 ], [ 120468.372701876738574, 483735.336812600609846 ], [ 120468.70337429427309, 483737.793517022917513 ], [ 120468.364829615762574, 483743.96011355536757 ], [ 120464.163151159053086, 483751.255266776366625 ], [ 120462.125212224564166, 483759.024873094458599 ], [ 120459.513651384710101, 483763.705249297607224 ], [ 120453.817222786135972, 483770.677060547517613 ], [ 120450.918331406661309, 483774.224520388117526 ], [ 120437.447719759118627, 483790.230032948136795 ], [ 120435.406545096397167, 483792.658824056386948 ], [ 120425.911385598112247, 483805.075987588323187 ], [ 120421.293460311804665, 483813.253107409982476 ], [ 120397.241658601386007, 483866.574120283999946 ], [ 120393.304562789882766, 483880.476787190302275 ], [ 120394.738104211981408, 483888.600415611814242 ], [ 120395.627505316500901, 483893.957289777463302 ], [ 120397.173892674501985, 483902.625340417434927 ], [ 120397.4443601979292, 483907.185422998736612 ], [ 120393.922653299872763, 483910.33671726193279 ], [ 120390.082956660946365, 483912.844889192900155 ], [ 120385.734647293022135, 483913.765499476750847 ], [ 120375.901796009769896, 483912.955396676261444 ], [ 120347.283047285134671, 483915.481575107900426 ], [ 120318.682798837049631, 483918.69764985202346 ], [ 120310.064246716952766, 484122.812145805102773 ], [ 120307.124750378890894, 484192.330662571184803 ], [ 120343.674589815025683, 484203.479028536006808 ], [ 120511.350715764798224, 484329.929537024174351 ], [ 120547.491822074298398, 484270.972422721679322 ], [ 120563.593365104985423, 484244.434039882617071 ], [ 120567.409110377484467, 484241.44771539530484 ], [ 120580.349318347027292, 484234.525682766921818 ], [ 120626.584267376980279, 484184.366882307978813 ], [ 120668.111507433612132, 484163.660434891353361 ], [ 120766.243593996623531, 484164.893131977529265 ], [ 120812.034890116890892, 484165.466116155555937 ], [ 120807.503154132718919, 484080.80051347031258 ], [ 120773.798738637618953, 483847.872532328532543 ], [ 120768.909825323848054, 483814.069917096872814 ], [ 120768.783257372895605, 483812.524173923244234 ], [ 120768.664120924062445, 483811.067393372533843 ], [ 120768.275365718378453, 483806.107550479879137 ], [ 120767.199580321277608, 483800.35134165873751 ], [ 120766.061105121043511, 483785.549508496536873 ], [ 120765.942305205098819, 483783.158077580563258 ], [ 120766.047053594054887, 483781.555097679782193 ], [ 120766.426997993694386, 483778.359083446557634 ], [ 120767.580083690379979, 483773.63334487657994 ], [ 120768.672994743654272, 483769.074925076216459 ], [ 120769.114939161547227, 483766.957777558593079 ], [ 120769.216558104060823, 483763.919466998660937 ], [ 120764.094579194235848, 483707.319739196042065 ], [ 120763.747906896634959, 483703.516789084358606 ], [ 120762.677774215961108, 483691.696457554760855 ], [ 120757.937975587687106, 483692.218887233873829 ], [ 120756.982392016914673, 483692.993257644295227 ], [ 120755.93759766119183, 483693.679232556372881 ], [ 120754.640419890245539, 483694.333576991455629 ], [ 120753.511378778202925, 483694.664080056012608 ], [ 120752.688161031066556, 483694.870068808202632 ], [ 120751.387667087314185, 483695.045986316341441 ], [ 120749.758668232723721, 483695.023900049447548 ], [ 120748.42109117412474, 483694.766131714219227 ], [ 120747.362463111145189, 483694.439668996143155 ], [ 120746.317001868883381, 483694.046354630903807 ], [ 120744.880312062814482, 483693.255189903487917 ], [ 120743.680446942715207, 483692.21759454999119 ], [ 120742.746749446159811, 483691.233787503093481 ], [ 120741.81739742695936, 483689.893894101202022 ], [ 120741.216319214712712, 483688.718625721347053 ], [ 120740.694936605257681, 483687.242382133612409 ], [ 120740.391014453038224, 483685.675616377091501 ], [ 120740.385714954871219, 483683.92875144421123 ], [ 120740.580903824360576, 483682.592186307127122 ], [ 120740.926175929052988, 483681.276833875686862 ], [ 120741.556441462686053, 483679.781476865988225 ], [ 120742.41260376831633, 483678.429201315972023 ], [ 120743.460973973502405, 483677.275874766637571 ], [ 120744.572839512344217, 483676.433657491463237 ], [ 120745.917031039774884, 483675.678843611560296 ], [ 120748.032007111629355, 483675.018826600455213 ], [ 120760.921485307917465, 483672.325810928072315 ], [ 120760.576167898223503, 483669.702288575004786 ], [ 120758.426847501294105, 483644.75986019911943 ], [ 120729.676605179774924, 483649.209646958799567 ], [ 120663.560129148303531, 483657.880307508981787 ], [ 120578.781997358222725, 483663.38832902838476 ], [ 120515.4944716902246, 483660.369287106906995 ] ] ] ] } },
{ "type": "Feature", "properties": { "source_id": "parks_37", "name": "H.M. van Randwijkplantsoen", "category": "park", "subtype": "park", "source": "osm", "acquired_at": "2026-08-12T17:41:01.510895+00:00", "area_sqm": 1438.726243471627 }, "geometry": { "type": "MultiPolygon", "coordinates": [ [ [ [ 121229.466401313606184, 485762.102242050867062 ], [ 121228.876421249384293, 485754.528930605971254 ], [ 121228.301738041831413, 485747.200304152967874 ], [ 121227.943250046519097, 485742.596263545623515 ], [ 121227.416669526835904, 485732.340961549256463 ], [ 121215.149082855175948, 485733.570949524233583 ], [ 121213.728154335229192, 485744.941129530256148 ], [ 121212.65926435784786, 485745.037458427017555 ], [ 121211.788321433821693, 485751.163155458751135 ], [ 121210.617023095022887, 485751.226805252197664 ], [ 121210.076408199674916, 485755.848124776151963 ], [ 121209.068981676187832, 485755.966287424555048 ], [ 121208.55086107054376, 485760.887876678956673 ], [ 121207.604744277283316, 485761.005620024923701 ], [ 121207.507617228562594, 485769.707438309851568 ], [ 121207.78966014496109, 485772.097768830426503 ], [ 121208.79499906032288, 485774.661177755275276 ], [ 121210.239160726894625, 485776.642990322317928 ], [ 121228.395971307269065, 485793.843182018666994 ], [ 121234.52174632193055, 485788.082112219824921 ], [ 121236.383759708493017, 485785.421201365767047 ], [ 121240.887431221548468, 485785.523926614958327 ], [ 121241.746328856504988, 485782.613960546033923 ], [ 121258.162522888625972, 485770.418045417056419 ], [ 121255.710357903852127, 485766.473665634519421 ], [ 121229.466401313606184, 485762.102242050867062 ] ] ] ] } },
{ "type": "Feature", "properties": { "source_id": "parks_38", "name": "Spreeuwenpark", "category": "park", "subtype": "park", "source": "osm", "acquired_at": "2026-08-12T17:41:01.510895+00:00", "area_sqm": 4229.6104547486748 }, "geometry": { "type": "MultiPolygon", "coordinates": [ [ [ [ 122733.849599183013197, 488541.450916475034319 ], [ 122805.096233796328306, 488623.179317124537192 ], [ 122811.772526148692123, 488617.538963794824667 ], [ 122825.937780302803731, 488605.585375812195707 ], [ 122852.11829129086982, 488585.008125663269311 ], [ 122827.320261264641886, 488567.010799278446939 ], [ 122797.437053451663814, 488554.376531964691821 ], [ 122759.564291538627003, 488541.282813286990859 ], [ 122737.910862080738298, 488536.762219842581544 ], [ 122733.849599183013197, 488541.450916475034319 ] ] ] ] } },
{ "type": "Feature", "properties": { "source_id": "parks_39", "name": "Tolhuistuin", "category": "park", "subtype": "park", "source": "osm", "acquired_at": "2026-08-12T17:41:01.510895+00:00", "area_sqm": 18426.394819406156 }, "geometry": { "type": "MultiPolygon", "coordinates": [ [ [ [ 122248.897308346946375, 488617.159837655723095 ], [ 122248.83941087439598, 488613.56625507841818 ], [ 122248.377780575843644, 488585.051248506002594 ], [ 122247.792582560243318, 488549.204481909284368 ], [ 122247.698683781825821, 488548.392846570815891 ], [ 122247.379374934374937, 488547.471439298940822 ], [ 122246.81437891870155, 488546.462648417742457 ], [ 122246.107370136218378, 488545.599449185363483 ], [ 122241.740081045136321, 488542.067858460941352 ], [ 122242.003238137069275, 488541.710052602284122 ], [ 122225.891283064818708, 488529.989233682106715 ], [ 122225.513494935643394, 488530.514704343862832 ], [ 122206.221421753929462, 488516.678723800112493 ], [ 122180.57370101014385, 488498.278583306993823 ], [ 122174.420499246538384, 488505.707734180381522 ], [ 122171.063656870828709, 488509.76910907169804 ], [ 122169.199453958513914, 488512.018006864760537 ], [ 122162.438430423761019, 488520.185588760185055 ], [ 122151.136901519290404, 488515.175858500704635 ], [ 122143.53898650186602, 488511.154030197125394 ], [ 122136.744213863479672, 488507.093483346630819 ], [ 122129.963861969270511, 488503.155244870751631 ], [ 122124.826064500928624, 488498.449446000973694 ], [ 122122.483170446183067, 488496.295325507468078 ], [ 122119.770401739515364, 488493.809866068535484 ], [ 122117.701540910507902, 488491.90983875002712 ], [ 122114.919335068538203, 488488.200893157511018 ], [ 122112.829792977921898, 488484.220288029580843 ], [ 122112.285305698169395, 488481.18629216204863 ], [ 122113.674618056946201, 488479.196455356839579 ], [ 122105.49173608070123, 488473.231388632091694 ], [ 122107.145386066200444, 488471.06175832945155 ], [ 122113.204580479723518, 488455.666338423034176 ], [ 122113.813906215495081, 488454.126774177071638 ], [ 122113.948219266952947, 488453.847708129265811 ], [ 122114.151654134620912, 488453.723957013222389 ], [ 122108.911235738618416, 488449.975766128336545 ], [ 122107.245471162037575, 488449.308134308317676 ], [ 122107.493375022910186, 488448.705632684519514 ], [ 122091.826328158786055, 488438.4510241317912 ], [ 122090.906529498504824, 488438.357017641945276 ], [ 122089.898073481366737, 488438.241349022719078 ], [ 122088.910116761486279, 488438.136670700390823 ], [ 122079.779839913127944, 488437.140532976191025 ], [ 122078.730533099762397, 488437.025139206496533 ], [ 122077.681226235319627, 488436.909745653218124 ], [ 122068.203494527755538, 488435.882567298249342 ], [ 122062.515653212554753, 488443.653683420154266 ], [ 122060.781650023331167, 488446.024148102966137 ], [ 122058.528084651567042, 488449.099072773358785 ], [ 122042.290980443052831, 488437.101513988804072 ], [ 122036.612448403815506, 488433.01139414816862 ], [ 122028.833470776269678, 488427.399813821772113 ], [ 122028.429173310170881, 488427.013076436531264 ], [ 122005.599399696657201, 488458.543364333338104 ], [ 122006.037291732965969, 488458.863114200299606 ], [ 122004.242789959200309, 488461.34527201554738 ], [ 122001.982756071316544, 488464.464773568266537 ], [ 122008.694399017462274, 488469.304570179956499 ], [ 122009.632201735046692, 488468.018713486148044 ], [ 122010.672127529891441, 488468.768384796276223 ], [ 122011.390201523754513, 488469.242037427553441 ], [ 122010.331485313363373, 488470.773492616717704 ], [ 122011.193575506811612, 488471.40195794129977 ], [ 122023.672950288892025, 488480.442537482012995 ], [ 122027.668563828527112, 488483.342190859315451 ], [ 122027.924900374579011, 488482.984419094864279 ], [ 122028.848632782348432, 488483.668109710211866 ], [ 122031.175057808199199, 488485.388349602173548 ], [ 122031.367209213058231, 488486.633271028869785 ], [ 122034.138179167348426, 488488.650966318731662 ], [ 122034.562375735404203, 488488.959683367167599 ], [ 122033.853971385222394, 488489.932451221509837 ], [ 122051.97264009877108, 488503.330524498829618 ], [ 122052.882674496766413, 488504.003184220520779 ], [ 122055.523748466657707, 488505.943871016905177 ], [ 122061.141055677158874, 488510.056674741441384 ], [ 122066.285909069265472, 488513.772072465799283 ], [ 122068.632880187433329, 488515.514446402492467 ], [ 122067.883771978697041, 488516.509734744147863 ], [ 122069.334179840050638, 488517.557102964783553 ], [ 122070.812042925914284, 488518.637668862356804 ], [ 122179.839179205911933, 488597.679464194341563 ], [ 122180.548114459626959, 488596.784601529303472 ], [ 122182.785261125609395, 488598.405364770675078 ], [ 122182.915282144429511, 488598.50464141293196 ], [ 122186.366720415171585, 488600.484514873416629 ], [ 122189.790849316574167, 488602.453445507970173 ], [ 122190.452497649050201, 488602.638201587484218 ], [ 122190.566829404444434, 488603.44970010506222 ], [ 122190.823614269669633, 488604.182363473752048 ], [ 122191.190217273688177, 488605.047818565333728 ], [ 122191.623865748508251, 488605.757052169181406 ], [ 122191.987952898227377, 488606.244211712444667 ], [ 122192.345157845673384, 488606.720290212950204 ], [ 122192.694592755331541, 488607.051771574420854 ], [ 122193.235543431161204, 488607.515501454996411 ], [ 122193.78278425737517, 488607.9013017375255 ], [ 122211.577349731989671, 488620.812531232601032 ], [ 122219.800560650939588, 488626.755250757269096 ], [ 122228.181225101143355, 488632.830459993158001 ], [ 122238.963332842686214, 488640.670029652421363 ], [ 122240.831666278128978, 488638.020564122649375 ], [ 122248.925605695520062, 488626.550696603488177 ], [ 122248.897308346946375, 488617.159837655723095 ] ] ] ] } },
{ "type": "Feature", "properties": { "source_id": "parks_40", "name": "Kasterleepark", "category": "park", "subtype": "park", "source": "osm", "acquired_at": "2026-08-12T17:41:01.510895+00:00", "area_sqm": 50113.771882061228 }, "geometry": { "type": "MultiPolygon", "coordinates": [ [ [ [ 115585.657775964544271, 484833.165015634207521 ], [ 115726.867393362350413, 484879.473942330165301 ], [ 115730.999091662451974, 484876.370062318164855 ], [ 115726.508321757690283, 484859.170215086836834 ], [ 115733.731257286912296, 484856.642606691399124 ], [ 115732.174638800730463, 484849.400249179219827 ], [ 115751.035871463158401, 484844.343346009962261 ], [ 115756.849198845782666, 484839.345678206707817 ], [ 115766.045559055259218, 484839.061195154441521 ], [ 115766.058757604769198, 484837.291914279980119 ], [ 115766.36100415486726, 484796.431562782439869 ], [ 115787.007881497964263, 484796.545745510491543 ], [ 115787.036848650255706, 484772.733967408537865 ], [ 115766.537734715937404, 484772.362691104761325 ], [ 115768.943658448246424, 484448.19506073568482 ], [ 115790.001355743923341, 484448.37276885373285 ], [ 115790.169971723167691, 484439.570064388681203 ], [ 115769.016232132154983, 484438.458459718269296 ], [ 115748.325297922128811, 484437.276506060559768 ], [ 115728.883694050033228, 484433.814820045197848 ], [ 115708.349776635601302, 484499.482122405432165 ], [ 115693.413148771607666, 484499.511962774617132 ], [ 115673.518065468524583, 484562.303603448788635 ], [ 115649.628759929910302, 484637.71167535224231 ], [ 115590.999528437008848, 484819.46968146902509 ], [ 115586.475800246174913, 484822.966248966869898 ], [ 115585.657775964544271, 484833.165015634207521 ] ] ] ] } },
{ "type": "Feature", "properties": { "source_id": "parks_41", "name": null, "category": "park", "subtype": "park", "source": "osm", "acquired_at": "2026-08-12T17:41:01.510895+00:00", "area_sqm": 719.73078063088133 }, "geometry": { "type": "MultiPolygon", "coordinates": [ [ [ [ 118198.353193647853914, 485269.482277258764952 ], [ 118242.212405543657951, 485269.889961204433348 ], [ 118242.331839200021932, 485285.933984927367419 ], [ 118198.478242811295786, 485286.260631374432705 ], [ 118198.353193647853914, 485269.482277258764952 ] ] ] ] } },
{ "type": "Feature", "properties": { "source_id": "parks_42", "name": "Amstelpark", "category": "park", "subtype": "park", "source": "osm", "acquired_at": "2026-08-12T17:41:01.510895+00:00", "area_sqm": 434181.48370750662 }, "geometry": { "type": "MultiPolygon", "coordinates": [ [ [ [ 121441.070687635161448, 481745.961211140907835 ], [ 121417.857716359518236, 481739.242570080095902 ], [ 121415.797460260815569, 481737.053480258386116 ], [ 121411.802255548245739, 481737.069502167229075 ], [ 121397.813252433028538, 481736.274450261378661 ], [ 121321.917291050733184, 481734.476658409752417 ], [ 121310.879236575085088, 481733.505971899896394 ], [ 121299.846336187969428, 481733.291891310189385 ], [ 121277.868174261413515, 481732.718558805936482 ], [ 121269.119404940662207, 481732.522343291842844 ], [ 121265.831559179467149, 481732.28886812744895 ], [ 121214.450011602864834, 481727.087596335913986 ], [ 121213.387776361501892, 481805.082001512404531 ], [ 121205.172263791289879, 481840.977321964688599 ], [ 121238.308077887602849, 481859.132194704958238 ], [ 121238.946212799201021, 481866.716256068961229 ], [ 121205.184158060321352, 481925.473531578551047 ], [ 121184.862733276939252, 481961.651970862410963 ], [ 121169.586076555628097, 481962.891443364555016 ], [ 121162.161768773541553, 481989.791044592508115 ], [ 121160.590698586209328, 482017.229167572048027 ], [ 121161.133724337531021, 482063.679510688234586 ], [ 121159.261935792048462, 482160.695095747883897 ], [ 121157.198422531902906, 482256.577085817640182 ], [ 121159.396506854478503, 482463.074097594362684 ], [ 121156.954851596601657, 482807.274053723027464 ], [ 121154.829526530316798, 482971.675040867354255 ], [ 121157.274413896375336, 482977.332931447715964 ], [ 121239.081947715269052, 482972.211309271864593 ], [ 121281.111584798782133, 482972.313740294310264 ], [ 121296.096852873102762, 482972.778961532923859 ], [ 121304.898321004031459, 482978.026385061792098 ], [ 121349.493639920576243, 482997.561436285614036 ], [ 121403.382177626306657, 483006.530049375200178 ], [ 121422.149661772564286, 483001.885017647815403 ], [ 121430.825938106660033, 482998.766210293862969 ], [ 121441.04669467030908, 482991.219614261412062 ], [ 121623.736834045063006, 482856.31675407954026 ], [ 121614.277568272460485, 482836.41930816671811 ], [ 121642.074099402700085, 482728.257820988073945 ], [ 121570.61481767744408, 482702.893363985233009 ], [ 121572.553866741916863, 482698.318288425682113 ], [ 121579.861951419443358, 482668.182189285464119 ], [ 121556.983566733309999, 482664.909945233492181 ], [ 121546.841969895845978, 482657.089745064731687 ], [ 121552.976966175396228, 482596.663477844558656 ], [ 121543.514504529361147, 482556.270765687455423 ], [ 121534.544016418774845, 482521.104301359737292 ], [ 121550.164152641111286, 482457.053268738847692 ], [ 121613.219577939598821, 482462.913447096769232 ], [ 121587.322238666107296, 482418.581600503530353 ], [ 121568.117704101037816, 482380.135148053115699 ], [ 121561.524637388356496, 482368.908388684038073 ], [ 121548.101862527226331, 482344.74298326857388 ], [ 121542.992356737377122, 482333.150151223526336 ], [ 121530.889223449499696, 482293.487465492275078 ], [ 121511.536063789564651, 482231.231062836770434 ], [ 121504.825682631606469, 482198.719763107947074 ], [ 121497.977787047013408, 482175.099652801232878 ], [ 121458.510568045923719, 482059.337957040464971 ], [ 121446.61197672932758, 482028.909270719101187 ], [ 121437.316696402878733, 482006.385154710849747 ], [ 121427.393855236558011, 481982.819408121169545 ], [ 121423.262484919832787, 481978.819603423995432 ], [ 121418.470181419834262, 481976.882735245628282 ], [ 121413.548043022776255, 481974.902247157180682 ], [ 121411.032244893838651, 481973.884560104983393 ], [ 121395.732385385344969, 481967.701971894479357 ], [ 121385.272769057017285, 481963.489316369057633 ], [ 121344.892806924050092, 481946.595602221088484 ], [ 121339.85835089624743, 481945.150034323974978 ], [ 121336.120511522953166, 481931.879067474161275 ], [ 121342.433536465308862, 481931.858324586297385 ], [ 121348.964641085709445, 481931.824978183256462 ], [ 121373.409100114207831, 481934.284506639116444 ], [ 121390.428567680850392, 481941.679270823427942 ], [ 121394.973298126787995, 481943.295120711787604 ], [ 121398.553092808026122, 481942.36951738310745 ], [ 121401.196340914233588, 481941.071975124359597 ], [ 121402.803137015522225, 481938.746695429552346 ], [ 121403.617382325348444, 481936.170889324916061 ], [ 121403.657757007022155, 481936.092727867770009 ], [ 121403.945186534576351, 481932.240930856147315 ], [ 121405.390142150135944, 481913.126540702243801 ], [ 121407.929545807812246, 481879.495478722907137 ], [ 121418.113135925552342, 481816.972037512692623 ], [ 121434.206305362808052, 481774.258541132847313 ], [ 121439.757667306927033, 481751.399960923183244 ], [ 121440.732508036831859, 481747.365472772042267 ], [ 121441.070687635161448, 481745.961211140907835 ] ] ] ] } },
{ "type": "Feature", "properties": { "source_id": "parks_43", "name": "Amsterdamse Bos", "category": "park", "subtype": "park", "source": "osm", "acquired_at": "2026-08-12T17:41:01.510895+00:00", "area_sqm": 8970035.0283645093 }, "geometry": { "type": "MultiPolygon", "coordinates": [ [ [ [ 115994.471217076177709, 479208.009401073679328 ], [ 115741.981183839699952, 479624.301967710955068 ], [ 115724.886813581193564, 479657.673431223491207 ], [ 115714.995972731921938, 479722.865986306453124 ], [ 115710.508789802508545, 479748.738050761516206 ], [ 115699.411137597984634, 479788.192836799193174 ], [ 115623.443379226213438, 479952.884083349315915 ], [ 115813.751496928860433, 480180.272711934288964 ], [ 115960.886205514427274, 480428.438099641934969 ], [ 116044.13060167626827, 480593.01447929214919 ], [ 116071.925218466931256, 480877.652868385077454 ], [ 116257.323401927453233, 481848.902362770750187 ], [ 116264.87549985703663, 481972.150622305052821 ], [ 116218.883076639685896, 482170.235044080414809 ], [ 116181.389514821174089, 482239.115206778398715 ], [ 116414.865460996050388, 482530.044700441474561 ], [ 116417.512633188525797, 482532.071367392258253 ], [ 116419.647954488071264, 482534.024144279654138 ], [ 116425.011183255541255, 482533.804243408434559 ], [ 116430.138874812837457, 482535.722538584028371 ], [ 116437.07971808379807, 482536.747668852156494 ], [ 116448.676064993385808, 482542.95496921724407 ], [ 116556.195889603201067, 482584.52163454098627 ], [ 116560.415068537608022, 482586.213469093840104 ], [ 116577.546541346106096, 482592.433647496334743 ], [ 116584.5708169824793, 482594.559891347016674 ], [ 116592.924869498252519, 482594.995657680963632 ], [ 116607.614645899491734, 482598.430958102515433 ], [ 116616.194191786868032, 482595.426821539585944 ], [ 116622.462373196991393, 482593.241782940225676 ], [ 116644.507222716783872, 482591.36821029469138 ], [ 116671.225334630231373, 482589.091298713232391 ], [ 116689.460332861141069, 482586.435222696280107 ], [ 116736.135522265263717, 482580.276485450158361 ], [ 116829.040566390918684, 482571.157176099368371 ], [ 116854.420940631403937, 482568.646801264432725 ], [ 116862.54846521676518, 482567.994343829981517 ], [ 116864.004361148749013, 482567.615922128083184 ], [ 116867.821459610015154, 482566.685191308613867 ], [ 116871.995060339511838, 482564.249591558880638 ], [ 116878.209995468176203, 482559.56175494287163 ], [ 117014.530981724732555, 482578.60696593823377 ], [ 117508.364754188922234, 482647.638083799625747 ], [ 117902.93821495299926, 482696.455265597905964 ], [ 117935.196233606155147, 482609.401886414911132 ], [ 117960.148675232514506, 482621.610034400597215 ], [ 118035.182250618439866, 482581.65928743488621 ], [ 118045.955210232787067, 482653.068383843754418 ], [ 117986.826300686472678, 482765.858253060141578 ], [ 118208.334322381284437, 482950.221746118331794 ], [ 118252.954523779946612, 482944.782485453994013 ], [ 118243.264387989445822, 482907.579786070098635 ], [ 118322.098071962536778, 482872.044680407620035 ], [ 118374.10549116434413, 482863.491822562646121 ], [ 118533.795859397068853, 482854.432898813509382 ], [ 118604.69873441857635, 482849.537290981679689 ], [ 118624.299168268422363, 482834.216012330842204 ], [ 118650.697293152537895, 482785.742605393810663 ], [ 118774.297666825121269, 482787.026855903037358 ], [ 118792.149953426589491, 482692.106931097630877 ], [ 118797.344231019174913, 482692.102251879870892 ], [ 118801.283544552366948, 482676.184345720161218 ], [ 118808.24062434193911, 482643.231489619123749 ], [ 118819.473720740410499, 482590.041101528564468 ], [ 118836.261587229528232, 482485.448881114542019 ], [ 118837.560748390620574, 482423.574491560400929 ], [ 118838.396232024315395, 482302.987511427083518 ], [ 118832.145125227922108, 482163.303242545982357 ], [ 118830.759109444057685, 482049.37525571056176 ], [ 118826.720651226525661, 481814.307348946167622 ], [ 118826.053510527766775, 481738.06051701772958 ], [ 118824.279772212117678, 481674.573063954128884 ], [ 118824.376330865212367, 481663.545735986321233 ], [ 118826.746948507177876, 481663.261343178572133 ], [ 118826.535810814370052, 481648.386407944490202 ], [ 118824.216796421620529, 481648.269859666470438 ], [ 118824.131333083641948, 481621.688652161043137 ], [ 118821.839277689257869, 481530.243458975281101 ], [ 118821.306301264572539, 481508.661447260063142 ], [ 118819.733887346621486, 481463.375922695966437 ], [ 118818.885110986957443, 481413.556514814030379 ], [ 118818.045549279864645, 481378.969573311856948 ], [ 118817.435132209167932, 481351.468700118479319 ], [ 118814.244939026975771, 481321.783615593158174 ], [ 118810.126892896747449, 481280.856178246729542 ], [ 118805.443684418394696, 481249.357245627208613 ], [ 118797.997796540745185, 481213.06066655687755 ], [ 118788.900592197082005, 481157.070716893067583 ], [ 118770.795743305192445, 481080.651319338940084 ], [ 118764.394913313153666, 481078.15020868415013 ], [ 118762.915338403108763, 481077.237534148502164 ], [ 118762.644684607395902, 481076.594166591938119 ], [ 118761.691735503452946, 481074.965519852121361 ], [ 118760.620326275355183, 481074.850979965820443 ], [ 118757.766209710185649, 481075.261340621975251 ], [ 118757.447403023339575, 481076.420860181213357 ], [ 118749.925346618430922, 481079.101928406395018 ], [ 118744.694790401947103, 481079.04014695843216 ], [ 118710.088650621793931, 481080.87407633906696 ], [ 118649.670796841033734, 481084.266577131696977 ], [ 118618.453882979869377, 481085.197213799401652 ], [ 118610.687142591006705, 481086.122268339095172 ], [ 118508.85366771419649, 481090.745061837602407 ], [ 118493.533755537413526, 481092.883246684854385 ], [ 118464.847450836241478, 481099.448559636366554 ], [ 118377.165100764337694, 481121.772318412491586 ], [ 118332.997039321446209, 481132.492138566973154 ], [ 118291.92338773078518, 481140.251910054474138 ], [ 118259.880126497955644, 481146.465038329944946 ], [ 118256.029852154664695, 481146.782952716108412 ], [ 118228.088162394880783, 481149.783547000202816 ], [ 118205.160378252403461, 481150.310214233410079 ], [ 118140.852508982992731, 481143.05620837432798 ], [ 118090.612331893033115, 481138.624318220827263 ], [ 117803.181502438164898, 481135.527000398840755 ], [ 117763.113927090074867, 481135.528242715459783 ], [ 117748.842036644899053, 481135.524505233333912 ], [ 117743.369794422556879, 481134.152645861671772 ], [ 117737.903377453127177, 481129.031025440373924 ], [ 117734.479258016013773, 481125.27373432792956 ], [ 117731.065989790629828, 481118.434247095719911 ], [ 117728.677188549598213, 481110.908304484095424 ], [ 117734.101793770852964, 481106.861767697846517 ], [ 117739.924866676024976, 480869.795372177904937 ], [ 117741.506637999787927, 480830.850884295301512 ], [ 117749.79847346059978, 480626.256170065898914 ], [ 117751.090082888636971, 480589.505862239515409 ], [ 117754.13482501974795, 480503.027973343734629 ], [ 117755.912108910008101, 480469.17810135986656 ], [ 117764.190747771732276, 480311.53857083391631 ], [ 117774.030131390900351, 480119.249764679349028 ], [ 117777.827061493633664, 480073.690503241552506 ], [ 117765.767898803009302, 480026.48146998725133 ], [ 117719.258348190167453, 479914.129038427839987 ], [ 117692.636929271335248, 479867.007745002803858 ], [ 117668.608072797258501, 479796.556478111771867 ], [ 117660.121396730610286, 479757.487774432403967 ], [ 117648.776856679352932, 479728.376859345240518 ], [ 117633.377234065701487, 479705.138153881998733 ], [ 117647.218298247811617, 479685.483887184178457 ], [ 117662.744059959310107, 479674.840733334422112 ], [ 117786.509220375446603, 479626.863931873696856 ], [ 117990.675534080306534, 479560.618630656856112 ], [ 117955.410270346765174, 479523.20753622072516 ], [ 117946.833988313563168, 479497.424373361398466 ], [ 117876.137132954929257, 479510.672443121729884 ], [ 117867.777571893646382, 479458.395019554998726 ], [ 118016.643723096698523, 479426.614219668495934 ], [ 118075.951395242562285, 479324.839894557313528 ], [ 118065.787948446115479, 479249.988374082895461 ], [ 118057.121075507020578, 479194.708747112599667 ], [ 118024.017491828446509, 479152.90821550966939 ], [ 117992.034159914823249, 479104.089680696954019 ], [ 117958.069718750484753, 479024.921343224530574 ], [ 117922.816983081429498, 478930.56378601398319 ], [ 117887.189875611875323, 478838.312242981279269 ], [ 117854.870280279792496, 478764.23944303864846 ], [ 117799.375933863047976, 478642.262511016218923 ], [ 117792.554026775207603, 478642.313821171061136 ], [ 117792.470335530349985, 478631.187725490308367 ], [ 117777.749064150819322, 478566.98601237044204 ], [ 117794.526951355859637, 478539.988751264289021 ], [ 117786.816870149821625, 478527.195382938662078 ], [ 117787.673883719005971, 478485.129923523170874 ], [ 117778.126942648174008, 478461.257045408478007 ], [ 117790.621818337909644, 478438.95410547265783 ], [ 117778.279521720658522, 478397.210488238197286 ], [ 117562.215447562397458, 478477.696086794545408 ], [ 117313.794472680878243, 478575.428140505682677 ], [ 117322.532484218769241, 478590.460554225486703 ], [ 117311.279340746128582, 478602.596536439610645 ], [ 117303.879395440395456, 478618.11908678727923 ], [ 117284.227377734525362, 478634.636319754470605 ], [ 117245.607956309439032, 478638.435860115510877 ], [ 117225.025710262678331, 478626.909925872343592 ], [ 117208.378278653501184, 478593.745888263685629 ], [ 117200.112649121991126, 478569.152195807895623 ], [ 117195.118002545612399, 478569.067971960059367 ], [ 117179.281351701298263, 478552.765968479798175 ], [ 117164.213931669146405, 478543.390088573331013 ], [ 117151.095809830381768, 478531.095260137808509 ], [ 117134.839021727020736, 478556.199203375319485 ], [ 117075.463413042612956, 478518.823161258129403 ], [ 117070.31322078028461, 478534.050648395321332 ], [ 117029.749279683863278, 478513.92203406454064 ], [ 117024.321843348327093, 478510.79257757391315 ], [ 117017.414320405659964, 478499.718872742610984 ], [ 117009.463483546394855, 478482.500103126920294 ], [ 117013.487285545299528, 478472.533023285854142 ], [ 116802.374595032597426, 478357.339048073394224 ], [ 116789.087848472903715, 478380.807821397960652 ], [ 116764.965098660060903, 478366.974519427516498 ], [ 116782.293276759446599, 478335.874891598708928 ], [ 116755.100355711096199, 478326.493800066411495 ], [ 116761.590463820612058, 478316.118011269718409 ], [ 116740.007695550986682, 478304.345896382234059 ], [ 116727.870498300893814, 478298.242187670432031 ], [ 116713.775535762426443, 478317.756295350613073 ], [ 116695.310783913228079, 478313.047978833084926 ], [ 116674.757491362688597, 478302.080427918932401 ], [ 116668.938364446090418, 478274.876119867374655 ], [ 116643.025162236095639, 478256.384048075822648 ], [ 116640.308516924473224, 478247.436957823927514 ], [ 116622.177695375023177, 478230.409017155529 ], [ 116599.961792609130498, 478197.813156143180095 ], [ 116591.580927833594615, 478176.425857338239439 ], [ 116545.532024186453782, 478242.164346561941784 ], [ 116481.434897697545239, 478358.314434214960784 ], [ 116453.885632007702952, 478431.09769263502676 ], [ 116227.712172410349012, 478782.267792243394069 ], [ 116144.037847253319342, 478934.137161978404038 ], [ 116152.297029125562403, 478949.493984549015295 ], [ 116137.710956369439373, 478972.830136817065068 ], [ 116125.291436221566983, 478999.264800415141508 ], [ 116085.382498795006541, 479049.404324627888855 ], [ 115994.471217076177709, 479208.009401073679328 ] ] ] ] } },
{ "type": "Feature", "properties": { "source_id": "parks_44", "name": "Raphaëlplein", "category": "park", "subtype": "park", "source": "osm", "acquired_at": "2026-08-12T17:41:01.510895+00:00", "area_sqm": 1118.8330677129879 }, "geometry": { "type": "MultiPolygon", "coordinates": [ [ [ [ 119742.145555675087962, 484602.448265470738988 ], [ 119768.826829065365018, 484604.015894183597993 ], [ 119771.30206286921748, 484562.228229646279942 ], [ 119744.620564807599294, 484560.660587205784395 ], [ 119742.145555675087962, 484602.448265470738988 ] ] ] ] } },
{ "type": "Feature", "properties": { "source_id": "parks_45", "name": "Oostenburgerpark", "category": "park", "subtype": "park", "source": "osm", "acquired_at": "2026-08-12T17:41:01.510895+00:00", "area_sqm": 7804.4107714965421 }, "geometry": { "type": "MultiPolygon", "coordinates": [ [ [ [ 123472.855616458444274, 486914.287016872898676 ], [ 123473.631003658927511, 486919.456014476832934 ], [ 123506.695322611165466, 486949.053567530761939 ], [ 123511.054411037883256, 486945.888006009627134 ], [ 123529.917671990420786, 486964.738852378854062 ], [ 123566.935497508893604, 486927.584339135559276 ], [ 123592.018575426453026, 486903.902671468036715 ], [ 123620.865112657018472, 486877.582416535995435 ], [ 123588.144129301042994, 486845.177972826291807 ], [ 123524.481983477366157, 486881.311582700407598 ], [ 123520.108719263356761, 486889.740185501636006 ], [ 123472.855616458444274, 486914.287016872898676 ] ] ] ] } },
{ "type": "Feature", "properties": { "source_id": "parks_46", "name": "Domela Nieuwenhuisplantsoen", "category": "park", "subtype": "park", "source": "osm", "acquired_at": "2026-08-12T17:41:01.510895+00:00", "area_sqm": 2222.2377578916362 }, "geometry": { "type": "MultiPolygon", "coordinates": [ [ [ [ 120526.027408537309384, 488964.128069322148804 ], [ 120555.529475982883014, 488908.988618230971042 ], [ 120556.209668925468577, 488905.000448807491921 ], [ 120555.039351305516902, 488902.171267759869806 ], [ 120552.630129842465976, 488900.341029421484563 ], [ 120549.171796589478618, 488900.365179337270092 ], [ 120545.364356392732589, 488901.092762865999248 ], [ 120536.878775109740673, 488904.601365901704412 ], [ 120487.86930999258766, 488933.083851426141337 ], [ 120499.703247979894513, 488953.752696118783206 ], [ 120505.325331650092266, 488958.431175450677983 ], [ 120526.027408537309384, 488964.128069322148804 ] ] ] ] } },
{ "type": "Feature", "properties": { "source_id": "parks_47", "name": "Robert Kochplantsoen", "category": "park", "subtype": "park", "source": "osm", "acquired_at": "2026-08-12T17:41:01.510895+00:00", "area_sqm": 6495.2638066406998 }, "geometry": { "type": "MultiPolygon", "coordinates": [ [ [ [ 124282.866743213307927, 484561.449635106488131 ], [ 124417.712575416459003, 484422.318979630246758 ], [ 124392.612411378679099, 484398.652176770556252 ], [ 124287.351463895305642, 484505.743681640131399 ], [ 124267.471047427912708, 484546.74688168335706 ], [ 124282.866743213307927, 484561.449635106488131 ] ] ] ] } },
{ "type": "Feature", "properties": { "source_id": "parks_48", "name": null, "category": "park", "subtype": "park", "source": "osm", "acquired_at": "2026-08-12T17:41:01.510895+00:00", "area_sqm": 908.47340878515524 }, "geometry": { "type": "MultiPolygon", "coordinates": [ [ [ [ 121024.659511492354795, 491892.327181676810142 ], [ 121015.919889463228174, 491880.982328911020886 ], [ 121059.429384114453569, 491844.163992911402602 ], [ 121070.503721943139681, 491857.629220358561724 ], [ 121024.659511492354795, 491892.327181676810142 ] ] ] ] } },
{ "type": "Feature", "properties": { "source_id": "parks_49", "name": "Dwaze Moeders plein", "category": "park", "subtype": "park", "source": "osm", "acquired_at": "2026-08-12T17:41:01.510895+00:00", "area_sqm": 4723.1075216203917 }, "geometry": { "type": "MultiPolygon", "coordinates": [ [ [ [ 115506.761846072011394, 485531.841801265545655 ], [ 115529.538773964522989, 485538.858778124966193 ], [ 115526.481569803174352, 485548.452364190481603 ], [ 115522.340649852500064, 485561.392691422952339 ], [ 115532.06026287082932, 485564.519536780484486 ], [ 115548.063858137000352, 485569.676917639211752 ], [ 115563.336187641965807, 485574.550891237857286 ], [ 115563.921899713372113, 485572.821541456389241 ], [ 115563.915265099290991, 485572.84384827298345 ], [ 115568.593899119019625, 485574.330867801734712 ], [ 115569.777086156012956, 485570.638410506071523 ], [ 115568.34957210268476, 485570.182480688556097 ], [ 115557.434720159712015, 485566.675670417491347 ], [ 115547.408215954055777, 485563.506719893659465 ], [ 115571.791172709490638, 485487.57105750759365 ], [ 115572.170065554237226, 485486.388579311780632 ], [ 115535.818233120124205, 485474.684188682178501 ], [ 115534.739014414371923, 485474.33675361686619 ], [ 115530.485919680490042, 485466.437262660358101 ], [ 115532.348683810501825, 485460.825535965384915 ], [ 115536.430451750624343, 485448.141612367588095 ], [ 115511.594625872457982, 485440.150771425338462 ], [ 115504.317529118154198, 485463.041399096837267 ], [ 115504.030602993443608, 485462.943552066979464 ], [ 115499.790148877509637, 485476.218499631271698 ], [ 115501.941777911648387, 485476.913409232336562 ], [ 115514.919752984613297, 485481.093467911239713 ], [ 115522.768106486590113, 485483.634407868201379 ], [ 115507.380537850374822, 485529.9786580047803 ], [ 115506.761846072011394, 485531.841801265545655 ] ] ] ] } },
{ "type": "Feature", "properties": { "source_id": "parks_50", "name": "Spaarndammerplantsoen", "category": "park", "subtype": "park", "source": "osm", "acquired_at": "2026-08-12T17:41:01.510895+00:00", "area_sqm": 6400.7432836052685 }, "geometry": { "type": "MultiPolygon", "coordinates": [ [ [ [ 120108.060338159761159, 489237.861658536538016 ], [ 120193.077144174327259, 489279.810237613099162 ], [ 120221.849966232301085, 489216.662495440919884 ], [ 120153.235701339901425, 489181.006604919326492 ], [ 120136.358089841291076, 489190.450192648684606 ], [ 120116.10255020938348, 489217.987791048595682 ], [ 120108.060338159761159, 489237.861658536538016 ] ] ] ] } },
{ "type": "Feature", "properties": { "source_id": "parks_51", "name": "Buiksloterbreekpark", "category": "park", "subtype": "park", "source": "osm", "acquired_at": "2026-08-12T17:41:01.510895+00:00", "area_sqm": 52802.02170880125 }, "geometry": { "type": "MultiPolygon", "coordinates": [ [ [ [ 122174.884194996629958, 490786.709996451914776 ], [ 122173.088406241731718, 490781.725982861418743 ], [ 122172.034300947329029, 490776.725905113620684 ], [ 122169.989445831422927, 490771.131572560174391 ], [ 122172.400486534737865, 490765.285035769804381 ], [ 122176.18174265458947, 490759.785438922815956 ], [ 122180.662845796745387, 490756.161629389622249 ], [ 122185.99143300371361, 490754.10107391315978 ], [ 122187.799167270946782, 490753.721857135067694 ], [ 122193.780980893643573, 490721.981580565508921 ], [ 122335.559770885578473, 490630.445335321535822 ], [ 122339.658070273260819, 490624.476438906567637 ], [ 122381.2420080958982, 490596.906971267191693 ], [ 122414.272460624109954, 490577.706147220917046 ], [ 122414.311487447048421, 490578.462516490777489 ], [ 122425.711402640488814, 490574.392650643654633 ], [ 122424.794961717998376, 490572.685166663781274 ], [ 122431.770701857312815, 490573.696142142871395 ], [ 122442.622399435378611, 490575.237878657353576 ], [ 122452.674575172626646, 490577.319005837198347 ], [ 122461.558802302752156, 490580.832099397142883 ], [ 122469.591700349541497, 490585.2854820273933 ], [ 122475.030310439775349, 490588.509779256419279 ], [ 122480.298870334343519, 490592.781129593960941 ], [ 122482.193321564991493, 490592.123277979262639 ], [ 122485.763663077173987, 490591.721421331050806 ], [ 122488.414779178739991, 490592.282538528146688 ], [ 122490.473401169845602, 490593.815600883390289 ], [ 122492.170749030090519, 490595.262030800047796 ], [ 122495.580021431625937, 490599.334244393743575 ], [ 122504.062576886179158, 490613.164669393154327 ], [ 122514.101088772469666, 490632.815337511303369 ], [ 122526.111928352882387, 490656.414202254323754 ], [ 122530.269007185721421, 490663.4746429049992 ], [ 122534.255641337978886, 490669.456902892736252 ], [ 122505.404676889913389, 490689.797704826341942 ], [ 122486.688717307013576, 490702.082746841420885 ], [ 122477.334659351123264, 490706.750958547054324 ], [ 122483.960672836910817, 490713.583666908845771 ], [ 122478.227661489247112, 490717.29334306390956 ], [ 122474.873311095725512, 490719.474080831452738 ], [ 122405.112978813383961, 490760.091610797855537 ], [ 122370.582024130737409, 490778.601449594949372 ], [ 122366.891954563994659, 490780.428423450794071 ], [ 122339.930023368593538, 490800.134602825099137 ], [ 122316.209347220166819, 490825.227108761260752 ], [ 122276.662115385581274, 490873.245969153998885 ], [ 122273.839722033750149, 490874.544292207923718 ], [ 122269.082303706309176, 490879.594092938525137 ], [ 122248.534679138916545, 490863.863604394253343 ], [ 122235.225040478529991, 490852.836276636633556 ], [ 122233.241451132184011, 490850.301402620680165 ], [ 122232.494012650771765, 490847.402254214161076 ], [ 122232.476414727454539, 490844.754173904890195 ], [ 122232.05568929517176, 490842.887654173304327 ], [ 122231.087377047660993, 490841.569990684627555 ], [ 122229.572439175302861, 490840.94582680176245 ], [ 122226.93710651951551, 490840.69629714434268 ], [ 122219.848749681957997, 490840.098057112598326 ], [ 122213.440376367449062, 490837.370071759272832 ], [ 122205.735175955313025, 490831.001103192917071 ], [ 122195.621232561621582, 490820.59798719373066 ], [ 122187.947996083457838, 490811.881061999709345 ], [ 122184.177645348710939, 490797.541352143336553 ], [ 122182.808164316622424, 490794.23465660167858 ], [ 122180.807021750108106, 490795.204887271334883 ], [ 122174.884194996629958, 490786.709996451914776 ] ] ] ] } },
{ "type": "Feature", "properties": { "source_id": "parks_52", "name": "Staalmanpark", "category": "park", "subtype": "park", "source": "osm", "acquired_at": "2026-08-12T17:41:01.510895+00:00", "area_sqm": 9429.121755271035 }, "geometry": { "type": "MultiPolygon", "coordinates": [ [ [ [ 117074.194921090500429, 484807.956374384695664 ], [ 117074.150118224817561, 484814.543821299157571 ], [ 117119.854115608817665, 484815.049802840745542 ], [ 117178.147030515858205, 484815.170477493142243 ], [ 117177.825498746300582, 484745.607811518129893 ], [ 117177.76702256736462, 484732.634341614262667 ], [ 117132.3328517726477, 484731.869829787756316 ], [ 117064.198595165944425, 484730.723715102649294 ], [ 117064.082355641701724, 484743.976700234983582 ], [ 117063.569031206410727, 484803.108790162834339 ], [ 117063.535341933456948, 484807.59317476011347 ], [ 117074.194921090500429, 484807.956374384695664 ] ] ] ] } },
{ "type": "Feature", "properties": { "source_id": "parks_53", "name": "Sportpark Schellingwoude", "category": "park", "subtype": "park", "source": "osm", "acquired_at": "2026-08-12T17:41:01.510895+00:00", "area_sqm": 44353.371819401858 }, "geometry": { "type": "MultiPolygon", "coordinates": [ [ [ [ 125689.565549754333915, 488765.937446161988191 ], [ 125653.97636633257207, 488653.267904245643876 ], [ 125716.839303136453964, 488618.011976323090494 ], [ 125863.485903491920908, 488541.003327396814711 ], [ 125878.206245958499494, 488550.307410767069086 ], [ 125971.947364587715128, 488481.280912980437279 ], [ 126025.777744042337872, 488552.353813832625747 ], [ 125932.692733089439571, 488622.855296527734026 ], [ 125945.039844868093496, 488637.336379383632448 ], [ 125788.833069243846694, 488732.224308775912505 ], [ 125689.565549754333915, 488765.937446161988191 ] ] ] ] } },
{ "type": "Feature", "properties": { "source_id": "parks_54", "name": null, "category": "park", "subtype": "park", "source": "osm", "acquired_at": "2026-08-12T17:41:01.510895+00:00", "area_sqm": 2611.4735852760782 }, "geometry": { "type": "MultiPolygon", "coordinates": [ [ [ [ 119760.337887339745066, 487669.373976712522563 ], [ 119762.105515582908993, 487667.058093592058867 ], [ 119762.273960688733496, 487648.686440339661203 ], [ 119756.819669926218921, 487652.553031388553791 ], [ 119750.365032592424541, 487656.515788940188941 ], [ 119726.070507805154193, 487668.350339851924218 ], [ 119709.209805428865366, 487674.112209741782863 ], [ 119692.899156605708413, 487678.701881342043635 ], [ 119677.673346932569984, 487682.627356881741434 ], [ 119661.808548266679281, 487685.756321177526843 ], [ 119657.156720889586722, 487686.601896747015417 ], [ 119653.055625851877267, 487688.27804678468965 ], [ 119649.161457076726947, 487692.222598530410323 ], [ 119644.188324635557365, 487699.546324171475135 ], [ 119641.670401429728372, 487705.483857781800907 ], [ 119638.982615909102606, 487712.424027971399482 ], [ 119636.667471649736399, 487722.899872937588952 ], [ 119650.481394301081309, 487726.283607267600019 ], [ 119651.743214146219543, 487721.812694980937522 ], [ 119658.44874296837952, 487713.920225810259581 ], [ 119745.795881737940363, 487676.565655980026349 ], [ 119760.337887339745066, 487669.373976712522563 ] ] ] ] } },
{ "type": "Feature", "properties": { "source_id": "parks_55", "name": null, "category": "park", "subtype": "park", "source": "osm", "acquired_at": "2026-08-12T17:41:01.510895+00:00", "area_sqm": 332.35915606122484 }, "geometry": { "type": "MultiPolygon", "coordinates": [ [ [ [ 123635.463365237985272, 489414.64407132047927 ], [ 123627.736178940031095, 489420.924231662880629 ], [ 123623.869189672608627, 489424.064338065916672 ], [ 123621.310143996626721, 489420.931725516915321 ], [ 123619.347906745286309, 489418.518560996337328 ], [ 123616.459569798607845, 489414.987480202806182 ], [ 123620.367757672676817, 489411.902740093646571 ], [ 123627.005526571389055, 489406.653164852235932 ], [ 123627.604842351109255, 489405.625685414415784 ], [ 123627.808217949990649, 489404.422695071087219 ], [ 123627.721863040234894, 489403.68887399265077 ], [ 123627.859857379822643, 489402.909118748386391 ], [ 123628.304168629591004, 489402.12741534714587 ], [ 123629.408055540479836, 489401.230249002866913 ], [ 123630.547180958470562, 489400.522014794347342 ], [ 123631.619580611950369, 489400.025614808080718 ], [ 123632.740761843073415, 489399.706934017129242 ], [ 123633.938235720735975, 489399.610304802423343 ], [ 123635.129822316797799, 489399.658362008456606 ], [ 123636.418193152843742, 489399.939467391581275 ], [ 123637.686850125712226, 489400.331966674362775 ], [ 123638.977625759478542, 489400.991369395691436 ], [ 123639.942228921558126, 489401.741860691108741 ], [ 123640.894986075014458, 489402.770598045492079 ], [ 123641.692666323957383, 489404.033984711160883 ], [ 123642.226357089704834, 489405.532712985994294 ], [ 123642.659498094726587, 489407.276870613743085 ], [ 123642.703718485485297, 489408.878851947491057 ], [ 123642.515580334962578, 489410.337661713419948 ], [ 123642.154720249396632, 489411.397003892343491 ], [ 123641.48803923491505, 489412.536178038048092 ], [ 123640.866673457421712, 489413.307879043044522 ], [ 123639.987136087409453, 489414.159109227592126 ], [ 123639.572756428970024, 489414.295265573717188 ], [ 123639.041313335997984, 489414.220756586757489 ], [ 123637.787759660743177, 489414.061824223317672 ], [ 123637.291200555249816, 489414.120615504973102 ], [ 123636.855621708295075, 489414.134511814976577 ], [ 123636.155417842266615, 489414.283612615661696 ], [ 123635.463365237985272, 489414.64407132047927 ] ] ] ] } },
{ "type": "Feature", "properties": { "source_id": "parks_56", "name": null, "category": "park", "subtype": "park", "source": "osm", "acquired_at": "2026-08-12T17:41:01.510895+00:00", "area_sqm": 325.12320990397399 }, "geometry": { "type": "MultiPolygon", "coordinates": [ [ [ [ 121136.204048215295188, 492391.559263329138048 ], [ 121135.980013175256317, 492394.598455425002612 ], [ 121146.03518288244959, 492394.596140226407442 ], [ 121147.95292067657283, 492392.50223162554903 ], [ 121147.956936633054283, 492366.342785010521766 ], [ 121146.413126788625959, 492364.439556230441667 ], [ 121138.213650828838581, 492364.217708887648769 ], [ 121136.204048215295188, 492391.559263329138048 ] ] ] ] } },
{ "type": "Feature", "properties": { "source_id": "parks_57", "name": "Park De Kuil", "category": "park", "subtype": "park", "source": "osm", "acquired_at": "2026-08-12T17:41:01.510895+00:00", "area_sqm": 75406.846486496201 }, "geometry": { "type": "MultiPolygon", "coordinates": [ [ [ [ 114241.735030380121316, 487978.928660059347749 ], [ 114476.990717723660055, 487979.906231701432262 ], [ 114483.036334264790639, 488004.636385948688257 ], [ 114607.040670332091395, 487981.02077060053125 ], [ 114574.758999519210192, 487874.888923278544098 ], [ 114552.14144773958833, 487852.953830522601493 ], [ 114490.822746004254441, 487793.515791484795045 ], [ 114451.02956481766887, 487754.931571967899799 ], [ 114430.316611286543775, 487723.757111021259334 ], [ 114441.649023012156249, 487679.94603818532778 ], [ 114404.477618205739418, 487691.178396458271891 ], [ 114353.55489958167891, 487717.835020534694195 ], [ 114309.269818291417323, 487752.448868029983714 ], [ 114231.987944076885469, 487822.007330403546803 ], [ 114241.735030380121316, 487978.928660059347749 ] ] ] ] } },
{ "type": "Feature", "properties": { "source_id": "parks_58", "name": "Afrikanerplein", "category": "park", "subtype": "park", "source": "osm", "acquired_at": "2026-08-12T17:41:01.510895+00:00", "area_sqm": 2679.5847992877589 }, "geometry": { "type": "MultiPolygon", "coordinates": [ [ [ [ 122957.667742928591906, 485075.134586777479853 ], [ 122962.777865665048012, 485075.157065920706373 ], [ 122971.95999444667541, 485072.716381585749332 ], [ 122981.230877606678405, 485069.251478289603256 ], [ 122990.168618110124953, 485064.84297852270538 ], [ 122999.91124960045272, 485058.470972122275271 ], [ 123005.927129947944195, 485055.271997406962328 ], [ 122994.494323128077667, 485042.650463922356721 ], [ 122939.286649318295531, 484987.16343664994929 ], [ 122936.959012495950446, 484987.556857825431507 ], [ 122935.309249506390188, 484989.514749804278836 ], [ 122935.990278621320613, 484992.614690003101714 ], [ 122937.116236258516437, 485000.229200318222865 ], [ 122942.711327296303352, 485019.319753052026499 ], [ 122957.667742928591906, 485075.134586777479853 ] ] ] ] } },
{ "type": "Feature", "properties": { "source_id": "parks_59", "name": "Zimmerterrein", "category": "park", "subtype": "park", "source": "osm", "acquired_at": "2026-08-12T17:41:01.510895+00:00", "area_sqm": 5366.209336669046 }, "geometry": { "type": "MultiPolygon", "coordinates": [ [ [ [ 119339.471543677573209, 486843.646334655641112 ], [ 119363.971017761985422, 486884.282694475026801 ], [ 119420.143131974589778, 486980.091370370762888 ], [ 119427.129177660593996, 486970.394030726864003 ], [ 119444.769761279982049, 486945.910235337389167 ], [ 119435.979053900722647, 486939.575627083599102 ], [ 119432.88170919805998, 486933.177750569593627 ], [ 119445.428308106143959, 486918.199623621534556 ], [ 119449.809281103836838, 486910.857724083005451 ], [ 119447.796415983786574, 486908.457695030549075 ], [ 119442.500087004009401, 486905.970051468641032 ], [ 119417.55490596499294, 486895.045220636879094 ], [ 119413.418276729877107, 486894.707857577304821 ], [ 119410.121016206365312, 486893.652326854178682 ], [ 119407.305597421465791, 486890.468094444717281 ], [ 119405.893383829010418, 486887.307124837068841 ], [ 119407.306075213375152, 486882.033935361308977 ], [ 119402.734262071535341, 486879.90829580288846 ], [ 119399.208860254089814, 486877.441307154658716 ], [ 119398.155108760140138, 486873.932821773923934 ], [ 119400.032272746815579, 486861.290302660432644 ], [ 119339.471543677573209, 486843.646334655641112 ] ] ] ] } },
{ "type": "Feature", "properties": { "source_id": "parks_60", "name": null, "category": "park", "subtype": "park", "source": "osm", "acquired_at": "2026-08-12T17:41:01.510895+00:00", "area_sqm": 7432.9853530400524 }, "geometry": { "type": "MultiPolygon", "coordinates": [ [ [ [ 119985.107094202830922, 484881.259719932917506 ], [ 119986.364965748405666, 484849.172232992306817 ], [ 119973.614037831808673, 484835.36527894239407 ], [ 119960.354817486047978, 484830.59692645346513 ], [ 119885.17749196101795, 484827.481308741145767 ], [ 119844.532679803873179, 484824.465818797645625 ], [ 119837.041694302577525, 484828.869730722217355 ], [ 119828.765207471995382, 484834.914888559549581 ], [ 119826.214389530970948, 484871.874046696117148 ], [ 119985.107094202830922, 484881.259719932917506 ] ] ] ] } },
{ "type": "Feature", "properties": { "source_id": "parks_61", "name": null, "category": "park", "subtype": "park", "source": "osm", "acquired_at": "2026-08-12T17:41:01.510895+00:00", "area_sqm": 2940.6995429491767 }, "geometry": { "type": "MultiPolygon", "coordinates": [ [ [ [ 119387.27077167032985, 485019.112192896369379 ], [ 119379.375794867824879, 485015.58630014420487 ], [ 119381.145484253996983, 485011.556754283665214 ], [ 119380.079348072671564, 485011.108244846691377 ], [ 119378.973135580527014, 485010.771292884834111 ], [ 119378.024828478228301, 485010.600104371958878 ], [ 119377.342874890964595, 485010.516009177605156 ], [ 119375.850722418763326, 485010.515646485320758 ], [ 119375.006618541563512, 485010.621877258701716 ], [ 119374.230966920149513, 485010.772121605288703 ], [ 119373.455716693890281, 485010.977997263136785 ], [ 119372.497716527606826, 485011.352093775116373 ], [ 119371.865943216980668, 485011.612568637356162 ], [ 119370.922693376225652, 485012.142334476695396 ], [ 119370.075148416857701, 485012.715917243156582 ], [ 119369.458848044509068, 485013.232197574572638 ], [ 119368.532034825475421, 485014.151283886341844 ], [ 119367.951566552117583, 485014.912095846317243 ], [ 119367.452936038462212, 485015.683444171387237 ], [ 119366.969055880006636, 485016.610461563162971 ], [ 119366.567896596941864, 485017.670403907715809 ], [ 119335.878733066609129, 485090.127255546627566 ], [ 119334.76746207002725, 485092.861352304636966 ], [ 119334.248664458922576, 485094.612009994569235 ], [ 119333.839919865858974, 485096.50652153318515 ], [ 119333.632592044188641, 485097.98788600350963 ], [ 119333.553425425314344, 485099.29029570624698 ], [ 119333.615161902518594, 485100.291263575898483 ], [ 119333.767315534991212, 485101.547495246166363 ], [ 119334.020297782495618, 485102.613842739374377 ], [ 119334.572087024454959, 485103.544510265171994 ], [ 119335.039227332468727, 485104.075223707011901 ], [ 119335.395511549868388, 485104.350820979685523 ], [ 119335.73768761602696, 485104.559759253170341 ], [ 119336.209712149910047, 485104.823393851984292 ], [ 119337.015251468445058, 485105.040112562302966 ], [ 119337.390528102929238, 485105.115290058660321 ], [ 119338.242151187150739, 485105.109139754844364 ], [ 119338.61598149096244, 485104.984045036835596 ], [ 119338.975543047097744, 485104.770038827438839 ], [ 119339.395055577420862, 485104.366443774139043 ], [ 119339.423255066256388, 485103.553982296260074 ], [ 119339.494662595301634, 485103.063886559277307 ], [ 119339.600858212827006, 485102.673680979816709 ], [ 119339.660246754792752, 485102.406208435364533 ], [ 119339.631869929318782, 485102.250637885357719 ], [ 119337.780103013603366, 485102.453166675637476 ], [ 119336.29718463626341, 485101.840774430311285 ], [ 119336.200838518998353, 485101.70794841874158 ], [ 119336.179837060568389, 485101.630212357151322 ], [ 119336.20596403881791, 485101.474248187441844 ], [ 119338.545531043957453, 485096.172112666477915 ], [ 119338.688202231540345, 485096.115448244498111 ], [ 119338.838248866610229, 485096.136618296732195 ], [ 119340.232358633133117, 485096.71627217985224 ], [ 119341.209766799962381, 485098.088939679553732 ], [ 119341.345464278914733, 485098.010072051023599 ], [ 119341.86325185833266, 485098.006333066849038 ], [ 119342.30706060162629, 485098.136650164029561 ], [ 119342.601786862593144, 485098.379312001226936 ], [ 119342.787826560306712, 485098.667265945055988 ], [ 119342.926255624712212, 485098.966690499626566 ], [ 119342.976276447938289, 485099.289007073268294 ], [ 119343.013072982110316, 485099.667053235403728 ], [ 119343.001616187146283, 485099.967560090997722 ], [ 119342.977256474667229, 485100.368301490729209 ], [ 119342.911456439120229, 485100.6914543856401 ], [ 119342.778088895400288, 485101.092982914240565 ], [ 119342.590699504304212, 485101.561662449676078 ], [ 119342.295828824760974, 485102.24252767697908 ], [ 119342.068686392041855, 485102.8672697643633 ], [ 119341.902378842845792, 485103.424811654258519 ], [ 119341.797307865170296, 485103.970784535398707 ], [ 119341.773028618932585, 485104.38265218451852 ], [ 119341.767179752059747, 485104.516216254793108 ], [ 119341.631803821161157, 485104.639588830410503 ], [ 119341.605050163489068, 485105.652322607522365 ], [ 119341.747094560065307, 485106.452427909825929 ], [ 119342.134727624288644, 485107.295267096895259 ], [ 119342.596017880598083, 485107.959545327816159 ], [ 119343.05594222691434, 485108.434677528508473 ], [ 119343.665591354278149, 485108.886475013860036 ], [ 119344.445163154188776, 485109.281411542906426 ], [ 119345.284685931983404, 485109.48675939370878 ], [ 119345.89152303308947, 485109.549138768867124 ], [ 119346.613457759958692, 485109.510545826458838 ], [ 119347.395665006610216, 485109.326869168842677 ], [ 119348.061409032758093, 485109.055018924060278 ], [ 119348.739574176841415, 485108.616176792769693 ], [ 119349.057776055764407, 485108.335709008853883 ], [ 119349.368683033419074, 485107.98853298969334 ], [ 119349.380863124199095, 485107.788162301527336 ], [ 119349.454681351227919, 485107.631853896658868 ], [ 119349.772240732912906, 485107.262376243830658 ], [ 119350.143420451349812, 485106.770116489555221 ], [ 119350.526459093031008, 485106.032981119933538 ], [ 119350.760897361964453, 485105.474947673792485 ], [ 119351.049196985783055, 485104.827510853065178 ], [ 119351.377972993956064, 485104.124147750495467 ], [ 119351.715650424623163, 485103.710017707257066 ], [ 119352.128511730537866, 485103.328725405503064 ], [ 119352.515004658518592, 485103.070018495549448 ], [ 119352.868155551375821, 485102.91169368266128 ], [ 119353.249361591704655, 485102.864434570423327 ], [ 119353.549374001770047, 485102.895649327838328 ], [ 119353.822696669609286, 485103.004944501444697 ], [ 119354.130887415274628, 485103.225256191683002 ], [ 119354.316283739026403, 485103.424200647452381 ], [ 119354.345302613859531, 485103.668781202868558 ], [ 119356.074275307939388, 485103.444891335617285 ], [ 119357.536751739884494, 485104.057437042880338 ], [ 119357.653696806795779, 485104.212368421605788 ], [ 119357.661634096264606, 485104.368086600326933 ], [ 119355.451015390543034, 485109.602521282155067 ], [ 119355.342971488658804, 485109.736823008337524 ], [ 119355.173048598342575, 485109.793683664582204 ], [ 119355.091132233763346, 485109.77202132815728 ], [ 119353.669856312859338, 485109.203686216438655 ], [ 119352.527978412632365, 485107.698681722104084 ], [ 119352.358216121981968, 485107.777794955938589 ], [ 119352.075524685205892, 485108.258288928831462 ], [ 119351.697531910118414, 485108.750597721198574 ], [ 119351.636536377875018, 485108.795545329339802 ], [ 119351.521840224246262, 485108.952148801181465 ], [ 119351.278340049888357, 485109.198696690727957 ], [ 119351.169894640886923, 485109.277367308852263 ], [ 119351.08148656017147, 485109.300259182637092 ], [ 119351.055519802961498, 485109.478475751413498 ], [ 119351.036767638433957, 485109.712274339050055 ], [ 119351.059294955717633, 485110.001409018645063 ], [ 119351.191793775680708, 485110.423271630716044 ], [ 119351.49501859897282, 485110.899535849457607 ], [ 119352.00912433884514, 485111.329770458978601 ], [ 119352.59777112431766, 485111.703832919709384 ], [ 119353.35617997488589, 485111.998782244743779 ], [ 119353.990750451688655, 485112.127723330399022 ], [ 119355.155849480943289, 485112.130439905624371 ], [ 119356.01291903166566, 485111.935097410751041 ], [ 119356.882650888204807, 485111.606141836615279 ], [ 119357.696674438600894, 485111.110686219646595 ], [ 119358.448899524286389, 485110.548915860941634 ], [ 119359.227573652751744, 485109.875686536717694 ], [ 119360.22778392964392, 485108.744658831856214 ], [ 119361.164830946669099, 485107.358170351362787 ], [ 119361.757066181686241, 485106.341355593584012 ], [ 119362.335274210665375, 485105.26900805067271 ], [ 119363.166996193307568, 485103.449334145057946 ], [ 119363.957359103515046, 485101.563197943032719 ], [ 119395.243276733323, 485027.722494533343706 ], [ 119395.548015134510933, 485026.518601127085276 ], [ 119395.651730094774393, 485025.783483423991129 ], [ 119395.713116959639592, 485023.902608768548816 ], [ 119395.560495721758343, 485022.579617962881457 ], [ 119395.099038702552207, 485020.947303012362681 ], [ 119394.531379527703393, 485019.705192442052066 ], [ 119394.055740038165823, 485018.940871560887899 ], [ 119393.30597171872796, 485017.955990982067306 ], [ 119392.496329233574215, 485017.171824944147374 ], [ 119391.564291254180716, 485016.421922055014875 ], [ 119390.640510261204327, 485015.872242504206952 ], [ 119389.539588242536411, 485015.323840523022227 ], [ 119389.040385926811723, 485015.071523613238242 ], [ 119387.27077167032985, 485019.112192896369379 ] ] ] ] } },
{ "type": "Feature", "properties": { "source_id": "parks_62", "name": null, "category": "park", "subtype": "park", "source": "osm", "acquired_at": "2026-08-12T17:41:01.510895+00:00", "area_sqm": 844.67177084393052 }, "geometry": { "type": "MultiPolygon", "coordinates": [ [ [ [ 119839.858821644549607, 484448.368751904461533 ], [ 119839.052617135399487, 484461.470730390050448 ], [ 119903.161259786909795, 484465.376453266944736 ], [ 119903.290802303090459, 484465.386659518058877 ], [ 119904.090362465940416, 484452.284740201139357 ], [ 119839.858821644549607, 484448.368751904461533 ] ] ] ] } },
{ "type": "Feature", "properties": { "source_id": "parks_63", "name": null, "category": "park", "subtype": "park", "source": "osm", "acquired_at": "2026-08-12T17:41:01.510895+00:00", "area_sqm": 2167.3882701310663 }, "geometry": { "type": "MultiPolygon", "coordinates": [ [ [ [ 119925.541926481950213, 484665.344027614570223 ], [ 119932.799786714749644, 484520.577365791017655 ], [ 119917.864767294551712, 484519.837794143473729 ], [ 119910.607343278243206, 484664.604478630295489 ], [ 119923.476539506023983, 484665.236301600991283 ], [ 119925.541926481950213, 484665.344027614570223 ] ] ] ] } },
{ "type": "Feature", "properties": { "source_id": "parks_64", "name": null, "category": "park", "subtype": "park", "source": "osm", "acquired_at": "2026-08-12T17:41:01.510895+00:00", "area_sqm": 714.03178866622181 }, "geometry": { "type": "MultiPolygon", "coordinates": [ [ [ [ 119855.18899099106784, 484413.633054116973653 ], [ 119855.02460106057697, 484410.641116028418764 ], [ 119852.893583985627629, 484409.9441654747352 ], [ 119853.446953063801629, 484407.269796818611212 ], [ 119866.596516475881799, 484407.943989539984614 ], [ 119866.379996118863346, 484405.286225824907888 ], [ 119841.937017849239055, 484404.314101026742719 ], [ 119841.263352347188629, 484417.849079540814273 ], [ 119906.144365737491171, 484421.048359865904786 ], [ 119906.818208415061235, 484407.513390493753832 ], [ 119868.437017280477448, 484405.160325737379026 ], [ 119868.288432591623859, 484408.221251146867871 ], [ 119882.072716304886853, 484409.035618579306174 ], [ 119882.120561720308615, 484410.014436288794968 ], [ 119881.802865410441882, 484415.168401044735219 ], [ 119855.18899099106784, 484413.633054116973653 ] ] ] ] } },
{ "type": "Feature", "properties": { "source_id": "parks_65", "name": null, "category": "park", "subtype": "park", "source": "osm", "acquired_at": "2026-08-12T17:41:01.510895+00:00", "area_sqm": 1807.4093931611408 }, "geometry": { "type": "MultiPolygon", "coordinates": [ [ [ [ 119908.547936637420207, 484682.600018563389312 ], [ 119906.447144256191677, 484719.700569610344246 ], [ 119906.356800944922725, 484721.370231606881134 ], [ 119904.080199811607599, 484761.53190613683546 ], [ 119903.971157451422187, 484763.44649082358228 ], [ 119901.961811681132531, 484799.022028113016859 ], [ 119901.895087964876438, 484800.179689709737431 ], [ 119902.999333818734158, 484800.238602739176713 ], [ 119917.354290196934016, 484800.971115908352658 ], [ 119919.463547074701637, 484762.179230650595855 ], [ 119921.729208951073815, 484720.459890032478143 ], [ 119923.741776406386634, 484683.393353490508161 ], [ 119908.547936637420207, 484682.600018563389312 ] ] ] ] } },
{ "type": "Feature", "properties": { "source_id": "parks_66", "name": null, "category": "park", "subtype": "park", "source": "osm", "acquired_at": "2026-08-12T17:41:01.510895+00:00", "area_sqm": 1752.8658751691339 }, "geometry": { "type": "MultiPolygon", "coordinates": [ [ [ [ 118174.405595955147874, 485898.906679678475484 ], [ 118159.380776856371085, 485885.622033572872169 ], [ 118156.881652758776909, 485881.189938655879814 ], [ 118156.301676452101674, 485871.936718815122731 ], [ 118155.332475759481895, 485870.775631411699578 ], [ 118151.677052723272936, 485867.498235241335351 ], [ 118139.742210479394998, 485861.156001470633782 ], [ 118134.155756305117393, 485867.495516537223011 ], [ 118133.769304596062284, 485868.655595794087276 ], [ 118161.495361418579705, 485906.992081367410719 ], [ 118161.693399904557737, 485907.969767442438751 ], [ 118163.425091610348318, 485929.153517150785774 ], [ 118163.428324825043092, 485930.499843271449208 ], [ 118165.161850256146863, 485931.844386194483377 ], [ 118168.625256849627476, 485932.219113850849681 ], [ 118183.643387629737845, 485931.840051879466046 ], [ 118188.85030274654855, 485931.244882137805689 ], [ 118200.010555441418546, 485921.436805176490452 ], [ 118207.716179443756118, 485909.685043757141102 ], [ 118209.266756225726567, 485906.591348298476078 ], [ 118208.292019426415209, 485904.684792246669531 ], [ 118206.7544657291146, 485903.127363431791309 ], [ 118205.600354622467421, 485902.746524527028669 ], [ 118203.480365014227573, 485902.562041310651693 ], [ 118200.206418060100987, 485902.931376461172476 ], [ 118189.234108683653176, 485905.060517146368511 ], [ 118184.802550513064489, 485906.406530812731944 ], [ 118184.032724845776102, 485906.401144599774852 ], [ 118174.405595955147874, 485898.906679678475484 ] ] ] ] } },
{ "type": "Feature", "properties": { "source_id": "parks_67", "name": "Merwedeplein", "category": "park", "subtype": "park", "source": "osm", "acquired_at": "2026-08-12T17:41:01.510895+00:00", "area_sqm": 4114.7974666425189 }, "geometry": { "type": "MultiPolygon", "coordinates": [ [ [ [ 121821.466823295690119, 484262.851288438541815 ], [ 121818.706548596586799, 484264.817012376734056 ], [ 121810.644355376367457, 484280.938210411404725 ], [ 121805.658118698178441, 484299.475508546107449 ], [ 121804.908380586697604, 484311.619835397636052 ], [ 121805.334562048155931, 484323.322316197678447 ], [ 121807.005088161153253, 484327.528129230369814 ], [ 121807.637942567613209, 484330.439085844904184 ], [ 121906.031947956507793, 484322.535325282718986 ], [ 121910.385192598187132, 484321.348977228510194 ], [ 121911.958439876121702, 484318.167313482961617 ], [ 121910.774749698233791, 484315.415808769408613 ], [ 121821.466823295690119, 484262.851288438541815 ] ] ] ] } },
{ "type": "Feature", "properties": { "source_id": "parks_68", "name": null, "category": "park", "subtype": "park", "source": "osm", "acquired_at": "2026-08-12T17:41:01.510895+00:00", "area_sqm": 1353.1519752739996 }, "geometry": { "type": "MultiPolygon", "coordinates": [ [ [ [ 121484.527771806388046, 483592.11335008306196 ], [ 121528.03396649545175, 483588.625006950285751 ], [ 121525.608623431267915, 483558.588103680638596 ], [ 121525.541783903026953, 483557.776304259954486 ], [ 121486.646505789161893, 483560.843948956870008 ], [ 121482.797780559165403, 483561.137101376778446 ], [ 121482.472391534523922, 483561.395224154286552 ], [ 121482.154119606333552, 483561.697805649018846 ], [ 121482.013644435690367, 483562.088194811542053 ], [ 121482.287695005885325, 483565.313091529766098 ], [ 121484.527771806388046, 483592.11335008306196 ] ] ] ] } },
{ "type": "Feature", "properties": { "source_id": "parks_69", "name": null, "category": "park", "subtype": "park", "source": "osm", "acquired_at": "2026-08-12T17:41:01.510895+00:00", "area_sqm": 250.15992595215005 }, "geometry": { "type": "MultiPolygon", "coordinates": [ [ [ [ 121993.208991582025192, 484557.193791406578384 ], [ 121963.814820557192434, 484563.543415879015811 ], [ 121973.603409013332566, 484566.126117909036111 ], [ 121976.592282443511067, 484566.773737596871797 ], [ 122001.157952283188934, 484572.039399817760568 ], [ 121997.894175686844392, 484565.94149222021224 ], [ 121993.208991582025192, 484557.193791406578384 ] ] ] ] } },
{ "type": "Feature", "properties": { "source_id": "parks_70", "name": null, "category": "park", "subtype": "park", "source": "osm", "acquired_at": "2026-08-12T17:41:01.510895+00:00", "area_sqm": 1411.6054437165135 }, "geometry": { "type": "MultiPolygon", "coordinates": [ [ [ [ 121479.747531727771275, 483533.463329155987594 ], [ 121522.640877000172623, 483529.979101694538258 ], [ 121519.979370640619891, 483497.284512564889155 ], [ 121477.085742746246979, 483500.768762381921988 ], [ 121477.501820519028115, 483505.839734304056037 ], [ 121479.747531727771275, 483533.463329155987594 ] ] ] ] } },
{ "type": "Feature", "properties": { "source_id": "parks_71", "name": null, "category": "park", "subtype": "park", "source": "osm", "acquired_at": "2026-08-12T17:41:01.510895+00:00", "area_sqm": 1241.6050327413902 }, "geometry": { "type": "MultiPolygon", "coordinates": [ [ [ [ 121442.899034770613071, 483503.760292177204974 ], [ 121445.391302450880175, 483534.542193896020763 ], [ 121423.245774265291402, 483536.239276307052933 ], [ 121423.176270928233862, 483535.038060156977735 ], [ 121417.92428972068592, 483535.440941282373387 ], [ 121418.000609474722296, 483536.64211103413254 ], [ 121404.997235098999226, 483537.720801218529232 ], [ 121402.451330313604558, 483507.106183466385119 ], [ 121442.899034770613071, 483503.760292177204974 ] ] ] ] } },
{ "type": "Feature", "properties": { "source_id": "parks_72", "name": null, "category": "park", "subtype": "park", "source": "osm", "acquired_at": "2026-08-12T17:41:01.510895+00:00", "area_sqm": 1400.8647977484713 }, "geometry": { "type": "MultiPolygon", "coordinates": [ [ [ [ 121409.808022141747642, 483599.730827950173989 ], [ 121452.753605474805227, 483596.000844033434987 ], [ 121449.971939854644006, 483563.741044063644949 ], [ 121413.822479976981413, 483566.679348883684725 ], [ 121407.010782848199597, 483567.226366984774359 ], [ 121409.808022141747642, 483599.730827950173989 ] ] ] ] } },
{ "type": "Feature", "properties": { "source_id": "parks_73", "name": "Tweede Marnixplantsoen", "category": "park", "subtype": "park", "source": "osm", "acquired_at": "2026-08-12T17:41:01.510895+00:00", "area_sqm": 2262.820048578254 }, "geometry": { "type": "MultiPolygon", "coordinates": [ [ [ [ 120169.043164559931029, 487492.170156545646023 ], [ 120175.543765634167357, 487517.805052445502952 ], [ 120178.441936984352651, 487525.117196971725207 ], [ 120181.582911583755049, 487533.061860672489274 ], [ 120184.479181485774461, 487540.106977767893113 ], [ 120187.07064008252928, 487546.419874608458485 ], [ 120195.5875702425692, 487567.333915965864435 ], [ 120226.283627582975896, 487555.300806112471037 ], [ 120216.928347832668805, 487539.099280008056667 ], [ 120207.084741372236749, 487517.393423254892696 ], [ 120196.478392945879023, 487492.799984179378953 ], [ 120195.26005250599701, 487490.961519331380259 ], [ 120194.111926824814873, 487489.422984530916438 ], [ 120192.911616245182813, 487489.175532705965452 ], [ 120191.486507230220013, 487488.918539899750613 ], [ 120189.907129580475157, 487488.996441177849192 ], [ 120182.483800126545248, 487489.905576075019781 ], [ 120169.043164559931029, 487492.170156545646023 ] ] ] ] } },
{ "type": "Feature", "properties": { "source_id": "parks_74", "name": null, "category": "park", "subtype": "park", "source": "osm", "acquired_at": "2026-08-12T17:41:01.510895+00:00", "area_sqm": 600.14461308020589 }, "geometry": { "type": "MultiPolygon", "coordinates": [ [ [ [ 120296.702856524701929, 488804.807961183483712 ], [ 120298.701243393938057, 488806.28490528074326 ], [ 120309.918731598561862, 488813.683273532253224 ], [ 120314.374594256194541, 488814.152652138262056 ], [ 120318.29107057271176, 488814.403289180772845 ], [ 120322.648496910725953, 488813.460254142060876 ], [ 120333.813812779437285, 488808.597227079037111 ], [ 120330.885360430984292, 488803.621839329542127 ], [ 120327.090980746535934, 488796.527306187432259 ], [ 120326.427965798357036, 488794.217576195951551 ], [ 120326.538699569617165, 488792.536639862635639 ], [ 120318.831934034824371, 488791.589393421309069 ], [ 120303.978597434455878, 488791.905244830122683 ], [ 120302.019411095505347, 488792.130434754129965 ], [ 120301.832704853426549, 488797.528282331011724 ], [ 120299.354091240442358, 488802.308018668671139 ], [ 120296.702856524701929, 488804.807961183483712 ] ] ] ] } },
{ "type": "Feature", "properties": { "source_id": "parks_75", "name": null, "category": "park", "subtype": "park", "source": "osm", "acquired_at": "2026-08-12T17:41:01.510895+00:00", "area_sqm": 2025.1538017090638 }, "geometry": { "type": "MultiPolygon", "coordinates": [ [ [ [ 120488.9070771439292, 488294.038338581041899 ], [ 120470.217588828731095, 488338.932463498727884 ], [ 120513.61601934445207, 488358.245590266189538 ], [ 120521.5516414330923, 488351.903452535741962 ], [ 120518.229839608975453, 488342.290804613672663 ], [ 120520.067715495577431, 488341.243162487342488 ], [ 120517.522318449831801, 488329.711269335530233 ], [ 120510.266661679255776, 488299.886361729062628 ], [ 120488.9070771439292, 488294.038338581041899 ] ] ] ] } },
{ "type": "Feature", "properties": { "source_id": "parks_76", "name": "Toon Ylandplantsoen", "category": "park", "subtype": "park", "source": "osm", "acquired_at": "2026-08-12T17:41:01.510895+00:00", "area_sqm": 1291.0910672357493 }, "geometry": { "type": "MultiPolygon", "coordinates": [ [ [ [ 120929.084625138304546, 489030.781769202905707 ], [ 120929.840423804387683, 489018.970943284104578 ], [ 120908.400024615519214, 489015.680865717295092 ], [ 120913.90629172543413, 488982.974334902130067 ], [ 120880.837874638513313, 488982.657720538903959 ], [ 120882.912053546722746, 489001.036086868494749 ], [ 120884.755006745865103, 489008.622991931159049 ], [ 120889.690018736058846, 489015.409635607269593 ], [ 120897.293662957788911, 489022.188961837615352 ], [ 120910.858175184665015, 489028.559917752514593 ], [ 120929.084625138304546, 489030.781769202905707 ] ] ] ] } },
{ "type": "Feature", "properties": { "source_id": "parks_77", "name": null, "category": "park", "subtype": "park", "source": "osm", "acquired_at": "2026-08-12T17:41:01.510895+00:00", "area_sqm": 3625.0124073567722 }, "geometry": { "type": "MultiPolygon", "coordinates": [ [ [ [ 120537.64569172267511, 488813.622706519206986 ], [ 120545.651323045560275, 488807.658420413092244 ], [ 120545.726632514488301, 488803.819124203990214 ], [ 120523.833592442140798, 488804.12784954183735 ], [ 120512.275301689180196, 488802.47284541267436 ], [ 120491.479598325910047, 488798.089630428294186 ], [ 120484.220992842427222, 488797.940125802182592 ], [ 120478.606356976844836, 488798.246456378663424 ], [ 120473.823885402380256, 488799.748671475041192 ], [ 120467.881754242655006, 488802.872404848458245 ], [ 120463.089350988768274, 488806.844865529506933 ], [ 120458.471748405892868, 488811.472592527512461 ], [ 120454.51230581686832, 488816.752200621471275 ], [ 120447.908734616445145, 488828.470535928674508 ], [ 120434.21072368665773, 488858.597925036388915 ], [ 120415.223092989239376, 488881.94166182691697 ], [ 120537.64569172267511, 488813.622706519206986 ] ] ] ] } },
{ "type": "Feature", "properties": { "source_id": "parks_78", "name": null, "category": "park", "subtype": "park", "source": "osm", "acquired_at": "2026-08-12T17:41:01.510895+00:00", "area_sqm": 2919.4527741689121 }, "geometry": { "type": "MultiPolygon", "coordinates": [ [ [ [ 120223.403315895062406, 488913.610906255547889 ], [ 120208.187127534270985, 488914.552712818491273 ], [ 120201.016888035577722, 488915.326534232415725 ], [ 120194.505080889633973, 488917.753625628305599 ], [ 120189.106258315354353, 488921.608239288383629 ], [ 120184.325242041799356, 488926.181745984242298 ], [ 120181.011601162856095, 488935.128891094878782 ], [ 120179.335383215569891, 488939.747250947752036 ], [ 120180.814767464078614, 488942.930223614093848 ], [ 120190.2413596391998, 488945.467387582233641 ], [ 120207.68721023213584, 488946.957712484407239 ], [ 120222.900366922840476, 488948.497218979522586 ], [ 120262.231530698190909, 488948.676304688560776 ], [ 120297.100753933598753, 488942.667165308725089 ], [ 120328.454635964852059, 488935.336626685282681 ], [ 120338.965560171607649, 488923.612923899374437 ], [ 120316.343608438386582, 488926.687162362039089 ], [ 120300.084611859347206, 488925.521910652052611 ], [ 120277.231425061298069, 488921.855067124648485 ], [ 120270.8945514021907, 488934.628823097096756 ], [ 120269.963712832803139, 488936.827371325111017 ], [ 120268.190993255266221, 488939.354526424256619 ], [ 120265.200553406568361, 488941.04461335967062 ], [ 120262.736805923224892, 488942.119015001808293 ], [ 120259.368646908755181, 488942.376397894404363 ], [ 120253.697599526654813, 488941.414919262868352 ], [ 120248.047510195174254, 488939.563149160705507 ], [ 120243.548048730706796, 488935.78945539612323 ], [ 120223.403315895062406, 488913.610906255547889 ] ] ] ] } },
{ "type": "Feature", "properties": { "source_id": "parks_79", "name": "Kröller-Müllerpark", "category": "park", "subtype": "park", "source": "osm", "acquired_at": "2026-08-12T17:41:01.510895+00:00", "area_sqm": 7841.4884167514829 }, "geometry": { "type": "MultiPolygon", "coordinates": [ [ [ [ 117015.97898113251722, 486577.366637674567755 ], [ 116866.899606502047391, 486577.492406387405936 ], [ 116861.371791395329637, 486577.001022620534059 ], [ 116864.585873478790745, 486588.3478854301502 ], [ 116869.340159041923471, 486603.332476652867626 ], [ 116880.731806116760708, 486630.193851077288855 ], [ 117016.939140249305638, 486632.214868832845241 ], [ 117016.454184311864083, 486625.842886338301469 ], [ 117015.97898113251722, 486577.366637674567755 ] ] ] ] } },
{ "type": "Feature", "properties": { "source_id": "parks_80", "name": "Spoorpark", "category": "park", "subtype": "park", "source": "osm", "acquired_at": "2026-08-12T17:41:01.510895+00:00", "area_sqm": 1434.5123647894738 }, "geometry": { "type": "MultiPolygon", "coordinates": [ [ [ [ 117371.996267029986484, 486333.575804012420122 ], [ 117365.163265545823378, 486333.460990255291108 ], [ 117366.26782753833686, 486249.611480505671352 ], [ 117356.424829423311166, 486249.61976740823593 ], [ 117354.377023709501373, 486367.858557609608397 ], [ 117372.434347204660298, 486366.919746364757884 ], [ 117371.996267029986484, 486333.575804012420122 ] ] ] ] } },
{ "type": "Feature", "properties": { "source_id": "parks_81", "name": "Forintplantsoen", "category": "park", "subtype": "park", "source": "osm", "acquired_at": "2026-08-12T17:41:01.510895+00:00", "area_sqm": 8606.7216089752001 }, "geometry": { "type": "MultiPolygon", "coordinates": [ [ [ [ 114064.068781247508014, 484410.569939736218657 ], [ 113973.291170116994181, 484470.140135900990572 ], [ 113971.642670725443168, 484475.950960145099089 ], [ 114008.049874197706231, 484530.73806230048649 ], [ 114014.060860451776534, 484531.656216098926961 ], [ 114106.251216355172801, 484469.137549714650959 ], [ 114106.639402519678697, 484464.171726961794775 ], [ 114073.630387501267251, 484415.620208594831638 ], [ 114064.068781247508014, 484410.569939736218657 ] ] ] ] } },
{ "type": "Feature", "properties": { "source_id": "parks_82", "name": null, "category": "park", "subtype": "park", "source": "osm", "acquired_at": "2026-08-12T17:41:01.510895+00:00", "area_sqm": 1931.4870413821659 }, "geometry": { "type": "MultiPolygon", "coordinates": [ [ [ [ 126387.222626448579831, 481583.392663723148871 ], [ 126414.865784472931409, 481531.994665731326677 ], [ 126386.145273684320273, 481516.238648734753951 ], [ 126385.8076624955429, 481516.808060405775905 ], [ 126372.319182825420285, 481541.153307418804616 ], [ 126371.171806155471131, 481543.173869950405788 ], [ 126362.87283159456274, 481558.242873476934619 ], [ 126358.554980230139336, 481566.13440802518744 ], [ 126358.366594734339742, 481566.569437619938981 ], [ 126358.008987992390757, 481567.216853466117755 ], [ 126387.222626448579831, 481583.392663723148871 ] ] ] ] } },
{ "type": "Feature", "properties": { "source_id": "parks_83", "name": null, "category": "park", "subtype": "park", "source": "osm", "acquired_at": "2026-08-12T17:41:01.510895+00:00", "area_sqm": 1733.3802440929064 }, "geometry": { "type": "MultiPolygon", "coordinates": [ [ [ [ 122579.195433158078231, 489150.824240335670765 ], [ 122588.301409180217888, 489147.303955559327733 ], [ 122607.997504064172972, 489097.760304231371265 ], [ 122601.804470838687848, 489084.593419759243261 ], [ 122566.21064687789476, 489099.70389302825788 ], [ 122561.981640742174932, 489110.880790063762106 ], [ 122579.195433158078231, 489150.824240335670765 ] ] ] ] } },
{ "type": "Feature", "properties": { "source_id": "parks_84", "name": null, "category": "park", "subtype": "park", "source": "osm", "acquired_at": "2026-08-12T17:41:01.510895+00:00", "area_sqm": 1992.1891716592577 }, "geometry": { "type": "MultiPolygon", "coordinates": [ [ [ [ 125638.722523859934881, 478461.374755729397293 ], [ 125640.492490995544358, 478458.426837101811543 ], [ 125640.992046883606235, 478457.533746942994185 ], [ 125657.796313216531416, 478426.602329538960475 ], [ 125653.190661905406159, 478424.215183554799296 ], [ 125654.236616838403279, 478422.272956231667195 ], [ 125652.252175783476559, 478421.272210515511688 ], [ 125656.011944521975238, 478414.473828466667328 ], [ 125661.309152633140911, 478417.279685347166378 ], [ 125664.130151079327334, 478412.089102691388689 ], [ 125634.913464495926746, 478395.494703759381082 ], [ 125631.298967887734761, 478398.030764075054321 ], [ 125630.447228144883411, 478399.359881999378558 ], [ 125629.514282787815318, 478400.800747859757394 ], [ 125628.969477696038666, 478402.116917269770056 ], [ 125628.079580438759876, 478403.913577993982472 ], [ 125605.987339878280181, 478443.911286171234678 ], [ 125638.722523859934881, 478461.374755729397293 ] ] ] ] } },
{ "type": "Feature", "properties": { "source_id": "parks_85", "name": null, "category": "park", "subtype": "park", "source": "osm", "acquired_at": "2026-08-12T17:41:01.510895+00:00", "area_sqm": 16853.742982235279 }, "geometry": { "type": "MultiPolygon", "coordinates": [ [ [ [ 112987.686520791525254, 487817.222986812703311 ], [ 112987.540463950848789, 487808.066692601889372 ], [ 112983.591711684508482, 487805.774767711700406 ], [ 112980.345789972547209, 487801.251456714526284 ], [ 112972.271183269040193, 487799.862584760354366 ], [ 112967.569356951426016, 487804.297807302151341 ], [ 112960.756916865997482, 487811.977851917501539 ], [ 112948.777325380069669, 487824.620082410983741 ], [ 112936.507867875072407, 487842.394371216942091 ], [ 112919.671824360135361, 487861.275828753481619 ], [ 112917.807431619876297, 487861.447507266537286 ], [ 112902.890680893149693, 487874.604492548212875 ], [ 112890.812617392453831, 487886.045990068349056 ], [ 112867.754295612714486, 487902.699695209332276 ], [ 112829.656401615575305, 487937.99739611078985 ], [ 112851.540667826353456, 487978.446310803643428 ], [ 112858.556033093642327, 487975.437726759002544 ], [ 112863.227670357795432, 487974.674572686431929 ], [ 112906.92698430235032, 487974.168056126218289 ], [ 112992.254634021985112, 487973.051418535935227 ], [ 112989.02482444330235, 487930.417910192220006 ], [ 112987.926776391235762, 487899.026801931031514 ], [ 112987.686520791525254, 487817.222986812703311 ] ] ] ] } },
{ "type": "Feature", "properties": { "source_id": "parks_86", "name": null, "category": "park", "subtype": "park", "source": "osm", "acquired_at": "2026-08-12T17:41:01.510895+00:00", "area_sqm": 25055.795817250433 }, "geometry": { "type": "MultiPolygon", "coordinates": [ [ [ [ 112884.54609756305581, 488587.024580237048212 ], [ 112902.476467044572928, 488584.991073344717734 ], [ 112905.605487075314159, 488584.641689449024852 ], [ 112929.478366478782846, 488588.020954795123544 ], [ 112968.567835831083357, 488588.110589780728333 ], [ 112972.609944490439375, 488584.649025850754697 ], [ 112973.933531006274279, 488582.568121506948955 ], [ 112975.621065568964696, 488580.05016283801524 ], [ 112969.526023027327028, 488575.907193988852669 ], [ 112970.793503492808668, 488558.449202610820066 ], [ 112977.47139412726392, 488551.081853145034984 ], [ 112978.007181135515566, 488462.105517900374252 ], [ 112979.318635177362012, 488451.401267963345163 ], [ 112979.895124352973653, 488448.736996749648824 ], [ 112981.199296369770309, 488442.772925961122382 ], [ 112985.280245603644289, 488435.86166360846255 ], [ 112989.665918996586697, 488431.150962593674194 ], [ 112989.901332670400734, 488346.049415625981055 ], [ 112988.96606181844254, 488343.364637972263154 ], [ 112986.458112101987354, 488340.704379730857909 ], [ 112982.069324137148215, 488339.462146660662256 ], [ 112903.035333913663635, 488340.881390680500772 ], [ 112887.247660535707837, 488341.17190447502071 ], [ 112878.022469985124189, 488341.295165717427153 ], [ 112878.901995052874554, 488458.666751070821192 ], [ 112884.097782330354676, 488576.780404709803406 ], [ 112884.46129842029768, 488585.066945306025445 ], [ 112884.54609756305581, 488587.024580237048212 ] ] ] ] } },
{ "type": "Feature", "properties": { "source_id": "parks_87", "name": null, "category": "park", "subtype": "park", "source": "osm", "acquired_at": "2026-08-12T17:41:01.510895+00:00", "area_sqm": 1388.9464938369024 }, "geometry": { "type": "MultiPolygon", "coordinates": [ [ [ [ 128046.17723147648212, 485738.688079289568122 ], [ 128020.93913355654513, 485710.274871597066522 ], [ 128048.322015041150735, 485686.069470567570534 ], [ 128073.560137023276184, 485714.493943324428983 ], [ 128046.17723147648212, 485738.688079289568122 ] ] ] ] } },
{ "type": "Feature", "properties": { "source_id": "parks_88", "name": null, "category": "park", "subtype": "park", "source": "osm", "acquired_at": "2026-08-12T17:41:01.510895+00:00", "area_sqm": 244.94680722312154 }, "geometry": { "type": "MultiPolygon", "coordinates": [ [ [ [ 119921.324732093140483, 484422.709680023835972 ], [ 119939.534439932147507, 484423.948976887797471 ], [ 119940.441074311180273, 484410.557008677045815 ], [ 119922.23813134356169, 484409.317660003725905 ], [ 119921.324732093140483, 484422.709680023835972 ] ] ] ] } },
{ "type": "Feature", "properties": { "source_id": "parks_89", "name": null, "category": "park", "subtype": "park", "source": "osm", "acquired_at": "2026-08-12T17:41:01.510895+00:00", "area_sqm": 904.99333042356307 }, "geometry": { "type": "MultiPolygon", "coordinates": [ [ [ [ 119950.993897077336442, 484467.818478029279504 ], [ 120018.149567901855335, 484471.904352400510106 ], [ 120018.745367021139828, 484457.891500503988937 ], [ 119951.597559812158579, 484454.94049356126925 ], [ 119950.993897077336442, 484467.818478029279504 ] ] ] ] } },
{ "type": "Feature", "properties": { "source_id": "parks_90", "name": null, "category": "park", "subtype": "park", "source": "osm", "acquired_at": "2026-08-12T17:41:01.510895+00:00", "area_sqm": 28739.01114095372 }, "geometry": { "type": "MultiPolygon", "coordinates": [ [ [ [ 112870.57095566681528, 488060.312233469565399 ], [ 112876.29389541495766, 488148.400569132412784 ], [ 112876.740209360403242, 488167.17918577400269 ], [ 112876.456560282647843, 488240.030280776554719 ], [ 112878.500140259115142, 488290.373782357899472 ], [ 112877.685487681126688, 488315.383181161188986 ], [ 112988.352939987526042, 488309.743971272546332 ], [ 112989.716322129708715, 488179.579500861465931 ], [ 112989.808384196658153, 488170.398919049534015 ], [ 112990.965285084093921, 488059.953330184798688 ], [ 112870.57095566681528, 488060.312233469565399 ] ] ] ] } },
{ "type": "Feature", "properties": { "source_id": "parks_91", "name": "Nelson Mandelapark", "category": "park", "subtype": "park", "source": "osm", "acquired_at": "2026-08-12T17:41:01.510895+00:00", "area_sqm": 392498.90036466817 }, "geometry": { "type": "MultiPolygon", "coordinates": [ [ [ [ 126455.885220696116448, 480286.245820571552031 ], [ 126461.864764329366153, 480289.538156791706569 ], [ 126488.046540448107407, 480304.986598262330517 ], [ 126501.691355969145661, 480312.985842901456635 ], [ 126501.841941432881868, 480314.264532801927999 ], [ 126501.963347197015537, 480314.030174718121998 ], [ 126503.495869673803099, 480314.87808987806784 ], [ 126510.210895301657729, 480302.611273966613226 ], [ 126509.581441380069009, 480302.258849857142195 ], [ 126509.157280356186675, 480302.027635429811198 ], [ 126509.061485510814236, 480301.972554441774264 ], [ 126510.877045434201136, 480298.679749954142608 ], [ 126510.944920893380186, 480298.623725944198668 ], [ 126511.012988664893783, 480298.601080592430662 ], [ 126511.067417241196381, 480298.578513824322727 ], [ 126511.135613220700179, 480298.578120913356543 ], [ 126511.19705370569136, 480298.588893518142868 ], [ 126511.258622396329883, 480298.62191856186837 ], [ 126511.313371488300618, 480298.65498289273819 ], [ 126511.368312888167566, 480298.721425884810742 ], [ 126511.402859596491908, 480298.799112970882561 ], [ 126511.417011613681098, 480298.888044146064203 ], [ 126511.397065643453971, 480298.977171774138696 ], [ 126511.363352273547207, 480299.04412554774899 ], [ 126510.087654172122711, 480301.343552889535204 ], [ 126511.113734363738331, 480301.882843903556932 ], [ 126516.559912920143688, 480291.915425022307318 ], [ 126522.786269144286052, 480281.231417639064603 ], [ 126528.08701106288936, 480272.054837503936142 ], [ 126531.483898998238146, 480259.128437322156969 ], [ 126534.962317871846608, 480243.775974474323448 ], [ 126548.58694271663262, 480218.618235029745847 ], [ 126555.78007807690301, 480205.247201932012103 ], [ 126562.635336811566958, 480192.412199113226961 ], [ 126568.453950311610242, 480181.942002811469138 ], [ 126573.639461133134319, 480172.855149765440729 ], [ 126575.740327886960586, 480169.34932527563069 ], [ 126577.422080441465368, 480166.491252666979562 ], [ 126578.749461986939423, 480163.679723759822082 ], [ 126520.579075037807343, 480131.26886310428381 ], [ 126513.284717157483101, 480127.07164979231311 ], [ 126508.707567586287041, 480124.550031718972605 ], [ 126506.476991738047218, 480123.294453361246269 ], [ 126495.132305920793442, 480116.873036608682014 ], [ 126476.118655662387027, 480106.356786495016422 ], [ 126473.369352185953176, 480106.216873761615716 ], [ 126459.646272481186315, 480097.7619672830333 ], [ 126448.839916510027251, 480091.281916255829856 ], [ 126437.646083541651024, 480085.026658494956791 ], [ 126408.996306999091757, 480068.780508080264553 ], [ 126408.915239970534458, 480068.914495826757047 ], [ 126408.189884389197687, 480068.495879466412589 ], [ 126403.83800567786966, 480066.028688381251413 ], [ 126403.071601037489017, 480065.588056972774211 ], [ 126403.159487883895054, 480065.454029692336917 ], [ 126396.046625012808363, 480060.833128535072319 ], [ 126344.369895354029723, 480032.514735631353687 ], [ 126331.735925977540319, 480024.943998040864244 ], [ 126310.72731284184556, 480008.075538757548202 ], [ 126273.250109920321847, 479990.457188265456352 ], [ 126254.901075067362399, 479977.111770281160716 ], [ 126156.30013046975364, 479919.772011597058736 ], [ 126148.174135330642457, 479933.293712478713132 ], [ 126162.835796041908907, 479943.46690709667746 ], [ 126164.404198056683526, 479946.929256821284071 ], [ 126131.172464595845668, 480009.47655100672273 ], [ 126132.457935601327335, 480018.214546330505982 ], [ 126126.412388040989754, 480029.409811713383533 ], [ 126119.337225762807066, 480031.298141875304282 ], [ 126028.880839254998136, 480193.096110486425459 ], [ 126007.000078417127952, 480232.256453693087678 ], [ 125967.850739148067078, 480302.605973272409756 ], [ 125960.948942324394011, 480301.422575408534613 ], [ 125949.608136512106284, 480320.092863576777745 ], [ 125937.735424035825417, 480314.387926390627399 ], [ 125926.524613166140625, 480320.350928244879469 ], [ 125800.541589808068238, 480548.877116804884281 ], [ 125765.68896430444147, 480612.615992831764743 ], [ 125765.879946204193402, 480614.929198022000492 ], [ 125766.703859921341063, 480617.027255379885901 ], [ 125768.14502721306053, 480618.565333063481376 ], [ 125772.210361373872729, 480622.190826683014166 ], [ 125792.109950898360694, 480644.226306900498457 ], [ 125786.467123726310092, 480660.994063682272099 ], [ 125772.33779941580724, 480695.659069544926751 ], [ 125762.402018131950172, 480719.862558438908309 ], [ 125758.876017445669277, 480730.16439876757795 ], [ 125749.467908777354751, 480753.630439027387183 ], [ 125800.136913475114852, 480781.726036266947631 ], [ 125808.245558421156602, 480788.765803555084858 ], [ 125838.990797287406167, 480805.708218855783343 ], [ 125849.055191932042362, 480813.693406035308726 ], [ 125859.352445193057065, 480821.855266825528815 ], [ 125870.158911710677785, 480834.275640358566307 ], [ 125892.165481450327206, 480869.250482463743538 ], [ 125915.8070694108319, 480943.425981560023502 ], [ 125916.631312990692095, 480946.75911617645761 ], [ 125919.460453932741075, 480955.910801924590487 ], [ 125978.605103649751982, 480989.132241515326314 ], [ 125985.730157615122152, 480979.72181396430824 ], [ 125987.096753192628967, 480977.877903018146753 ], [ 125988.788099349170807, 480975.598148922319524 ], [ 125989.424091873923317, 480974.748794402054045 ], [ 125990.540292795019923, 480973.229025500360876 ], [ 125992.015142033968004, 480971.239834808395244 ], [ 125992.717233382863924, 480970.034041341103148 ], [ 125993.213655071493122, 480968.640302316576708 ], [ 125993.659800399065716, 480966.81292050355114 ], [ 125993.719239707948873, 480965.321605921955779 ], [ 125993.733559470376349, 480964.275620496075135 ], [ 125993.542535417975159, 480963.097320539236534 ], [ 125998.495114139223006, 480961.121108335384633 ], [ 126001.367247729285737, 480960.191878582467325 ], [ 126002.075216415672912, 480959.987446966581047 ], [ 126004.653495197242592, 480958.948676637432072 ], [ 126006.113053222856252, 480957.838582174503244 ], [ 126008.242671361687826, 480954.710642261023168 ], [ 126011.014948254931369, 480949.5427652716171 ], [ 126016.312349934742087, 480938.919173318427056 ], [ 126020.470061671716394, 480930.460830064723268 ], [ 126025.601078892883379, 480920.528073802881408 ], [ 126030.688036627601832, 480911.218671474547591 ], [ 126036.779758846038021, 480901.146778905123938 ], [ 126042.895090502148378, 480891.608833134057932 ], [ 126049.79187088382605, 480881.599001727299765 ], [ 126060.678711345855845, 480867.081800052430481 ], [ 126073.849518814240582, 480851.316206277348101 ], [ 126089.248928459710442, 480834.157916874741204 ], [ 126101.381653931472101, 480821.591805096715689 ], [ 126116.787427488714457, 480805.490594139846507 ], [ 126125.909979185482371, 480795.901807620830368 ], [ 126126.180266513139941, 480795.477418104477692 ], [ 126126.055511733953608, 480795.133221929427236 ], [ 126130.910759779755608, 480789.296781171578914 ], [ 126132.46150882425718, 480787.44070994440699 ], [ 126132.888047789630946, 480786.915269046265166 ], [ 126138.813299222732894, 480779.804155974299647 ], [ 126139.481684738188051, 480779.82250750559615 ], [ 126140.952106762386393, 480779.391113308549393 ], [ 126143.077601707482245, 480777.865488819719758 ], [ 126146.135345659771701, 480774.832332921097986 ], [ 126153.706402735435404, 480766.955024325172417 ], [ 126159.535005448269658, 480760.801388583320659 ], [ 126170.804416224753368, 480748.641045316122472 ], [ 126177.023438999793143, 480741.606152540189214 ], [ 126185.24495100605418, 480731.822452431893907 ], [ 126192.101838061236776, 480723.070364875078667 ], [ 126198.697358100282145, 480713.93037860293407 ], [ 126205.024692224425962, 480704.402532309293747 ], [ 126212.99244879221078, 480690.837313184456434 ], [ 126218.710500439352472, 480679.721928742597811 ], [ 126225.258863267459674, 480665.975841117033269 ], [ 126230.922656044378527, 480652.557581159227993 ], [ 126235.18493114298326, 480642.040397892997134 ], [ 126236.803549878284684, 480637.769493425148539 ], [ 126236.880719137290725, 480636.967929282051045 ], [ 126243.839731986779952, 480618.768839285592549 ], [ 126245.041142849833705, 480615.457251886546146 ], [ 126246.321344215248246, 480611.622256416128948 ], [ 126248.211287275131326, 480605.925573453248944 ], [ 126249.089136209469871, 480603.261211475764867 ], [ 126253.447119551972719, 480605.672597180062439 ], [ 126288.495660446846159, 480625.085140525712632 ], [ 126290.918848360859556, 480625.482753800810315 ], [ 126319.455774197020219, 480574.557595514808781 ], [ 126319.25737148571352, 480574.447480410104617 ], [ 126318.860630577109987, 480574.238376452762168 ], [ 126319.452418140572263, 480573.97903191059595 ], [ 126319.607259449723642, 480573.633209205407184 ], [ 126319.434003775037127, 480573.155770505429246 ], [ 126319.609431847929955, 480572.832081581174862 ], [ 126320.113473287070519, 480572.729018468002323 ], [ 126320.27513390299282, 480572.383156227646396 ], [ 126320.088368884506053, 480571.928049062029459 ], [ 126320.270487191111897, 480571.582068159710616 ], [ 126320.761083937220974, 480571.512462891754694 ], [ 126320.929692933990736, 480571.188813567510806 ], [ 126320.776830437302124, 480570.70012994215358 ], [ 126320.931865552876843, 480570.387685950379819 ], [ 126321.435842733626487, 480570.27349674893776 ], [ 126321.618090265721548, 480569.949768340971787 ], [ 126321.410674003156601, 480569.461401119595394 ], [ 126321.572528423756012, 480569.148917596379761 ], [ 126322.103911713435082, 480569.056822697690222 ], [ 126322.279275576336659, 480568.722007644595578 ], [ 126322.105955461316626, 480568.233442633470986 ], [ 126322.247416819634964, 480567.932204012351576 ], [ 126322.771787429664982, 480567.806770071038045 ], [ 126322.940396687263274, 480567.483120813325513 ], [ 126322.760192835747148, 480566.983469111495651 ], [ 126322.942569641760201, 480566.681993203645106 ], [ 126323.433102380367927, 480566.601261981471907 ], [ 126323.601647193208919, 480566.266486527689267 ], [ 126323.428327126282966, 480565.777921470988076 ], [ 126323.597001027839724, 480565.465398465690669 ], [ 126324.107927059594658, 480565.373422435834073 ], [ 126324.269588201525039, 480565.027560330519918 ], [ 126324.075745935871964, 480564.527987682784442 ], [ 126324.244548979011597, 480564.237717144598719 ], [ 126324.741707630688325, 480564.123567831935361 ], [ 126324.917136378062423, 480563.799879099999089 ], [ 126324.750700119009707, 480563.322400676901452 ], [ 126324.898851961799664, 480562.998870140698273 ], [ 126325.416468454175629, 480562.884602251753677 ], [ 126325.605600284514367, 480562.571960670116823 ], [ 126325.425332004990196, 480562.061182647885289 ], [ 126325.600954448542325, 480561.770872612891253 ], [ 126326.091423192483489, 480561.679015433299355 ], [ 126326.287309824576369, 480561.355208111461252 ], [ 126326.107106097217184, 480560.855556288734078 ], [ 126326.282599576705252, 480560.542993832554203 ], [ 126326.773132977818022, 480560.462262940127403 ], [ 126326.969148748205043, 480560.160708092793357 ], [ 126326.816286523622693, 480559.672024287690874 ], [ 126326.957619375243667, 480559.348533360927831 ], [ 126327.454326931620017, 480559.156500764365774 ], [ 126327.60923379776068, 480558.821804539475124 ], [ 126327.394998437011964, 480558.333476625906769 ], [ 126327.489499979215907, 480558.16602964955382 ], [ 126327.250181353811058, 480558.05615149915684 ], [ 126327.139073326688958, 480557.711871310777497 ], [ 126327.429719831445254, 480557.265121949312743 ], [ 126327.298089552379679, 480556.909834172867704 ], [ 126326.806071767641697, 480556.734661884198431 ], [ 126326.681260672718054, 480556.379334574041422 ], [ 126326.965023450815352, 480555.921498511917889 ], [ 126326.833457626213203, 480555.577336968737654 ], [ 126326.34150421639788, 480555.413290947501082 ], [ 126326.20305456672213, 480555.058042747667059 ], [ 126326.49370114679914, 480554.611293334688526 ], [ 126326.38252846893738, 480554.255886941973586 ], [ 126325.870052650483558, 480554.080833387328312 ], [ 126325.745176898461068, 480553.714379879587796 ], [ 126326.04270728926349, 480553.278717114706524 ], [ 126325.904257560483529, 480552.92346892709611 ], [ 126325.398471783279092, 480552.726123425061814 ], [ 126325.314640504861018, 480552.381685090949759 ], [ 126325.591584142515785, 480551.923888497694861 ], [ 126325.466901894455077, 480551.590813671879005 ], [ 126324.954425767646171, 480551.415760208561551 ], [ 126324.850201214285335, 480551.082566753495485 ], [ 126325.079410128993914, 480550.625046973989811 ], [ 126324.947714983209153, 480550.258633035758976 ], [ 126324.462580233710469, 480550.094547656131908 ], [ 126324.344588060484966, 480549.739180859993212 ], [ 126324.6216608149698, 480549.303636666038074 ], [ 126324.55230679284432, 480549.103760147932917 ], [ 126324.367606216226704, 480549.00469196488848 ], [ 126324.310019368858775, 480548.482075890002307 ], [ 126323.981598204263719, 480548.294828477723058 ], [ 126323.485083273117198, 480548.520240087527782 ], [ 126323.204267794921179, 480548.310463430650998 ], [ 126323.098946035315748, 480547.788124225335196 ], [ 126322.81156937070773, 480547.622892031911761 ], [ 126322.273816233311663, 480547.792909962357953 ], [ 126321.965917243185686, 480547.61667024740018 ], [ 126321.867414594264119, 480547.094291515822988 ], [ 126321.559709149354603, 480546.951430500950664 ], [ 126321.083264744636836, 480547.10996635624906 ], [ 126320.782313997275196, 480546.955939609906636 ], [ 126320.690565931028686, 480546.422395128698554 ], [ 126320.355454309203196, 480546.257439955777954 ], [ 126319.865500438580057, 480546.438307486008853 ], [ 126319.557601277600043, 480546.262067921052221 ], [ 126319.472801402647747, 480545.750736355024856 ], [ 126319.185424497700296, 480545.585504369519185 ], [ 126318.654490516782971, 480545.755483132379595 ], [ 126318.353539610659936, 480545.601456536271144 ], [ 126318.21412099225563, 480545.079315227863844 ], [ 126317.899531514281989, 480544.92536776966881 ], [ 126317.375416763767134, 480545.095307109935675 ], [ 126317.115252239687834, 480544.918790794210508 ], [ 126316.976091650431044, 480544.441154405416455 ], [ 126316.681830780536984, 480544.264835906098597 ], [ 126316.123232425466995, 480544.368215843453072 ], [ 126315.835919874400133, 480544.214110279572196 ], [ 126315.737674703268567, 480543.7362365621957 ], [ 126315.388859663828043, 480543.560234630363993 ], [ 126314.926182742987294, 480543.740944399032742 ], [ 126314.618347786847153, 480543.575831368449144 ], [ 126314.519973385875346, 480543.075705233146437 ], [ 126314.171029154167627, 480542.87745093984995 ], [ 126313.708158556983108, 480543.024782151973341 ], [ 126313.366227208447526, 480542.859867023711558 ], [ 126313.281491191330133, 480542.359661783557385 ], [ 126312.953133753559086, 480542.183541330625303 ], [ 126312.429018877170165, 480542.353481192723848 ], [ 126312.121183750685304, 480542.188368319126312 ], [ 126312.036383041078807, 480541.677036877255887 ], [ 126311.721599483484169, 480541.48971114930464 ], [ 126311.204368395105121, 480541.670737799548078 ], [ 126310.923616563566611, 480541.472088063019328 ], [ 126310.75010072774603, 480540.950144803384319 ], [ 126310.428691488443292, 480540.796237390488386 ], [ 126309.952311397108133, 480540.965900541399606 ], [ 126309.631224938944797, 480540.867624292324763 ], [ 126309.525707910943311, 480540.311906717310194 ], [ 126309.231381966092158, 480540.124462439678609 ], [ 126308.679989935597405, 480540.294560977898072 ], [ 126308.385793085210025, 480540.129369197238702 ], [ 126308.253127966745524, 480539.596062376804184 ], [ 126307.89755766520102, 480539.431226766202599 ], [ 126307.42111296094663, 480539.589763935015071 ], [ 126307.133799858944258, 480539.435658873815555 ], [ 126307.021786089011584, 480538.935612035915256 ], [ 126306.693428199141636, 480538.759491997596342 ], [ 126306.17600329760171, 480538.907140508759767 ], [ 126305.895444814450457, 480538.741869722260162 ], [ 126305.797198579239193, 480538.263996206980664 ], [ 126305.427795851923293, 480538.065861256094649 ], [ 126304.930764146018191, 480538.202264947933145 ], [ 126304.636696189510985, 480538.059325832291506 ], [ 126304.55195921214181, 480537.55912074103253 ], [ 126304.155279305879958, 480537.36114419461228 ], [ 126303.692473055838491, 480537.519602571206633 ], [ 126303.377818065462634, 480537.354529816075228 ], [ 126303.238462216395419, 480536.84351515583694 ], [ 126302.917117050135857, 480536.700734456826467 ], [ 126302.45437535396195, 480536.870319166861009 ], [ 126302.085230699522072, 480536.71668935730122 ], [ 126302.007183556401287, 480536.194192288792692 ], [ 126301.672006033884827, 480536.018112160556484 ], [ 126301.222967436391627, 480536.198744050576352 ], [ 126300.874086763360538, 480536.011616920994129 ], [ 126300.73473061886034, 480535.500602328334935 ], [ 126300.413256128886133, 480535.335569347022101 ], [ 126299.957591991114896, 480535.549619601806626 ], [ 126299.636117477930384, 480535.38458667130908 ], [ 126299.544431511865696, 480534.862168808060233 ], [ 126299.202369953360176, 480534.675002211413812 ], [ 126298.732938090135576, 480534.866879302659072 ], [ 126298.451927024318138, 480534.623725385288708 ], [ 126298.42843365482986, 480534.100911694637034 ], [ 126298.113649096325389, 480533.913586832641158 ], [ 126297.636752048609196, 480533.994241390377283 ], [ 126297.348857016782858, 480533.740000902325846 ], [ 126297.407324001338566, 480533.23896462545963 ], [ 126297.153525289366371, 480532.984526213840581 ], [ 126296.637843994089053, 480533.432583717803936 ], [ 126295.840865696940455, 480532.413563483103644 ], [ 126295.208195660714409, 480531.504855448321905 ], [ 126294.670349344756687, 480530.484331012354232 ], [ 126294.27674121480959, 480529.640994782675989 ], [ 126293.916454201287706, 480528.663945967098698 ], [ 126293.700147138268221, 480527.819580419280101 ], [ 126293.503522687213263, 480526.841581445070915 ], [ 126293.361646232515341, 480525.896644407126587 ], [ 126293.306288726336788, 480524.584027356700972 ], [ 126293.335734140913701, 480523.782741412287578 ], [ 126293.419733877686667, 480522.981138734845445 ], [ 126293.518211984977825, 480522.324097762873862 ], [ 126293.677417768951273, 480521.5554382490227 ], [ 126294.078694537471165, 480520.19566370442044 ], [ 126294.623693473637104, 480518.924067574436776 ], [ 126295.649310156557476, 480517.037718479463365 ], [ 126296.371740804766887, 480515.787345687451307 ], [ 126296.769945698310039, 480515.072931828326546 ], [ 126296.816841133288108, 480514.92801383533515 ], [ 126296.903877300588647, 480514.649343654804397 ], [ 126296.963571685671923, 480514.359705604205374 ], [ 126296.982737805781653, 480514.137062408321071 ], [ 126296.988846626962186, 480514.014634382503573 ], [ 126296.980929310986539, 480513.825528197165113 ], [ 126296.959437980025541, 480513.647627409198321 ], [ 126296.931191934869275, 480513.48089242860442 ], [ 126296.875410321910749, 480513.269810908474028 ], [ 126296.826706364648999, 480513.103194694325794 ], [ 126296.757609085558215, 480512.947823461727239 ], [ 126296.66097623121459, 480512.748105686681811 ], [ 126296.537130746408366, 480512.559672492381651 ], [ 126296.399646645149915, 480512.371318474994041 ], [ 126296.180072524919524, 480512.138934627932031 ], [ 126295.967576053662924, 480511.951016088481992 ], [ 126295.734815428819275, 480511.796594990591984 ], [ 126295.781904641189612, 480511.685055653098971 ], [ 126291.546930528376834, 480509.328551318205427 ], [ 126274.723568415967748, 480500.013159009278752 ], [ 126263.394173521330231, 480493.781337414169684 ], [ 126263.257140290079406, 480493.670867869339418 ], [ 126263.140629706365871, 480493.571405652153771 ], [ 126263.044447776628658, 480493.449572087905835 ], [ 126262.961839836410945, 480493.31653303746134 ], [ 126262.899625216523418, 480493.172248867806047 ], [ 126262.85098458804714, 480493.016759212478064 ], [ 126262.82949194732646, 480492.838858574803453 ], [ 126262.842031293374021, 480492.64963354729116 ], [ 126262.855346627067775, 480492.593923174601514 ], [ 126262.881912630022271, 480492.471376207249705 ], [ 126262.949135960196145, 480492.304086551303044 ], [ 126263.671174089089618, 480490.986951699946076 ], [ 126265.311072479205905, 480488.017746409110259 ], [ 126271.222686584980693, 480477.290735313028563 ], [ 126272.828820580398315, 480474.377361812803429 ], [ 126273.31470751715824, 480473.495537741633598 ], [ 126273.375499957852298, 480473.395045181096066 ], [ 126273.449995757517172, 480473.305599599436391 ], [ 126273.524620842013974, 480473.238406465388834 ], [ 126273.544949632327189, 480473.21603516797768 ], [ 126273.646787509584101, 480473.137557335547172 ], [ 126273.762328746001003, 480473.070126486709341 ], [ 126273.877934626041679, 480473.013821861764882 ], [ 126274.027637298451737, 480472.957319149689283 ], [ 126274.136617745709373, 480472.934432818088681 ], [ 126274.279759623299469, 480472.922474612074438 ], [ 126274.429914777123486, 480472.943855457764585 ], [ 126274.586889287558733, 480472.965196691919118 ], [ 126274.716651003618608, 480472.997822618577629 ], [ 126274.860245347997989, 480473.06374797760509 ], [ 126288.78955352504272, 480480.749208904802799 ], [ 126294.316657685150858, 480470.736560907680541 ], [ 126300.332833467444289, 480474.4846796838101 ], [ 126316.804767275403719, 480449.076093084528111 ], [ 126321.797829482558882, 480451.617374247172847 ], [ 126324.156868503807345, 480446.819256494694855 ], [ 126327.118967600516044, 480441.350047109473962 ], [ 126343.710241175373085, 480416.486064584809355 ], [ 126384.625411380140577, 480358.25730737997219 ], [ 126429.257128989163903, 480302.177111373865046 ], [ 126444.109637241868768, 480309.078813973348588 ], [ 126445.486311511951499, 480306.556254408671521 ], [ 126444.99375918340229, 480306.292060641571879 ], [ 126448.210917917880579, 480300.075972345774062 ], [ 126448.804874975641724, 480299.004390109854285 ], [ 126449.365055510425009, 480297.988635922141839 ], [ 126449.419098363461671, 480297.899311156827025 ], [ 126451.038843145826831, 480294.952539351826999 ], [ 126455.885220696116448, 480286.245820571552031 ] ] ] ] } },
{ "type": "Feature", "properties": { "source_id": "parks_92", "name": null, "category": "park", "subtype": "park", "source": "osm", "acquired_at": "2026-08-12T17:41:01.510895+00:00", "area_sqm": 94.801676414310734 }, "geometry": { "type": "MultiPolygon", "coordinates": [ [ [ [ 116248.002031207899563, 485209.397196300094947 ], [ 116251.462612623872701, 485208.457634022866841 ], [ 116253.285316824883921, 485207.174865711422171 ], [ 116256.919808587845182, 485204.954350361484103 ], [ 116259.084916285020881, 485201.287743393797427 ], [ 116259.437098223192152, 485199.282140240771696 ], [ 116258.691270089606405, 485198.008399537182413 ], [ 116255.949704327256768, 485197.673849577200599 ], [ 116251.942947493458632, 485199.340942300856113 ], [ 116248.850601221434772, 485201.190019247063901 ], [ 116246.863685006042942, 485204.120857586327475 ], [ 116245.242131308579701, 485207.594046786020044 ], [ 116248.002031207899563, 485209.397196300094947 ] ] ] ] } },
{ "type": "Feature", "properties": { "source_id": "parks_93", "name": "Brand Dirk Ochsepark", "category": "park", "subtype": "park", "source": "osm", "acquired_at": "2026-08-12T17:41:01.510895+00:00", "area_sqm": 7532.2344917276423 }, "geometry": { "type": "MultiPolygon", "coordinates": [ [ [ [ 128574.78613986459095, 485401.853029811230954 ], [ 128618.322575123602292, 485452.146398838085588 ], [ 128703.827634124012548, 485376.507529989641625 ], [ 128661.004265857540304, 485327.021857612009626 ], [ 128574.78613986459095, 485401.853029811230954 ] ] ] ] } },
{ "type": "Feature", "properties": { "source_id": "parks_94", "name": null, "category": "park", "subtype": "park", "source": "osm", "acquired_at": "2026-08-12T17:41:01.510895+00:00", "area_sqm": 2214.3243233900557 }, "geometry": { "type": "MultiPolygon", "coordinates": [ [ [ [ 115384.004755572925205, 485517.002763651369605 ], [ 115393.05514328807476, 485519.912168233306147 ], [ 115395.356909963884391, 485520.63920776557643 ], [ 115423.532358956988901, 485529.670876268064603 ], [ 115425.800054422405083, 485530.398203016200569 ], [ 115431.99522756121587, 485532.384776749066077 ], [ 115434.108968708664179, 485525.802958003652748 ], [ 115445.375688693369739, 485490.718539735942613 ], [ 115427.445706587372115, 485484.964947678497992 ], [ 115417.199881574037136, 485481.664494354394265 ], [ 115397.95154282967269, 485475.487628385191783 ], [ 115398.077588944215677, 485475.06379465048667 ], [ 115397.189556160650682, 485474.770490683265962 ], [ 115395.495745492298738, 485480.191757393069565 ], [ 115390.128898485912941, 485497.392512134159915 ], [ 115384.004755572925205, 485517.002763651369605 ] ] ] ] } },
{ "type": "Feature", "properties": { "source_id": "parks_95", "name": null, "category": "park", "subtype": "park", "source": "osm", "acquired_at": "2026-08-12T17:41:01.510895+00:00", "area_sqm": 423.42522238568091 }, "geometry": { "type": "MultiPolygon", "coordinates": [ [ [ [ 119799.863467109244084, 488145.922642516496126 ], [ 119833.509631730863475, 488151.969408597622532 ], [ 119835.710633579350542, 488139.780925012135413 ], [ 119802.057580107153626, 488133.73419245268451 ], [ 119799.863467109244084, 488145.922642516496126 ] ] ] ] } },
{ "type": "Feature", "properties": { "source_id": "parks_96", "name": "Schellingwouderpark", "category": "park", "subtype": "park", "source": "osm", "acquired_at": "2026-08-12T17:41:01.510895+00:00", "area_sqm": 235758.59286368015 }, "geometry": { "type": "MultiPolygon", "coordinates": [ [ [ [ 125334.901440609741258, 488778.405135223758407 ], [ 125338.429570720705669, 488766.200099485053215 ], [ 125355.335170969818137, 488753.892414143949281 ], [ 125360.307691428170074, 488707.853312860010192 ], [ 125382.421349315045518, 488712.471646332065575 ], [ 125460.531520662581897, 488737.372409335046541 ], [ 125463.374238445496303, 488776.6551640756079 ], [ 125454.200648788435501, 488797.750828684249427 ], [ 125464.456991673185257, 488801.717310599633493 ], [ 125482.765467467455892, 488806.5146473259083 ], [ 125493.951189308761968, 488798.547725253971294 ], [ 125518.682865214068443, 488800.458329727407545 ], [ 125575.097776646580314, 488798.663930517970584 ], [ 125618.170983850330231, 488794.946795281604864 ], [ 125674.186214123823447, 488786.602241048181895 ], [ 125692.457721247192239, 488782.910846851416864 ], [ 125651.710933622875018, 488653.559548744815402 ], [ 125703.817542733595474, 488621.894634866563138 ], [ 125720.443151895626215, 488611.50368190248264 ], [ 125862.683963343239157, 488543.556092359183822 ], [ 125877.444273462198908, 488551.558105917007197 ], [ 125966.674011576949852, 488494.563913813210092 ], [ 125974.77890142853721, 488479.984677620988805 ], [ 125966.754845161223784, 488467.803575565107167 ], [ 125964.926676316812518, 488464.899121740076225 ], [ 125962.80639879044611, 488459.793288853310514 ], [ 125955.958694079119596, 488450.832042463065591 ], [ 125949.955668892667745, 488444.258086037705652 ], [ 125943.534571401803987, 488438.376458065060433 ], [ 125942.528106494515669, 488437.425483663100749 ], [ 125942.028736759428284, 488437.027861122973263 ], [ 125940.8741451013193, 488439.827478052931838 ], [ 125941.448865336904419, 488440.302544045553077 ], [ 125941.279331009907764, 488443.886359737254679 ], [ 125938.995500253557111, 488451.477135392953642 ], [ 125935.131872243771795, 488457.875527742493432 ], [ 125916.856117848888971, 488469.165613981895149 ], [ 125907.357843102523475, 488473.727948443382047 ], [ 125897.536231396763469, 488476.567560218449216 ], [ 125876.741956029713037, 488484.478989434079267 ], [ 125857.318934658716898, 488499.759452118305489 ], [ 125746.880181423563045, 488542.627946742693894 ], [ 125737.044806020974647, 488549.996556114638224 ], [ 125715.969052124433802, 488557.42076019756496 ], [ 125702.214762874878943, 488558.359175548132043 ], [ 125681.374073556304211, 488562.933679662412032 ], [ 125632.514322304952657, 488576.253706403309479 ], [ 125612.169954469776712, 488579.545971413026564 ], [ 125564.119691182684619, 488583.559876589453779 ], [ 125537.491963856038637, 488588.113886133360211 ], [ 125513.778993898304179, 488585.952302773948759 ], [ 125495.303010510266176, 488580.59950987418415 ], [ 125480.550509349166532, 488576.270423527399544 ], [ 125469.894651217779028, 488580.707010696060024 ], [ 125450.008529099985026, 488579.780155956046656 ], [ 125406.645961404195987, 488566.198347383528017 ], [ 125395.46730421333632, 488559.522584539081436 ], [ 125321.956085047087981, 488542.472926736460067 ], [ 125296.152863182811416, 488536.964674939052202 ], [ 125287.859484417829663, 488539.117571237671655 ], [ 125294.835612222115742, 488702.661434247915167 ], [ 125295.279093608056428, 488712.995541177340783 ], [ 125296.19116473478789, 488734.442479051300324 ], [ 125258.269057012512349, 488735.505448437936138 ], [ 125258.540871595090721, 488759.137090076226741 ], [ 125254.8870300832059, 488761.751657668501139 ], [ 125240.202694738210994, 488844.289661108516157 ], [ 125203.038384624189348, 488949.261525151785463 ], [ 125247.509137892368017, 488966.439926155260764 ], [ 125238.417397552548209, 488997.505115352279972 ], [ 125238.234850510008982, 489001.100168282340746 ], [ 125247.344188902294263, 489004.56128592370078 ], [ 125252.528018030658131, 489006.199042921536602 ], [ 125255.987478123919573, 489006.378466003574431 ], [ 125256.613281432597432, 489014.196822953061201 ], [ 125256.774014675058424, 489014.885714567790274 ], [ 125256.180688069551252, 489019.228738106728997 ], [ 125241.088482277002186, 489065.618312325619627 ], [ 125249.90333678261959, 489069.93797316821292 ], [ 125297.296143013314577, 489085.318910643924028 ], [ 125295.771372825009166, 489089.867820210813079 ], [ 125295.523985210456885, 489090.614804481563624 ], [ 125286.321771872797399, 489118.042117820295971 ], [ 125285.61974370542157, 489123.554105919261929 ], [ 125289.290489454113413, 489129.44032085663639 ], [ 125290.213821605721023, 489134.675476771779358 ], [ 125281.844042807089863, 489178.22050421894528 ], [ 125322.351611174468417, 489192.196677635423839 ], [ 125298.843876236773212, 489264.361862620804459 ], [ 125354.87164559775556, 489282.862494933011476 ], [ 125362.093897417478729, 489283.920649460691493 ], [ 125374.411890268878778, 489287.874554167734459 ], [ 125392.576187844970264, 489296.155097868584562 ], [ 125408.159232799196616, 489297.430188363592606 ], [ 125418.712561067281058, 489301.138873387186322 ], [ 125432.753936315057217, 489307.563862753217109 ], [ 125437.128266132116551, 489309.362438887124881 ], [ 125440.72123584811925, 489311.410490263951942 ], [ 125456.517721964482917, 489318.78193399932934 ], [ 125458.302139239531243, 489317.792090007278603 ], [ 125472.784277293583727, 489286.416855957417283 ], [ 125462.334144913576893, 489281.750533771177288 ], [ 125456.066207796684466, 489278.62806137430016 ], [ 125471.743437897486729, 489243.317914466140792 ], [ 125505.002766401536064, 489256.626859574869741 ], [ 125535.000354252581019, 489268.664802274375688 ], [ 125537.481334940588567, 489268.038010656717233 ], [ 125497.674625059313257, 489231.034566278278362 ], [ 125507.571581885800697, 489208.0653361993609 ], [ 125500.47057716344716, 489199.974115006742068 ], [ 125513.459986177753308, 489162.488207441580016 ], [ 125545.085216433290043, 489176.819729252776597 ], [ 125573.426778137552901, 489189.635543171491008 ], [ 125574.252929792361101, 489187.761315528536215 ], [ 125533.757800222199876, 489147.256752222077921 ], [ 125543.323828953842167, 489125.813945943897124 ], [ 125533.875114527822006, 489121.308393680257723 ], [ 125550.408663211055682, 489079.873670747270808 ], [ 125611.222669759663404, 489106.259789443109185 ], [ 125570.03408222948201, 489065.970471576845739 ], [ 125579.411545056500472, 489044.818162166746333 ], [ 125565.851030831196113, 489038.067208377760835 ], [ 125567.609314979912597, 489033.817414700984955 ], [ 125586.689666735663195, 488991.254953082068823 ], [ 125637.987543436000124, 489014.259975809545722 ], [ 125673.148392927847453, 489030.040012186567765 ], [ 125681.719501299026888, 489032.347944259236101 ], [ 125731.48468776702066, 489054.194731864670757 ], [ 125763.762626171548618, 489068.379133078968152 ], [ 125778.724268121703062, 489074.977681081742048 ], [ 125787.774978779329103, 489078.97422604059102 ], [ 125814.52840971481055, 489091.478150571056176 ], [ 125821.088875927540357, 489094.565966992464382 ], [ 125827.361740517197177, 489096.220138573553413 ], [ 125847.606971290995716, 489105.291177694569342 ], [ 125853.504446909937542, 489107.937883873761166 ], [ 125828.329390713013709, 489195.387389477342367 ], [ 125844.16794997866964, 489200.701368859969079 ], [ 125882.403151368926046, 489101.035529204003979 ], [ 125707.757793384851539, 489024.070721537631471 ], [ 125689.463892707208288, 489015.823167808586732 ], [ 125681.517267664661631, 489012.065029721939936 ], [ 125572.159130857529817, 488964.570577127393335 ], [ 125546.658960974949878, 488953.529212802357506 ], [ 125561.218456680770032, 488915.444363286602311 ], [ 125548.352051260095323, 488909.846499396837316 ], [ 125552.462363398401067, 488878.767127002938651 ], [ 125483.639431922827498, 488851.316951575339772 ], [ 125334.901440609741258, 488778.405135223758407 ] ] ] ] } },
{ "type": "Feature", "properties": { "source_id": "parks_97", "name": "Botteskerkpark", "category": "park", "subtype": "park", "source": "osm", "acquired_at": "2026-08-12T17:41:01.510895+00:00", "area_sqm": 29383.657871913136 }, "geometry": { "type": "MultiPolygon", "coordinates": [ [ [ [ 114821.69703575145104, 485948.086418946331833 ], [ 114809.361328297556611, 485944.904381637868937 ], [ 114727.272697228792822, 485907.263293263094965 ], [ 114724.142251556331757, 485901.814376876631286 ], [ 114641.922469854995143, 485889.133494167006575 ], [ 114635.18035672584665, 485886.061943682434503 ], [ 114618.923720097314799, 485867.457118172373157 ], [ 114590.861137469706591, 485863.847938127815723 ], [ 114589.909524491376942, 485874.92703421798069 ], [ 114604.694371446938021, 485890.984611164894886 ], [ 114603.806970366887981, 485903.2537622450036 ], [ 114529.25921097342507, 485899.0797292861389 ], [ 114531.974852153856773, 485852.235291257791687 ], [ 114527.116160772551666, 485848.736752439755946 ], [ 114523.031961977656465, 485843.318034248368349 ], [ 114520.333903324077255, 485836.630609283398371 ], [ 114439.5189524749876, 485824.331007133121602 ], [ 114417.234009475156199, 485893.779379148909356 ], [ 114676.546407086818363, 485976.297200959583279 ], [ 114806.944552514149109, 486017.894521800626535 ], [ 114810.078876761050196, 486017.145753234159201 ], [ 114812.138905017636716, 486014.135836307192221 ], [ 114833.503124134789687, 485951.484207753266674 ], [ 114821.69703575145104, 485948.086418946331833 ] ] ] ] } },
{ "type": "Feature", "properties": { "source_id": "parks_98", "name": "Baanakkerspark", "category": "park", "subtype": "park", "source": "osm", "acquired_at": "2026-08-12T17:41:01.510895+00:00", "area_sqm": 225750.31442803104 }, "geometry": { "type": "MultiPolygon", "coordinates": [ [ [ [ 124686.024142969719833, 489847.495896185806487 ], [ 124694.12983239867026, 489859.507548931229394 ], [ 124703.456383424752858, 489854.198394932318479 ], [ 124727.361673329694895, 489840.933100213936996 ], [ 124730.991575081890915, 489839.030390897532925 ], [ 124733.114427752399934, 489842.221885127597488 ], [ 124734.158563889825018, 489843.773231434985064 ], [ 124753.943871944677085, 489873.460589333670214 ], [ 124737.879342146377894, 489883.306217656587251 ], [ 124719.482027006190037, 489894.557072093011811 ], [ 124735.043446273353766, 489918.09490900603123 ], [ 124730.214618368598167, 489920.939626430277713 ], [ 124733.619730752223404, 489926.782560034422204 ], [ 124737.432940437662182, 489932.578484690224286 ], [ 124754.129200288283755, 489958.067737950070295 ], [ 124790.906513339534285, 490013.899224744760431 ], [ 124811.896384158157161, 490043.724087076901924 ], [ 124813.340450164192589, 490045.0170855356846 ], [ 124814.630558063377975, 490045.621164198149927 ], [ 124816.168952253749012, 490045.645129304961301 ], [ 124817.289992337187869, 490045.315590956481174 ], [ 124818.503935560554964, 490044.596045830927324 ], [ 124822.915830119585735, 490051.489927307993639 ], [ 124823.135669025592506, 490051.822386621322948 ], [ 124825.745482182086562, 490050.081762472458649 ], [ 124829.106902447339962, 490055.491083381755743 ], [ 124827.912970399440383, 490056.14374261116609 ], [ 124864.244022379527451, 490111.600192751444411 ], [ 124881.935620064657996, 490138.674930057313759 ], [ 124900.037489206355531, 490166.092157953651622 ], [ 124900.48334135740879, 490166.656904411967844 ], [ 124901.242336480558151, 490167.230866594589315 ], [ 124901.870252301741857, 490167.516331655497197 ], [ 124902.558335452835308, 490167.623400563606992 ], [ 124903.197690300949034, 490167.552737884165253 ], [ 124903.856648326225695, 490167.348433877341449 ], [ 124922.442386463124421, 490158.077680874266662 ], [ 124933.147357695444953, 490150.056733565405011 ], [ 124935.534907015506178, 490153.16881328925956 ], [ 124930.867822897111182, 490156.846861460828222 ], [ 124936.021447227103636, 490167.107746184978168 ], [ 124943.661995785965701, 490163.289185408037156 ], [ 124956.900758583011338, 490156.688207538740244 ], [ 124963.883190054271836, 490153.207491950830445 ], [ 124985.882293239585124, 490142.236043661308941 ], [ 124997.037878428323893, 490136.660392959078308 ], [ 125005.869575569900917, 490154.098023194121197 ], [ 125006.15220794713241, 490154.686025400995277 ], [ 125006.689707181008998, 490155.773184222867712 ], [ 125013.002680652687559, 490168.675279182381928 ], [ 125020.317485530860722, 490168.363764491106849 ], [ 125025.333932174020447, 490176.244437040993944 ], [ 125030.932452821012703, 490184.711298658512533 ], [ 125033.254095071766642, 490188.191010636219289 ], [ 125037.395939323527273, 490194.396860982407816 ], [ 125040.239690497342963, 490198.674534809426405 ], [ 125045.851569599297363, 490207.107951728219632 ], [ 125055.893711143231485, 490222.179435152676888 ], [ 125057.356744615070056, 490224.373661363497376 ], [ 125079.17156528373016, 490257.087616648874246 ], [ 125082.228384900838137, 490254.988357408903539 ], [ 125088.17929850902874, 490250.890972992638126 ], [ 125092.712869066337589, 490257.739848892844748 ], [ 125092.980726517474977, 490258.138789829099551 ], [ 125099.922332766873296, 490253.545832071104087 ], [ 125101.08148080605315, 490252.771054308395833 ], [ 125107.473984800089966, 490248.537494412565138 ], [ 125108.484013001056155, 490247.863763601868413 ], [ 125114.923968557617627, 490243.596545446664095 ], [ 125116.056100043089828, 490242.855315415305085 ], [ 125188.459761307909503, 490352.082982201420236 ], [ 125271.719184452958871, 490490.142594952427316 ], [ 125359.020249047229299, 490436.341900164668914 ], [ 125323.840743773835129, 490370.738376740657259 ], [ 125317.134776280538063, 490357.949520770227537 ], [ 125295.808813510404434, 490313.403776812832803 ], [ 125359.038442043383839, 490278.574732446344569 ], [ 125359.771264596245601, 490278.203143271268345 ], [ 125360.286954491981305, 490276.809192696469836 ], [ 125357.076247587479884, 490270.308179893763736 ], [ 125350.957343368936563, 490257.81617515621474 ], [ 125343.859998187603196, 490243.338362826383673 ], [ 125341.294737579941284, 490244.577738351654261 ], [ 125339.543628448926029, 490240.860788509016857 ], [ 125342.047704553755466, 490239.632906846469268 ], [ 125334.048427612811793, 490223.447004162706435 ], [ 125271.318300126557006, 490254.28995198517805 ], [ 125247.443156522203935, 490204.763848573260475 ], [ 125245.819761565013323, 490205.307729440624826 ], [ 125244.833908883243566, 490205.480579524883069 ], [ 125243.901899505319307, 490205.552963644382544 ], [ 125243.200754638644867, 490205.534940484212711 ], [ 125241.940650879303575, 490205.375641605001874 ], [ 125240.658987881950452, 490205.027317363186739 ], [ 125239.717352603925974, 490204.632434327853844 ], [ 125238.82268724963069, 490204.125999926123768 ], [ 125238.111848988672136, 490203.629583145899232 ], [ 125237.27028780017281, 490202.900292343692854 ], [ 125236.495845610072138, 490202.014821276883595 ], [ 125235.850312994007254, 490201.061811470019165 ], [ 125235.347503325989237, 490200.074559938162565 ], [ 125234.925088813441107, 490198.875413847854361 ], [ 125234.687038827643846, 490197.775296365842223 ], [ 125234.590637583460193, 490196.462914586649276 ], [ 125234.684869836870348, 490195.160509058507159 ], [ 125234.896280544926412, 490194.102186149219051 ], [ 125235.324407182604773, 490192.86452633200679 ], [ 125235.849093152151909, 490191.837693194334861 ], [ 125236.496756455249852, 490190.888005615735892 ], [ 125237.368814911285881, 490189.90358348947484 ], [ 125239.29317760077538, 490188.478865711949766 ], [ 125237.350330815184861, 490184.58507988229394 ], [ 125208.420403114258079, 490126.533157430007122 ], [ 125193.563871034188196, 490097.515190113335848 ], [ 125191.602552341675619, 490093.95533831557259 ], [ 125176.241262260213261, 490061.413275907980278 ], [ 125161.584562613148591, 490031.737715409311932 ], [ 125152.841919587182929, 490035.707252619497012 ], [ 125145.398390372225549, 490019.284628590918146 ], [ 125153.508889041637303, 490015.452425626455806 ], [ 125148.713056895212503, 490005.778874016948976 ], [ 125148.595869866432622, 490005.534793529193848 ], [ 125126.001404338196153, 489959.951547606033273 ], [ 125128.105417041937471, 489958.959644814021885 ], [ 125127.801830445532687, 489958.282748313504271 ], [ 125142.251762755680829, 489951.485785635537468 ], [ 125151.726731004979229, 489947.03334670496406 ], [ 125161.329891483619576, 489942.390994893969037 ], [ 125175.218839019478764, 489935.107944235787727 ], [ 125192.205117417412112, 489926.749166548077483 ], [ 125208.841691035719123, 489919.082422149484046 ], [ 125206.69851051850128, 489914.722533607680816 ], [ 125176.355032577746897, 489832.589821790345013 ], [ 124997.895662309485488, 489927.46000186126912 ], [ 124986.848870588859427, 489912.962219448469114 ], [ 124836.666281690093456, 489629.91112751228502 ], [ 124664.296911721205106, 489712.427594468055759 ], [ 124571.218097053875681, 489775.044046848954167 ], [ 124335.035827197687468, 489644.687397943984251 ], [ 124337.575885767437285, 489677.707121009065304 ], [ 124527.726577567067579, 489804.309030085045379 ], [ 124565.906644494170905, 489840.880795857694466 ], [ 124589.640529438664089, 489851.749949077959172 ], [ 124600.330103439686354, 489856.668864657985978 ], [ 124604.89634630762157, 489858.710309965477791 ], [ 124607.161284730973421, 489859.541990395402536 ], [ 124609.186695558659267, 489860.163738296832889 ], [ 124611.231839551444864, 489860.674097303650342 ], [ 124613.235664840482059, 489861.10682402033126 ], [ 124617.671706566907233, 489861.902880070148967 ], [ 124619.933283165461035, 489862.189373158325907 ], [ 124621.819753482122906, 489862.35578267253004 ], [ 124624.345340334344655, 489862.406988600792829 ], [ 124626.373100406475714, 489862.305486155499239 ], [ 124628.767789729565266, 489862.101583736890461 ], [ 124631.712085291670519, 489861.616128064517397 ], [ 124634.532496107072802, 489860.908900586888194 ], [ 124636.937237457575975, 489860.1263459387701 ], [ 124638.763777372456389, 489859.402985774155241 ], [ 124639.943435052671703, 489858.639100886124652 ], [ 124656.411378186181537, 489848.000667397340294 ], [ 124667.191645482409513, 489841.113620871619787 ], [ 124668.664946511125891, 489840.503712447185535 ], [ 124670.52648834043066, 489839.93592429877026 ], [ 124674.050442639767425, 489839.624958615284413 ], [ 124677.545974278895301, 489840.226568836311344 ], [ 124680.173359505250119, 489841.334224807913415 ], [ 124682.518087889664457, 489842.966579806408845 ], [ 124684.477515463469899, 489845.035249825567007 ], [ 124686.024142969719833, 489847.495896185806487 ] ] ] ] } },
{ "type": "Feature", "properties": { "source_id": "parks_99", "name": "Proefeilandpark", "category": "park", "subtype": "park", "source": "osm", "acquired_at": "2026-08-12T17:41:01.510895+00:00", "area_sqm": 15967.891233491844 }, "geometry": { "type": "MultiPolygon", "coordinates": [ [ [ [ 127716.168787279559183, 485960.497240115131717 ], [ 127713.781677550228778, 485962.435347557766363 ], [ 127688.832476843614131, 485982.70145785267232 ], [ 127653.098230585412239, 486009.992724203970283 ], [ 127709.411364772240631, 486067.729046883003321 ], [ 127725.38836422622262, 486085.576975098461844 ], [ 127728.815432911767857, 486089.407877022284083 ], [ 127766.067941067478387, 486132.3960384959355 ], [ 127792.365942567324964, 486097.391148401540704 ], [ 127807.903960493960767, 486115.998375443043187 ], [ 127864.088991747077671, 486178.243464948842302 ], [ 127877.59070251925732, 486192.055375582538545 ], [ 127899.526725050571258, 486171.406187760760076 ], [ 127857.580382827873109, 486124.337082486832514 ], [ 127787.894921075101593, 486043.796305324707646 ], [ 127716.168787279559183, 485960.497240115131717 ] ] ] ] } },
{ "type": "Feature", "properties": { "source_id": "parks_100", "name": null, "category": "park", "subtype": "park", "source": "osm", "acquired_at": "2026-08-12T17:41:01.510895+00:00", "area_sqm": 2275.1717338765138 }, "geometry": { "type": "MultiPolygon", "coordinates": [ [ [ [ 120053.448849763924954, 488936.008647588896565 ], [ 120099.718049923889339, 488945.884442587383091 ], [ 120118.445850434480235, 488950.547671074687969 ], [ 120118.641900929826079, 488963.831782121793367 ], [ 120049.015147011450608, 488986.700759511790238 ], [ 120049.045510396477766, 488934.292922350869048 ], [ 120053.448849763924954, 488936.008647588896565 ] ] ] ] } },
{ "type": "Feature", "properties": { "source_id": "parks_101", "name": null, "category": "park", "subtype": "park", "source": "osm", "acquired_at": "2026-08-12T17:41:01.510895+00:00", "area_sqm": 2369.8505122702086 }, "geometry": { "type": "MultiPolygon", "coordinates": [ [ [ [ 115330.883019750646781, 485454.028109810024034 ], [ 115318.884014378505526, 485491.154905535571743 ], [ 115316.477637710690033, 485498.607026157551445 ], [ 115310.009160643734504, 485496.533778226235881 ], [ 115307.994119159615366, 485495.882361707859673 ], [ 115274.934542661474552, 485485.299493467260618 ], [ 115272.63265176123241, 485484.561383862630464 ], [ 115268.493369681556942, 485483.237206866557244 ], [ 115269.42339081002865, 485480.281089889409486 ], [ 115282.624433838675031, 485438.482323655742221 ], [ 115304.448454940167721, 485445.51706075319089 ], [ 115306.524919527641032, 485446.179109110729769 ], [ 115330.883019750646781, 485454.028109810024034 ] ] ] ] } },
{ "type": "Feature", "properties": { "source_id": "parks_102", "name": null, "category": "park", "subtype": "park", "source": "osm", "acquired_at": "2026-08-12T17:41:01.510895+00:00", "area_sqm": 2375.1220560160637 }, "geometry": { "type": "MultiPolygon", "coordinates": [ [ [ [ 115167.951915152079891, 485401.763716818531975 ], [ 115185.28829018844408, 485407.332000797148794 ], [ 115187.897603865043493, 485408.167733544192743 ], [ 115190.363403966766782, 485408.948990163509734 ], [ 115191.552021964467713, 485409.339975955837872 ], [ 115192.617564870684873, 485409.676319690654054 ], [ 115194.735025088608381, 485410.349117701174691 ], [ 115216.121860462764744, 485417.208960387855768 ], [ 115214.107768899702933, 485423.445136289170478 ], [ 115205.705274227948394, 485449.39406167290872 ], [ 115205.386164426774485, 485450.375802424096037 ], [ 115202.65419565117918, 485458.832026438903995 ], [ 115201.656892178201815, 485461.888840846950188 ], [ 115193.426115619120537, 485459.262477213749662 ], [ 115187.496888671041233, 485457.329691361752339 ], [ 115166.697677514806855, 485450.66551742318552 ], [ 115165.078801343814121, 485450.144485878408886 ], [ 115153.494056216833997, 485446.432556947809644 ], [ 115154.49115369397623, 485443.353480436373502 ], [ 115167.951915152079891, 485401.763716818531975 ] ] ] ] } },
{ "type": "Feature", "properties": { "source_id": "parks_103", "name": null, "category": "park", "subtype": "park", "source": "osm", "acquired_at": "2026-08-12T17:41:01.510895+00:00", "area_sqm": 717.21129601865755 }, "geometry": { "type": "MultiPolygon", "coordinates": [ [ [ [ 125345.812682523494004, 481165.383475904644001 ], [ 125337.39763606757333, 481165.244808915711474 ], [ 125296.757326302526053, 481143.49148958659498 ], [ 125295.352596504526446, 481145.747508607921191 ], [ 125358.640712705528131, 481181.66268223564839 ], [ 125401.106530488730641, 481204.340213423129171 ], [ 125405.263314861789695, 481198.217935773544014 ], [ 125345.812682523494004, 481165.383475904644001 ] ] ] ] } },
{ "type": "Feature", "properties": { "source_id": "parks_104", "name": null, "category": "park", "subtype": "park", "source": "osm", "acquired_at": "2026-08-12T17:41:01.510895+00:00", "area_sqm": 1375.9916995143494 }, "geometry": { "type": "MultiPolygon", "coordinates": [ [ [ [ 125525.879499551694607, 481260.2959901439026 ], [ 125522.082466501364252, 481261.587065901374444 ], [ 125517.201761891104979, 481260.670409236277919 ], [ 125513.156898275003186, 481258.135411031427793 ], [ 125499.738125346921152, 481246.721667144505773 ], [ 125479.537058164190967, 481232.255254562187474 ], [ 125456.407442023715703, 481220.665967651177198 ], [ 125439.928102845849935, 481215.1566615793854 ], [ 125430.587804929513368, 481211.930167486309074 ], [ 125405.263314861789695, 481198.217935773544014 ], [ 125401.106530488730641, 481204.340213423129171 ], [ 125414.110233213228639, 481211.283271923137363 ], [ 125421.945526828567381, 481215.965200893057045 ], [ 125430.303953376511345, 481220.332467505242676 ], [ 125446.641964052119874, 481226.154131884337403 ], [ 125461.853946399089182, 481232.961721192346886 ], [ 125471.291860502620693, 481237.700911952881142 ], [ 125479.808621760748792, 481242.334355057217181 ], [ 125487.47673384132213, 481247.584843543299939 ], [ 125495.891032266052207, 481254.477630772860721 ], [ 125526.847185432852712, 481283.077548123139422 ], [ 125534.02898282444221, 481283.401913015113678 ], [ 125536.77116379243671, 481282.45093198219547 ], [ 125525.879499551694607, 481260.2959901439026 ] ] ] ] } },
{ "type": "Feature", "properties": { "source_id": "parks_105", "name": null, "category": "park", "subtype": "park", "source": "osm", "acquired_at": "2026-08-12T17:41:01.510895+00:00", "area_sqm": 921.61024066943514 }, "geometry": { "type": "MultiPolygon", "coordinates": [ [ [ [ 125458.889496640273137, 481159.065269009966869 ], [ 125470.165254811756313, 481165.529229308769573 ], [ 125496.913044683678891, 481117.246882199309766 ], [ 125490.539367986100842, 481114.124963326321449 ], [ 125487.360655746073462, 481118.49444818001939 ], [ 125478.095692115457496, 481113.064342673926149 ], [ 125457.633079068677034, 481147.35644244775176 ], [ 125464.639014972344739, 481151.309038166014943 ], [ 125458.889496640273137, 481159.065269009966869 ] ] ] ] } },
{ "type": "Feature", "properties": { "source_id": "parks_106", "name": null, "category": "park", "subtype": "park", "source": "osm", "acquired_at": "2026-08-12T17:41:01.510895+00:00", "area_sqm": 83120.71769413061 }, "geometry": { "type": "MultiPolygon", "coordinates": [ [ [ [ 125288.295860933547374, 481149.250296849291772 ], [ 125281.982320193070336, 481145.939131990715396 ], [ 125284.111393039565883, 481140.54104634700343 ], [ 125278.891304175776895, 481130.836629171390086 ], [ 125276.675447753659682, 481117.264340958325192 ], [ 125279.647852913592942, 481104.695636186050251 ], [ 125286.872282169206301, 481092.780099506431725 ], [ 125294.646438001233037, 481078.157500790490303 ], [ 125297.38026510772761, 481072.399736028572079 ], [ 125287.481816165498458, 481067.129564950475469 ], [ 125264.458926819323096, 481054.216460464464035 ], [ 125255.44333118526265, 481071.027394319709856 ], [ 125238.82408802525606, 481104.696447079419158 ], [ 125210.192376819133642, 481156.774614726717118 ], [ 125199.886178621687577, 481175.473833501164336 ], [ 125189.706521864573006, 481193.660486971144564 ], [ 125174.765666940249503, 481217.183288364030886 ], [ 125162.772278934979113, 481238.73005896928953 ], [ 125148.586371501893154, 481264.151040728145745 ], [ 125140.854002522799419, 481283.313292972510681 ], [ 125143.829045904683881, 481285.932335545541719 ], [ 125119.203422403690638, 481329.252461852214765 ], [ 125115.139500267934636, 481326.973815734439995 ], [ 125107.048490653105546, 481339.784985248174053 ], [ 125124.237652339797933, 481349.928698183386587 ], [ 125132.009548164292937, 481352.006920000072569 ], [ 125138.642329029971734, 481351.755442094290629 ], [ 125143.614769716587034, 481349.800499477190897 ], [ 125151.984064083604608, 481345.800002986681648 ], [ 125154.450288594467565, 481345.462439923896454 ], [ 125155.997472817602102, 481345.36408580763964 ], [ 125157.939975874352967, 481345.241092400276102 ], [ 125161.138059616452665, 481346.412336601875722 ], [ 125166.712113468587631, 481349.238237891520839 ], [ 125213.749800290301209, 481374.857382350950502 ], [ 125337.889086708994, 481443.730249817017466 ], [ 125394.858546941744862, 481474.943849695671815 ], [ 125409.134755799314007, 481482.724895822932012 ], [ 125535.36824424538645, 481552.691695417684969 ], [ 125537.891320340742823, 481552.754542798851617 ], [ 125539.968503854091978, 481551.217814206145704 ], [ 125540.836471498274477, 481549.276607651787344 ], [ 125541.737842593662208, 481544.931850131717511 ], [ 125541.859877893701196, 481542.527770812506787 ], [ 125539.191920782803209, 481513.581054464797489 ], [ 125549.356150580380927, 481493.848606035113335 ], [ 125543.653879131132271, 481492.324854996695649 ], [ 125522.314445972850081, 481499.439587555767503 ], [ 125497.748802232716116, 481485.777996192045975 ], [ 125484.690356090490241, 481461.533138900587801 ], [ 125453.548593867832096, 481394.892648832756095 ], [ 125455.060425079980632, 481387.740317203686573 ], [ 125482.244568186200922, 481338.542870015022345 ], [ 125480.085597771932953, 481329.82136022427585 ], [ 125468.063084721725318, 481315.851366504677571 ], [ 125467.964871437303373, 481300.552841800148599 ], [ 125472.319874065593467, 481289.945405034290161 ], [ 125472.392120553151472, 481282.634780210093595 ], [ 125472.791683096860652, 481274.187284561921842 ], [ 125472.716666465334129, 481265.052772971685044 ], [ 125471.771277974039549, 481260.885935356665868 ], [ 125470.874945120885968, 481256.941337416879833 ], [ 125415.13305315078469, 481228.378774294571485 ], [ 125408.751515787298558, 481225.067855403758585 ], [ 125367.157725944227423, 481202.229259266983718 ], [ 125362.268832774003386, 481202.23631410964299 ], [ 125357.113957059627865, 481202.23384208092466 ], [ 125323.873730663006427, 481219.345747779821977 ], [ 125288.295860933547374, 481149.250296849291772 ] ] ] ] } },
{ "type": "Feature", "properties": { "source_id": "parks_107", "name": null, "category": "park", "subtype": "park", "source": "osm", "acquired_at": "2026-08-12T17:41:01.510895+00:00", "area_sqm": 1463.4142065568296 }, "geometry": { "type": "MultiPolygon", "coordinates": [ [ [ [ 125539.80993241086253, 481310.672195758263115 ], [ 125518.380481380678248, 481335.979506996169221 ], [ 125509.169651955002337, 481355.5505514004617 ], [ 125505.356881762854755, 481361.047599652141798 ], [ 125503.559032555291196, 481365.987422809528653 ], [ 125503.405416375157074, 481371.095461266872007 ], [ 125504.5324773346656, 481376.006705391278956 ], [ 125503.325009711028542, 481387.329690265236422 ], [ 125505.450599926058203, 481406.465933262079488 ], [ 125509.387148240435636, 481422.865349474654067 ], [ 125512.724867033553892, 481430.322532145772129 ], [ 125499.759281208884204, 481430.78932396415621 ], [ 125497.343817304732511, 481422.492148356395774 ], [ 125494.386619043390965, 481411.394297251827084 ], [ 125492.853318131004926, 481386.401916856179014 ], [ 125494.306346505589318, 481368.245714370161295 ], [ 125497.929016451715142, 481353.748350704147015 ], [ 125503.770997544022975, 481339.805205254931934 ], [ 125511.719317705457797, 481326.906531445856672 ], [ 125521.157364657046855, 481314.55531833547866 ], [ 125527.782364813116146, 481306.126339947106317 ], [ 125539.80993241086253, 481310.672195758263115 ] ] ] ] } },
{ "type": "Feature", "properties": { "source_id": "parks_108", "name": null, "category": "park", "subtype": "park", "source": "osm", "acquired_at": "2026-08-12T17:41:01.510895+00:00", "area_sqm": 619.78109453051673 }, "geometry": { "type": "MultiPolygon", "coordinates": [ [ [ [ 125512.724867033553892, 481430.322532145772129 ], [ 125523.259519428378553, 481448.685397832421586 ], [ 125534.858841778303031, 481462.658047956763767 ], [ 125546.254777240217663, 481472.259172060759738 ], [ 125557.086741286926554, 481478.759352137218229 ], [ 125554.459859628826962, 481481.879328748735134 ], [ 125528.648157102812547, 481466.21108718123287 ], [ 125516.662426207272802, 481459.473064751946367 ], [ 125510.247202979953727, 481450.454256708035246 ], [ 125503.832732956769178, 481440.422929274616763 ], [ 125499.759281208884204, 481430.78932396415621 ], [ 125512.724867033553892, 481430.322532145772129 ] ] ] ] } },
{ "type": "Feature", "properties": { "source_id": "parks_109", "name": "Geuzenbos", "category": "park", "subtype": "park", "source": "osm", "acquired_at": "2026-08-12T17:41:01.510895+00:00", "area_sqm": 672324.2825970042 }, "geometry": { "type": "MultiPolygon", "coordinates": [ [ [ [ 112561.510753744601971, 490166.653551658149809 ], [ 112560.582585864380235, 490172.692416884121485 ], [ 112545.135488746542251, 490257.713884998171125 ], [ 112521.682450779961073, 490386.711858927388676 ], [ 112517.314045857085148, 490396.329913568333723 ], [ 112511.201758461538702, 490397.083584051928483 ], [ 112408.959265821060399, 490421.555067520472221 ], [ 112366.217336369663826, 490427.165296364284586 ], [ 112348.440935853839619, 490424.170060045726132 ], [ 112346.415049447212368, 490432.310360215546098 ], [ 112327.80311733589042, 490437.367312987567857 ], [ 112315.632408031684463, 490441.934617299644742 ], [ 112312.318545729751349, 490444.377883782261051 ], [ 112301.509598580683814, 490447.431277075200342 ], [ 112290.167163864767645, 490450.967780083999969 ], [ 112274.555883652559714, 490454.341008796880487 ], [ 112257.008633385150461, 490458.932794736407232 ], [ 112246.659094929695129, 490463.940695316938218 ], [ 112237.66317188530229, 490468.068965310056228 ], [ 112232.145126653922489, 490469.05149885994615 ], [ 112228.617171267324011, 490467.991644541616552 ], [ 112226.684480816766154, 490464.881695896794554 ], [ 112225.167801136354683, 490460.299362662015483 ], [ 112187.269299874722492, 490308.776823656400666 ], [ 112176.292223963071592, 490247.038891658652574 ], [ 112154.755578489624895, 490150.553804872441106 ], [ 112153.494896261341637, 490144.90106973744696 ], [ 112152.241307354619494, 490139.281654584163334 ], [ 112151.354392696870491, 490123.377623082196806 ], [ 112150.049325059648254, 490116.534676125214901 ], [ 112145.966248249955242, 490094.705427034990862 ], [ 112144.440684047760442, 490089.121758925262839 ], [ 112155.838366144147585, 490082.457739407371264 ], [ 112164.03634586276894, 490073.373580189188942 ], [ 112170.778597411364899, 490062.822175251727458 ], [ 112174.967154144469532, 490051.347153624810744 ], [ 112176.927055803316762, 490038.756525647942908 ], [ 112178.893950406025397, 490000.317616666201502 ], [ 112181.945958913187496, 489893.994074894464575 ], [ 112182.911220442387275, 489846.016838557843585 ], [ 112183.998270320909796, 489779.133638176135719 ], [ 112184.568810365308309, 489754.682487991231028 ], [ 112179.623110449581873, 489733.08325472130673 ], [ 112179.012508191735833, 489716.85414616955677 ], [ 112177.641438762890175, 489672.624781930528115 ], [ 112180.492080964671914, 489669.306415999308228 ], [ 112182.623501754162135, 489658.41675508080516 ], [ 112182.594074487657053, 489602.492315463081468 ], [ 112181.118672794400482, 489538.402033874765038 ], [ 112183.475968215163448, 489411.588550012966152 ], [ 112183.666465929272817, 489375.501797765726224 ], [ 112182.142596219287952, 489361.506041827437002 ], [ 112179.164641614537686, 489347.044446185522247 ], [ 112174.507641410804354, 489327.3788338554441 ], [ 112168.649383109397604, 489313.632132647151593 ], [ 112160.376516952470411, 489300.918973100895528 ], [ 112152.498883586958982, 489290.60584140062565 ], [ 112142.253513012212352, 489281.236841784382705 ], [ 112133.471238550875569, 489272.589534299972001 ], [ 112122.378510719077894, 489266.777475715323817 ], [ 112110.737506786128506, 489258.199568258249201 ], [ 112098.697962263395311, 489249.202325614111032 ], [ 112084.673809432890266, 489243.716279670130461 ], [ 112059.425102172128391, 489239.974784989841282 ], [ 112032.590623604162829, 489240.197343999461737 ], [ 112009.269236116626416, 489238.887273074593395 ], [ 111998.047759138004039, 489240.197941971709952 ], [ 111988.550621757138288, 489244.075081196380779 ], [ 111985.23639315852779, 489246.551939218246844 ], [ 111982.661833566759015, 489248.75529877981171 ], [ 111980.245181860867888, 489241.744064094556961 ], [ 111975.844547178625362, 489242.205276224878617 ], [ 111973.058822483289987, 489241.27264745591674 ], [ 111971.537644048410584, 489237.803142658493016 ], [ 111970.626668872777373, 489235.60792873048922 ], [ 111969.202717969485093, 489233.139013251988217 ], [ 111966.857617862726329, 489231.99112951150164 ], [ 111957.457215376547538, 489231.349891978316009 ], [ 111955.993556522502331, 489230.572642247192562 ], [ 111954.78478840374737, 489229.359212579671293 ], [ 111954.61453980251099, 489227.012885369360447 ], [ 111955.90279518996249, 489225.633012731443159 ], [ 111958.157874374301173, 489225.04585307452362 ], [ 111960.743977290519979, 489224.945397358678747 ], [ 111962.554057252447819, 489224.072818707267288 ], [ 111964.200968205230311, 489222.445023255539127 ], [ 111966.474846305005485, 489220.110752609907649 ], [ 111968.093669586261967, 489217.604164618998766 ], [ 111971.159408886305755, 489217.076701153127942 ], [ 111979.926798059153953, 489215.386800342006609 ], [ 111987.776657795766369, 489213.8718222361058 ], [ 112020.266953806538368, 489204.864982549741399 ], [ 112078.847638200415531, 489185.972961320541799 ], [ 112141.431017467722995, 489165.422308796318248 ], [ 112159.752759598282864, 489161.691357790899929 ], [ 112177.315001032824512, 489159.869797534309328 ], [ 112201.54475264181383, 489159.125404414662626 ], [ 112253.587423089455115, 489154.746265896770637 ], [ 112301.603713590593543, 489152.383147504820954 ], [ 112350.104191780614201, 489148.536411031556781 ], [ 112390.763012982555665, 489147.172457362699788 ], [ 112400.139784585742746, 489150.585364570724778 ], [ 112404.234409011594835, 489150.939450614503585 ], [ 112405.981735124398256, 489152.24848219944397 ], [ 112415.252699672753806, 489153.65946037939284 ], [ 112457.149920241528889, 489146.699577585852239 ], [ 112467.332482059995527, 489144.875943629944231 ], [ 112487.058801914768992, 489154.787004396319389 ], [ 112516.922215646336554, 489187.64383948338218 ], [ 112518.095571336059947, 489188.713058603170794 ], [ 112550.751789747737348, 489221.011944476224016 ], [ 112548.881481614371296, 489222.808370430371724 ], [ 112552.795933787681861, 489226.758170237357263 ], [ 112554.660104691341985, 489225.039687989105005 ], [ 112560.153156630782178, 489230.478062735754065 ], [ 112594.067086391150951, 489264.224055239465088 ], [ 112643.205015659681521, 489311.726089735399 ], [ 112676.21318773351959, 489309.86270064645214 ], [ 112733.844170327647589, 489364.325058950460516 ], [ 112903.033565822581295, 489515.808400025998708 ], [ 112923.691669252992142, 489533.880495341145433 ], [ 112930.446594028631807, 489540.499107519048266 ], [ 112948.920527616224717, 489574.679663506627548 ], [ 112952.529918708038167, 489583.639553609827999 ], [ 112954.842510599744855, 489596.193414010398556 ], [ 112962.176938710908871, 489592.547981350624468 ], [ 112967.606098923657555, 489591.389003494405188 ], [ 112968.897238565172302, 489595.917839704547077 ], [ 112972.010516067966819, 489604.180967162246816 ], [ 112973.990916221708176, 489608.114197198592592 ], [ 112975.29706238702056, 489612.008664943277836 ], [ 112978.08691352182359, 489616.669385320274159 ], [ 112981.056524536485085, 489619.258942977990955 ], [ 112984.023650256538531, 489620.758071897318587 ], [ 112987.547076983406441, 489619.637605190859176 ], [ 112990.319942602727679, 489617.510971828829497 ], [ 112995.575627765530953, 489622.362113219103776 ], [ 113000.17371850273048, 489623.535803966689855 ], [ 113002.39542225911282, 489626.231886933441274 ], [ 113009.396228739409707, 489634.573206000844948 ], [ 113016.18184793968976, 489643.22792428790126 ], [ 113025.1525380082021, 489661.477832434757147 ], [ 113031.586897720277193, 489678.458600449492224 ], [ 113046.405319970144774, 489723.174568608868867 ], [ 113047.78483326753485, 489726.901525439927354 ], [ 113052.221519866463495, 489737.122935325955041 ], [ 113054.284233964644955, 489740.343365420238115 ], [ 113062.434451465305756, 489749.398241913993843 ], [ 113070.914090164267691, 489757.170719292829745 ], [ 113076.196879577764776, 489764.43628665903816 ], [ 113078.551034243733739, 489771.515338699857239 ], [ 113078.604664502825472, 489779.426221647823695 ], [ 113075.393519202800235, 489787.643033660249785 ], [ 113067.81862795696361, 489793.404487338091712 ], [ 113057.938499507552478, 489797.038034661964048 ], [ 113009.824000365682878, 489813.537188115471508 ], [ 112994.53405087540159, 489818.963875889021438 ], [ 112984.028740043897415, 489821.111871265515219 ], [ 112979.37831094439025, 489821.763481271802448 ], [ 112948.018326994555537, 489828.128413000027649 ], [ 112931.097388450609287, 489830.665042720909696 ], [ 112925.126394400111167, 489830.515693381079473 ], [ 112925.039707452786388, 489825.14206117176218 ], [ 112923.926065418840153, 489819.076185585174244 ], [ 112920.772215037082788, 489811.636834641802125 ], [ 112916.22569979907712, 489807.714394442096818 ], [ 112910.702107296208851, 489804.957511612679809 ], [ 112904.814216524478979, 489803.383213134657126 ], [ 112899.845171565466444, 489803.39224792731693 ], [ 112896.891141630097991, 489803.417466029059142 ], [ 112808.701296857441776, 489803.637045238749124 ], [ 112699.798150778457057, 489803.913421022472903 ], [ 112658.418376168498071, 489803.133552895567846 ], [ 112646.497216834803112, 489802.100955417787191 ], [ 112632.506908942741575, 489799.506117828481365 ], [ 112617.819355700019514, 489796.572372480353806 ], [ 112603.744483886956004, 489792.854508731456008 ], [ 112585.603814061134472, 489787.324556294828653 ], [ 112570.228381616878323, 489781.982293485081755 ], [ 112561.546623030473711, 489803.81041921779979 ], [ 112560.701363713422325, 489857.461311176768504 ], [ 112561.397712349746143, 489995.330903292400762 ], [ 112561.481106623657979, 490061.970249690581113 ], [ 112561.944441020357772, 490115.810193928482477 ], [ 112561.883434403367573, 490119.794213163200766 ], [ 112561.510753744601971, 490166.653551658149809 ] ] ] ] } },
{ "type": "Feature", "properties": { "source_id": "parks_110", "name": "Kruislaplantsoen", "category": "park", "subtype": "park", "source": "osm", "acquired_at": "2026-08-12T17:41:01.510895+00:00", "area_sqm": 3257.6733030735036 }, "geometry": { "type": "MultiPolygon", "coordinates": [ [ [ [ 127046.097807354395627, 480653.556107949756552 ], [ 127108.638972261440358, 480687.606315346667543 ], [ 127119.870027777069481, 480668.204964948352426 ], [ 127061.375558192972676, 480635.889747912471648 ], [ 127043.219054042565404, 480632.876933039166033 ], [ 127004.695295723635354, 480613.389723047439475 ], [ 126994.664066894038115, 480618.219836766598746 ], [ 126978.072106864536181, 480627.771442895405926 ], [ 127029.449030572504853, 480656.676696048991289 ], [ 127045.043034838396125, 480651.537032667605672 ], [ 127046.097807354395627, 480653.556107949756552 ] ] ] ] } },
{ "type": "Feature", "properties": { "source_id": "parks_111", "name": null, "category": "park", "subtype": "park", "source": "osm", "acquired_at": "2026-08-12T17:41:01.510895+00:00", "area_sqm": 1233.2944106524099 }, "geometry": { "type": "MultiPolygon", "coordinates": [ [ [ [ 119118.762054824474035, 482291.864413017232437 ], [ 119150.67967877315823, 482291.777414987504017 ], [ 119150.996232654113555, 482255.535238149459474 ], [ 119129.557430707616732, 482255.746441085124388 ], [ 119129.599290449521504, 482249.303739072405733 ], [ 119118.555465971818194, 482249.328280022600666 ], [ 119118.762054824474035, 482291.864413017232437 ] ] ] ] } },
{ "type": "Feature", "properties": { "source_id": "parks_112", "name": null, "category": "park", "subtype": "park", "source": "osm", "acquired_at": "2026-08-12T17:41:01.510895+00:00", "area_sqm": 1003.8569590232131 }, "geometry": { "type": "MultiPolygon", "coordinates": [ [ [ [ 119377.927765945336432, 482286.484517463308293 ], [ 119377.483454515313497, 482250.381376811710652 ], [ 119388.548605183634209, 482250.479655329312664 ], [ 119388.51178525321302, 482254.830484478909057 ], [ 119407.874076028514537, 482255.002543612907175 ], [ 119407.917840681024245, 482286.63561174867209 ], [ 119377.927765945336432, 482286.484517463308293 ] ] ] ] } },
{ "type": "Feature", "properties": { "source_id": "parks_113", "name": "W.H. Vliegenbos", "category": "park", "subtype": "park", "source": "osm", "acquired_at": "2026-08-12T17:41:01.510895+00:00", "area_sqm": 279781.81654248555 }, "geometry": { "type": "MultiPolygon", "coordinates": [ [ [ [ 124395.573432117205812, 488871.643765999295283 ], [ 124265.773076868339558, 488906.877007415168919 ], [ 124136.545143949086196, 488941.909818583866581 ], [ 124097.301073153401376, 488953.371309074107558 ], [ 124027.552365062263561, 488973.736824336985592 ], [ 123940.066980535833864, 489000.156686132890172 ], [ 123804.403992574880249, 489060.029302409966476 ], [ 123677.125951986119617, 489115.835655664326623 ], [ 123676.322735887311865, 489122.283182240615133 ], [ 123674.111986812815303, 489130.063738073920831 ], [ 123667.917074903627508, 489137.580301495851018 ], [ 123661.42484773916658, 489145.443693054898176 ], [ 123639.568444607517449, 489153.415870048222132 ], [ 123556.099784119360265, 489167.310516338155139 ], [ 123556.220325601112563, 489226.804853462614119 ], [ 123546.411868442868581, 489245.148751463624649 ], [ 123629.207162653605337, 489263.670635518152267 ], [ 123646.412680625187932, 489266.276190596690867 ], [ 123641.076335561476299, 489304.942430752213113 ], [ 123674.131214673310751, 489335.698346033517737 ], [ 123767.360187950835098, 489353.143747057532892 ], [ 123876.103791142493719, 489367.566636774048675 ], [ 123989.900607333489461, 489374.861241369857453 ], [ 124089.427194739007973, 489380.801385762868449 ], [ 124096.745080269334721, 489324.298084963986184 ], [ 124103.798037590880995, 489313.505403935967479 ], [ 124120.547985001758207, 489306.479644465725869 ], [ 124216.604827077768277, 489278.740979859430809 ], [ 124324.515300716273487, 489246.735664224950597 ], [ 124357.487562405294739, 489237.429009312007111 ], [ 124457.329475304795778, 489207.079003077757079 ], [ 124467.21091172240267, 489204.369652922090609 ], [ 124473.870836994086858, 489200.311659971426707 ], [ 124480.703266979326145, 489192.224706264212728 ], [ 124481.973700380680384, 489171.999446351721417 ], [ 124472.264513504953356, 489134.350788794807158 ], [ 124461.767962406636798, 489093.802930754434783 ], [ 124443.096375019478728, 489023.786326030909549 ], [ 124420.287889975195867, 488942.14567969518248 ], [ 124416.050109809555579, 488943.81871593586402 ], [ 124399.248243294568965, 488883.47101039357949 ], [ 124403.609989745818893, 488882.019727408827748 ], [ 124402.928497755376156, 488877.517600889026653 ], [ 124400.319922635666444, 488872.949539281136822 ], [ 124395.573432117205812, 488871.643765999295283 ] ] ] ] } },
{ "type": "Feature", "properties": { "source_id": "parks_114", "name": "Flevopark", "category": "park", "subtype": "park", "source": "osm", "acquired_at": "2026-08-12T17:41:01.510895+00:00", "area_sqm": 289336.27654932853 }, "geometry": { "type": "MultiPolygon", "coordinates": [ [ [ [ 125353.129447674349649, 485905.991989976493642 ], [ 125353.005361631774576, 485904.613021779514384 ], [ 125352.663963894476183, 485903.346625674283132 ], [ 125352.105387940086075, 485902.215054342756048 ], [ 125351.542004244562122, 485901.417313548154198 ], [ 125351.103906580261537, 485901.063889270240907 ], [ 125351.568981451418949, 485900.237719230586663 ], [ 125351.998396557508386, 485900.279647523129825 ], [ 125352.754246968834195, 485900.230601949966513 ], [ 125353.522719012500602, 485900.014579903334379 ], [ 125354.309221705218079, 485899.397887797909789 ], [ 125354.897846258012578, 485898.726750322093721 ], [ 125355.328461792363669, 485897.834027232660446 ], [ 125357.219281899946509, 485891.669598781212699 ], [ 125362.779311029982637, 485882.812732245773077 ], [ 125365.48436884158582, 485878.379187975137029 ], [ 125367.939127152785659, 485874.236442135472316 ], [ 125368.864145263229148, 485872.862304216250777 ], [ 125377.260697810910642, 485870.119254552701022 ], [ 125386.210584986882168, 485861.954188415023964 ], [ 125389.008106441964628, 485857.030527258000802 ], [ 125392.678088651562575, 485853.325574995193165 ], [ 125399.016022413881728, 485849.215194701566361 ], [ 125410.729291792900767, 485841.779097711201757 ], [ 125413.958991333958693, 485838.488488699891604 ], [ 125414.454753993428312, 485835.959753126138821 ], [ 125414.820701612508856, 485832.230109972821083 ], [ 125413.788731787994038, 485821.443377739691641 ], [ 125412.645110249708523, 485809.077321130316705 ], [ 125410.418124113159138, 485773.941368351806886 ], [ 125409.08282716695976, 485738.68880743230693 ], [ 125407.733202479634201, 485705.594917580892798 ], [ 125406.218726343417075, 485673.414408557116985 ], [ 125405.989763978577685, 485668.175098362436984 ], [ 125406.348476122249849, 485667.783513419795781 ], [ 125406.97259707734338, 485667.345830967416987 ], [ 125407.550233075817232, 485667.108708038227633 ], [ 125408.224306720192544, 485667.049034648458473 ], [ 125408.961290412436938, 485667.256025482085533 ], [ 125409.493774928821949, 485667.441988516016863 ], [ 125409.35688633841346, 485665.06169201497687 ], [ 125400.709400294828811, 485665.781125434266869 ], [ 125399.551860874678823, 485665.877078260353301 ], [ 125400.013302744890098, 485672.394566699105781 ], [ 125363.650325593014713, 485674.960424241551664 ], [ 125363.226169161061989, 485668.987924042972736 ], [ 125353.338877708592918, 485669.714882265194319 ], [ 125244.582072230943595, 485678.246793347236235 ], [ 125195.799043276318116, 485681.756634350749664 ], [ 125134.834697153884917, 485686.264139280305244 ], [ 125105.26185276338947, 485688.49041539884638 ], [ 125065.386551704927115, 485691.491427631292026 ], [ 125052.4074343599641, 485692.371255395060871 ], [ 125036.25837258984393, 485692.8920445034164 ], [ 125012.311353628552752, 485693.782914766867179 ], [ 125028.876479951388319, 485716.914932133862749 ], [ 125075.353948552539805, 485964.75896968471352 ], [ 125106.589521449699532, 486149.662861656455789 ], [ 125050.2076842461247, 486177.609991705510765 ], [ 125044.894706870429218, 486152.940883055794984 ], [ 124983.929880768628209, 486130.623755888023879 ], [ 124978.690468993314425, 486124.836332716164179 ], [ 124911.77265138423536, 485743.897338403970934 ], [ 124964.399179350337363, 485736.255540670070332 ], [ 124966.300162731553428, 485707.19210297986865 ], [ 124963.465556364739314, 485697.006140940415207 ], [ 124953.033537016570335, 485697.759469120879658 ], [ 124953.589040594699327, 485703.964800139307044 ], [ 124933.775664968256024, 485705.721037366602104 ], [ 124933.227016532298876, 485699.526793343771715 ], [ 124906.895693924379884, 485701.534240549139213 ], [ 124884.838862918317318, 485704.0498384743114 ], [ 124868.841191871935735, 485709.276856908923946 ], [ 124866.291532527509844, 485713.442684980342165 ], [ 124870.106777720473474, 485731.355682754598092 ], [ 124891.034975270245923, 485846.523152482113801 ], [ 124908.58936347492272, 485932.48137238639174 ], [ 124911.440244273049757, 485952.047040218312759 ], [ 124928.810826916102087, 486035.903510949283373 ], [ 124941.473782670625951, 486127.57742267055437 ], [ 124942.656592326253303, 486136.12667824717937 ], [ 124950.708844555658288, 486138.481035602628253 ], [ 124950.714792721017147, 486141.696624918316957 ], [ 124950.295192490608315, 486147.740994322462939 ], [ 124970.764815487840679, 486152.256293149664998 ], [ 124978.710998440685216, 486153.977117410686333 ], [ 124988.344828956876881, 486156.54445338586811 ], [ 124997.851952701821574, 486160.681447238195688 ], [ 125007.8761049004097, 486168.075450651813298 ], [ 125014.512564280899824, 486176.224413066636771 ], [ 125018.01787049692939, 486183.624654229788575 ], [ 125020.225541183637688, 486190.465314328903332 ], [ 125022.197224753297633, 486196.584170821472071 ], [ 125042.599169204040663, 486304.489775824884418 ], [ 125061.256404225554434, 486376.433325378340669 ], [ 125068.054977355990559, 486394.528677854104899 ], [ 125070.885474282797077, 486400.764742007537279 ], [ 125077.045955578127177, 486415.859757151396479 ], [ 125080.002941451617517, 486421.616610278491862 ], [ 125095.37358026720176, 486433.540350258466788 ], [ 125103.109991731776972, 486438.945591897470877 ], [ 125108.864155779621797, 486431.956537916848902 ], [ 125120.638592316856375, 486431.551456399378367 ], [ 125133.675539476884296, 486429.291726819006726 ], [ 125209.461595593456877, 486437.612802610034123 ], [ 125258.506823114890722, 486438.162711404729635 ], [ 125317.859504744876176, 486441.288157538219821 ], [ 125383.195526949610212, 486450.598259388061706 ], [ 125379.956404477663455, 486476.086780228069983 ], [ 125649.833500624808948, 486513.729969276930206 ], [ 125659.987475878268015, 486455.009507871931419 ], [ 125642.435119714937173, 486452.799498917302117 ], [ 125623.024307350424351, 486450.767512087302748 ], [ 125621.957329093216686, 486448.882318065967411 ], [ 125621.454348337181727, 486446.771233312145341 ], [ 125621.511335597358993, 486444.901604149781633 ], [ 125622.011376834867406, 486443.084972001146525 ], [ 125620.440325475821737, 486443.483756957808509 ], [ 125619.031151980365394, 486443.614537553163245 ], [ 125617.102479177963687, 486443.436862226109952 ], [ 125601.597307846299373, 486441.871290621813387 ], [ 125589.813386715715751, 486440.684159096097574 ], [ 125587.359791007445892, 486440.431735545746051 ], [ 125578.111126901741954, 486439.485442246485036 ], [ 125574.512597540466231, 486439.128581585828215 ], [ 125572.13246346572123, 486438.630939726543147 ], [ 125568.234155827100039, 486437.118691027921159 ], [ 125566.401476037004613, 486435.90567756711971 ], [ 125564.340511822811095, 486434.104309422371443 ], [ 125562.168975598237012, 486432.036560028907843 ], [ 125558.780187485986971, 486428.017766875855159 ], [ 125482.589009281640756, 486316.537864846817683 ], [ 125449.808610485837562, 486269.334114860044792 ], [ 125448.222355668433011, 486261.510394900396932 ], [ 125444.460664900834672, 486257.816587087989319 ], [ 125440.041878101124894, 486253.592633644526359 ], [ 125435.340936599197448, 486250.0268506189459 ], [ 125424.448444966736133, 486245.363233840791509 ], [ 125417.786990290769609, 486243.144419748627115 ], [ 125417.216888723531156, 486244.627690387424082 ], [ 125415.812874532392016, 486244.491456226096489 ], [ 125414.754107799963094, 486243.997098277846817 ], [ 125413.99838645895943, 486242.922334708331618 ], [ 125414.013086351726088, 486241.965348192548845 ], [ 125412.695885795517825, 486241.539299785159528 ], [ 125388.450462055683602, 486236.532989668019582 ], [ 125379.421481229539495, 486233.671951258205809 ], [ 125372.93642257139436, 486226.80116754869232 ], [ 125353.31540660232713, 486210.351258700364269 ], [ 125345.47833345780964, 486201.80849427805515 ], [ 125318.312210430478444, 486165.37594302278012 ], [ 125317.244118546310347, 486163.335047017433681 ], [ 125315.285432899778243, 486159.318948810454458 ], [ 125285.085090640262933, 486110.020076095010154 ], [ 125277.866622875488247, 486095.654417943616863 ], [ 125273.852250035299221, 486088.501848965941463 ], [ 125305.283807949454058, 486070.654589148005471 ], [ 125322.080493692599703, 486062.486718152475078 ], [ 125330.587538706022315, 486066.852897670993116 ], [ 125333.776217609425657, 486061.303754909313284 ], [ 125334.172697173024062, 486061.535033765772823 ], [ 125335.527933328252402, 486059.212532257835846 ], [ 125333.469804076565197, 486057.923072137811687 ], [ 125334.838597377587575, 486055.589362271304708 ], [ 125336.411294814795838, 486056.581317991542164 ], [ 125348.176884245578549, 486036.404653095349204 ], [ 125329.472921086824499, 486025.334664539259393 ], [ 125331.826468707527965, 486021.37053463520715 ], [ 125336.72777271529776, 486012.884775401616935 ], [ 125338.073738759718253, 486010.150641875574365 ], [ 125338.677836436370853, 486008.656031793332659 ], [ 125340.313744227547431, 486000.890878571663052 ], [ 125340.953683984815143, 485995.156772360263858 ], [ 125341.196009812061675, 485990.137165013758931 ], [ 125341.233983593236189, 485985.118785306694917 ], [ 125340.766349956043996, 485979.847528316196986 ], [ 125340.080343673471361, 485975.64574853744125 ], [ 125339.242678630078444, 485972.279384089168161 ], [ 125337.365605268656509, 485967.116735453600995 ], [ 125335.985788402176695, 485961.951099919446278 ], [ 125334.826345691544702, 485956.049777087406255 ], [ 125335.45161307840317, 485953.542507960344665 ], [ 125336.526653871071176, 485949.930991243920289 ], [ 125338.171481707293424, 485945.915489689621609 ], [ 125340.946399307722459, 485940.647007247898728 ], [ 125344.871575940953335, 485932.945992361113895 ], [ 125348.635686403009458, 485925.646510026184842 ], [ 125349.396937960147625, 485924.228844837809447 ], [ 125349.77766237873584, 485922.969239038124215 ], [ 125349.940541712392587, 485921.733194929431193 ], [ 125349.872687094350113, 485920.643183807260357 ], [ 125350.301355364586925, 485917.157946068909951 ], [ 125351.998289348703111, 485910.471723772294354 ], [ 125352.938918666448444, 485907.16143964685034 ], [ 125353.129447674349649, 485905.991989976493642 ] ] ] ] } },
{ "type": "Feature", "properties": { "source_id": "parks_115", "name": null, "category": "park", "subtype": "park", "source": "osm", "acquired_at": "2026-08-12T17:41:01.510895+00:00", "area_sqm": 84.356062861983588 }, "geometry": { "type": "MultiPolygon", "coordinates": [ [ [ [ 119732.174671253946144, 487456.217604984587524 ], [ 119731.0522285480547, 487455.435619527590461 ], [ 119725.640693661334808, 487450.066643085912801 ], [ 119725.130887262348551, 487449.246899474412203 ], [ 119724.898689831243246, 487448.202634413959458 ], [ 119725.075156894090469, 487447.166575148003176 ], [ 119725.892615557648242, 487446.248329711379483 ], [ 119729.892080290592276, 487443.660566943348385 ], [ 119730.245630973600782, 487443.580152174050454 ], [ 119730.607422715547727, 487443.699961992853787 ], [ 119731.005171585653443, 487444.08655948744854 ], [ 119736.261755601444747, 487452.549915791139938 ], [ 119736.340399443957722, 487453.072316212696023 ], [ 119736.30399318729178, 487453.6956804660731 ], [ 119736.193077308766078, 487454.375211431120988 ], [ 119735.95110680857033, 487454.822014824487269 ], [ 119735.458607080770889, 487455.470891901175492 ], [ 119734.50296575151151, 487456.111951727943961 ], [ 119733.905298935060273, 487456.338759834878147 ], [ 119732.993748137014336, 487456.478796218754724 ], [ 119732.174671253946144, 487456.217604984587524 ] ] ] ] } },
{ "type": "Feature", "properties": { "source_id": "parks_116", "name": null, "category": "park", "subtype": "park", "source": "osm", "acquired_at": "2026-08-12T17:41:01.510895+00:00", "area_sqm": 140.7910216829064 }, "geometry": { "type": "MultiPolygon", "coordinates": [ [ [ [ 119764.344651226158021, 487520.000631520175375 ], [ 119762.599769153544912, 487518.833643134974409 ], [ 119761.453420734353131, 487517.562239711289294 ], [ 119760.346022843848914, 487516.023513771942817 ], [ 119759.69709601107752, 487514.793066221813206 ], [ 119757.747532621055143, 487510.712303870823234 ], [ 119757.414447481132811, 487508.889877536625136 ], [ 119757.216919809870888, 487506.977468276454601 ], [ 119757.298270678264089, 487505.01855999790132 ], [ 119757.423419575352455, 487503.471032760338858 ], [ 119757.72980773539166, 487501.555024872941431 ], [ 119758.128297455623397, 487500.139067977725063 ], [ 119758.763560478255386, 487499.45579302450642 ], [ 119760.039171917946078, 487498.801326076849364 ], [ 119761.177421242595301, 487498.937847330642398 ], [ 119762.054859800904524, 487499.743842713651247 ], [ 119764.797113416163484, 487507.067989921953995 ], [ 119766.200231152019114, 487510.918992315710057 ], [ 119767.881712211004924, 487516.559432211215608 ], [ 119768.027357885541278, 487517.882488720992114 ], [ 119767.814316111820517, 487519.519658077391796 ], [ 119766.765651730223908, 487520.484054862638004 ], [ 119765.444897454639431, 487520.537992019322701 ], [ 119764.344651226158021, 487520.000631520175375 ] ] ] ] } },
{ "type": "Feature", "properties": { "source_id": "parks_117", "name": null, "category": "park", "subtype": "park", "source": "osm", "acquired_at": "2026-08-12T17:41:01.510895+00:00", "area_sqm": 217.8069863282451 }, "geometry": { "type": "MultiPolygon", "coordinates": [ [ [ [ 119787.957088540773839, 487526.986665852135047 ], [ 119786.907054238909041, 487526.805001587257721 ], [ 119786.079515014833305, 487526.31019783008378 ], [ 119785.527280646536383, 487525.26821359002497 ], [ 119782.733289963769494, 487518.322737425158266 ], [ 119782.634998226945754, 487516.954835146141704 ], [ 119782.578914189216448, 487515.775788276339881 ], [ 119782.662815730029251, 487514.172921776713338 ], [ 119783.016264069126919, 487513.124474704149179 ], [ 119783.557445341371931, 487511.662994176091161 ], [ 119784.190407838090323, 487510.657059999881312 ], [ 119784.825037897797301, 487509.884778058447409 ], [ 119793.962889572896529, 487504.946016103378497 ], [ 119795.291092910512816, 487504.981048361514695 ], [ 119796.527214955887757, 487505.472939042316284 ], [ 119797.172800314932829, 487506.236087099649012 ], [ 119797.636191128884093, 487507.234198910882697 ], [ 119797.867418170892051, 487508.144951954658609 ], [ 119795.549007398105459, 487515.360567975731101 ], [ 119795.342194116499741, 487515.962893712508958 ], [ 119794.961742879953817, 487517.044913098565303 ], [ 119794.834978754326585, 487517.413003760855645 ], [ 119792.592736239195801, 487523.849197846255265 ], [ 119791.736722520479816, 487525.090386362629943 ], [ 119790.967250029920251, 487526.052786105894484 ], [ 119787.957088540773839, 487526.986665852135047 ] ] ] ] } },
{ "type": "Feature", "properties": { "source_id": "parks_118", "name": null, "category": "park", "subtype": "park", "source": "osm", "acquired_at": "2026-08-12T17:41:01.510895+00:00", "area_sqm": 106.54481814788625 }, "geometry": { "type": "MultiPolygon", "coordinates": [ [ [ [ 119803.109372639708454, 487519.356817332853097 ], [ 119800.741930767995655, 487520.653291635506321 ], [ 119799.605671678378712, 487520.79491858399706 ], [ 119798.7807517645997, 487520.667280375724658 ], [ 119797.864052351258579, 487520.084095758444164 ], [ 119797.266057067463407, 487519.309481275791768 ], [ 119796.939177796375589, 487518.35490313381888 ], [ 119796.973527526773978, 487517.442255649308208 ], [ 119797.287073129002238, 487516.527616567618679 ], [ 119800.509553528638207, 487507.169195958820637 ], [ 119801.055978318472626, 487506.442052707425319 ], [ 119801.828709516878007, 487505.935832589049824 ], [ 119802.923399885577965, 487505.694360933674034 ], [ 119803.878420079417992, 487505.921213708817959 ], [ 119804.657261637010379, 487506.271718583593611 ], [ 119805.30229018261889, 487506.956983651500195 ], [ 119806.054317966249073, 487509.277133978204802 ], [ 119807.178920849430142, 487513.230275718378834 ], [ 119807.36573138384847, 487514.597547158948146 ], [ 119807.285299004695844, 487515.733060351805761 ], [ 119807.06059439634555, 487516.691572662210092 ], [ 119805.795917257768451, 487517.924546148569789 ], [ 119803.109372639708454, 487519.356817332853097 ] ] ] ] } },
{ "type": "Feature", "properties": { "source_id": "parks_119", "name": null, "category": "park", "subtype": "park", "source": "osm", "acquired_at": "2026-08-12T17:41:01.510895+00:00", "area_sqm": 116.55428407542804 }, "geometry": { "type": "MultiPolygon", "coordinates": [ [ [ [ 119765.881010908939061, 487474.792359241168015 ], [ 119761.468282790738158, 487470.050443843239918 ], [ 119761.229919833291206, 487469.095236008986831 ], [ 119761.223405122844269, 487468.182880097359885 ], [ 119761.537980210210662, 487467.412880607531406 ], [ 119763.170702452174737, 487466.221775436017197 ], [ 119772.88456191784644, 487459.921385912108235 ], [ 119773.797066171784536, 487459.91487240040442 ], [ 119774.71211177391524, 487460.264400384505279 ], [ 119775.220241044284194, 487460.850496990198735 ], [ 119775.362312442113762, 487461.672870458278339 ], [ 119775.41514256913797, 487462.39573917927919 ], [ 119775.190123874373967, 487463.309747683000751 ], [ 119769.025509590763249, 487474.547372587607242 ], [ 119768.478132701129653, 487475.141003846889362 ], [ 119767.567617099470226, 487475.42567564570345 ], [ 119766.70206877552846, 487475.331713369057979 ], [ 119765.881010908939061, 487474.792359241168015 ] ] ] ] } },
{ "type": "Feature", "properties": { "source_id": "parks_120", "name": null, "category": "park", "subtype": "park", "source": "osm", "acquired_at": "2026-08-12T17:41:01.510895+00:00", "area_sqm": 90.129241109899198 }, "geometry": { "type": "MultiPolygon", "coordinates": [ [ [ [ 119779.743644596717786, 487468.696028216392733 ], [ 119778.833683024829952, 487469.058581971155945 ], [ 119778.016834191890666, 487469.108919300604612 ], [ 119777.101790459564654, 487468.75939069991 ], [ 119776.547582423154381, 487468.396159954892937 ], [ 119776.087122130513308, 487467.809722974314354 ], [ 119775.945686329287128, 487467.076359814265743 ], [ 119775.988192459743004, 487466.352810616430361 ], [ 119776.484329566868837, 487465.258837305533234 ], [ 119780.339574631638243, 487456.774909886938985 ], [ 119781.070738543552579, 487456.168841542152222 ], [ 119781.933669702295447, 487455.895638720714487 ], [ 119782.846492292039329, 487455.933632049593143 ], [ 119783.529768680018606, 487456.251435033977032 ], [ 119784.084533315617591, 487456.692550597246736 ], [ 119784.634552376286592, 487457.422998400114011 ], [ 119786.488459963075002, 487461.459946071379818 ], [ 119786.495922676695045, 487462.505817497964017 ], [ 119786.502035751036601, 487463.362541967013385 ], [ 119786.325000708719017, 487464.320714996778406 ], [ 119785.964420708711259, 487465.324705159757286 ], [ 119785.37649998012057, 487465.963131237076595 ], [ 119779.743644596717786, 487468.696028216392733 ] ] ] ] } },
{ "type": "Feature", "properties": { "source_id": "parks_121", "name": "Bilderdijkpark", "category": "park", "subtype": "park", "source": "osm", "acquired_at": "2026-08-12T17:41:01.510895+00:00", "area_sqm": 6102.4036199214443 }, "geometry": { "type": "MultiPolygon", "coordinates": [ [ [ [ 119815.619730838327087, 487213.735277067520656 ], [ 119847.42178610956762, 487291.774943605938461 ], [ 119845.937615770206321, 487292.798058847954962 ], [ 119832.219698827626416, 487288.700967249635141 ], [ 119811.018827915686416, 487281.964563444256783 ], [ 119751.69765772127721, 487263.394343874766491 ], [ 119748.401908795611234, 487262.505481376079842 ], [ 119750.180446272250265, 487256.929350618855096 ], [ 119765.099744281818857, 487248.989508419821505 ], [ 119745.178911687093205, 487212.691322093422059 ], [ 119719.356717449758435, 487203.573795210104436 ], [ 119726.279537464681198, 487184.04119073896436 ], [ 119815.619730838327087, 487213.735277067520656 ] ] ] ] } },
{ "type": "Feature", "properties": { "source_id": "parks_122", "name": "Frederik Hendrikplantsoen", "category": "park", "subtype": "park", "source": "osm", "acquired_at": "2026-08-12T17:41:01.510895+00:00", "area_sqm": 7968.6471268550431 }, "geometry": { "type": "MultiPolygon", "coordinates": [ [ [ [ 120214.352617540891515, 488007.39116145845037 ], [ 120210.978487407395733, 488006.891986736794934 ], [ 120206.461530105181737, 488005.588611753599253 ], [ 120189.816675456197117, 487996.492966599296778 ], [ 120181.316634472372243, 487993.31502213323256 ], [ 120177.32353466427594, 487990.984305966005195 ], [ 120173.456818016478792, 487988.229880277125631 ], [ 120169.561368807364488, 487985.264250050124247 ], [ 120166.81084983702749, 487982.435189547017217 ], [ 120153.557589759730035, 487956.080217092239764 ], [ 120189.264251437140047, 487941.352143993310165 ], [ 120190.791974737250712, 487940.729389381885994 ], [ 120227.877181688323617, 487925.435530772607308 ], [ 120228.861677148670424, 487925.028026418935042 ], [ 120269.009334734932054, 487908.477819614170585 ], [ 120296.513912830094341, 487975.457146494532935 ], [ 120278.899783873028355, 487985.372693367069587 ], [ 120253.573800484184176, 487995.720915858866647 ], [ 120251.145810994756175, 487996.138580619299319 ], [ 120248.68776500489912, 487996.155891312868334 ], [ 120244.273422451777151, 487995.886557006859221 ], [ 120242.912251024128636, 487995.985159623262007 ], [ 120239.907379356387537, 487996.673938090621959 ], [ 120235.093056510246242, 487985.058032639964949 ], [ 120234.043921382341068, 487978.22240567591507 ], [ 120234.746136044850573, 487973.510796584654599 ], [ 120236.46719817671692, 487968.435950125101954 ], [ 120239.508688386311405, 487965.209987886832096 ], [ 120244.715927149911295, 487962.035533911373932 ], [ 120242.103149486356415, 487955.555851899669506 ], [ 120237.622581583418651, 487957.490107818332035 ], [ 120231.507724792070803, 487962.317739535996225 ], [ 120226.044075790487113, 487969.688840563292615 ], [ 120225.818315901284222, 487978.235859790351242 ], [ 120234.002841799898306, 487999.452743644826114 ], [ 120229.35978812945541, 488003.446621582028456 ], [ 120227.285099829838146, 488004.718576811137609 ], [ 120225.947651332971873, 488005.284345095511526 ], [ 120224.430582033004612, 488005.484193254145794 ], [ 120218.522270672692684, 488005.792881120170932 ], [ 120218.513686311693164, 488007.473097566107754 ], [ 120214.352617540891515, 488007.39116145845037 ] ] ] ] } },
{ "type": "Feature", "properties": { "source_id": "parks_123", "name": "Frederik Hendrikplantsoen", "category": "park", "subtype": "park", "source": "osm", "acquired_at": "2026-08-12T17:41:01.510895+00:00", "area_sqm": 10070.586729156945 }, "geometry": { "type": "MultiPolygon", "coordinates": [ [ [ [ 120297.315535045869183, 488007.140801988949534 ], [ 120289.575528552755713, 488005.515086819184944 ], [ 120234.296769173248322, 488030.53912055620458 ], [ 120232.520766959874891, 488033.611520740261767 ], [ 120225.760416589677334, 488038.621739175403491 ], [ 120220.888136015084456, 488040.035809449269436 ], [ 120212.47198008565465, 488064.195919437159318 ], [ 120214.729629347231821, 488068.597367259673774 ], [ 120250.222551392682362, 488092.258904581307434 ], [ 120248.458072729728883, 488095.99883003719151 ], [ 120269.930601952131838, 488109.989887887379155 ], [ 120272.845401778555242, 488108.122313586121891 ], [ 120300.724510264088167, 488124.916895510628819 ], [ 120299.090936702326871, 488129.846456434577703 ], [ 120314.234567234147107, 488133.734521610080265 ], [ 120325.016959770757239, 488135.205370333220344 ], [ 120334.317952439218061, 488133.22619638760807 ], [ 120347.678651792579331, 488130.48415471467888 ], [ 120353.188483833917417, 488128.720799502974842 ], [ 120354.232989891519537, 488127.166831761132926 ], [ 120353.664835561445216, 488124.800799898745026 ], [ 120348.070944514649455, 488112.656169638619758 ], [ 120301.174651873036055, 488010.763272528361995 ], [ 120297.315535045869183, 488007.140801988949534 ] ] ] ] } },
{ "type": "Feature", "properties": { "source_id": "parks_124", "name": null, "category": "park", "subtype": "park", "source": "osm", "acquired_at": "2026-08-12T17:41:01.510895+00:00", "area_sqm": 191.73949742336524 }, "geometry": { "type": "MultiPolygon", "coordinates": [ [ [ [ 120381.178431207692483, 487870.203227278601844 ], [ 120382.559915669611655, 487873.965539137425367 ], [ 120384.404380015606876, 487875.777404053835198 ], [ 120387.058215167620801, 487876.482033718959428 ], [ 120400.601849219092401, 487873.505196132289711 ], [ 120395.849550327358884, 487868.753972790786065 ], [ 120391.532858612175914, 487857.178937357442919 ], [ 120384.243776371018612, 487859.677972575416788 ], [ 120387.33842302460107, 487867.890136715606786 ], [ 120381.178431207692483, 487870.203227278601844 ] ] ] ] } },
{ "type": "Feature", "properties": { "source_id": "parks_125", "name": null, "category": "park", "subtype": "park", "source": "osm", "acquired_at": "2026-08-12T17:41:01.510895+00:00", "area_sqm": 150.48176633815098 }, "geometry": { "type": "MultiPolygon", "coordinates": [ [ [ [ 120394.329832481860649, 487906.451286313356832 ], [ 120392.162761958170449, 487901.359258123266045 ], [ 120393.586184439103818, 487897.51051035313867 ], [ 120397.980554278125055, 487894.920517371268943 ], [ 120405.607028377475217, 487891.017152864136733 ], [ 120408.066241898981389, 487890.187652300694026 ], [ 120408.703726944615482, 487889.815997252357192 ], [ 120405.871043266233755, 487896.623236535058822 ], [ 120408.055151740642032, 487902.20473274809774 ], [ 120394.329832481860649, 487906.451286313356832 ] ] ] ] } },
{ "type": "Feature", "properties": { "source_id": "parks_126", "name": "Frederik Hendrikplantsoen", "category": "park", "subtype": "park", "source": "osm", "acquired_at": "2026-08-12T17:41:01.510895+00:00", "area_sqm": 2667.4223955928528 }, "geometry": { "type": "MultiPolygon", "coordinates": [ [ [ [ 120185.462835338286823, 488022.171098469640128 ], [ 120210.636551144198165, 488030.828275359293912 ], [ 120211.660355787316803, 488033.102063680067658 ], [ 120211.585582908490323, 488036.017828492680565 ], [ 120207.545930072141346, 488045.426255114667583 ], [ 120204.664053211672581, 488050.998880440893117 ], [ 120201.046899310953449, 488056.587819898617454 ], [ 120196.338367607997498, 488061.906288440455683 ], [ 120194.618638598680263, 488063.298149658367038 ], [ 120189.831748714408604, 488067.15955835825298 ], [ 120182.236599315117928, 488069.649929152743425 ], [ 120175.395257902477169, 488070.888782880618237 ], [ 120166.624442119704327, 488069.849133101175539 ], [ 120159.927087528107222, 488067.370619612222072 ], [ 120153.879947370864102, 488062.472993997042067 ], [ 120148.90129408222856, 488056.533030577469617 ], [ 120146.114285602176096, 488049.498285041830968 ], [ 120144.792338966595707, 488041.652057776227593 ], [ 120145.911261148517951, 488033.28788016026374 ], [ 120149.428644495666958, 488027.076500476279762 ], [ 120158.471297530486481, 488014.528302312712185 ], [ 120159.928154948807787, 488013.516598044894636 ], [ 120162.395593642897438, 488013.866363166249357 ], [ 120185.462835338286823, 488022.171098469640128 ] ] ] ] } },
{ "type": "Feature", "properties": { "source_id": "parks_127", "name": "Bellamyplein", "category": "park", "subtype": "park", "source": "osm", "acquired_at": "2026-08-12T17:41:01.510895+00:00", "area_sqm": 1841.9067873796421 }, "geometry": { "type": "MultiPolygon", "coordinates": [ [ [ [ 119590.693673732093885, 486825.703760488540865 ], [ 119589.988591238856316, 486828.056583938188851 ], [ 119590.544109486378147, 486830.489378680067603 ], [ 119592.009054867608938, 486832.470575532177463 ], [ 119593.923764541643322, 486833.536144875572063 ], [ 119597.181864100668463, 486833.879960824095178 ], [ 119639.197709522282821, 486831.854115891736001 ], [ 119640.911784737603739, 486830.58450257050572 ], [ 119641.988489506504266, 486828.763113199849613 ], [ 119642.423802461242303, 486826.779415861354209 ], [ 119642.410173414711608, 486824.876822440186515 ], [ 119641.853687927563442, 486823.256288962613326 ], [ 119614.694912747014314, 486773.368971916148439 ], [ 119610.496152601903304, 486773.877528748416808 ], [ 119590.693673732093885, 486825.703760488540865 ] ] ] ] } },
{ "type": "Feature", "properties": { "source_id": "parks_128", "name": null, "category": "park", "subtype": "park", "source": "osm", "acquired_at": "2026-08-12T17:41:01.510895+00:00", "area_sqm": 468.65907617478018 }, "geometry": { "type": "MultiPolygon", "coordinates": [ [ [ [ 119784.320564166962868, 487723.568625577958301 ], [ 119783.448012063658098, 487723.44133011426311 ], [ 119781.630882942001335, 487724.544731054047588 ], [ 119779.005643438984407, 487725.008542330353521 ], [ 119776.477578557707602, 487744.81015111861052 ], [ 119776.66722830258368, 487745.621058497810736 ], [ 119778.569100440305192, 487749.7132963562035 ], [ 119781.766686907561962, 487755.977152798441239 ], [ 119782.722930340984021, 487756.382022244273685 ], [ 119784.724852457555244, 487755.410825162194669 ], [ 119798.3300866188074, 487748.659888076770585 ], [ 119798.693901602557162, 487748.112076469347812 ], [ 119798.688663243432529, 487747.377740825060755 ], [ 119788.407730840845034, 487725.664690828765742 ], [ 119785.485582614157465, 487722.692416390462313 ], [ 119784.320564166962868, 487723.568625577958301 ] ] ] ] } },
{ "type": "Feature", "properties": { "source_id": "parks_129", "name": null, "category": "park", "subtype": "park", "source": "osm", "acquired_at": "2026-08-12T17:41:01.510895+00:00", "area_sqm": 527.65823326092027 }, "geometry": { "type": "MultiPolygon", "coordinates": [ [ [ [ 119488.775866122727166, 488808.287599390896503 ], [ 119496.21916499058716, 488825.580850818194449 ], [ 119502.379406803724123, 488818.793623825069517 ], [ 119507.497391600481933, 488819.491174566210248 ], [ 119508.132472357974621, 488793.260521714692004 ], [ 119485.015348795379396, 488792.826036383863539 ], [ 119488.775866122727166, 488808.287599390896503 ] ] ] ] } },
{ "type": "Feature", "properties": { "source_id": "parks_130", "name": "Ed Pelsterpark", "category": "park", "subtype": "park", "source": "osm", "acquired_at": "2026-08-12T17:41:01.510895+00:00", "area_sqm": 8724.1688669759169 }, "geometry": { "type": "MultiPolygon", "coordinates": [ [ [ [ 128327.371123918492231, 485484.496826925722416 ], [ 128244.474181802375824, 485557.279726011794992 ], [ 128296.801768447461654, 485616.579767025308684 ], [ 128379.698409173273831, 485543.786612286115997 ], [ 128327.371123918492231, 485484.496826925722416 ] ] ] ] } },
{ "type": "Feature", "properties": { "source_id": "parks_131", "name": null, "category": "park", "subtype": "park", "source": "osm", "acquired_at": "2026-08-12T17:41:01.510895+00:00", "area_sqm": 1926.8871996393596 }, "geometry": { "type": "MultiPolygon", "coordinates": [ [ [ [ 119582.857549594758893, 486270.808645752433222 ], [ 119596.270199903927278, 486275.608244623348583 ], [ 119642.589237724270788, 486168.0469569650013 ], [ 119625.292249723192072, 486161.160964379785582 ], [ 119582.857549594758893, 486270.808645752433222 ] ] ] ] } },
{ "type": "Feature", "properties": { "source_id": "parks_132", "name": "De Krommert", "category": "park", "subtype": "park", "source": "osm", "acquired_at": "2026-08-12T17:41:01.510895+00:00", "area_sqm": 3207.0162013198551 }, "geometry": { "type": "MultiPolygon", "coordinates": [ [ [ [ 119102.039603076831554, 487233.784021236759145 ], [ 119097.541550085064955, 487235.218726146966219 ], [ 119072.779039876244497, 487242.720405578962527 ], [ 119071.232009541796288, 487245.379862433648668 ], [ 119070.77635529867257, 487250.145479486614931 ], [ 119070.351431058428716, 487254.454671284358483 ], [ 119081.36550709878793, 487253.751394667720888 ], [ 119084.314211445336696, 487257.468562996131368 ], [ 119096.673427879373776, 487256.310456902778242 ], [ 119240.98335041597602, 487209.987523707328364 ], [ 119249.211981030704919, 487207.390985022706445 ], [ 119246.881072472882806, 487199.630192137439735 ], [ 119244.405009694106411, 487192.515810115961358 ], [ 119208.470722553975065, 487203.469193707103841 ], [ 119163.515321873899666, 487215.712291888368782 ], [ 119102.039603076831554, 487233.784021236759145 ] ] ] ] } },
{ "type": "Feature", "properties": { "source_id": "parks_133", "name": "Bolwerk", "category": "park", "subtype": "park", "source": "osm", "acquired_at": "2026-08-12T17:41:01.510895+00:00", "area_sqm": 8901.6900693755833 }, "geometry": { "type": "MultiPolygon", "coordinates": [ [ [ [ 119351.636284908774542, 487720.544474914902821 ], [ 119355.532153222797206, 487721.5845123201143 ], [ 119358.002048468129942, 487722.245411493815482 ], [ 119359.037449088369613, 487717.575773591524921 ], [ 119359.495525725913467, 487717.828383210289758 ], [ 119359.991646060283529, 487717.691277566249482 ], [ 119364.423868423618842, 487715.67868527531391 ], [ 119364.924307742301608, 487715.196615904278588 ], [ 119365.287354316285928, 487714.54863564966945 ], [ 119370.359727877541445, 487691.790936921839602 ], [ 119370.720225174285588, 487691.732699718559161 ], [ 119370.991878760134568, 487691.630596510949545 ], [ 119371.256080287552322, 487691.439532152668107 ], [ 119371.424950023705605, 487691.249156098579988 ], [ 119371.511303475184832, 487690.948107092757709 ], [ 119371.530205428105546, 487690.736560059012845 ], [ 119371.506081941071898, 487690.224898136861157 ], [ 119371.448554014990805, 487689.802492363785859 ], [ 119371.309152403788175, 487689.358423978090286 ], [ 119371.005200074432651, 487688.759767450508662 ], [ 119375.084966513968538, 487669.992661736963782 ], [ 119375.925642865826376, 487669.47475673869485 ], [ 119376.460456566972425, 487669.036947966960724 ], [ 119376.601848541147774, 487668.813389849907253 ], [ 119376.661687810206786, 487668.612674200092442 ], [ 119376.700857786927372, 487668.378727144212462 ], [ 119376.691879723832244, 487668.078366438043304 ], [ 119376.628747357084649, 487667.822904147964437 ], [ 119376.518109488257323, 487667.590038541413378 ], [ 119376.332567680277862, 487667.357713653531391 ], [ 119376.004188079721644, 487667.148673665418755 ], [ 119380.024537649413105, 487647.692136080178898 ], [ 119379.519833360071061, 487647.58451042912202 ], [ 119378.940144503983902, 487647.466299222665839 ], [ 119378.346756353086676, 487647.337060104939155 ], [ 119378.306943594419863, 487647.481996808666736 ], [ 119365.831202369387029, 487644.634574726980645 ], [ 119366.982691070792498, 487639.062824590597302 ], [ 119367.010230940417387, 487638.161349210247863 ], [ 119366.896619373001158, 487637.516811078821775 ], [ 119366.422104796831263, 487636.874878971837461 ], [ 119365.887349135140539, 487636.378031231812201 ], [ 119365.102088380430359, 487636.083276142657269 ], [ 119363.962814310056274, 487635.802204506413545 ], [ 119351.73246272058168, 487634.877994400681928 ], [ 119349.736236346012447, 487634.747765934967902 ], [ 119346.584003713331185, 487634.848427586141042 ], [ 119331.081228594382992, 487633.413822812377475 ], [ 119331.019058503574342, 487633.291876593255438 ], [ 119330.861635895591462, 487633.181745745067019 ], [ 119327.549969120344031, 487632.89413145306753 ], [ 119323.453279352281243, 487632.345149801927619 ], [ 119315.937628585772472, 487630.797221038490534 ], [ 119299.760706259796279, 487627.487148019077722 ], [ 119299.450238208039082, 487628.813491821754724 ], [ 119297.417947868467309, 487628.405373593443073 ], [ 119293.212882458930835, 487630.761314659845084 ], [ 119292.187110151382512, 487630.167885867529549 ], [ 119291.292167301871814, 487629.773794289212674 ], [ 119287.882322477409616, 487639.445467653684318 ], [ 119284.587688680971041, 487649.038421721546911 ], [ 119283.080673064599978, 487654.401354726112913 ], [ 119282.454228751332266, 487657.232114535756409 ], [ 119282.057454525463982, 487659.80529400287196 ], [ 119281.373261279251892, 487665.006495919893496 ], [ 119281.091157444723649, 487668.368853498948738 ], [ 119280.853051565572969, 487672.164840703015216 ], [ 119280.874196298856987, 487674.145271071000025 ], [ 119281.016452809373732, 487677.804982668778393 ], [ 119281.362992021167884, 487681.463215647614561 ], [ 119283.423142342377105, 487690.427691093529575 ], [ 119285.624224510334898, 487700.047633038600907 ], [ 119289.209744523890549, 487715.599307752971072 ], [ 119304.708814415789675, 487783.394483662210405 ], [ 119305.941968168277526, 487789.12703106662957 ], [ 119306.710688996288809, 487793.727996908884961 ], [ 119306.989400209771702, 487796.485445947968401 ], [ 119307.041071460131207, 487798.921857856272254 ], [ 119306.92513543588575, 487800.780884607811458 ], [ 119306.470570147968829, 487804.778720846981741 ], [ 119305.8912660862552, 487808.477033816394396 ], [ 119304.080180058910628, 487820.751951485290192 ], [ 119308.968196899804752, 487821.517729680635966 ], [ 119308.499387854128145, 487823.546211910666898 ], [ 119306.57028250755684, 487823.270866696839221 ], [ 119305.835768501478015, 487828.105243847705424 ], [ 119303.075053731619846, 487827.713519915181678 ], [ 119302.777733804352465, 487828.973007736785803 ], [ 119302.477274925797246, 487829.79857012728462 ], [ 119298.79264181968756, 487840.061952937219758 ], [ 119304.725829780029017, 487841.28749389766017 ], [ 119306.512578692898387, 487841.652883067319635 ], [ 119307.412842734294827, 487841.846654933935497 ], [ 119309.448243248509243, 487832.340707662922796 ], [ 119311.260265431250446, 487823.960191462014336 ], [ 119313.182579490647186, 487814.822250961326063 ], [ 119315.430910836701514, 487804.624900669790804 ], [ 119316.734973106184043, 487798.506816071923822 ], [ 119317.610566499060951, 487793.40437579411082 ], [ 119317.662597653383273, 487792.124408944160677 ], [ 119317.764992249693023, 487787.450381116243079 ], [ 119317.580490277701756, 487784.53647408838151 ], [ 119317.426472892431775, 487783.013205968134571 ], [ 119317.063832073617959, 487780.89059521863237 ], [ 119314.524813991039991, 487769.726446993765421 ], [ 119311.916967399098212, 487758.462656111340038 ], [ 119309.098793680546805, 487746.365872404305264 ], [ 119306.032541100677918, 487732.924533135083038 ], [ 119303.221551185124554, 487720.883335487684235 ], [ 119305.695558533305302, 487722.111649350146763 ], [ 119321.788969351677224, 487718.62382367515238 ], [ 119351.636284908774542, 487720.544474914902821 ] ] ] ] } },
{ "type": "Feature", "properties": { "source_id": "parks_134", "name": null, "category": "park", "subtype": "park", "source": "osm", "acquired_at": "2026-08-12T17:41:01.510895+00:00", "area_sqm": 491.08105373372354 }, "geometry": { "type": "MultiPolygon", "coordinates": [ [ [ [ 122162.14483175764326, 484853.697244296607096 ], [ 122164.377220391936135, 484845.125924455642235 ], [ 122169.322435948561179, 484845.927553827350494 ], [ 122171.005835329167894, 484838.817492041736841 ], [ 122177.43347066824208, 484840.198993562778924 ], [ 122178.417527862184215, 484835.508088740811218 ], [ 122182.579807152214926, 484836.403948928578757 ], [ 122186.489695391908754, 484837.256982551829424 ], [ 122185.654785103266477, 484841.835627137043048 ], [ 122191.892525776522234, 484843.351930266187992 ], [ 122190.483700845128624, 484850.771709785680287 ], [ 122195.34877233376028, 484851.818686241400428 ], [ 122193.575338289869251, 484860.765252659155522 ], [ 122162.14483175764326, 484853.697244296607096 ] ] ] ] } },
{ "type": "Feature", "properties": { "source_id": "parks_135", "name": null, "category": "park", "subtype": "park", "source": "osm", "acquired_at": "2026-08-12T17:41:01.510895+00:00", "area_sqm": 72.816756483503809 }, "geometry": { "type": "MultiPolygon", "coordinates": [ [ [ [ 121440.414666654280154, 484109.150297352869529 ], [ 121438.06063010165235, 484085.644328085181769 ], [ 121444.671821485215332, 484089.794199295516592 ], [ 121440.414666654280154, 484109.150297352869529 ] ] ] ] } },
{ "type": "Feature", "properties": { "source_id": "parks_136", "name": null, "category": "park", "subtype": "park", "source": "osm", "acquired_at": "2026-08-12T17:41:01.510895+00:00", "area_sqm": 267.46880130188362 }, "geometry": { "type": "MultiPolygon", "coordinates": [ [ [ [ 121426.023377624005661, 484116.358092844253406 ], [ 121422.707819663381088, 484085.748668029089458 ], [ 121413.662707011710154, 484099.48494666418992 ], [ 121410.829833327268716, 484112.811811552790459 ], [ 121426.023377624005661, 484116.358092844253406 ] ] ] ] } },
{ "type": "Feature", "properties": { "source_id": "parks_137", "name": "Wachterliedplantsoen", "category": "park", "subtype": "park", "source": "osm", "acquired_at": "2026-08-12T17:41:01.510895+00:00", "area_sqm": 14398.359152673602 }, "geometry": { "type": "MultiPolygon", "coordinates": [ [ [ [ 118641.918564949228312, 487939.581384208868258 ], [ 118641.584979846025817, 487944.212629372137599 ], [ 118644.71598329799599, 487947.727911614812911 ], [ 118669.321475816570455, 487955.535793573129922 ], [ 118672.613534932912444, 487955.033099536201917 ], [ 118674.758828188525513, 487952.302344459225424 ], [ 118681.237345683664898, 487934.173457221128047 ], [ 118676.70640208144323, 487930.11211261455901 ], [ 118677.155519003194058, 487926.370171110611409 ], [ 118677.983498217246961, 487914.892251609067898 ], [ 118683.340222157974495, 487896.070632443297654 ], [ 118693.178723745033494, 487898.679812942107674 ], [ 118705.466601714579156, 487901.938609697157517 ], [ 118711.771368735062424, 487897.196692272089422 ], [ 118715.29992728002253, 487895.512837637390476 ], [ 118730.882054253685055, 487802.21059034531936 ], [ 118729.740473544938141, 487798.836407335475087 ], [ 118727.024598718300695, 487797.142829774180427 ], [ 118691.73782998410752, 487790.770716604951303 ], [ 118688.00354725329089, 487791.343412172631361 ], [ 118683.755764520989032, 487798.940956239996012 ], [ 118677.142060795566067, 487820.00832765630912 ], [ 118670.128155008947942, 487818.157263648521621 ], [ 118667.698186048568459, 487815.526954971079249 ], [ 118633.949518456371152, 487814.573853081674315 ], [ 118631.791555024712579, 487816.514709053910337 ], [ 118630.630358282622183, 487821.574875435209833 ], [ 118619.294455211478635, 487820.935190587595571 ], [ 118604.104796713465475, 487867.446338326728437 ], [ 118604.45396776124835, 487874.164405442250427 ], [ 118601.323560312506743, 487875.355819319491275 ], [ 118585.238191565469606, 487927.782020598067902 ], [ 118630.170441762922565, 487943.028283769148402 ], [ 118633.63232526354841, 487941.545145506504923 ], [ 118635.432967482047388, 487938.24944183183834 ], [ 118641.918564949228312, 487939.581384208868258 ] ] ] ] } },
{ "type": "Feature", "properties": { "source_id": "parks_138", "name": "Helmersplantsoen", "category": "park", "subtype": "park", "source": "osm", "acquired_at": "2026-08-12T17:41:01.510895+00:00", "area_sqm": 1873.7556719428806 }, "geometry": { "type": "MultiPolygon", "coordinates": [ [ [ [ 119787.231192032486433, 486185.071980838663876 ], [ 119782.306181856081821, 486196.523242717783432 ], [ 119806.38137316533539, 486206.387954703415744 ], [ 119812.851417243393371, 486209.090161458356306 ], [ 119836.405015472817468, 486219.381556406384334 ], [ 119840.786005841888255, 486209.002399312797934 ], [ 119854.020518226636341, 486214.627351569535676 ], [ 119859.726302102179034, 486200.878477283811662 ], [ 119846.405349709733855, 486195.554549554479308 ], [ 119796.788221750815865, 486174.566852903692052 ], [ 119780.727853714575758, 486168.161080268851947 ], [ 119779.889829115141765, 486170.047493530728389 ], [ 119780.19772656323039, 486172.148268165299669 ], [ 119776.636241346073803, 486180.897114462626632 ], [ 119787.231192032486433, 486185.071980838663876 ] ] ] ] } },
{ "type": "Feature", "properties": { "source_id": "parks_139", "name": "Keesje Brijdeplantsoen", "category": "park", "subtype": "park", "source": "osm", "acquired_at": "2026-08-12T17:41:01.510895+00:00", "area_sqm": 7745.3755364233712 }, "geometry": { "type": "MultiPolygon", "coordinates": [ [ [ [ 124912.277603756971075, 487459.381958322192077 ], [ 124880.507506375070079, 487453.545040838595014 ], [ 124861.997692528340849, 487450.153108872589655 ], [ 124827.875392380345147, 487443.885823553195223 ], [ 124888.529763509592158, 487425.656936503422912 ], [ 124901.846211602416588, 487421.659089203458279 ], [ 125055.326483090175316, 487376.096063088742085 ], [ 125070.109804224717664, 487371.377660367754288 ], [ 125083.621004670363618, 487373.621234676684253 ], [ 125092.19674804006354, 487375.049118095543236 ], [ 125138.497489280634909, 487382.757770226453431 ], [ 125022.532312099734554, 487416.985691574926022 ], [ 124956.425412252356182, 487436.803861287829932 ], [ 124912.771400161887868, 487449.898948998306878 ], [ 124912.277603756971075, 487459.381958322192077 ] ] ] ] } },
{ "type": "Feature", "properties": { "source_id": "parks_140", "name": "Siegerpark", "category": "park", "subtype": "park", "source": "osm", "acquired_at": "2026-08-12T17:41:01.510895+00:00", "area_sqm": 35814.409902189567 }, "geometry": { "type": "MultiPolygon", "coordinates": [ [ [ [ 116237.429187593661482, 483631.110857873049099 ], [ 116231.949375276919454, 483724.875395125651266 ], [ 116234.470738033618545, 483924.571654948813375 ], [ 116272.240163912036223, 483925.499337743734941 ], [ 116272.074443848221563, 483887.847333181125578 ], [ 116422.275301779969595, 483892.60260377812665 ], [ 116441.913739605020965, 483880.042820106144063 ], [ 116445.497285554782138, 483823.134351343847811 ], [ 116384.312663038363098, 483806.832980845996644 ], [ 116339.535307771497173, 483797.936809521808755 ], [ 116335.532795974140754, 483689.714934022806119 ], [ 116338.319504260201938, 483649.558551208931021 ], [ 116237.429187593661482, 483631.110857873049099 ] ] ] ] } },
{ "type": "Feature", "properties": { "source_id": "parks_141", "name": "Wethouder De Vriesplantsoen", "category": "park", "subtype": "park", "source": "osm", "acquired_at": "2026-08-12T17:41:01.510895+00:00", "area_sqm": 10696.269488860204 }, "geometry": { "type": "MultiPolygon", "coordinates": [ [ [ [ 128311.678180463582976, 478577.648301773821004 ], [ 128310.456681655035936, 478540.915102286613546 ], [ 128278.725429671816528, 478540.708090565865859 ], [ 128277.26920653648267, 478555.29170601273654 ], [ 128143.308455234538997, 478555.282782349328045 ], [ 128089.12751571284025, 478554.208651713212021 ], [ 128088.542634784724214, 478496.854576393088792 ], [ 128078.66402078786632, 478496.863817414501682 ], [ 128077.674266826885287, 478534.376732675824314 ], [ 127993.247663914633449, 478537.852193571452517 ], [ 127993.158101161767263, 478555.187817656085826 ], [ 127910.011355903145159, 478575.53666586719919 ], [ 127914.868295905092964, 478576.700610780157149 ], [ 128311.678180463582976, 478577.648301773821004 ] ] ] ] } },
{ "type": "Feature", "properties": { "source_id": "parks_142", "name": "Westermanplantsoen", "category": "park", "subtype": "park", "source": "osm", "acquired_at": "2026-08-12T17:41:01.510895+00:00", "area_sqm": 7629.7581856289453 }, "geometry": { "type": "MultiPolygon", "coordinates": [ [ [ [ 122659.973088562095654, 486458.262948428164236 ], [ 122709.684040024658316, 486545.939237526501529 ], [ 122775.743558786780341, 486506.864258203655481 ], [ 122739.078804081451381, 486441.2999636408058 ], [ 122728.244563299944275, 486421.921170032583177 ], [ 122659.973088562095654, 486458.262948428164236 ] ] ] ] } },
{ "type": "Feature", "properties": { "source_id": "parks_143", "name": "Jan van Zutphenplantsoen", "category": "park", "subtype": "park", "source": "osm", "acquired_at": "2026-08-12T17:41:01.510895+00:00", "area_sqm": 35932.563533845292 }, "geometry": { "type": "MultiPolygon", "coordinates": [ [ [ [ 115203.822691797438893, 484832.822510608995799 ], [ 115209.795420485897921, 484834.988636129011866 ], [ 115213.470873025187757, 484837.874271950917318 ], [ 115216.059141221485334, 484841.135856876091566 ], [ 115218.831799406179925, 484852.908040956186596 ], [ 115194.991510317136999, 484927.439018037577625 ], [ 115178.725664058423718, 484922.173608013719786 ], [ 115158.807239237619797, 484916.014185448293574 ], [ 115153.383506296842825, 484914.322149245999753 ], [ 115161.516026208759286, 484886.917719653167296 ], [ 115160.015343062172178, 484881.644545044924598 ], [ 115156.406721095641842, 484874.374407757655717 ], [ 115138.317190245114034, 484868.589752024039626 ], [ 115136.017442081982153, 484875.75179152097553 ], [ 115074.643899125541793, 484856.119032245245762 ], [ 115067.094732967743766, 484853.654263816191815 ], [ 115053.698212500254158, 484849.367482593981549 ], [ 115055.998034655436641, 484842.227657196926884 ], [ 115036.774184636407881, 484836.074231665348634 ], [ 115034.474387152207782, 484843.214065995067358 ], [ 114973.16134564569802, 484823.582071266835555 ], [ 114972.310605725680944, 484826.226044939248823 ], [ 114963.378389205725398, 484854.048972272488754 ], [ 114947.262753560949932, 484848.88324478501454 ], [ 114943.377653151546838, 484847.891081222274806 ], [ 114953.247359343702556, 484817.212024946871679 ], [ 114955.485461269126972, 484810.03927156602731 ], [ 114937.374832240937394, 484804.233265046379529 ], [ 114935.116313535778318, 484811.406192453810945 ], [ 114873.802380979323061, 484791.764304731041193 ], [ 114866.123558282997692, 484789.300895309192128 ], [ 114852.692526386148529, 484785.003809872199781 ], [ 114854.991909699703683, 484777.841638693120331 ], [ 114835.760647820614395, 484771.677924605901353 ], [ 114833.488543066370767, 484778.839883051696233 ], [ 114779.019290033174912, 484761.402261910203379 ], [ 114769.33079100199393, 484791.623993786924984 ], [ 114760.11062729000696, 484788.995274980377872 ], [ 114755.865210321877385, 484783.93374304054305 ], [ 114760.037916874949588, 484780.072081082616933 ], [ 114747.313225589561625, 484766.311647242226172 ], [ 114728.305707622173941, 484743.322629556409083 ], [ 114721.470028123803786, 484734.810652954620309 ], [ 114746.114187872619368, 484711.165302683773916 ], [ 114802.502795073523885, 484664.629447488696314 ], [ 114807.39910480711842, 484659.237551084661391 ], [ 114806.420431194652338, 484654.527705542801414 ], [ 114810.288304720626911, 484650.868853922584094 ], [ 114814.183613383240299, 484653.930436834518332 ], [ 114832.095735169219552, 484670.430573805526365 ], [ 114854.151356740330812, 484687.854004261316732 ], [ 114860.173313688879716, 484694.358805000141729 ], [ 114887.588078496628441, 484713.897447746479884 ], [ 114897.983523170129047, 484720.27775706484681 ], [ 114925.220385156062548, 484738.082253153552301 ], [ 114927.101682946959045, 484739.001647427445278 ], [ 114958.830005076772068, 484754.444358786044177 ], [ 114970.250277653787634, 484759.503534089832101 ], [ 114977.671122001047479, 484762.926110268512275 ], [ 114984.096971238875994, 484765.488860937359277 ], [ 114992.612961571925553, 484768.680047299945727 ], [ 114999.946517544944072, 484771.424622367660049 ], [ 115014.382995242573088, 484776.203550181468017 ], [ 115038.968382860155543, 484784.72804150020238 ], [ 115042.591119520206121, 484786.134098966256715 ], [ 115052.156151291797869, 484790.140290679060854 ], [ 115149.860003507637884, 484821.340756656951271 ], [ 115176.690279679591185, 484827.778210116550326 ], [ 115194.710887256980641, 484835.143583374039736 ], [ 115202.469525293068727, 484836.549802239926066 ], [ 115203.822691797438893, 484832.822510608995799 ] ] ] ] } },
{ "type": "Feature", "properties": { "source_id": "parks_144", "name": "Corfuplantsoen", "category": "park", "subtype": "park", "source": "osm", "acquired_at": "2026-08-12T17:41:01.510895+00:00", "area_sqm": 5379.6709296091631 }, "geometry": { "type": "MultiPolygon", "coordinates": [ [ [ [ 114449.540423414917313, 484240.441740135836881 ], [ 114433.471367575140903, 484215.538143806625158 ], [ 114281.118219323601807, 484315.075886096979957 ], [ 114292.619294802047079, 484331.382155709259678 ], [ 114296.439872549206484, 484328.613445600320119 ], [ 114302.172474222752498, 484337.901688094658311 ], [ 114344.792094806733076, 484309.121404487232212 ], [ 114396.780004637534148, 484275.090455140045378 ], [ 114398.271525220799958, 484274.154659773106687 ], [ 114449.540423414917313, 484240.441740135836881 ] ] ] ] } },
{ "type": "Feature", "properties": { "source_id": "parks_145", "name": null, "category": "park", "subtype": "park", "source": "osm", "acquired_at": "2026-08-12T17:41:01.510895+00:00", "area_sqm": 6701.1674848097255 }, "geometry": { "type": "MultiPolygon", "coordinates": [ [ [ [ 115158.807239237619797, 484916.014185448293574 ], [ 115178.725664058423718, 484922.173608013719786 ], [ 115194.991510317136999, 484927.439018037577625 ], [ 115182.592011120927054, 484969.020098865847103 ], [ 115141.635571932667517, 485095.67434045614209 ], [ 115138.206279116275255, 485094.567077260406222 ], [ 115125.069726239860756, 485090.322517034655903 ], [ 115122.270368566852994, 485089.599619993008673 ], [ 115118.212651633017231, 485088.297161210677586 ], [ 115114.225489264295902, 485087.294562504510395 ], [ 115104.026318883974454, 485083.994373921013903 ], [ 115157.253255170071498, 484930.313674508302938 ], [ 115149.377029104100075, 484927.829166570154484 ], [ 115150.635192837973591, 484924.158260278461967 ], [ 115158.807239237619797, 484916.014185448293574 ] ] ] ] } },
{ "type": "Feature", "properties": { "source_id": "parks_146", "name": "Lutkemeerpark", "category": "park", "subtype": "park", "source": "osm", "acquired_at": "2026-08-12T17:41:01.510895+00:00", "area_sqm": 314113.16963422409 }, "geometry": { "type": "MultiPolygon", "coordinates": [ [ [ [ 112282.71819020435214, 485929.212261064152699 ], [ 112285.651044941783766, 485932.769778130517807 ], [ 112279.680769484461052, 485938.763256086211186 ], [ 112276.045844355743611, 485948.541964203293901 ], [ 112275.755226463574218, 485954.319392339966726 ], [ 112280.742859581951052, 485974.11567157326499 ], [ 112300.123716250178404, 486014.261122061056085 ], [ 112182.432451438726275, 486100.357577638933435 ], [ 112181.750644906191155, 486106.572360486316029 ], [ 112430.826827928656712, 486445.917068123584613 ], [ 112533.855311248102225, 486586.29807905718917 ], [ 112429.072130829285015, 486659.470620797772426 ], [ 112210.543977406108752, 486825.372482055157889 ], [ 112202.168559308513068, 486827.993187727523036 ], [ 112191.137050863238983, 486820.433467181341257 ], [ 112135.473128065583296, 486553.400798228685744 ], [ 112147.200264266182785, 486473.106576662161388 ], [ 112124.98203863677918, 486354.84133205661783 ], [ 112108.022907312231837, 486337.853065840492491 ], [ 112084.329251640185248, 486218.510389325034339 ], [ 112091.758685209671967, 486190.016295200504828 ], [ 112084.826976069802186, 486149.607618578535039 ], [ 112076.218727194864186, 486126.360250949684996 ], [ 112065.071810788474977, 486104.948679863999132 ], [ 112061.997395092257648, 486087.472635894780979 ], [ 112049.236307125232997, 486007.391302831470966 ], [ 112047.823003032128327, 485970.228270235122181 ], [ 112047.926587804467999, 485856.854314382886514 ], [ 112050.820402086814283, 485811.26405943010468 ], [ 112059.204306646686746, 485766.34931102860719 ], [ 112071.898934513708809, 485713.385657832608558 ], [ 112098.689787267881911, 485642.429576105845626 ], [ 112157.430685542072752, 485546.772555485891644 ], [ 112194.332028295350028, 485503.06833892368013 ], [ 112219.016422639455413, 485483.526806313195266 ], [ 112224.78247804302373, 485490.865170843026135 ], [ 112277.405737682376639, 485557.761222736327909 ], [ 112373.849832229010644, 485692.788184420671314 ], [ 112376.180691358982585, 485696.050523376092315 ], [ 112369.474386486559524, 485701.271350727009121 ], [ 112368.772758561943192, 485703.647458616178483 ], [ 112369.323803554347251, 485705.9237339234096 ], [ 112379.842226568085607, 485720.086598025984131 ], [ 112389.365045503800502, 485732.566774114966393 ], [ 112393.899092216292047, 485738.513965752266813 ], [ 112411.850670537824044, 485763.027620427950751 ], [ 112427.740799288469134, 485784.721732095698826 ], [ 112444.320337457742426, 485807.377999945718329 ], [ 112445.122231337998528, 485809.518597439629957 ], [ 112442.270844593193033, 485816.987134716240689 ], [ 112323.769607696958701, 485907.148445729573723 ], [ 112308.48847611277597, 485918.073755686811637 ], [ 112303.221014884824399, 485912.388905214262195 ], [ 112282.71819020435214, 485929.212261064152699 ] ] ] ] } },
{ "type": "Feature", "properties": { "source_id": "parks_147", "name": null, "category": "park", "subtype": "park", "source": "osm", "acquired_at": "2026-08-12T17:41:01.510895+00:00", "area_sqm": 724.05609904078028 }, "geometry": { "type": "MultiPolygon", "coordinates": [ [ [ [ 121998.65640961821191, 484556.623305104847532 ], [ 122000.442899734684033, 484560.884042158548255 ], [ 122002.537193692085566, 484565.320751459221356 ], [ 122006.28359819445177, 484573.284732750034891 ], [ 122029.873951889778255, 484578.423531875945628 ], [ 122030.974426667162334, 484573.831962761818431 ], [ 122033.435974606341915, 484562.855678532330785 ], [ 122033.73150798639108, 484560.172158123808913 ], [ 122036.635499079042347, 484548.102500793640502 ], [ 122022.830764726299094, 484551.243386096204631 ], [ 121998.65640961821191, 484556.623305104847532 ] ] ] ] } },
{ "type": "Feature", "properties": { "source_id": "parks_148", "name": null, "category": "park", "subtype": "park", "source": "osm", "acquired_at": "2026-08-12T17:41:01.510895+00:00", "area_sqm": 1440.8505367926905 }, "geometry": { "type": "MultiPolygon", "coordinates": [ [ [ [ 113710.172098614450078, 484668.612078153062612 ], [ 113773.297147129604127, 484625.279375945799984 ], [ 113774.317684944588109, 484623.457166019419674 ], [ 113775.20411995863833, 484621.079728955228347 ], [ 113774.876514482064522, 484618.567776145588141 ], [ 113770.348689606616972, 484611.651239949511364 ], [ 113768.235272624675417, 484610.711967900337186 ], [ 113766.281695865880465, 484610.961944333219435 ], [ 113764.076166912578628, 484612.048545501078479 ], [ 113762.814676906607929, 484610.312149921082892 ], [ 113748.4677707136143, 484620.546354001795407 ], [ 113703.048729467875091, 484650.367826971109025 ], [ 113710.172098614450078, 484668.612078153062612 ] ] ] ] } },
{ "type": "Feature", "properties": { "source_id": "parks_149", "name": "Iseoplantsoen", "category": "park", "subtype": "park", "source": "osm", "acquired_at": "2026-08-12T17:41:01.510895+00:00", "area_sqm": 8485.6951932131633 }, "geometry": { "type": "MultiPolygon", "coordinates": [ [ [ [ 113579.850817898608511, 484717.126426223840099 ], [ 113584.289217293757247, 484723.108877668681089 ], [ 113590.743659272236982, 484729.797678997681942 ], [ 113593.876652346472838, 484732.875826219213195 ], [ 113596.266789819695987, 484734.313416008197237 ], [ 113599.014963958630688, 484735.380816203076392 ], [ 113601.74942614583415, 484734.81267230771482 ], [ 113605.75410472531803, 484732.954284221399575 ], [ 113621.588146002963185, 484724.621029819769319 ], [ 113633.051096771057928, 484718.327289302600548 ], [ 113636.50390364654595, 484716.473549328686204 ], [ 113651.296799905452644, 484707.481495751999319 ], [ 113710.172098614450078, 484668.612078153062612 ], [ 113703.048729467875091, 484650.367826971109025 ], [ 113699.932717878284166, 484651.762498344178312 ], [ 113696.825703258466092, 484651.78848301526159 ], [ 113693.887487726678955, 484649.999366784701124 ], [ 113690.56439545811736, 484646.188368862087373 ], [ 113684.651277051802026, 484638.226438611804042 ], [ 113680.399966618744656, 484632.609521992446389 ], [ 113672.652263739262708, 484624.4626710152952 ], [ 113669.162784082087455, 484621.943804584618192 ], [ 113666.964219489687821, 484621.416985040123109 ], [ 113663.496884048116044, 484622.358415185939521 ], [ 113657.556238657081849, 484625.768478878773749 ], [ 113630.761004157102434, 484640.16858754795976 ], [ 113608.783997346748947, 484654.628600411233492 ], [ 113591.688468968321104, 484666.944787930231541 ], [ 113574.068471849575872, 484680.901095787470695 ], [ 113569.539304317790084, 484686.035230224602856 ], [ 113568.096506424422842, 484687.87215319549432 ], [ 113568.127123616082827, 484691.521533450228162 ], [ 113569.253979147906648, 484695.884968011814635 ], [ 113573.916135807565297, 484706.605610598402563 ], [ 113579.850817898608511, 484717.126426223840099 ] ] ] ] } },
{ "type": "Feature", "properties": { "source_id": "parks_150", "name": "Seifertplein", "category": "park", "subtype": "park", "source": "osm", "acquired_at": "2026-08-12T17:41:01.510895+00:00", "area_sqm": 2348.7740020131014 }, "geometry": { "type": "MultiPolygon", "coordinates": [ [ [ [ 113439.918544769461732, 485326.779461849131621 ], [ 113487.021401302452432, 485295.572674468159676 ], [ 113510.061491577944253, 485330.173012424376793 ], [ 113462.958826171117835, 485361.379582338035107 ], [ 113439.918544769461732, 485326.779461849131621 ] ] ] ] } },
{ "type": "Feature", "properties": { "source_id": "parks_151", "name": "Joop Woortmanplein", "category": "park", "subtype": "park", "source": "osm", "acquired_at": "2026-08-12T17:41:01.510895+00:00", "area_sqm": 3261.0208673969819 }, "geometry": { "type": "MultiPolygon", "coordinates": [ [ [ [ 113942.876271579909371, 485041.093370458518621 ], [ 113921.40927822283993, 485008.636588851106353 ], [ 113851.415520667374949, 485054.717419483466074 ], [ 113872.889595928776544, 485087.173843284021132 ], [ 113942.876271579909371, 485041.093370458518621 ] ] ] ] } },
{ "type": "Feature", "properties": { "source_id": "parks_152", "name": "Picknickheuvel en evenemententerrein", "category": "park", "subtype": "park", "source": "osm", "acquired_at": "2026-08-12T17:41:01.510895+00:00", "area_sqm": 115823.67029160286 }, "geometry": { "type": "MultiPolygon", "coordinates": [ [ [ [ 113414.079293565941043, 487979.659386095940135 ], [ 113500.636913113703486, 487979.876416759856511 ], [ 113592.310715354557033, 487981.175855918903835 ], [ 113687.586445481312694, 487980.822295723715797 ], [ 113691.442566601734143, 487983.493873468600214 ], [ 113693.466319807979744, 487985.279506127699278 ], [ 113695.955722901970148, 487984.935983344621491 ], [ 113697.894950150483055, 487980.691487882635556 ], [ 113720.878339544680784, 487980.031820925825741 ], [ 113727.536458756687352, 487979.842599495372269 ], [ 113732.079387904537725, 487979.960379633994307 ], [ 113736.974356280086795, 487979.018154409830458 ], [ 113752.456783112691483, 487979.545196502644103 ], [ 113770.506654771685135, 487980.918739417917095 ], [ 113771.705326897776104, 487984.202316890878137 ], [ 113772.385934321398963, 487991.495945076574571 ], [ 113771.378153456666041, 488064.842459518928081 ], [ 113771.457501262324513, 488072.708590020833071 ], [ 113771.187021758174524, 488113.680489619786385 ], [ 113771.597793402936077, 488148.170781017921399 ], [ 113775.18067250776221, 488156.463845461723395 ], [ 113777.609893516040756, 488247.540371726383455 ], [ 113779.525310969896964, 488319.5050004615332 ], [ 113690.084716988552827, 488321.488173897436354 ], [ 113667.213820303746616, 488321.568454819440376 ], [ 113483.989633461387712, 488320.803551209857687 ], [ 113457.626276980969124, 488320.146429062006064 ], [ 113439.198360600174055, 488319.834294039406814 ], [ 113438.954096198576735, 488308.620315938489512 ], [ 113438.490476514620241, 488304.507224240107462 ], [ 113435.436842084120144, 488191.782872264739126 ], [ 113436.036336732300697, 488127.152110263705254 ], [ 113435.511997431414784, 488116.641497515840456 ], [ 113439.157060501544038, 488037.664622974290978 ], [ 113413.149343483353732, 488037.371918197255582 ], [ 113413.360033290897263, 488030.860838952590711 ], [ 113419.359013351393514, 488030.843661489430815 ], [ 113436.498211078956956, 488030.821652262471616 ], [ 113436.062208117044065, 488011.39755928341765 ], [ 113418.875561238164664, 488011.453350203344598 ], [ 113413.17084469817928, 488011.646080023609102 ], [ 113414.079293565941043, 487979.659386095940135 ] ] ] ] } },
{ "type": "Feature", "properties": { "source_id": "parks_153", "name": "Gaasperpark", "category": "park", "subtype": "park", "source": "osm", "acquired_at": "2026-08-12T17:41:01.510895+00:00", "area_sqm": 553718.1105982844 }, "geometry": { "type": "MultiPolygon", "coordinates": [ [ [ [ 127791.068338800774654, 480500.059497813519556 ], [ 127791.737649232047261, 480501.48001597460825 ], [ 127796.860545222982182, 480507.938620406726841 ], [ 127796.890087314182892, 480508.350141040398739 ], [ 127797.131517551053548, 480508.849508520390373 ], [ 127798.13417518849019, 480510.123548181960359 ], [ 127799.57785809278721, 480512.22965479909908 ], [ 127800.975151172140613, 480514.580801605305169 ], [ 127802.127499169961084, 480517.033435295103118 ], [ 127802.653415453780326, 480518.421363977424335 ], [ 127803.042027668445371, 480519.64314936590381 ], [ 127803.750324298147461, 480521.953580488567241 ], [ 127804.220889787844499, 480523.197168352082372 ], [ 127804.676776156906271, 480524.251685269002337 ], [ 127805.620931311190361, 480526.04899711033795 ], [ 127806.480562023803941, 480527.3572048174683 ], [ 127807.372942506437539, 480528.420447972370312 ], [ 127809.472000815760111, 480530.656472120375838 ], [ 127812.266622938055662, 480532.888672493922058 ], [ 127817.513978842223878, 480537.188058897736482 ], [ 127876.308385250202264, 480585.110000529384706 ], [ 127888.076786507372162, 480594.71444792416878 ], [ 127895.37154575495515, 480600.57153703662334 ], [ 127902.348947299280553, 480605.762781770608854 ], [ 127905.806163724351791, 480608.213934899773449 ], [ 127909.097766006671009, 480610.309947536501568 ], [ 127917.746381424876745, 480615.592196584853809 ], [ 127926.167204818702885, 480620.375012242584489 ], [ 127928.759643126715673, 480621.818398578325287 ], [ 127934.389221309989807, 480624.969778714817949 ], [ 127940.711057095497381, 480628.762717825651634 ], [ 127942.909742474992527, 480630.530937046161853 ], [ 127944.945375875991886, 480632.411315153236501 ], [ 127946.564858081983402, 480634.260591356665827 ], [ 127947.895926800643792, 480635.744269186456222 ], [ 127949.205806879428565, 480637.094544435269199 ], [ 127950.679527866275748, 480638.47730341181159 ], [ 127951.83689023842453, 480639.372224277991336 ], [ 127953.15724165456777, 480640.143861535878386 ], [ 127954.258467837586068, 480640.749799172161147 ], [ 127956.631214845911018, 480641.927364030911122 ], [ 127960.948013731394894, 480644.451740087708458 ], [ 127964.567676810213015, 480646.69064085627906 ], [ 127966.579857183984132, 480648.025954036333133 ], [ 127969.536601651256206, 480650.001445255998988 ], [ 127974.150561467045918, 480653.24743541755015 ], [ 127979.497868035730789, 480657.168143016519025 ], [ 127984.093059549602913, 480660.72578899061773 ], [ 127987.942532245710026, 480663.842450299183838 ], [ 127991.560029604443116, 480666.938128598558251 ], [ 127995.007106157179805, 480670.045866907108575 ], [ 127998.701548769517103, 480673.497180449601728 ], [ 128002.685364126955392, 480677.492118707741611 ], [ 128006.389044655792532, 480681.388450405327603 ], [ 128010.23792390532617, 480685.651169136690442 ], [ 128013.587183729527169, 480689.582820617419202 ], [ 128017.988192618373432, 480695.055328183574602 ], [ 128022.4599926500523, 480701.005895997397602 ], [ 128026.933056633162778, 480707.190118963830173 ], [ 128030.271867264673347, 480711.711547033628449 ], [ 128036.410222277700086, 480720.65721162763657 ], [ 128040.050422783271642, 480726.679089940618724 ], [ 128043.61694008061022, 480732.946157244208734 ], [ 128047.065316301275743, 480740.059490670915693 ], [ 128047.418629834384774, 480739.82390662189573 ], [ 128049.598840596503578, 480744.474056028644554 ], [ 128050.217097183063743, 480745.305178981390782 ], [ 128050.327049874031218, 480745.460351675283164 ], [ 128052.862354365293868, 480748.951403475366533 ], [ 128053.738848687469726, 480748.36804470536299 ], [ 128065.222001089845435, 480740.795038266922347 ], [ 128072.069419941253727, 480735.962187827040907 ], [ 128082.042021345056128, 480728.987156461807899 ], [ 128087.496905975771369, 480725.141047539538704 ], [ 128094.602158731344389, 480720.062040757969953 ], [ 128101.701333420642186, 480715.116596262494568 ], [ 128112.916576593896025, 480707.155729659541976 ], [ 128117.640800354900421, 480704.370652088546194 ], [ 128127.188298257693532, 480699.456439949513879 ], [ 128158.538126942308736, 480683.453041319327895 ], [ 128175.994010349968448, 480674.39029407867929 ], [ 128178.237484968849458, 480673.120821015385445 ], [ 128181.253749150579097, 480671.001537975331303 ], [ 128183.154582874471089, 480669.422381774580572 ], [ 128184.559253887739033, 480668.146334566059522 ], [ 128188.095275147541543, 480673.846214864577632 ], [ 128188.427900192400557, 480674.823549213004299 ], [ 128188.655101667740382, 480675.222873666789383 ], [ 128191.398414426279487, 480679.358208722667769 ], [ 128194.67807321685541, 480684.314003632054664 ], [ 128215.143724767520325, 480709.682936275494285 ], [ 128229.040860399982193, 480727.232156366982963 ], [ 128238.128178114187904, 480738.075872630637605 ], [ 128243.549152394843986, 480743.064616302843206 ], [ 128257.468524350595544, 480749.631871564430185 ], [ 128275.19835926356609, 480754.676481117494404 ], [ 128279.739549155652639, 480754.607430783158634 ], [ 128280.686568020202685, 480753.189238618244417 ], [ 128281.673864687822061, 480750.391134425182827 ], [ 128285.005034236397478, 480740.926677242561709 ], [ 128292.184700284022256, 480724.342681769805495 ], [ 128298.840583811834222, 480711.778217174869496 ], [ 128309.692710560804699, 480695.864264562900644 ], [ 128313.434817485074745, 480690.503313128603622 ], [ 128322.466203817719361, 480679.628425622591749 ], [ 128333.697270191682037, 480665.670758779568132 ], [ 128350.269987388775917, 480648.301848395785782 ], [ 128364.132023662037682, 480635.342590115498751 ], [ 128380.940155690957909, 480618.595604397240095 ], [ 128376.327251248498214, 480612.968145767634269 ], [ 128379.845539689966245, 480607.808729669603053 ], [ 128370.50409556136583, 480599.14693114394322 ], [ 128367.211296900481102, 480601.857295001507737 ], [ 128351.455954926044797, 480588.723825410997961 ], [ 128350.664492151001468, 480578.525031292985659 ], [ 128339.272076784342062, 480565.13442952366313 ], [ 128390.109887348560733, 480520.599105337751098 ], [ 128434.783008147700457, 480481.004243617877364 ], [ 128475.73741246231657, 480519.716221173468512 ], [ 128512.491446811589412, 480483.513647653104272 ], [ 128473.025677525671199, 480441.355274496716447 ], [ 128516.780423195144976, 480403.201421888079494 ], [ 128527.307054811477428, 480393.743112296098843 ], [ 128568.513055700808764, 480357.049824761110358 ], [ 128581.410328846701304, 480345.787585697311442 ], [ 128590.023366446665023, 480338.075379163201433 ], [ 128625.437161638372345, 480335.316128855047282 ], [ 128635.94589854447986, 480335.226709197275341 ], [ 128640.355653969716514, 480337.294992337410804 ], [ 128647.138840681684087, 480341.954243843676522 ], [ 128650.989677386780386, 480346.64025565556949 ], [ 128656.635543038806645, 480342.637994010234252 ], [ 128665.644122924961266, 480333.622005989484023 ], [ 128674.85244990348292, 480326.251701430534013 ], [ 128685.439303827777621, 480319.05210300150793 ], [ 128691.916824800820905, 480318.817358459811658 ], [ 128693.321269387990469, 480309.763998112000991 ], [ 128692.464565363232396, 480296.149653882253915 ], [ 128691.221459750100621, 480281.691747811390087 ], [ 128696.257752715770039, 480266.922272270312533 ], [ 128719.929261097800918, 480227.119126261386555 ], [ 128739.936907112569315, 480185.666571563924663 ], [ 128716.846180678665405, 480178.267697755771223 ], [ 128696.06640291736403, 480175.819080271583516 ], [ 128668.080771270833793, 480175.189163585950155 ], [ 128649.125514818675583, 480168.302660411223769 ], [ 128637.612365731940372, 480160.430792796134483 ], [ 128624.724800148615032, 480157.005776601377875 ], [ 128611.121748437319184, 480156.25498452282045 ], [ 128527.325654926520656, 480099.122953282436356 ], [ 128504.054928497003857, 480100.271225749864243 ], [ 128443.021139189819223, 480145.794684735999908 ], [ 128407.650671536233858, 480178.407548050687183 ], [ 128396.122937623877078, 480194.514047225355171 ], [ 128378.853027218370698, 480194.173053156468086 ], [ 128363.581325002625817, 480202.689221481326967 ], [ 128342.942550472958828, 480193.520887724065688 ], [ 128334.530453208761173, 480185.354842877481133 ], [ 128330.877879834501073, 480174.515020632301457 ], [ 128323.647660569447908, 480170.526205787318759 ], [ 128310.148528100398835, 480165.024641343567055 ], [ 128295.378241244034143, 480161.566138042428065 ], [ 128271.395832006499404, 480149.590013693028595 ], [ 128246.153446009309846, 480137.954618452931754 ], [ 128215.092226466877037, 480112.242390476632863 ], [ 128186.069316206034273, 480131.704256024211645 ], [ 128183.370737132208887, 480118.266880357405171 ], [ 128185.184557954315096, 480094.31269170914311 ], [ 128161.726629033262725, 480062.217436379753053 ], [ 128155.031458862387808, 480047.544467913394328 ], [ 128155.073847477033269, 480037.763993995380588 ], [ 128161.002955378906336, 480028.151845816173591 ], [ 128171.14097551908344, 480012.408389484917279 ], [ 128179.03702167616575, 480003.286288171657361 ], [ 128174.465507872359012, 479992.863248232344631 ], [ 128154.367841456638416, 479981.834626505442429 ], [ 128148.234311122301733, 479976.415914093260653 ], [ 128168.788925052824197, 479961.038715104805306 ], [ 128164.246693495078944, 479924.601640363282058 ], [ 128104.734027932034223, 479888.485474425950088 ], [ 128085.531038832064951, 479887.811087824811693 ], [ 128074.047735435393406, 479895.728945667331573 ], [ 128066.828814992302796, 479915.217475588433444 ], [ 128070.339391788438661, 479933.657314475858584 ], [ 128064.562428164557787, 479937.382793079596013 ], [ 128058.761290324968286, 479934.165438823634759 ], [ 128053.438819412986049, 479903.640913656039629 ], [ 128037.887380190120894, 479883.430837428895757 ], [ 128016.785864754667273, 479882.310879973287228 ], [ 127999.42367606627522, 479895.256816042237915 ], [ 127994.978439795144368, 479906.797074614150915 ], [ 127937.657768775417935, 479900.100686638557818 ], [ 127917.00857813328912, 479904.352807810471859 ], [ 127908.937710446189158, 479911.384493046905845 ], [ 127892.02992952283239, 479910.108578011451755 ], [ 127862.547872232215013, 479886.904498752963264 ], [ 127841.680045218148734, 479886.117802977212705 ], [ 127820.411615227436414, 479891.864687406341545 ], [ 127796.676458614500007, 479890.570993034401909 ], [ 127765.434277350985212, 479892.156021798378788 ], [ 127723.303135798138101, 479896.783214201685041 ], [ 127710.692138134720153, 479923.9459659664426 ], [ 127691.449095464151469, 479957.999333763844334 ], [ 127657.302493135954137, 480018.894549264514353 ], [ 127645.760546217905357, 480023.431259311328176 ], [ 127638.792001935420558, 480074.273709351662546 ], [ 127681.104242815883481, 480080.493184711085632 ], [ 127679.942055062929285, 480088.633124767045956 ], [ 127665.918326075581717, 480119.186286420735996 ], [ 127711.687054285415797, 480145.025305392511655 ], [ 127626.524305901286425, 480301.267966130923014 ], [ 127607.970646838104585, 480325.203826140495948 ], [ 127595.74562475203129, 480342.940559094364289 ], [ 127584.417254574742401, 480361.250933742790949 ], [ 127595.59498711724882, 480367.442106028902344 ], [ 127599.430899892235175, 480369.256732694571838 ], [ 127633.09164062399941, 480388.730972760531586 ], [ 127650.986946657343651, 480398.679256168892607 ], [ 127654.38729257020168, 480400.663232991355471 ], [ 127658.410236096402514, 480403.010946322232485 ], [ 127659.833295899428776, 480403.837570612959098 ], [ 127683.936279622241273, 480417.835104886093177 ], [ 127689.752460457239067, 480421.363480613101274 ], [ 127691.922393459695741, 480425.301429191196803 ], [ 127696.896024259418482, 480434.330993165960535 ], [ 127698.067118907318218, 480436.460828641953412 ], [ 127699.252097085030982, 480438.635094029537868 ], [ 127698.97434456308838, 480438.970424760598689 ], [ 127700.298474809736945, 480440.409568331029732 ], [ 127702.475149179444998, 480444.336357758555096 ], [ 127703.227369385655038, 480445.945558043487836 ], [ 127704.134960978961317, 480447.286863007349893 ], [ 127704.944255392940249, 480448.116888426942751 ], [ 127705.957946917536901, 480448.912405995593872 ], [ 127710.007244507942232, 480451.104243573907297 ], [ 127712.526847946137423, 480452.915096016193274 ], [ 127747.467568362975726, 480472.193895243806764 ], [ 127767.140456227614777, 480483.05630529060727 ], [ 127772.885673009383027, 480486.106726526864804 ], [ 127781.07434722626931, 480489.533133025397547 ], [ 127781.58751199953258, 480489.841852186364122 ], [ 127784.394277313534985, 480491.795805753790773 ], [ 127786.676258506020531, 480493.808281987847295 ], [ 127788.588341171067441, 480495.522377484361641 ], [ 127787.99640084526618, 480499.486694751249161 ], [ 127788.530389495368581, 480499.86205945617985 ], [ 127789.445892425850616, 480500.168565243831836 ], [ 127790.346287155742175, 480500.208116615423933 ], [ 127791.068338800774654, 480500.059497813519556 ] ] ] ] } },
{ "type": "Feature", "properties": { "source_id": "parks_154", "name": "Karspelplantsoen", "category": "park", "subtype": "park", "source": "osm", "acquired_at": "2026-08-12T17:41:01.510895+00:00", "area_sqm": 15057.452781633332 }, "geometry": { "type": "MultiPolygon", "coordinates": [ [ [ [ 127657.103950156000792, 480851.196673140861094 ], [ 127658.132866603147704, 480852.292514410277363 ], [ 127632.229332674571197, 480898.232845255348366 ], [ 127604.903671045816736, 480884.331309064757079 ], [ 127574.033819873264292, 480939.601297784713097 ], [ 127589.815880533569725, 480947.536041045153979 ], [ 127562.910947171112639, 480997.131823088391684 ], [ 127573.553142883320106, 481002.914230763271917 ], [ 127542.042692485178122, 481059.278398004709743 ], [ 127534.014135106903268, 481061.214515040745027 ], [ 127530.523368249487248, 481060.065618086082395 ], [ 127484.304861974567757, 481036.611882154480554 ], [ 127485.2843911323871, 481034.959695597121026 ], [ 127520.808245309468475, 480969.571448744740337 ], [ 127477.785646031305077, 480945.888603686995339 ], [ 127502.468656582001131, 480901.489704218343832 ], [ 127535.512952753764694, 480919.820665063394699 ], [ 127563.529103350301739, 480868.916764754685573 ], [ 127582.796672996919369, 480879.446892024599947 ], [ 127587.672217955521774, 480870.830135375843383 ], [ 127594.810004999599187, 480858.217527154833078 ], [ 127611.435662008807412, 480828.829109271988273 ], [ 127657.103950156000792, 480851.196673140861094 ] ] ] ] } },
{ "type": "Feature", "properties": { "source_id": "parks_155", "name": "Park de Schinkeleilanden", "category": "park", "subtype": "park", "source": "osm", "acquired_at": "2026-08-12T17:41:01.510895+00:00", "area_sqm": 127888.21345209492 }, "geometry": { "type": "MultiPolygon", "coordinates": [ [ [ [ 118333.754647469089832, 483545.296655141864903 ], [ 118304.137727431108942, 483742.082835158216767 ], [ 118375.25475200494111, 483767.814327532309107 ], [ 118360.864601428445894, 483837.207713579759002 ], [ 118358.81678573534009, 483883.621724218246527 ], [ 118344.681147608222091, 484033.148636538593564 ], [ 118376.625711106593371, 484150.333010794071015 ], [ 118395.338450018927688, 484209.133068729832303 ], [ 118429.949100999365328, 484340.651646704471204 ], [ 118445.028551892290125, 484390.254666294087656 ], [ 118454.32919009210309, 484392.889656361134257 ], [ 118469.826807776233181, 484398.661096882133279 ], [ 118487.43433715889114, 484393.034246696159244 ], [ 118481.553326142078731, 484378.25679808476707 ], [ 118496.055119718977949, 484376.525078478036448 ], [ 118483.458734841929981, 484353.018202268343884 ], [ 118474.899094365988276, 484333.565047931682784 ], [ 118458.569927925913362, 484271.609290087944828 ], [ 118475.145600302887033, 484240.654264408338349 ], [ 118505.183281970326789, 484083.744371638866141 ], [ 118486.1396425969142, 484044.596322440891527 ], [ 118539.508266726770671, 483827.863463895861059 ], [ 118562.68400227589882, 483701.870496771007311 ], [ 118577.409818712854758, 483567.561487312661484 ], [ 118334.541992655984359, 483541.185018564807251 ], [ 118333.754647469089832, 483545.296655141864903 ] ] ] ] } },
{ "type": "Feature", "properties": { "source_id": "parks_156", "name": "Park Frankendael", "category": "park", "subtype": "park", "source": "osm", "acquired_at": "2026-08-12T17:41:01.510895+00:00", "area_sqm": 195232.81007179437 }, "geometry": { "type": "MultiPolygon", "coordinates": [ [ [ [ 124114.987964408035623, 484836.703405517851934 ], [ 124118.92984689505829, 484840.550854463304859 ], [ 124125.099828348000301, 484846.587467351055238 ], [ 124129.084105125730275, 484850.679447162605356 ], [ 124129.468015820981236, 484851.055355898744892 ], [ 124132.312860336096492, 484853.80812759406399 ], [ 124132.717349578335416, 484854.206161401874851 ], [ 124135.562190476441174, 484856.958934977592435 ], [ 124135.932404032879276, 484857.323803094273899 ], [ 124138.791146080402541, 484860.120998527680058 ], [ 124139.18875145088532, 484860.507949158316478 ], [ 124142.04735078055819, 484863.282893908617552 ], [ 124142.410611043218523, 484863.625552515964955 ], [ 124145.221513662239886, 484866.400797111447901 ], [ 124145.626000838223263, 484866.798831980093382 ], [ 124148.450178917890298, 484869.518361860420555 ], [ 124159.597454386006575, 484880.475317649543285 ], [ 124154.715029652797966, 484885.301426248974167 ], [ 124145.413371649425244, 484894.928510971076321 ], [ 124118.159067422820954, 484923.227214663289487 ], [ 124118.097475266738911, 484924.273511711275205 ], [ 124117.750493258994538, 484925.443987325415947 ], [ 124117.320848307019332, 484926.47033250000095 ], [ 124116.727755919971969, 484927.508826555800624 ], [ 124116.078905628470238, 484928.347388372989371 ], [ 124115.266886328201508, 484929.242604314582422 ], [ 124114.100789010641165, 484930.173414965858683 ], [ 124112.892490710291895, 484930.893082108581439 ], [ 124111.24710341032187, 484931.448582523269579 ], [ 124109.987912059499649, 484931.656739458325319 ], [ 124086.451950353774009, 484956.33843506698031 ], [ 124082.557081580540398, 484959.99012917582877 ], [ 124080.113548745590379, 484962.564573945710436 ], [ 124076.844525239779614, 484966.056580178381409 ], [ 124071.662541808051174, 484969.805356498982292 ], [ 124052.036402945755981, 484981.210806970892008 ], [ 123993.173717246463639, 485041.719988730095793 ], [ 123923.921427203022176, 485112.921286683878861 ], [ 123913.90317110279284, 485123.298819109972101 ], [ 123911.039856709510786, 485126.26542775525013 ], [ 123909.066591275666724, 485124.508700742328074 ], [ 123908.332072072254959, 485123.634313571732491 ], [ 123908.096228768874425, 485122.968194650660735 ], [ 123908.180243705908651, 485122.244428221310955 ], [ 123908.646694486844353, 485121.6629014700884 ], [ 123910.366746538231382, 485119.994189579156227 ], [ 123910.433335021152743, 485119.748982298071496 ], [ 123910.424700851683156, 485119.459741678030696 ], [ 123910.3273582055117, 485119.14880607026862 ], [ 123910.113775062578497, 485118.77184189343825 ], [ 123885.752905431188992, 485095.492376274894923 ], [ 123870.323874819048797, 485080.83556794928154 ], [ 123868.480655256658792, 485079.178177847759798 ], [ 123867.496846569614718, 485078.750437450362369 ], [ 123866.631594509613933, 485078.75589228636818 ], [ 123865.89712239104847, 485078.971930632600561 ], [ 123865.246160126975155, 485079.465610835934058 ], [ 123859.173411310155643, 485085.612476335780229 ], [ 123853.168526868510526, 485091.714414549001958 ], [ 123846.970853723149048, 485098.574194135842845 ], [ 123848.704995580133982, 485100.221137601532973 ], [ 123838.593735347225447, 485110.955465767649002 ], [ 123839.841136604707572, 485112.127028138493188 ], [ 123834.826154883077834, 485117.454998843371868 ], [ 123835.35391213974799, 485117.952371144318022 ], [ 123832.889234853239032, 485120.382426623022184 ], [ 123828.423453526134836, 485114.491192471468821 ], [ 123811.321450390314567, 485090.632193971599918 ], [ 123800.028940158139449, 485075.070468828547746 ], [ 123769.246563862834591, 485033.061353013967164 ], [ 123762.842590258267592, 485024.534273530414794 ], [ 123754.830618535197573, 485014.926956161332782 ], [ 123748.756599781001569, 485007.944422814529389 ], [ 123741.787510439971811, 485000.56699991831556 ], [ 123736.178317224257626, 484994.905620761914179 ], [ 123726.805802685325034, 484985.651890587585513 ], [ 123652.894743468554225, 484913.863498656486627 ], [ 123628.5085986975173, 484890.173764233943075 ], [ 123604.225198165790061, 484866.605890228238422 ], [ 123601.392417326525901, 484863.653062574798241 ], [ 123570.377203144234954, 484833.708034241746645 ], [ 123571.86651014428935, 484832.185321133409161 ], [ 123568.904803124896716, 484829.322346275963355 ], [ 123567.40889524652448, 484830.878482473141048 ], [ 123538.681630657185451, 484802.910775115422439 ], [ 123539.338418598665157, 484802.26124079892179 ], [ 123537.294064429341233, 484800.082298364548478 ], [ 123536.650619713342167, 484800.687241021485534 ], [ 123529.042171634573606, 484792.513064857514109 ], [ 123528.531953100755345, 484791.57054406858515 ], [ 123528.138342216174351, 484790.749674282385968 ], [ 123527.995692852142383, 484789.749177578487433 ], [ 123528.038352635281626, 484788.958907861844636 ], [ 123528.488115416577784, 484787.899002367688809 ], [ 123546.707158317207359, 484768.522567022417206 ], [ 123546.926463782932842, 484768.721451470919419 ], [ 123554.557884808629751, 484761.240200147905853 ], [ 123558.593624566899962, 484757.275643660861533 ], [ 123558.387875146552688, 484757.065545666497201 ], [ 123560.703485508580343, 484754.758698082529008 ], [ 123582.349031976045808, 484743.78351959947031 ], [ 123710.249239407887217, 484617.851524874684401 ], [ 123713.174620117933955, 484614.973424542578869 ], [ 123739.123605949629564, 484589.384551318595186 ], [ 123742.874586822887068, 484585.5999789807247 ], [ 123748.92878304986516, 484579.675631651713047 ], [ 123761.839297102473211, 484557.818963785714004 ], [ 123762.331843676511198, 484557.048104779503774 ], [ 123763.532373081703554, 484555.093335718673188 ], [ 123766.722361860869569, 484552.024440242676064 ], [ 123776.893219023419078, 484541.934956844896078 ], [ 123791.56771146383835, 484527.455361290485598 ], [ 123800.972888382064411, 484526.66157816525083 ], [ 123801.545385662844637, 484526.680215284577571 ], [ 123802.161787592616747, 484527.177024113480002 ], [ 123904.323385899682762, 484618.962427309597842 ], [ 123904.98127829915029, 484619.559128134220373 ], [ 123925.40902200806886, 484637.912041350093205 ], [ 123924.035308818085468, 484639.422791861696169 ], [ 123929.263914807321271, 484644.129878676729277 ], [ 123930.637558262387756, 484642.608003325352911 ], [ 123963.900789291452384, 484672.630162993271369 ], [ 123965.805867906281492, 484674.353960093867499 ], [ 124050.360260437606485, 484750.709003466763534 ], [ 124068.174767958524171, 484766.486354168329854 ], [ 124076.790464679259458, 484774.61054009856889 ], [ 124077.820656553201843, 484778.086753201903775 ], [ 124081.891372772777686, 484781.822098932636436 ], [ 124084.604157694251626, 484781.97201756387949 ], [ 124085.197133945694077, 484782.00168586318614 ], [ 124100.960785924820811, 484796.734953660925385 ], [ 124110.261263863329077, 484805.422376017202623 ], [ 124118.167174939386314, 484810.112916610145476 ], [ 124120.444586804223945, 484811.467262987862341 ], [ 124124.205994916963391, 484813.691343403828796 ], [ 124130.705269918733393, 484820.081959600676782 ], [ 124129.947180430986919, 484820.887821937270928 ], [ 124123.361044994002441, 484827.849813970504329 ], [ 124114.987964408035623, 484836.703405517851934 ] ] ] ] } },
{ "type": "Feature", "properties": { "source_id": "parks_157", "name": null, "category": "park", "subtype": "park", "source": "osm", "acquired_at": "2026-08-12T17:41:01.510895+00:00", "area_sqm": 9238.9263913964915 }, "geometry": { "type": "MultiPolygon", "coordinates": [ [ [ [ 120803.038639545236947, 485870.430455074645579 ], [ 120799.02321950631449, 485866.063181309902575 ], [ 120796.430167170648929, 485864.44550438184524 ], [ 120793.733441137417685, 485863.596296639647335 ], [ 120791.016096381936222, 485863.704138462140691 ], [ 120787.404356777697103, 485864.508041432010941 ], [ 120784.438645811751485, 485866.130853494163603 ], [ 120781.245496295334306, 485862.458884351421148 ], [ 120780.508907615701901, 485861.351309058547486 ], [ 120747.682801350325462, 485822.390326678112615 ], [ 120744.516072520898888, 485818.606929740752093 ], [ 120750.06445513406652, 485814.151095428562257 ], [ 120783.25459117803257, 485806.354737585585099 ], [ 120808.325297985473298, 485800.639904569485225 ], [ 120862.403897021373268, 485788.148605345166288 ], [ 120868.008324285052367, 485786.852529368712567 ], [ 120874.772892803594004, 485795.707211224013008 ], [ 120877.867749886921956, 485840.359933066240046 ], [ 120879.655148834062857, 485866.362045979592949 ], [ 120880.070033409472671, 485870.209052744787186 ], [ 120880.483994693146087, 485873.922544305562042 ], [ 120881.609808720211731, 485879.110981466423254 ], [ 120882.726240352130844, 485882.942013691412285 ], [ 120884.227904031868093, 485887.315597586159129 ], [ 120887.019072237657383, 485893.950139957130887 ], [ 120890.420612050278578, 485900.191028807486873 ], [ 120892.832288276142208, 485904.157763393362984 ], [ 120894.813582989401766, 485907.949443313060328 ], [ 120895.575368344594608, 485910.737008805212099 ], [ 120896.134180350287352, 485913.726258962356951 ], [ 120896.132497774233343, 485916.441210775636137 ], [ 120895.758824661330436, 485918.557884779234882 ], [ 120895.105558411887614, 485920.631982995022554 ], [ 120893.994082811899716, 485923.432488931110129 ], [ 120892.730288201812073, 485925.877989677537698 ], [ 120891.453917961160187, 485927.489067321585026 ], [ 120888.840304782774183, 485929.78811944037443 ], [ 120886.804547171166632, 485931.916278122924268 ], [ 120872.791146138479235, 485943.62950925558107 ], [ 120866.90536440370488, 485948.543738642940298 ], [ 120856.490932285407325, 485935.931193223397713 ], [ 120857.461141079402296, 485934.37785768363392 ], [ 120858.016366981319152, 485932.905279743135907 ], [ 120858.291846137115499, 485931.367875582771376 ], [ 120858.252211068349425, 485929.576734049944207 ], [ 120857.907658768730471, 485928.021364054409787 ], [ 120857.450305684658815, 485926.900719556841068 ], [ 120856.416986829673988, 485925.238844849052839 ], [ 120852.293247006789898, 485919.971006039064378 ], [ 120847.714293175231433, 485923.741285302967299 ], [ 120844.767916956916451, 485920.278977687761653 ], [ 120866.2174460348906, 485902.249859691830352 ], [ 120866.503391149657546, 485902.225629149528686 ], [ 120867.47883173963055, 485903.398326659575105 ], [ 120881.62045492924517, 485891.495040454319678 ], [ 120873.694849937150138, 485882.192175128904637 ], [ 120873.692542741933721, 485881.858386961219367 ], [ 120874.579903917212505, 485881.12901121575851 ], [ 120869.565521944692591, 485875.132945360266604 ], [ 120864.831531322153751, 485879.149069400562439 ], [ 120864.567405298133963, 485879.373431639513001 ], [ 120864.19251937646186, 485879.342643203330226 ], [ 120839.491648646609974, 485849.849428764136974 ], [ 120839.530518806699547, 485849.559862915717531 ], [ 120844.543115373322507, 485845.441646260209382 ], [ 120839.069641858513933, 485839.070475808519404 ], [ 120824.169573502338608, 485851.635613806603942 ], [ 120828.153387197307893, 485856.35918431164464 ], [ 120828.121483724287827, 485856.670955644338392 ], [ 120806.575908264974714, 485874.611887919076253 ], [ 120803.038639545236947, 485870.430455074645579 ] ] ] ] } },
{ "type": "Feature", "properties": { "source_id": "parks_158", "name": "Ruige Riet", "category": "park", "subtype": "park", "source": "osm", "acquired_at": "2026-08-12T17:41:01.510895+00:00", "area_sqm": 130013.16669953505 }, "geometry": { "type": "MultiPolygon", "coordinates": [ [ [ [ 115543.318423694494413, 487322.951972751878202 ], [ 115534.302231702051358, 487315.379853037302382 ], [ 115521.392613156378502, 487254.440667834831402 ], [ 115506.880613574699964, 487221.387345567403827 ], [ 115478.077990054967813, 487182.996281898173038 ], [ 115445.696593553002458, 487154.459160253638402 ], [ 115425.842840378289111, 487138.217198815138545 ], [ 115417.275406639135326, 487117.87908270576736 ], [ 115415.953903203539085, 487089.827520456572529 ], [ 115496.510925054739346, 486838.81473479187116 ], [ 115549.677014082713868, 486861.711563271703199 ], [ 115597.341674270603107, 486883.195247967611067 ], [ 115645.663982686586678, 486894.103554842877202 ], [ 115682.204425770265516, 486894.91390063095605 ], [ 115731.170083872668329, 486895.981705633574165 ], [ 115756.07282239900087, 486903.071779824560508 ], [ 115750.397512703522807, 486924.258086280664429 ], [ 115766.022526918706717, 486959.48413057992002 ], [ 115782.187810147501295, 486971.016683750203811 ], [ 115809.577386020770064, 486969.697555001534056 ], [ 115809.800198618206196, 486997.757917751208879 ], [ 115773.017474260399467, 487012.63754187442828 ], [ 115765.748792081547435, 487062.989077708974946 ], [ 115770.299647790219751, 487083.715769820322748 ], [ 115782.064307643871871, 487093.469611093983985 ], [ 115779.831863898172742, 487133.933774945675395 ], [ 115782.516007621277822, 487150.313554225722328 ], [ 115769.614706056920113, 487181.760680261999369 ], [ 115735.624452482559718, 487180.20616784907179 ], [ 115732.815953356242971, 487194.437617338611744 ], [ 115754.034153642569436, 487198.28566628327826 ], [ 115770.035693246827577, 487211.58866276347544 ], [ 115768.100569954680395, 487220.0382670526742 ], [ 115770.89729915423959, 487228.305607007932849 ], [ 115776.959666409238707, 487232.719325460668188 ], [ 115785.537002041528467, 487254.515603752457537 ], [ 115776.871003476757323, 487266.979884441418108 ], [ 115733.925984014436835, 487287.728200731624383 ], [ 115543.318423694494413, 487322.951972751878202 ] ] ] ] } },
{ "type": "Feature", "properties": { "source_id": "parks_159", "name": null, "category": "park", "subtype": "park", "source": "osm", "acquired_at": "2026-08-12T17:41:01.510895+00:00", "area_sqm": 101.60745681658645 }, "geometry": { "type": "MultiPolygon", "coordinates": [ [ [ [ 125584.915812497594743, 485241.164476188423578 ], [ 125585.935794257340604, 485239.689675924717449 ], [ 125587.277634215002763, 485238.491126399720088 ], [ 125589.15226364209957, 485237.523064821900334 ], [ 125591.220832329418045, 485237.087930705049075 ], [ 125594.865628748229938, 485239.347200112475548 ], [ 125595.352251357151545, 485239.833877408353146 ], [ 125595.60810057920753, 485240.466575999103952 ], [ 125595.390500217705267, 485241.680682259320747 ], [ 125590.36573716365092, 485250.233658899669535 ], [ 125589.94606240853318, 485250.692353107908275 ], [ 125589.409576733189169, 485250.984842503792606 ], [ 125588.278856336430181, 485251.024956982990261 ], [ 125586.022624494682532, 485249.69206443883013 ], [ 125585.439695319422754, 485249.050187867309432 ], [ 125585.243370739408419, 485248.116714246338233 ], [ 125584.915812497594743, 485241.164476188423578 ] ] ] ] } },
{ "type": "Feature", "properties": { "source_id": "parks_160", "name": null, "category": "park", "subtype": "park", "source": "osm", "acquired_at": "2026-08-12T17:41:01.510895+00:00", "area_sqm": 89.42698799000577 }, "geometry": { "type": "MultiPolygon", "coordinates": [ [ [ [ 125578.414673051040154, 485234.048735363525338 ], [ 125579.284935196439619, 485234.889179898134898 ], [ 125580.103397817758378, 485235.040077616285998 ], [ 125581.328639183746418, 485234.854751067410689 ], [ 125582.203976013581268, 485234.259821247134823 ], [ 125582.682845625269692, 485233.444719294202514 ], [ 125582.779403709922917, 485232.498374377144501 ], [ 125582.481084955739789, 485231.598888578591868 ], [ 125577.221430266741663, 485228.1698190869065 ], [ 125576.932839927394525, 485227.759850566624664 ], [ 125576.667655721728806, 485226.704393858846743 ], [ 125575.350004361476749, 485221.671848723315634 ], [ 125575.026222408618196, 485221.072936060954817 ], [ 125574.670033779722871, 485220.752384081541095 ], [ 125574.157879797538044, 485220.555155210080557 ], [ 125569.05593126497115, 485219.584155865886714 ], [ 125568.095921917003579, 485219.690017730521504 ], [ 125567.322643662249902, 485220.262088341754861 ], [ 125567.006221608506166, 485220.89819631219143 ], [ 125566.949084193096496, 485221.599519120354671 ], [ 125567.081644322955981, 485222.121684060548432 ], [ 125567.356344939704286, 485222.487227982841432 ], [ 125578.414673051040154, 485234.048735363525338 ] ] ] ] } },
{ "type": "Feature", "properties": { "source_id": "parks_161", "name": "Carel Willinkplantsoen", "category": "park", "subtype": "park", "source": "osm", "acquired_at": "2026-08-12T17:41:01.510895+00:00", "area_sqm": 598.62982694007542 }, "geometry": { "type": "MultiPolygon", "coordinates": [ [ [ [ 120933.647009392137988, 485882.846313738205936 ], [ 120938.100094513094518, 485879.577689889119938 ], [ 120937.002682491278392, 485875.535105071554426 ], [ 120945.827341533120489, 485871.991539760085288 ], [ 120948.576766488462454, 485872.584550428204238 ], [ 120953.896102851664182, 485867.496297919016797 ], [ 120954.640975742964656, 485862.895792251976673 ], [ 120963.222744280472398, 485854.747437515703496 ], [ 120954.714515047686291, 485852.814402795804199 ], [ 120948.381870806741063, 485858.154432434414048 ], [ 120944.588906086515635, 485857.379464149533305 ], [ 120941.633157544813002, 485850.579123469884507 ], [ 120935.023753947578371, 485844.438219899893738 ], [ 120932.735089063789928, 485844.476265046163462 ], [ 120928.441394776164088, 485840.244328798667993 ], [ 120929.321591028245166, 485854.269151986460201 ], [ 120928.61290474969428, 485864.110135764291044 ], [ 120933.070371784036979, 485868.385449319961481 ], [ 120933.200622093630955, 485867.5166599949589 ], [ 120933.617664408287965, 485866.74603303411277 ], [ 120934.27442948477983, 485866.162907686608378 ], [ 120935.089634775882587, 485865.834605694224592 ], [ 120935.593410535759176, 485865.786622613493819 ], [ 120936.459600371206761, 485865.936421571008395 ], [ 120937.218718351825373, 485866.365129452256951 ], [ 120937.788790952850832, 485867.039931344857905 ], [ 120938.122979049643618, 485868.083545159199275 ], [ 120938.04730005885358, 485868.963084652845282 ], [ 120937.651000071215094, 485869.778075345093384 ], [ 120937.035336921035196, 485870.394297081104014 ], [ 120935.893850835855119, 485870.824991155765019 ], [ 120935.021464058867423, 485870.764249478816055 ], [ 120934.263114252113155, 485870.446804659208283 ], [ 120930.906776553223608, 485871.738419545814395 ], [ 120933.647009392137988, 485882.846313738205936 ] ] ] ] } },
{ "type": "Feature", "properties": { "source_id": "parks_162", "name": null, "category": "park", "subtype": "park", "source": "osm", "acquired_at": "2026-08-12T17:41:01.510895+00:00", "area_sqm": 494.84225420801891 }, "geometry": { "type": "MultiPolygon", "coordinates": [ [ [ [ 120761.85936591468635, 484663.903812123637181 ], [ 120767.980564258177765, 484665.218847500975244 ], [ 120772.307837151514832, 484664.298713049211074 ], [ 120775.477061149911606, 484662.440830946026836 ], [ 120778.397712120291544, 484659.127064994943794 ], [ 120779.432512235143804, 484657.028059903474059 ], [ 120780.218720028584357, 484651.503728972631507 ], [ 120779.292803614036529, 484647.682531975849997 ], [ 120777.218314286277746, 484644.292111665359698 ], [ 120772.376489547896199, 484640.776222086278722 ], [ 120767.647786309942603, 484639.818712723616045 ], [ 120763.285113404737785, 484640.549941162695177 ], [ 120760.806240750534926, 484641.73543797963066 ], [ 120757.082895846047904, 484645.243934953352436 ], [ 120756.385465990257217, 484646.86215393349994 ], [ 120755.064245837711496, 484649.908926313859411 ], [ 120755.066592027258594, 484655.160750868381001 ], [ 120756.985203192103654, 484659.653794188576285 ], [ 120761.85936591468635, 484663.903812123637181 ] ] ] ] } },
{ "type": "Feature", "properties": { "source_id": "parks_163", "name": "Stenen Hoofd", "category": "park", "subtype": "park", "source": "osm", "acquired_at": "2026-08-12T17:41:01.510895+00:00", "area_sqm": 10129.306039674571 }, "geometry": { "type": "MultiPolygon", "coordinates": [ [ [ [ 121284.385226923637674, 489143.926462629169691 ], [ 121285.065665934525896, 489141.885596189764328 ], [ 121296.636440696078353, 489099.691355787741486 ], [ 121305.50657761436014, 489064.748052407230716 ], [ 121309.325121086163563, 489049.700710575736593 ], [ 121312.809829795820406, 489079.474644296918996 ], [ 121321.972499709314434, 489103.31257801753236 ], [ 121379.121166025521234, 489199.815451032132842 ], [ 121405.330441477824934, 489242.775728380365763 ], [ 121389.65669566084398, 489304.32503635820467 ], [ 121384.229382717370754, 489303.07130354992114 ], [ 121339.916215554563678, 489230.781830771826208 ], [ 121325.165460885851644, 489208.039057686051819 ], [ 121287.426956174982479, 489144.729061720252503 ], [ 121284.385226923637674, 489143.926462629169691 ] ] ] ] } },
{ "type": "Feature", "properties": { "source_id": "parks_164", "name": "Touwbaanpark", "category": "park", "subtype": "park", "source": "osm", "acquired_at": "2026-08-12T17:41:01.510895+00:00", "area_sqm": 2503.4044378327235 }, "geometry": { "type": "MultiPolygon", "coordinates": [ [ [ [ 123386.047672177723143, 486949.680183758027852 ], [ 123345.926198784611188, 486989.036819774541073 ], [ 123378.731856937840348, 487019.669970858143643 ], [ 123418.536903068044921, 486978.757875343086198 ], [ 123386.047672177723143, 486949.680183758027852 ] ] ] ] } },
{ "type": "Feature", "properties": { "source_id": "parks_165", "name": "Stadspark Osdorp", "category": "park", "subtype": "park", "source": "osm", "acquired_at": "2026-08-12T17:41:01.510895+00:00", "area_sqm": 58304.825989463076 }, "geometry": { "type": "MultiPolygon", "coordinates": [ [ [ [ 114935.882039717966109, 485707.68460288294591 ], [ 114818.547503926791251, 485670.750942841812503 ], [ 114925.681760966486763, 485335.616197955561802 ], [ 114983.093733269852237, 485355.512836814043112 ], [ 115027.910851745909895, 485238.595335216843523 ], [ 115041.362617532606237, 485194.268087780219503 ], [ 115107.309480449708644, 485125.204191946948413 ], [ 115127.698889112929464, 485129.034072836511768 ], [ 115038.651873738621362, 485400.63874614884844 ], [ 114935.882039717966109, 485707.68460288294591 ] ] ] ] } },
{ "type": "Feature", "properties": { "source_id": "parks_166", "name": "De Groene Zoom", "category": "park", "subtype": "park", "source": "osm", "acquired_at": "2026-08-12T17:41:01.510895+00:00", "area_sqm": 26402.350930772289 }, "geometry": { "type": "MultiPolygon", "coordinates": [ [ [ [ 125276.009467141324421, 489858.180742516124155 ], [ 125266.703443614082062, 489843.282411661813967 ], [ 125253.178748760517919, 489813.96695066022221 ], [ 125365.624405987022328, 489755.975921761710197 ], [ 125345.327748451192747, 489710.889726517314557 ], [ 125383.511308006593026, 489692.267710544518195 ], [ 125437.18161050901108, 489665.820025541470386 ], [ 125443.324441834745812, 489664.04743210534798 ], [ 125437.917318153355154, 489653.420365951897111 ], [ 125488.473682229669066, 489629.74022856092779 ], [ 125495.403790925571229, 489629.843418509641197 ], [ 125508.06299151678104, 489585.149271173402667 ], [ 125498.328294237100636, 489545.20666574157076 ], [ 125476.734625656768912, 489500.583905841282103 ], [ 125484.022883064928465, 489495.66675468912581 ], [ 125514.334430234943284, 489549.072098092583474 ], [ 125511.282553498138441, 489566.904336348350625 ], [ 125528.916029511776287, 489591.366906328941695 ], [ 125512.259542182451696, 489638.098844111955259 ], [ 125492.17633700305305, 489686.575996685656719 ], [ 125490.317723031796049, 489691.071214458497707 ], [ 125459.668205439316807, 489765.259002773615066 ], [ 125437.28560627088882, 489811.50255712348735 ], [ 125415.199138126787147, 489809.454134247789625 ], [ 125333.871338070312049, 489850.010235506633762 ], [ 125326.250288567942334, 489853.805812283710111 ], [ 125315.357803051301744, 489859.156587742036209 ], [ 125284.730116713646566, 489874.217551479872782 ], [ 125276.009467141324421, 489858.180742516124155 ] ] ] ] } },
{ "type": "Feature", "properties": { "source_id": "parks_167", "name": "Papaverplantsoen", "category": "park", "subtype": "park", "source": "osm", "acquired_at": "2026-08-12T17:41:01.510895+00:00", "area_sqm": 4341.5881643030425 }, "geometry": { "type": "MultiPolygon", "coordinates": [ [ [ [ 122232.595750899185077, 490101.712034150201362 ], [ 122189.142884162225528, 490127.14765016786987 ], [ 122127.009653456654632, 490169.298295518907253 ], [ 122134.561224243865581, 490181.042443562822882 ], [ 122141.184244044707157, 490191.335170268081129 ], [ 122145.200728873271146, 490197.583963577228133 ], [ 122176.97304835045361, 490177.243893770675641 ], [ 122230.460684736041003, 490143.006886429036967 ], [ 122250.793266645647236, 490129.998042379040271 ], [ 122232.595750899185077, 490101.712034150201362 ] ] ] ] } },
{ "type": "Feature", "properties": { "source_id": "parks_168", "name": "Eendrachtspark", "category": "park", "subtype": "park", "source": "osm", "acquired_at": "2026-08-12T17:41:01.510895+00:00", "area_sqm": 65495.271101281389 }, "geometry": { "type": "MultiPolygon", "coordinates": [ [ [ [ 115581.670548133581178, 488246.527896274346858 ], [ 115842.114197953691473, 488247.725324971543159 ], [ 115830.158395419814042, 488397.934082361927722 ], [ 115829.617181700858055, 488502.142410544271115 ], [ 115815.151550910959486, 488505.083532853925135 ], [ 115809.578282434289576, 488508.043067346327007 ], [ 115800.790884211484808, 488512.663809173624031 ], [ 115793.689746929710964, 488519.563321319059469 ], [ 115785.650937814934878, 488522.420080695825163 ], [ 115778.092512459756108, 488523.181164152047131 ], [ 115567.707221638760529, 488467.443058469507378 ], [ 115571.160252160960226, 488393.443357455078512 ], [ 115581.670548133581178, 488246.527896274346858 ] ] ] ] } },
{ "type": "Feature", "properties": { "source_id": "parks_169", "name": null, "category": "park", "subtype": "park", "source": "osm", "acquired_at": "2026-08-12T17:41:01.510895+00:00", "area_sqm": 14118.529722302126 }, "geometry": { "type": "MultiPolygon", "coordinates": [ [ [ [ 115449.717446458031191, 488363.793968356272671 ], [ 115207.429418295418145, 488358.887965452217031 ], [ 115208.728525731625268, 488300.460856262478046 ], [ 115450.735779057664331, 488305.658504169725347 ], [ 115449.717446458031191, 488363.793968356272671 ] ] ] ] } },
{ "type": "Feature", "properties": { "source_id": "parks_170", "name": "Willem Augustinpark", "category": "park", "subtype": "park", "source": "osm", "acquired_at": "2026-08-12T17:41:01.510895+00:00", "area_sqm": 3541.0999657896045 }, "geometry": { "type": "MultiPolygon", "coordinates": [ [ [ [ 117555.489676183846314, 487705.306383335206192 ], [ 117552.901663324431865, 487694.499537690542638 ], [ 117703.55663928433205, 487653.268331016181037 ], [ 117829.804717327075195, 487618.923928117845207 ], [ 117831.189242784515955, 487632.766494320938364 ], [ 117702.117856400480377, 487666.531351647805423 ], [ 117555.489676183846314, 487705.306383335206192 ] ] ] ] } },
{ "type": "Feature", "properties": { "source_id": "parks_171", "name": null, "category": "park", "subtype": "park", "source": "osm", "acquired_at": "2026-08-12T17:41:01.510895+00:00", "area_sqm": 353.96404639978755 }, "geometry": { "type": "MultiPolygon", "coordinates": [ [ [ [ 121888.916766055321204, 487242.362065554596484 ], [ 121897.701138960706885, 487248.311618292354979 ], [ 121914.928665013343561, 487232.68532742903335 ], [ 121896.880475415295223, 487221.401366652862635 ], [ 121888.916766055321204, 487242.362065554596484 ] ] ] ] } },
{ "type": "Feature", "properties": { "source_id": "parks_172", "name": null, "category": "park", "subtype": "park", "source": "osm", "acquired_at": "2026-08-12T17:41:01.510895+00:00", "area_sqm": 1869.7140550968754 }, "geometry": { "type": "MultiPolygon", "coordinates": [ [ [ [ 123888.08421060249384, 490214.56519476295216 ], [ 123887.725953636167105, 490214.956894100527279 ], [ 123889.694623558971216, 490217.381251600629184 ], [ 123897.983878111816011, 490218.352636371098924 ], [ 123897.973914557442185, 490217.851991646108218 ], [ 123904.403187910414999, 490218.523566347954329 ], [ 123904.351967749986215, 490219.035723700071685 ], [ 123907.80333566047193, 490220.215661073918454 ], [ 123911.059156470146263, 490220.606828317977488 ], [ 123914.664395619402057, 490220.283677831292152 ], [ 123914.647627848375123, 490219.783075974031817 ], [ 123921.062793591554509, 490220.376873449422419 ], [ 123921.148250871745404, 490220.977183961251285 ], [ 123924.375018329839804, 490222.158548313425854 ], [ 123927.807790063656284, 490222.548611586680636 ], [ 123931.365387429206748, 490222.225773481710348 ], [ 123931.368968991038855, 490221.713916548236739 ], [ 123937.845313128578709, 490222.29622358008055 ], [ 123937.80819191710907, 490222.886179589142557 ], [ 123946.083464968571207, 490223.802098985179327 ], [ 123948.535083397015114, 490221.861719842650928 ], [ 123948.198791598610114, 490221.418763917637989 ], [ 123953.217384759220295, 490217.481648647692055 ], [ 123953.539994494291022, 490217.913564212038182 ], [ 123957.203352169774007, 490216.010068632022012 ], [ 123946.651850317794015, 490202.735423809848726 ], [ 123940.655743081893888, 490195.195809580327477 ], [ 123920.513056278636213, 490169.86451249133097 ], [ 123905.280486696137814, 490181.710467355325818 ], [ 123905.652147734654136, 490182.364607215276919 ], [ 123908.076054593839217, 490181.425797898147721 ], [ 123908.829690998521983, 490182.211051850230433 ], [ 123918.451244471900281, 490175.340781547769438 ], [ 123931.903668155602645, 490192.068662752513774 ], [ 123914.998911743605277, 490205.327104072843213 ], [ 123903.404911055637058, 490190.812916646478698 ], [ 123899.548531868436839, 490185.852412757405546 ], [ 123873.800927376578329, 490206.399211542389821 ], [ 123876.684205027937423, 490210.308787312183995 ], [ 123880.483021512744017, 490207.224935204139911 ], [ 123883.610249915000168, 490209.886770127224736 ], [ 123884.151986134966137, 490209.449405513878446 ], [ 123888.08421060249384, 490214.56519476295216 ] ] ] ] } },
{ "type": "Feature", "properties": { "source_id": "parks_173", "name": null, "category": "park", "subtype": "park", "source": "osm", "acquired_at": "2026-08-12T17:41:01.510895+00:00", "area_sqm": 681.32122467147815 }, "geometry": { "type": "MultiPolygon", "coordinates": [ [ [ [ 120900.29827055169153, 488839.331534602562897 ], [ 120921.017845376365585, 488836.718197664886247 ], [ 120921.352603013758198, 488839.842533793242183 ], [ 120922.000925080355955, 488845.98008392174961 ], [ 120923.039847204330727, 488855.44186831114348 ], [ 120923.755214903590968, 488872.27187189651886 ], [ 120912.262878403678769, 488871.249708504765294 ], [ 120907.779282812218298, 488870.690967397938948 ], [ 120903.682313623372465, 488866.9695287028444 ], [ 120902.708581099897856, 488861.034513247781433 ], [ 120900.632272113900399, 488842.344606040860526 ], [ 120900.29827055169153, 488839.331534602562897 ] ] ] ] } },
{ "type": "Feature", "properties": { "source_id": "parks_174", "name": null, "category": "park", "subtype": "park", "source": "osm", "acquired_at": "2026-08-12T17:41:01.510895+00:00", "area_sqm": 290.91313700272985 }, "geometry": { "type": "MultiPolygon", "coordinates": [ [ [ [ 119918.228909913843381, 484502.032334487535991 ], [ 119934.867910592322005, 484502.826570272329263 ], [ 119936.025997661141446, 484485.505055273766629 ], [ 119919.568304615881061, 484484.34234303003177 ], [ 119918.228909913843381, 484502.032334487535991 ] ] ] ] } },
{ "type": "Feature", "properties": { "source_id": "parks_175", "name": null, "category": "park", "subtype": "park", "source": "osm", "acquired_at": "2026-08-12T17:41:01.510895+00:00", "area_sqm": 2651.9639636271249 }, "geometry": { "type": "MultiPolygon", "coordinates": [ [ [ [ 114833.503124134789687, 485951.484207753266674 ], [ 114863.145525910484139, 485857.064737714477815 ], [ 114870.224210064552608, 485834.508532195177395 ], [ 114891.925666830691625, 485765.37857711862307 ], [ 114900.246587554225698, 485738.884522741136607 ], [ 114889.646962971310131, 485735.621419091767166 ], [ 114873.451864984992426, 485784.87842694693245 ], [ 114821.69703575145104, 485948.086418946331833 ], [ 114833.503124134789687, 485951.484207753266674 ] ] ] ] } },
{ "type": "Feature", "properties": { "source_id": "parks_176", "name": "Caspar Flickhof", "category": "park", "subtype": "park", "source": "osm", "acquired_at": "2026-08-12T17:41:01.510895+00:00", "area_sqm": 506.31792023371003 }, "geometry": { "type": "MultiPolygon", "coordinates": [ [ [ [ 119334.893622300121933, 486599.367109728860669 ], [ 119324.228907068099943, 486626.938624764094129 ], [ 119340.218440932221711, 486633.087503044516779 ], [ 119350.876420394779416, 486605.51607160520507 ], [ 119334.893622300121933, 486599.367109728860669 ] ] ] ] } },
{ "type": "Feature", "properties": { "source_id": "parks_177", "name": "Sloterpark", "category": "park", "subtype": "park", "source": "osm", "acquired_at": "2026-08-12T17:41:01.510895+00:00", "area_sqm": 1342832.7073198375 }, "geometry": { "type": "MultiPolygon", "coordinates": [ [ [ [ 116942.39553207179415, 486800.827563452592585 ], [ 116944.580381905834656, 486805.050068828219082 ], [ 116952.587011794516002, 486820.543758264160715 ], [ 116991.162092459155247, 486895.38655060401652 ], [ 116991.452504068016424, 486895.951786457910202 ], [ 116998.679962761001661, 486909.359692104684655 ], [ 117049.884652938839281, 487008.607167230278719 ], [ 117081.410322406896739, 487069.596236001641955 ], [ 117069.026833719675778, 487103.940019356727134 ], [ 117066.866822972428054, 487114.438169532106258 ], [ 116822.472414132789709, 487399.424807080649771 ], [ 116788.591251573132467, 487408.18799866666086 ], [ 116530.649585911844042, 487474.895061230403371 ], [ 116498.572278249484953, 487361.216595271253027 ], [ 116487.188552214996889, 487293.542433050810359 ], [ 116469.565267883910565, 487261.523175188049208 ], [ 116411.612060824671062, 487263.722901902336162 ], [ 116320.286149921099422, 487259.63099644111935 ], [ 116253.47747396423074, 487276.333624225284439 ], [ 116209.685170773766004, 487283.09787814959418 ], [ 116165.95932885815273, 487297.428314118005801 ], [ 116130.650880299188429, 487295.269481137394905 ], [ 115954.768850179039873, 487325.81045648053987 ], [ 115943.540930825314717, 487260.706566489476245 ], [ 115806.293585833409452, 487283.458796351624187 ], [ 115739.387015618209261, 487294.461061941401567 ], [ 115546.900595330138458, 487328.05285739019746 ], [ 115530.689280544553185, 487325.167081464780495 ], [ 115524.066394850262441, 487314.549309663590975 ], [ 115517.908501704252558, 487257.350419682741631 ], [ 115503.613874914415646, 487224.228606002638116 ], [ 115471.17398849921301, 487188.336874863016419 ], [ 115411.837795205268776, 487151.503826262545772 ], [ 115401.508782833596342, 487102.605864950281102 ], [ 115633.332654191035544, 486365.872879690607078 ], [ 115697.36593669487047, 486330.368454669602215 ], [ 115737.47366119347862, 486220.771774704568088 ], [ 115930.404383421089733, 486324.624114149890374 ], [ 116583.07723949116189, 487147.232663130562287 ], [ 116752.854732338862959, 487188.952943348034751 ], [ 116861.530358684045495, 487272.687626660219394 ], [ 116991.007899930555141, 487100.000470237398986 ], [ 117040.937585847481387, 487050.524274455790874 ], [ 116928.757859334815294, 486859.738440242712386 ], [ 116689.200113458166015, 486751.54690616147127 ], [ 116388.011471083475044, 486371.862388435169123 ], [ 116226.391908201447222, 486137.806176832236815 ], [ 116125.20343895276892, 486037.057793212763499 ], [ 116038.591959677360137, 486096.357152313983534 ], [ 115758.426290281378897, 485881.312063881836366 ], [ 115673.338974066777155, 485801.65278755093459 ], [ 115574.934596489765681, 485945.18485961999977 ], [ 115632.209358837048057, 486025.987696650263388 ], [ 115595.931621013442054, 486066.578834353131242 ], [ 115587.15753625985235, 486068.273406373453327 ], [ 115567.946240838791709, 486070.685585304279812 ], [ 115492.914656756736804, 486044.758886543393601 ], [ 115495.888616551586892, 486035.878056398301851 ], [ 115500.10611199241248, 486023.204124412441161 ], [ 115501.540314054931514, 486023.659980077354703 ], [ 115505.481185005366569, 486024.941428072052076 ], [ 115503.898448198189726, 486029.760921278910246 ], [ 115504.601924694332411, 486029.988958599511534 ], [ 115504.762112515454646, 486029.575980887981132 ], [ 115504.798218407697277, 486029.831611266185064 ], [ 115504.915085803746479, 486029.964199380308855 ], [ 115518.763690447609406, 486034.159546014096122 ], [ 115520.599867660974269, 486034.623319337726571 ], [ 115522.454700205897097, 486034.864405705768149 ], [ 115524.457166044245241, 486034.826139173586853 ], [ 115526.328074208198814, 486034.521879225794692 ], [ 115528.027533252752619, 486034.074340812803712 ], [ 115529.718401756297681, 486033.404333216545638 ], [ 115531.421115095959976, 486032.511693049455062 ], [ 115532.830213581153657, 486031.532385414291639 ], [ 115534.136069476735429, 486030.420380470051896 ], [ 115535.398476272865082, 486028.986042456526775 ], [ 115536.33445472434687, 486027.621075723844115 ], [ 115537.126675949781202, 486026.168242947838735 ], [ 115538.333361912184046, 486022.87615507747978 ], [ 115540.558997764790547, 486015.815023238537833 ], [ 115541.283068908116547, 486013.505962907162029 ], [ 115541.281646029805415, 486013.327943525917362 ], [ 115541.192204067570856, 486013.217389196273871 ], [ 115541.452348429069389, 486012.525440733355936 ], [ 115536.876383962880936, 486011.048756157164462 ], [ 115537.642266469949391, 486008.004984207276721 ], [ 115539.922046786654391, 486000.898911841737572 ], [ 115514.208670698135393, 485992.714808262477163 ], [ 115512.091503767180257, 485992.041873194917571 ], [ 115508.901861718681175, 485990.999202646198682 ], [ 115507.624588758946629, 485990.575470173673239 ], [ 115522.856830178629025, 485942.886051668028813 ], [ 115523.642033052659826, 485940.554246402578428 ], [ 115524.60670826875139, 485937.664660152629949 ], [ 115540.759765798444278, 485887.520019843941554 ], [ 115541.132073634682456, 485886.370971399883274 ], [ 115541.497658655280247, 485885.233103643578943 ], [ 115543.404395064862911, 485879.175947112846188 ], [ 115543.981382803220185, 485877.212997981114313 ], [ 115544.416298521216959, 485875.373580464685801 ], [ 115546.036530966637656, 485870.119853028794751 ], [ 115546.39450620955904, 485868.881904236390255 ], [ 115546.752570551965619, 485867.655081675155088 ], [ 115564.820941038400633, 485811.60908629919868 ], [ 115565.133107627902064, 485810.605170258553699 ], [ 115570.414488615759183, 485793.761342667741701 ], [ 115624.848621138080489, 485624.075416707899421 ], [ 115630.344805569649907, 485616.175987291091587 ], [ 115631.274572556372732, 485613.164307220780756 ], [ 115633.405331421992742, 485613.814932253037114 ], [ 115640.394223033479648, 485592.328780828393064 ], [ 115641.978495978604769, 485592.794608667492867 ], [ 115646.471315561415395, 485590.63355597370537 ], [ 115651.055556018691277, 485575.152866484888364 ], [ 115655.670547904301202, 485560.962658536387607 ], [ 115736.674921888872632, 485586.688597341126297 ], [ 115740.942891501530539, 485587.945380257733632 ], [ 115747.201650852046441, 485589.386623592756223 ], [ 115751.083348983665928, 485590.045633118599653 ], [ 115755.422002498831716, 485590.767774982494302 ], [ 115760.298916781903245, 485591.496769666613545 ], [ 115766.504497922462178, 485592.248591689334717 ], [ 115770.942326271499041, 485592.591644195839763 ], [ 115779.396147324645426, 485593.347873534949031 ], [ 115786.215980657871114, 485594.239490696811117 ], [ 115791.93929305524216, 485595.173205510887783 ], [ 115798.135391750111012, 485596.448107178905047 ], [ 115804.463041018054355, 485597.989018046471756 ], [ 115810.423792785644764, 485599.655245175235905 ], [ 115820.729707439953927, 485602.867018038930837 ], [ 115890.881985026149778, 485625.421417541569099 ], [ 115889.565235529182246, 485629.482041821756866 ], [ 115917.923680957930628, 485638.592956979060546 ], [ 115918.416426981042605, 485637.153685707540717 ], [ 115936.513124067540048, 485640.014736597717274 ], [ 115983.61974121662206, 485655.142033305426594 ], [ 115994.656354754872154, 485658.604311810166109 ], [ 116015.90024838593672, 485664.901257183286361 ], [ 116024.408040029549738, 485667.337640921818092 ], [ 116034.698816599760903, 485670.394200876296964 ], [ 116039.465068642777624, 485671.791957825946156 ], [ 116044.551316287281225, 485673.164940726244822 ], [ 116051.378185261171893, 485674.96927331428742 ], [ 116058.818937496122089, 485676.868915531027596 ], [ 116066.443086959741777, 485678.700361268012784 ], [ 116074.169413668700145, 485680.531013143132441 ], [ 116080.707342335168505, 485681.981603268242907 ], [ 116087.783956759041757, 485683.494717800815124 ], [ 116094.962223621667363, 485684.940280005626846 ], [ 116102.815506840590388, 485686.458422848721966 ], [ 116110.40878256468568, 485687.833976441179402 ], [ 116118.96362398180645, 485689.335491973906755 ], [ 116129.161248126809369, 485690.957611133926548 ], [ 116139.166810594993876, 485692.414359486720059 ], [ 116147.916911691587302, 485693.625088704458904 ], [ 116154.831555389580899, 485694.471959506627172 ], [ 116164.097886551971897, 485695.489498416194692 ], [ 116175.340970353281591, 485696.647286317020189 ], [ 116183.364939875522396, 485697.351950906042475 ], [ 116184.429651387501508, 485697.599498895753641 ], [ 116185.632180780958151, 485698.046247861057054 ], [ 116191.71155630541034, 485700.969340391457081 ], [ 116192.551989661325933, 485701.285414447309449 ], [ 116193.39809819549555, 485701.456794334051665 ], [ 116213.579164780123392, 485702.600058684765827 ], [ 116233.932270596007584, 485703.096694430685602 ], [ 116242.733768231264548, 485703.917746267223265 ], [ 116244.60781310708262, 485703.992050453205593 ], [ 116245.316365894686896, 485703.997615490166936 ], [ 116245.255406109208707, 485712.721583420119714 ], [ 116247.523329992560321, 485712.637020314054098 ], [ 116249.001218505669385, 485712.580912826932035 ], [ 116253.742479049004032, 485712.543701846909244 ], [ 116270.277056805731263, 485714.338922237104271 ], [ 116277.016979733656626, 485828.414672130951658 ], [ 116294.023005334907793, 485869.53986761381384 ], [ 116296.136392288317438, 485875.821125587914139 ], [ 116298.879165761623881, 485883.310282973165158 ], [ 116301.050795638031559, 485889.201644935761578 ], [ 116302.833114390203264, 485893.226739809499122 ], [ 116304.134333773399703, 485895.842489582835697 ], [ 116305.497469323352561, 485898.535642732109409 ], [ 116306.810129689780297, 485900.873130978958216 ], [ 116308.990766143338988, 485904.438903278438374 ], [ 116313.267671517955023, 485911.237304791109636 ], [ 116329.791739201158634, 485937.00014801468933 ], [ 116338.414415421924787, 485950.707720141042955 ], [ 116343.697788976249285, 485959.033778585493565 ], [ 116348.967172862758162, 485967.31544454745017 ], [ 116353.015435428969795, 485973.637213426292874 ], [ 116357.181316997477552, 485980.191729892685544 ], [ 116370.306166290625697, 486000.796179131837562 ], [ 116372.727301487379009, 486004.638270041672513 ], [ 116423.233583226072369, 486084.07887553999899 ], [ 116420.366460778081091, 486085.047067651408724 ], [ 116425.179409546864918, 486092.48673656093888 ], [ 116427.18472929931886, 486090.201179308874998 ], [ 116517.101555849076249, 486231.478713677381165 ], [ 116520.046119367703795, 486236.084552179148886 ], [ 116566.906030646103318, 486309.73566781997215 ], [ 116568.395641814684495, 486312.08297427179059 ], [ 116571.553946424013702, 486317.032113222288899 ], [ 116573.533219461896806, 486320.154492697562091 ], [ 116589.393347680772422, 486344.977578247548081 ], [ 116590.841464077413548, 486347.247325957345311 ], [ 116593.785891216801247, 486351.853209102293476 ], [ 116595.865834027601522, 486354.785656826745253 ], [ 116598.218744295852957, 486357.782743321615271 ], [ 116601.0989748701395, 486361.142916843411513 ], [ 116603.543688274527085, 486363.683088631369174 ], [ 116606.426136616893928, 486366.453522013616748 ], [ 116608.902045380382333, 486368.626265934086405 ], [ 116612.212558022947633, 486371.259850655100308 ], [ 116615.705932475917507, 486373.758492808730807 ], [ 116619.047120403614827, 486375.957894258142915 ], [ 116622.111617316200864, 486377.614230761013459 ], [ 116624.593524384399643, 486378.807768214377575 ], [ 116629.733994502894348, 486381.137839164293837 ], [ 116633.791194597462891, 486382.563928541727364 ], [ 116639.007165720293415, 486384.092285144142807 ], [ 116643.210490075114649, 486385.03878977423301 ], [ 116647.40484043592005, 486385.707195085589774 ], [ 116650.636991758045042, 486386.149414017505478 ], [ 116654.079166846349835, 486386.445353809453081 ], [ 116658.870050297555281, 486386.741947099217214 ], [ 116662.60993081892957, 486386.779661721084267 ], [ 116667.044642504115473, 486386.823110329220071 ], [ 116825.329961079405621, 486388.144545378570911 ], [ 116826.620293408894213, 486388.524008374253754 ], [ 116827.60627157925046, 486389.183997762971558 ], [ 116828.183834439623752, 486389.880526252789423 ], [ 116828.927174959011609, 486391.755224335880484 ], [ 116829.682214617540012, 486400.428368283726741 ], [ 116829.864911609416595, 486405.556456757127307 ], [ 116829.887064904061845, 486411.064101321680937 ], [ 116829.226698937767651, 486471.009825611312408 ], [ 116828.696226926462259, 486523.966857052058913 ], [ 116828.778722242073854, 486530.230665607610717 ], [ 116829.21442997167469, 486537.248372278816532 ], [ 116829.647941756004002, 486541.339720434276387 ], [ 116830.6512835532194, 486548.653464337519836 ], [ 116831.668258899037028, 486555.088077701046132 ], [ 116833.474214744957862, 486564.899169528856874 ], [ 116835.836138040758669, 486576.141334139625542 ], [ 116836.801498253596947, 486580.306459398299921 ], [ 116838.797312789363787, 486588.246765626827255 ], [ 116840.260711295239162, 486593.398335723904893 ], [ 116843.060704581032041, 486602.278213724959642 ], [ 116845.824758128088433, 486610.034553809324279 ], [ 116849.823176044912543, 486619.750817109365016 ], [ 116853.974359646410448, 486628.965192362316884 ], [ 116856.597128524081199, 486634.308092073304579 ], [ 116882.232233190035913, 486684.247893583145924 ], [ 116942.39553207179415, 486800.827563452592585 ] ] ] ] } },
{ "type": "Feature", "properties": { "source_id": "parks_178", "name": "Voorlandpark", "category": "park", "subtype": "park", "source": "osm", "acquired_at": "2026-08-12T17:41:01.510895+00:00", "area_sqm": 26960.759358331434 }, "geometry": { "type": "MultiPolygon", "coordinates": [ [ [ [ 125457.235382069571642, 483997.606408237945288 ], [ 125436.290153839086997, 483987.90685720439069 ], [ 125421.525244015734643, 483980.38459407154005 ], [ 125408.135075162164867, 483973.699767075013369 ], [ 125403.130174034420634, 483970.94808096397901 ], [ 125397.831242103828117, 483968.031261656957213 ], [ 125388.720731052628253, 483962.489144462917466 ], [ 125381.859191880488652, 483958.101860723749269 ], [ 125376.084958286315668, 483954.34228669089498 ], [ 125371.055505112497485, 483950.912052620318718 ], [ 125368.466319798055338, 483948.713373518956359 ], [ 125359.557445084967185, 483941.578984987922013 ], [ 125352.221708461045637, 483935.403191903897095 ], [ 125345.617652811197331, 483929.645831165893469 ], [ 125339.263584156607976, 483923.530924425460398 ], [ 125334.333619766839547, 483918.520141510292888 ], [ 125330.144034076583921, 483914.239277540240437 ], [ 125327.715956212559831, 483911.639091542165261 ], [ 125321.808332148633781, 483904.97631817299407 ], [ 125315.986474444682244, 483897.845715881267097 ], [ 125313.53860048041679, 483894.222001169866417 ], [ 125310.210557787591824, 483889.290629221708514 ], [ 125308.454900751879904, 483886.319230906257872 ], [ 125305.159709914209088, 483880.052463272120804 ], [ 125302.09293198416708, 483873.239117349265143 ], [ 125299.760667697177269, 483867.311491666187067 ], [ 125297.929482345571159, 483861.981695027498063 ], [ 125295.531584542040946, 483854.207437141332775 ], [ 125281.918970582584734, 483854.812262917461339 ], [ 125281.849321749337832, 483857.961532397253904 ], [ 125280.533751994051272, 483857.913813382387161 ], [ 125278.814749470882816, 483861.039625798002817 ], [ 125277.156478777440498, 483864.064933317189571 ], [ 125267.118976873767679, 483882.328586526215076 ], [ 125255.173024476520368, 483894.873511300247628 ], [ 125255.008602219080785, 483894.729854475241154 ], [ 125253.782991292144288, 483896.039056123991031 ], [ 125252.584505558188539, 483897.325841378828045 ], [ 125258.057016292237677, 483903.012004339601845 ], [ 125259.33250821196998, 483904.328400253376458 ], [ 125277.68325539745274, 483923.300213341135532 ], [ 125290.519814712388325, 483936.463746563182212 ], [ 125292.7836813153408, 483938.953635147947352 ], [ 125294.597382305830251, 483941.379471662163269 ], [ 125296.867600236117141, 483944.92635867302306 ], [ 125298.231334999174578, 483947.321522094542161 ], [ 125299.301373292255448, 483949.607184890774079 ], [ 125300.387916145147756, 483952.371196008869447 ], [ 125301.594653142630705, 483955.857719086576253 ], [ 125302.108160935822525, 483957.390114013745915 ], [ 125307.501459224760765, 483975.994885386084206 ], [ 125310.228591610110016, 483985.269273482146673 ], [ 125310.458017814715276, 483986.024508970847819 ], [ 125312.897854675189592, 483993.987676818796899 ], [ 125313.134295181400375, 483994.776250326947775 ], [ 125313.349690329938312, 483995.464810181292705 ], [ 125314.10564286877343, 483997.652223664626945 ], [ 125314.908961898079724, 483999.783719210186973 ], [ 125315.854649097498623, 484001.791965872107539 ], [ 125316.970965169384726, 484003.843694145907648 ], [ 125318.009847362875007, 484005.484200697566848 ], [ 125318.903284873304074, 484006.736147482704837 ], [ 125319.776144785311772, 484007.965964706614614 ], [ 125320.991399501188425, 484009.471891988359857 ], [ 125322.240926406710059, 484011.010993706993759 ], [ 125323.256287161668297, 484012.139815276197623 ], [ 125325.039614230103325, 484014.054018044495024 ], [ 125328.226656563419965, 484017.083584543550387 ], [ 125359.529865845237509, 484047.149105011136271 ], [ 125360.701942514220718, 484048.276993875799235 ], [ 125377.988874878879869, 484065.007970715058036 ], [ 125385.440356233812054, 484072.340282855031546 ], [ 125387.440164023428224, 484073.997296471672598 ], [ 125388.671356493927306, 484074.757657015463337 ], [ 125389.367569585723686, 484073.807715584291145 ], [ 125391.738377573565231, 484073.693364500883035 ], [ 125392.185514413780766, 484074.391665430273861 ], [ 125392.576602190616541, 484074.834388645598665 ], [ 125418.310732065612683, 484092.249243744707201 ], [ 125442.442334867533646, 484108.371999002061784 ], [ 125443.735438506759237, 484109.232142878929153 ], [ 125453.868607762255124, 484116.047811909520533 ], [ 125458.325432596669998, 484119.481554161699023 ], [ 125462.250467882389785, 484122.873973587236833 ], [ 125465.978813866415294, 484126.423345651710406 ], [ 125469.085588599627954, 484129.731649413879495 ], [ 125475.558370619750349, 484137.537268332904205 ], [ 125481.085906181717291, 484144.536296489939559 ], [ 125482.747597552035586, 484146.64043630840024 ], [ 125483.226525957594276, 484146.960248247603886 ], [ 125483.629566338058794, 484147.124740143422969 ], [ 125484.141169946902664, 484147.210696594789624 ], [ 125485.032711740248487, 484147.016215843264945 ], [ 125485.629843047921895, 484146.589834020589478 ], [ 125487.163755954970839, 484147.837984246260021 ], [ 125505.129997782598366, 484126.678992199769709 ], [ 125506.728344984425348, 484125.022699828667101 ], [ 125508.320742503114161, 484123.511090366460849 ], [ 125510.212373466347344, 484121.897554871044122 ], [ 125511.888604000676423, 484120.730373230297118 ], [ 125513.803203972594929, 484119.539515911834314 ], [ 125525.150866206386127, 484114.06422494299477 ], [ 125529.581267147965264, 484111.934848299191799 ], [ 125529.429426677976153, 484111.613080440030899 ], [ 125529.243116208323045, 484111.224758150987327 ], [ 125534.020057361020008, 484108.926417837908957 ], [ 125534.488919621406239, 484108.701087414752692 ], [ 125539.333013727300568, 484106.23545150924474 ], [ 125541.928264467802364, 484104.90702566714026 ], [ 125537.511246948692133, 484097.856799790868536 ], [ 125533.665251795435324, 484091.715559373842552 ], [ 125529.825862396362936, 484085.540902497130446 ], [ 125524.954679474743898, 484077.759036469797138 ], [ 125519.981331788440002, 484069.98891163256485 ], [ 125516.088123943889514, 484063.936980080441572 ], [ 125519.503675915344502, 484058.46452162071364 ], [ 125522.214411113134702, 484054.787667004973628 ], [ 125507.097463285157573, 484036.185077235626522 ], [ 125498.137760505909682, 484027.326108442677651 ], [ 125488.998488518031081, 484019.213716104743071 ], [ 125478.760260351613397, 484010.80748764827149 ], [ 125465.400029765121872, 484002.264171791786794 ], [ 125457.235382069571642, 483997.606408237945288 ] ] ] ] } },
{ "type": "Feature", "properties": { "source_id": "parks_179", "name": "De Stadstuin", "category": "park", "subtype": "park", "source": "osm", "acquired_at": "2026-08-12T17:41:01.510895+00:00", "area_sqm": 479.2030445390173 }, "geometry": { "type": "MultiPolygon", "coordinates": [ [ [ [ 122177.936309586424613, 486066.82184016314568 ], [ 122180.254833371247514, 486060.019089793728199 ], [ 122200.138505268492736, 486067.130482949665748 ], [ 122199.804871388711035, 486068.178616986901034 ], [ 122197.921456193755148, 486067.679298426839523 ], [ 122195.792011312616523, 486074.235994854883756 ], [ 122197.634480482927756, 486074.724457865348086 ], [ 122197.233692351568607, 486075.917686448839959 ], [ 122195.378117825835943, 486075.507198148407042 ], [ 122193.509083943587029, 486081.272163852641825 ], [ 122195.358584153378615, 486081.793959620117676 ], [ 122193.275499533789116, 486088.150067256996408 ], [ 122184.543691820072127, 486085.23724837199552 ], [ 122183.647796571429353, 486087.780109718791209 ], [ 122172.48608728889667, 486084.137970089970622 ], [ 122177.936309586424613, 486066.82184016314568 ] ] ] ] } },
{ "type": "Feature", "properties": { "source_id": "parks_180", "name": "Schegpark", "category": "park", "subtype": "park", "source": "osm", "acquired_at": "2026-08-12T17:41:01.510895+00:00", "area_sqm": 26344.558319381365 }, "geometry": { "type": "MultiPolygon", "coordinates": [ [ [ [ 122043.885048639946035, 488771.541311968641821 ], [ 121867.644105137427687, 488719.346312274050433 ], [ 121862.847402241750387, 488717.787389824050479 ], [ 121860.632250435170135, 488719.44904161762679 ], [ 121850.653928734653164, 488699.576776894449722 ], [ 121863.702976055690669, 488686.025636598817073 ], [ 121866.639812357869232, 488682.334054455335718 ], [ 121878.380063048025477, 488670.5609118299908 ], [ 121925.588009030994726, 488622.643586639664136 ], [ 121935.109492881310871, 488612.977303230785765 ], [ 121936.157744713564171, 488611.924355212773662 ], [ 121938.429919273359701, 488609.616999554098584 ], [ 121946.34199629543582, 488601.586042128968984 ], [ 121949.372988869101391, 488603.802231007313821 ], [ 121958.499916422530077, 488610.439454530423973 ], [ 121971.297235383914085, 488619.210728244157508 ], [ 121973.184992760652676, 488620.499930879566818 ], [ 121975.271301881672116, 488621.954707728116773 ], [ 121982.761416358611314, 488627.167570458201226 ], [ 121989.633574062027037, 488631.605700473417528 ], [ 121983.584256658417871, 488640.247225445345975 ], [ 122025.673292261053575, 488670.731445524957962 ], [ 122030.854069930341211, 488663.542264939052984 ], [ 122031.184616694808938, 488663.083855686243623 ], [ 122045.696481670194771, 488671.721468549571 ], [ 122050.221619229560019, 488674.417319709144067 ], [ 122055.170559574966319, 488677.366262218798511 ], [ 122092.008096680918243, 488704.559190475556534 ], [ 122129.987866724055493, 488732.601547820202541 ], [ 122123.378992641257355, 488741.068600655300543 ], [ 122155.727084019279573, 488763.874566031096037 ], [ 122132.939300380676286, 488794.435976120643318 ], [ 122043.885048639946035, 488771.541311968641821 ] ] ] ] } },
{ "type": "Feature", "properties": { "source_id": "parks_181", "name": "Steigerpark", "category": "park", "subtype": "park", "source": "osm", "acquired_at": "2026-08-12T17:41:01.510895+00:00", "area_sqm": 5758.1353838682635 }, "geometry": { "type": "MultiPolygon", "coordinates": [ [ [ [ 127469.936355627112789, 485970.387081659166142 ], [ 127474.513785184914013, 485961.794013029313646 ], [ 127466.128367634431925, 485956.93389946653042 ], [ 127508.078369461276452, 485894.846903508354444 ], [ 127511.004189789338852, 485893.016964072245173 ], [ 127530.517709454899887, 485904.702647760568652 ], [ 127562.155844920809614, 485923.608993691916112 ], [ 127565.758615934115369, 485944.306858701398596 ], [ 127507.813446483763983, 485995.300086907518562 ], [ 127488.279102663174854, 485982.268280321150087 ], [ 127469.936355627112789, 485970.387081659166142 ] ] ] ] } },
{ "type": "Feature", "properties": { "source_id": "parks_182", "name": "Piet Wiedijkpark", "category": "park", "subtype": "park", "source": "osm", "acquired_at": "2026-08-12T17:41:01.510895+00:00", "area_sqm": 82975.643570280823 }, "geometry": { "type": "MultiPolygon", "coordinates": [ [ [ [ 116167.430394509457983, 485647.995927249023225 ], [ 116254.951918272738112, 485659.180729331972543 ], [ 116254.663066636450822, 485555.524818880599923 ], [ 116219.020701280765934, 485530.646731117216405 ], [ 116247.090558552736184, 485428.348200429114513 ], [ 116283.490211803320562, 485316.871615231269971 ], [ 116329.535002267424716, 485176.15622104133945 ], [ 116369.149777599581284, 485071.053137365204748 ], [ 116370.468553201470058, 485035.826233763131313 ], [ 116207.807522717746906, 485033.818947841937188 ], [ 116209.326890966622159, 485061.568595931574237 ], [ 116232.25221291797061, 485075.197026190464385 ], [ 116198.814688074446167, 485191.757899580930825 ], [ 116184.530668020888697, 485187.864482011471409 ], [ 116143.878642957904958, 485317.245036641776096 ], [ 116102.506591591562028, 485446.620523484481964 ], [ 116066.119597568133031, 485559.923232603003271 ], [ 116186.472511070314795, 485592.623392483044881 ], [ 116167.430394509457983, 485647.995927249023225 ] ] ] ] } },
{ "type": "Feature", "properties": { "source_id": "parks_183", "name": "Darwinplantsoen", "category": "park", "subtype": "park", "source": "osm", "acquired_at": "2026-08-12T17:41:01.510895+00:00", "area_sqm": 45506.143281215656 }, "geometry": { "type": "MultiPolygon", "coordinates": [ [ [ [ 123937.51948666635144, 484270.954646917176433 ], [ 123933.490975787804928, 484275.096866414067335 ], [ 123930.522476651822217, 484272.255972651822958 ], [ 123930.159088655520463, 484271.902203618956264 ], [ 123928.80494303922751, 484273.290434045949951 ], [ 123929.154562816023827, 484273.622036158980336 ], [ 123926.947578666979098, 484275.9280223431997 ], [ 123923.96882775828999, 484279.039988361066207 ], [ 123925.051967274397612, 484280.067958232422825 ], [ 123925.90884081524564, 484280.874817534466274 ], [ 123926.237877940919134, 484281.184295506333001 ], [ 123926.573869123720215, 484281.515983176941518 ], [ 123926.998863628818071, 484281.913871240685694 ], [ 123926.545188193587819, 484282.37292050110409 ], [ 123897.769070905211265, 484311.750530756544322 ], [ 123875.020410897283, 484335.159788281482179 ], [ 123846.983986082486808, 484363.954451910220087 ], [ 123846.545223694018205, 484363.534404083737172 ], [ 123846.195534422367928, 484363.191681496798992 ], [ 123845.887009793616016, 484362.893206151959021 ], [ 123842.877136574912583, 484359.974738597229589 ], [ 123840.365286282336456, 484362.549728784128092 ], [ 123844.033373341662809, 484366.109392423124518 ], [ 123844.479019892809447, 484366.540523313276935 ], [ 123844.235260209417902, 484366.786848646646831 ], [ 123843.570162258518394, 484366.134567723551299 ], [ 123842.290599788248073, 484367.455591762263793 ], [ 123840.977178631961579, 484368.810209877032321 ], [ 123841.662788722809637, 484369.473487775248941 ], [ 123830.99268244340783, 484380.433865016500931 ], [ 123813.776520956904278, 484398.245144226355478 ], [ 123795.064377938135294, 484417.612549959798343 ], [ 123780.418839273421327, 484432.414621333708055 ], [ 123779.038438789109932, 484433.947707228770014 ], [ 123778.520942405419191, 484435.085903705738019 ], [ 123778.25570105452789, 484436.244759101420641 ], [ 123778.247348164426512, 484437.079315810755361 ], [ 123778.441310393376625, 484438.658083797781728 ], [ 123778.653815233759815, 484439.936313170706853 ], [ 123779.327281263147597, 484441.91261206852505 ], [ 123783.123462902294705, 484452.803928921872284 ], [ 123781.899005263563595, 484453.134342858335003 ], [ 123781.314067154526128, 484453.304940803092904 ], [ 123780.74943004657689, 484453.453157062816899 ], [ 123780.246047486434691, 484453.589859480271116 ], [ 123781.94091842364287, 484459.765602513798513 ], [ 123783.444250563843525, 484459.355538981151767 ], [ 123787.475475278799422, 484474.017331649956759 ], [ 123787.623909665126121, 484474.862024298810866 ], [ 123787.810280322213657, 484476.318446782475803 ], [ 123787.757808630645741, 484476.641453234595247 ], [ 123787.589150123327272, 484476.909560321073513 ], [ 123787.324886954855174, 484477.144891431555152 ], [ 123786.950477385078557, 484477.202891114808153 ], [ 123786.548249956671498, 484477.172052877955139 ], [ 123786.206292350456351, 484476.973932987020817 ], [ 123785.266819460419356, 484476.034099120297469 ], [ 123781.312869980814867, 484472.520792471186724 ], [ 123773.870476924290415, 484465.836173868097831 ], [ 123758.992233225304517, 484452.433548521716148 ], [ 123744.121356493487838, 484439.131061523687094 ], [ 123727.064082090568263, 484423.839652391558047 ], [ 123724.89968386729015, 484422.084208575892262 ], [ 123711.591011264259578, 484410.162767059577163 ], [ 123697.460318293728051, 484395.420383930264506 ], [ 123697.968332661213935, 484394.938715459429659 ], [ 123697.317552007414633, 484394.397630535881035 ], [ 123698.751674572791671, 484392.741787422448397 ], [ 123701.275794857167057, 484389.966365630622022 ], [ 123703.258325939328643, 484387.750712800072506 ], [ 123702.997914853796829, 484387.518701761960983 ], [ 123708.600614244845929, 484381.285621447546873 ], [ 123712.707939589061425, 484376.71990088338498 ], [ 123721.328211463827756, 484367.074072565766983 ], [ 123728.703545670388849, 484358.826981246296782 ], [ 123733.305020782849169, 484353.735194045759272 ], [ 123741.072103732090909, 484346.008597615873441 ], [ 123748.059610246651573, 484338.921169075474609 ], [ 123755.029637778556207, 484331.221891807159409 ], [ 123771.323123116831994, 484314.05046641943045 ], [ 123781.829565063977498, 484303.068742613366339 ], [ 123791.639966741306125, 484293.003830176487099 ], [ 123801.371798969994416, 484282.360844817594625 ], [ 123809.858586786591331, 484273.105453605647199 ], [ 123815.346554744435707, 484267.006742914789356 ], [ 123821.61443984847574, 484260.313399602542631 ], [ 123834.09918790969823, 484247.472268409153912 ], [ 123857.280685310717672, 484221.345180778007489 ], [ 123889.109694270038744, 484185.427859329443891 ], [ 123899.476255629357183, 484173.790797800582368 ], [ 123909.738529747453867, 484162.89990469859913 ], [ 123918.227828056813451, 484153.978490563691594 ], [ 123929.553871305965004, 484142.101795652764849 ], [ 123940.95112067568698, 484130.70312819321407 ], [ 123951.663322363194311, 484119.809495513385627 ], [ 123960.656053666723892, 484110.729217954736669 ], [ 123967.306918040820165, 484104.18943205231335 ], [ 123972.759275728167268, 484098.869994573586155 ], [ 123976.893744468543446, 484095.294606517767534 ], [ 123988.395763752894709, 484085.352992018451914 ], [ 123999.567456721444614, 484074.890522672387306 ], [ 124008.549339012359269, 484067.312507991562597 ], [ 124015.269586375681683, 484060.950380186492112 ], [ 124021.818607110762969, 484055.535105615621433 ], [ 124024.563167636864819, 484053.081145695527084 ], [ 124035.435573179507628, 484041.59697910345858 ], [ 124042.172428829420824, 484034.611689130018931 ], [ 124044.31866881318274, 484036.723439635767136 ], [ 124046.370547668921063, 484034.652140966849402 ], [ 124047.158304705968476, 484034.213263192563318 ], [ 124048.340811972258962, 484033.694025132630486 ], [ 124049.571926912467461, 484033.31912996887695 ], [ 124050.796785269529209, 484033.033287966041826 ], [ 124051.961359319422627, 484032.91472453600727 ], [ 124053.031019041620311, 484032.87464295612881 ], [ 124053.937341057840968, 484032.868964992114343 ], [ 124054.94045941348304, 484033.085214921273291 ], [ 124055.814103117270861, 484033.302276128611993 ], [ 124056.710559794693836, 484033.897502573498059 ], [ 124057.376091640995583, 484034.616569462057669 ], [ 124057.838235277609783, 484035.503811038506683 ], [ 124058.138225914968643, 484036.61460247670766 ], [ 124058.149098164707539, 484038.350300453195814 ], [ 124058.14977210543293, 484041.721688054909464 ], [ 124058.353903399780393, 484044.936027362244204 ], [ 124058.760864430834772, 484047.893181970168371 ], [ 124059.187850128204445, 484050.783450961578637 ], [ 124059.846874167778878, 484053.727900130266789 ], [ 124060.662141248874832, 484056.593483834119979 ], [ 124061.572251717647305, 484059.369460003392305 ], [ 124062.685608879197389, 484061.955009397526737 ], [ 124063.681308234576136, 484064.252001559594646 ], [ 124064.702801023377106, 484066.315171558293514 ], [ 124065.784786462274496, 484068.244442469149362 ], [ 124066.550312627572566, 484069.697246992203873 ], [ 124067.748141381045571, 484071.625792892766185 ], [ 124070.765159806789597, 484075.679275633825455 ], [ 124073.269619099795818, 484078.411891234165523 ], [ 124073.53719140519388, 484078.699510355188977 ], [ 124082.142314560740488, 484087.124192463466898 ], [ 124081.966255035251379, 484087.303321744315326 ], [ 124081.566783604197553, 484087.717510249465704 ], [ 124086.249481390390429, 484092.23902514151996 ], [ 124087.127082134655211, 484093.090289306652267 ], [ 124089.464985023005283, 484095.345507023623213 ], [ 124090.452241084189154, 484096.296225945930928 ], [ 124093.866539314010879, 484099.590620736649726 ], [ 124094.284721308125881, 484099.988565708394162 ], [ 124094.600130962266121, 484100.29814007144887 ], [ 124095.073245369203505, 484100.762501654739026 ], [ 124095.472716853313614, 484100.34831423551077 ], [ 124096.610095434472896, 484101.331475269049406 ], [ 124096.41387126853806, 484101.555237016873434 ], [ 124096.811261784285307, 484101.897678747016471 ], [ 124097.202673174921074, 484102.373678390344139 ], [ 124097.383257139023044, 484102.917757246410474 ], [ 124097.467744047084125, 484103.351170230191201 ], [ 124097.473382175521692, 484104.252398165990598 ], [ 124097.375900145576452, 484105.00962404749589 ], [ 124097.161599686543923, 484105.611806867062114 ], [ 124096.769708533916855, 484106.148340505780652 ], [ 124096.031469020977966, 484106.876195041986648 ], [ 124087.876916351626278, 484114.90506810619263 ], [ 124086.203494550849427, 484113.202027857303619 ], [ 124078.226976685633417, 484121.363323437224608 ], [ 124080.667851456106291, 484123.740286211599596 ], [ 124069.312545190157834, 484135.360899817198515 ], [ 124043.007978201188962, 484162.496824527916033 ], [ 124023.980929989673314, 484181.920947130944114 ], [ 124019.607202746643452, 484177.764734334079549 ], [ 124019.223860064550536, 484177.488970923644956 ], [ 124017.950806248147273, 484178.77652725786902 ], [ 124016.623657852585893, 484180.131183502497151 ], [ 124016.993930297277984, 484180.496042367129121 ], [ 124021.279211788001703, 484184.675060984445736 ], [ 124002.199985874176491, 484204.444524920603726 ], [ 123990.201823416864499, 484216.725835352845024 ], [ 123988.949299810919911, 484218.024397223489359 ], [ 123975.651966004428687, 484231.760372957098298 ], [ 123941.486887051854865, 484266.846195188059937 ], [ 123937.51948666635144, 484270.954646917176433 ] ] ] ] } },
{ "type": "Feature", "properties": { "source_id": "parks_184", "name": "Galileïplantsoen", "category": "park", "subtype": "park", "source": "osm", "acquired_at": "2026-08-12T17:41:01.510895+00:00", "area_sqm": 23111.280073530783 }, "geometry": { "type": "MultiPolygon", "coordinates": [ [ [ [ 124302.093174278197694, 485054.310406120261177 ], [ 124338.527219784038607, 485017.532783345784992 ], [ 124558.160397052735789, 485215.041861376783345 ], [ 124605.228981690626824, 485261.050209962937515 ], [ 124616.293977632580209, 485274.445447715581395 ], [ 124614.546587907825597, 485288.308966581302229 ], [ 124580.773568009957671, 485323.521562426409218 ], [ 124372.318206873489544, 485126.865665116987657 ], [ 124302.093174278197694, 485054.310406120261177 ] ] ] ] } },
{ "type": "Feature", "properties": { "source_id": "parks_185", "name": "Hortusplantsoen", "category": "park", "subtype": "park", "source": "osm", "acquired_at": "2026-08-12T17:41:01.510895+00:00", "area_sqm": 1551.4064062317707 }, "geometry": { "type": "MultiPolygon", "coordinates": [ [ [ [ 122348.8305020830594, 486566.738847905071452 ], [ 122331.627348355847062, 486583.520597832743078 ], [ 122313.801810119926813, 486594.754262200382072 ], [ 122296.59266557416413, 486603.402492769411765 ], [ 122291.541937848640373, 486605.93948490510229 ], [ 122262.97756989680056, 486617.511546750029083 ], [ 122247.260822530835867, 486623.16807363339467 ], [ 122242.752701825258555, 486622.274464031506795 ], [ 122196.307597526363679, 486613.102867908892222 ], [ 122196.10714928447851, 486609.588133544428274 ], [ 122239.496619015350007, 486602.724046037241351 ], [ 122279.418925375037361, 486601.969676823646296 ], [ 122295.668517960744794, 486598.590715200465638 ], [ 122331.218138171781902, 486576.235259011387825 ], [ 122348.8305020830594, 486566.738847905071452 ] ] ] ] } },
{ "type": "Feature", "properties": { "source_id": "parks_186", "name": "Prins Bernhardpark", "category": "park", "subtype": "park", "source": "osm", "acquired_at": "2026-08-12T17:41:01.510895+00:00", "area_sqm": 22277.126777735335 }, "geometry": { "type": "MultiPolygon", "coordinates": [ [ [ [ 123600.074828738434007, 484535.300589863327332 ], [ 123598.760316266663722, 484536.466126356681343 ], [ 123597.185466856550192, 484537.410783969215117 ], [ 123595.596566064778017, 484538.288771083112806 ], [ 123594.047204127826262, 484538.955099548911676 ], [ 123592.40103500825353, 484539.399509612936527 ], [ 123590.781413628777955, 484539.732484162552282 ], [ 123583.15390287428454, 484540.392966248560697 ], [ 123574.912590120118693, 484540.968351683812216 ], [ 123573.612650317983935, 484541.210284082684666 ], [ 123572.313701812949148, 484541.607984663976822 ], [ 123571.085015037679113, 484542.339040222985204 ], [ 123569.790881682871259, 484543.493328113458119 ], [ 123566.049221289271372, 484547.656281804782338 ], [ 123565.699737677394296, 484547.346957777568605 ], [ 123556.807113274844596, 484556.928039519058075 ], [ 123545.619483221496921, 484568.8492387997685 ], [ 123532.956233153905487, 484582.304226832697168 ], [ 123528.142891763432999, 484587.230655426275916 ], [ 123522.852815086429473, 484592.193507340445649 ], [ 123517.243144704742008, 484597.258542799158022 ], [ 123511.381309247401077, 484602.314065731945448 ], [ 123505.381438863187213, 484607.092307814222295 ], [ 123499.697138264979003, 484611.134180608962197 ], [ 123495.666009034059243, 484613.69678651902359 ], [ 123491.049833057812066, 484616.407775625237264 ], [ 123483.534673221845878, 484620.772896390524693 ], [ 123473.999854105350096, 484625.774016971758101 ], [ 123464.000732931875973, 484630.622346621996257 ], [ 123455.799424062744947, 484634.235273807658814 ], [ 123444.812708042474696, 484638.077418112312444 ], [ 123437.099788855572115, 484640.274161660461687 ], [ 123439.946066658361815, 484643.171175831637811 ], [ 123442.55230086845404, 484645.824937365425285 ], [ 123437.421834191074595, 484649.084473131981213 ], [ 123449.827528017194709, 484668.977687474281993 ], [ 123451.597735288407421, 484671.959469653374981 ], [ 123452.513819006751874, 484673.50023337546736 ], [ 123458.857614141539671, 484684.185882931167725 ], [ 123464.767511311263661, 484694.151073677872773 ], [ 123468.788173850654857, 484700.634539553022478 ], [ 123469.394086532629444, 484701.620950169861317 ], [ 123470.929343282201444, 484704.092409684031736 ], [ 123477.118120659259148, 484713.989074445562437 ], [ 123483.485018454623059, 484724.040384486841504 ], [ 123489.898307183641009, 484733.891125585301779 ], [ 123496.390280296036508, 484744.331089764775243 ], [ 123499.570393294416135, 484749.373467511963099 ], [ 123505.062597499287222, 484757.972782685770653 ], [ 123510.299776836953242, 484766.117534054035787 ], [ 123511.038820753485197, 484766.613524775486439 ], [ 123511.816900754463859, 484766.819971726217773 ], [ 123512.566521004380775, 484766.837445839017164 ], [ 123513.205778438976267, 484766.644215805630665 ], [ 123513.864554102212423, 484766.306213924544863 ], [ 123514.528724647374474, 484765.745643138128798 ], [ 123524.105280212155776, 484756.638568334747106 ], [ 123530.283339891131618, 484752.048365349532105 ], [ 123530.166518511861796, 484751.893335523142014 ], [ 123534.263780455221422, 484747.961747286608443 ], [ 123537.852448507372173, 484744.411711278953589 ], [ 123541.89471891381254, 484740.402592746191658 ], [ 123541.654688089794945, 484740.159333615796641 ], [ 123545.107877030211966, 484736.732560003758408 ], [ 123546.001658534922171, 484735.847856016480364 ], [ 123551.425250626314664, 484730.472487390972674 ], [ 123546.542300788976718, 484725.518808357184753 ], [ 123543.552128021779936, 484722.478002239309717 ], [ 123508.225780994544039, 484686.630275747505948 ], [ 123504.378756242338568, 484683.861998339067213 ], [ 123497.535965906223282, 484672.912432440789416 ], [ 123499.273356067758868, 484671.822058114048559 ], [ 123496.000146212652908, 484666.079290795780253 ], [ 123499.34731851342076, 484664.188650587806478 ], [ 123509.542370924653369, 484658.015062026621308 ], [ 123518.321851495857118, 484652.106432559085079 ], [ 123524.875779024383519, 484647.669603026355617 ], [ 123532.48995592155552, 484641.735045494919177 ], [ 123542.128029658386367, 484633.68465706036659 ], [ 123551.959408689464908, 484624.954326625680551 ], [ 123561.113863413091167, 484615.850016430544201 ], [ 123570.894234166262322, 484605.517800702189561 ], [ 123580.806743525434285, 484594.528287461725995 ], [ 123591.12535925427801, 484583.102269813709427 ], [ 123601.720555719759432, 484571.229447071906179 ], [ 123612.404098973143846, 484559.311579391302075 ], [ 123613.324190044600982, 484558.270946900127456 ], [ 123623.181743436551187, 484547.181729945354164 ], [ 123633.979529078351334, 484534.996143198572099 ], [ 123642.665880484768422, 484525.093837006250396 ], [ 123644.942419927829178, 484524.12248592072865 ], [ 123646.612218431546353, 484524.178645995969418 ], [ 123648.99227378302021, 484524.486212800547946 ], [ 123651.462602747895289, 484525.060249118134379 ], [ 123653.953513673448469, 484525.656409491377417 ], [ 123655.878033648899873, 484526.122644835733809 ], [ 123657.689896390686044, 484527.090298355557024 ], [ 123659.524105959950248, 484528.358232246129774 ], [ 123661.838596272544237, 484530.146075384924188 ], [ 123663.65391537125106, 484531.658918562403414 ], [ 123666.646527306758799, 484535.078089810966048 ], [ 123667.113636817462975, 484536.744134898588527 ], [ 123667.564186840056209, 484539.022254843555856 ], [ 123667.731561206135666, 484540.701328202034347 ], [ 123667.304624136333587, 484541.071218479017261 ], [ 123671.324935844051652, 484545.374010866158642 ], [ 123674.756365757217281, 484549.224345748487394 ], [ 123675.332922685338417, 484548.809000280394685 ], [ 123676.101393481018022, 484548.57046529854415 ], [ 123676.877877653663745, 484548.521033906959929 ], [ 123677.662375114538008, 484548.660706105118152 ], [ 123678.352750232443213, 484549.001256331743207 ], [ 123678.832675470461254, 484549.465535187919158 ], [ 123679.135372855598689, 484549.919811252213549 ], [ 123679.404142608982511, 484550.396555935731158 ], [ 123679.54338074476982, 484550.862995323026553 ], [ 123679.566996999870753, 484551.36354809027398 ], [ 123679.536032806383446, 484551.853320255235303 ], [ 123679.470999943150673, 484552.34330846631201 ], [ 123679.370981179468799, 484552.6888711405918 ], [ 123678.722295634273905, 484553.54974247305654 ], [ 123679.080419898833497, 484554.148314437596127 ], [ 123679.798925964088994, 484555.701499272952788 ], [ 123681.168434470702778, 484558.9084378099069 ], [ 123683.189013365466963, 484563.780256888305303 ], [ 123683.31723363357014, 484564.658455005439464 ], [ 123683.206127176294103, 484565.40464994427748 ], [ 123682.868898229236947, 484565.951997662486974 ], [ 123682.131565003684955, 484566.802303946460597 ], [ 123679.771993558533723, 484569.721341163560282 ], [ 123679.214992995024659, 484571.071206886030268 ], [ 123678.809376039440394, 484572.653773844940588 ], [ 123678.795285197353223, 484573.65526830079034 ], [ 123681.59064685991325, 484578.210625248670112 ], [ 123681.128514694559271, 484578.402709978050552 ], [ 123684.001796970784198, 484581.277438946592156 ], [ 123691.039059908711351, 484583.180000182357617 ], [ 123690.185810142604169, 484586.167371002957225 ], [ 123687.754367989167804, 484588.497143815213349 ], [ 123687.573290589003591, 484588.954487477254588 ], [ 123687.556164878071286, 484589.477552059281152 ], [ 123687.783344229625072, 484589.843293650017586 ], [ 123689.545958073751535, 484591.64577521616593 ], [ 123690.862789722945308, 484592.994887634238694 ], [ 123693.083923778060125, 484590.811096820863895 ], [ 123701.765196990745608, 484582.25525945116533 ], [ 123705.171828769496642, 484578.973543009604327 ], [ 123706.296040050598094, 484576.807835560524836 ], [ 123707.969483661436243, 484574.215833106834907 ], [ 123709.287935110507533, 484572.594105147232767 ], [ 123710.878301435091998, 484570.870514423004352 ], [ 123720.863767169852508, 484560.581807492882945 ], [ 123731.467704716778826, 484550.033291152736638 ], [ 123739.81770757328195, 484541.869054950540885 ], [ 123741.863489256851608, 484539.964564529014751 ], [ 123743.274975883236038, 484539.043240564293228 ], [ 123744.890875679076998, 484538.120623439201154 ], [ 123746.670587842570967, 484537.241477155592293 ], [ 123748.560024759717635, 484536.472904453985393 ], [ 123750.346692715553218, 484535.61596894368995 ], [ 123750.175363200251013, 484535.461278865288477 ], [ 123753.500153683140525, 484532.157860945677385 ], [ 123750.52383277885383, 484529.150223162490875 ], [ 123749.695776652632048, 484528.587999584735371 ], [ 123748.588285419988097, 484528.016417514765635 ], [ 123747.200514132287935, 484527.301961837161798 ], [ 123745.763356281255255, 484526.320777755521704 ], [ 123744.298590718099149, 484525.28413519350579 ], [ 123743.148243919000379, 484524.401277348690201 ], [ 123741.641045431664679, 484523.120116237318143 ], [ 123736.664664988726145, 484518.478390414384194 ], [ 123729.529181670455728, 484511.836402381071821 ], [ 123722.133838813999319, 484505.051422823278699 ], [ 123714.629807103323401, 484498.32277632021578 ], [ 123706.988209714807454, 484491.394731741573196 ], [ 123700.970986843283754, 484485.958512351324316 ], [ 123699.305637443088926, 484484.455831847153604 ], [ 123695.392163296608487, 484480.886703394702636 ], [ 123691.684297642888851, 484477.505428956123069 ], [ 123690.080831394705456, 484476.091373040399048 ], [ 123684.028514467587229, 484470.499622512958013 ], [ 123687.526727153948741, 484466.605344775773119 ], [ 123689.820824420588906, 484464.098415982094593 ], [ 123690.172112157422816, 484463.617740105837584 ], [ 123690.373354017123347, 484463.115761967957951 ], [ 123690.437542901636334, 484462.492258701240644 ], [ 123690.283899870526511, 484461.90351645112969 ], [ 123689.994050116249127, 484461.326764363213442 ], [ 123684.874538595919148, 484456.697124398895539 ], [ 123678.425646930380026, 484450.896487369609531 ], [ 123671.038580257692956, 484444.367445857264102 ], [ 123661.706535711011384, 484436.304141332628205 ], [ 123660.774551168680773, 484435.47555066307541 ], [ 123651.166823575724266, 484446.251553962239996 ], [ 123644.075531609676545, 484454.118652755976655 ], [ 123642.796680966552231, 484455.53986529877875 ], [ 123642.070036852310295, 484457.002079143130686 ], [ 123641.534040112790535, 484458.440829245140776 ], [ 123641.291181084015989, 484459.899971706559882 ], [ 123641.279993479169207, 484461.357643284078222 ], [ 123641.589801929090754, 484464.003836100513581 ], [ 123642.222659906576155, 484470.308669442485552 ], [ 123643.199533608727506, 484479.28173216979485 ], [ 123643.373769760582945, 484482.040053090022411 ], [ 123643.182493313390296, 484484.110837764514145 ], [ 123642.711002482959884, 484486.049880800943356 ], [ 123641.926288038856001, 484488.024292691028677 ], [ 123640.84141287492821, 484489.944976870436221 ], [ 123639.212139515235322, 484491.980385153845418 ], [ 123635.855659922657651, 484495.651263271516655 ], [ 123624.421667471411638, 484508.53074261371512 ], [ 123611.896656163560692, 484522.351827402424533 ], [ 123600.074828738434007, 484535.300589863327332 ] ] ] ] } },
{ "type": "Feature", "properties": { "source_id": "parks_187", "name": "Snodenhoekpark", "category": "park", "subtype": "park", "source": "osm", "acquired_at": "2026-08-12T17:41:01.510895+00:00", "area_sqm": 12223.23095746734 }, "geometry": { "type": "MultiPolygon", "coordinates": [ [ [ [ 126891.986429952929029, 478052.326978066761512 ], [ 126893.073685678347829, 478088.782471674436238 ], [ 126897.221548984540277, 478093.509942394448444 ], [ 126896.373087268118979, 478148.335226851166226 ], [ 126894.157034463889431, 478235.045829703507479 ], [ 126869.995334851555526, 478233.380648766760714 ], [ 126867.72958990650659, 478284.864922633802053 ], [ 126868.403294118426857, 478298.958423347154167 ], [ 126863.84764547625673, 478310.077494687051512 ], [ 126857.067749734647805, 478321.17584312724648 ], [ 126847.239231730025494, 478325.259571989416145 ], [ 126829.352527191411355, 478323.213965612463653 ], [ 126820.985081621183781, 478316.696956113737542 ], [ 126814.406581439834554, 478306.84293141332455 ], [ 126813.119606607375317, 478296.502576463099103 ], [ 126837.213592630432686, 478223.998319600999821 ], [ 126812.90979935224459, 478215.36900950234849 ], [ 126884.184185553545831, 478068.493665034824517 ], [ 126891.986429952929029, 478052.326978066761512 ] ] ] ] } },
{ "type": "Feature", "properties": { "source_id": "parks_188", "name": null, "category": "park", "subtype": "park", "source": "osm", "acquired_at": "2026-08-12T17:41:01.510895+00:00", "area_sqm": 960.23544453556497 }, "geometry": { "type": "MultiPolygon", "coordinates": [ [ [ [ 123023.243244808079908, 488618.800880146503914 ], [ 123039.621370936336461, 488533.218550203251652 ], [ 123056.233876766244066, 488536.326614707999397 ], [ 123050.844790712144459, 488564.167422112135682 ], [ 123041.428152167878579, 488565.14080858923262 ], [ 123031.240998369379668, 488620.573848842759617 ], [ 123023.243244808079908, 488618.800880146503914 ] ] ] ] } },
{ "type": "Feature", "properties": { "source_id": "parks_189", "name": null, "category": "park", "subtype": "park", "source": "osm", "acquired_at": "2026-08-12T17:41:01.510895+00:00", "area_sqm": 45786.51449594109 }, "geometry": { "type": "MultiPolygon", "coordinates": [ [ [ [ 127705.457203885802301, 485645.682567799754906 ], [ 127712.352303381994716, 485491.751435623620637 ], [ 127862.95717165057431, 485358.725544286542572 ], [ 127902.277571531638387, 485332.072664999053814 ], [ 127955.124737124584499, 485355.683037085749675 ], [ 127961.093526411073981, 485365.775617508625146 ], [ 127956.048043911010609, 485370.020252547285054 ], [ 127969.686753812246025, 485389.840057991386857 ], [ 127883.742702039467986, 485469.076923325192183 ], [ 127942.598755674640415, 485540.20954757736763 ], [ 127902.758411073067691, 485574.88730866991682 ], [ 127877.211270759144099, 485563.689488063275348 ], [ 127861.132607485007611, 485568.451031505479477 ], [ 127761.536850966251222, 485661.695731043815613 ], [ 127705.457203885802301, 485645.682567799754906 ] ] ] ] } },
{ "type": "Feature", "properties": { "source_id": "parks_190", "name": "Noorderpark", "category": "park", "subtype": "park", "source": "osm", "acquired_at": "2026-08-12T17:41:01.510895+00:00", "area_sqm": 332671.31017020193 }, "geometry": { "type": "MultiPolygon", "coordinates": [ [ [ [ 123115.634775068931049, 490194.49676461762283 ], [ 123020.816510125936475, 490146.119180431531277 ], [ 123051.265109808882698, 490088.952369711070787 ], [ 123087.818901894919691, 489942.230783253209665 ], [ 123088.742888364038663, 489888.315248236584011 ], [ 123068.4842124026909, 489802.836442133353557 ], [ 123055.675742986233672, 489690.671815170557238 ], [ 123039.639863128366414, 489619.430407162173651 ], [ 123025.688250907871407, 489575.758975051634479 ], [ 123012.146201885276241, 489546.994889511843212 ], [ 123011.919115032433183, 489462.643815692223143 ], [ 122989.503539305587765, 489388.272817668679636 ], [ 122935.716775050343131, 489305.248787097341847 ], [ 122936.46926184502081, 489304.765441969851963 ], [ 122936.426755365915596, 489304.509801091800909 ], [ 122943.558839624020038, 489299.99046005011769 ], [ 122944.280184242641553, 489299.952391852042638 ], [ 122945.042010463424958, 489299.85842652322026 ], [ 122945.612584831338609, 489299.665562611888163 ], [ 122946.11443669059372, 489299.373003828979563 ], [ 122948.722117668628925, 489297.342102692753542 ], [ 122951.452113363309763, 489295.277027779724449 ], [ 122955.538129142281832, 489292.368632778525352 ], [ 122961.198650287144119, 489288.715643531293608 ], [ 122974.817971249722177, 489279.948275041999295 ], [ 122986.675477460143156, 489272.427456645178609 ], [ 122991.923186098822043, 489269.144367740431335 ], [ 122998.10360874964681, 489263.774515894067008 ], [ 123010.532566985013545, 489253.03439423040254 ], [ 123017.093010141004925, 489247.472946151916403 ], [ 123023.581761683701188, 489242.401552268420346 ], [ 123032.342237553326413, 489235.96909811720252 ], [ 123037.786200805290719, 489232.495630874764174 ], [ 123057.574292945530033, 489219.649489112431183 ], [ 123072.238916180154774, 489210.352664268400986 ], [ 123079.717641742419801, 489205.708884416380897 ], [ 123083.649614565671072, 489203.168779440573417 ], [ 123087.088831859335187, 489201.277221500175074 ], [ 123090.352572823336232, 489199.62046447605826 ], [ 123092.069643622089643, 489198.808225923334248 ], [ 123093.746806584473234, 489198.140894867072348 ], [ 123096.788572518780711, 489196.897270542511251 ], [ 123100.816683025244856, 489195.536001470754854 ], [ 123102.671917995088734, 489195.034424385346938 ], [ 123105.199999858014053, 489194.3615951280226 ], [ 123108.021013414705521, 489193.720253812207375 ], [ 123109.836197010939941, 489193.341333485266659 ], [ 123111.408474706040579, 489193.29778890410671 ], [ 123113.255059464718215, 489193.564022867532913 ], [ 123114.284620538703166, 489193.813284901669249 ], [ 123115.703709548266488, 489194.293692788342014 ], [ 123117.213019451592118, 489195.040561835863627 ], [ 123117.889102314060437, 489195.369997040426824 ], [ 123119.098241985062486, 489196.018665244220756 ], [ 123120.650120509511908, 489197.032304094929714 ], [ 123121.9028356251074, 489198.103510842018295 ], [ 123122.875730960557121, 489199.065257837122772 ], [ 123124.267898749312735, 489200.647398108965717 ], [ 123127.928478657951928, 489205.619691221683752 ], [ 123131.328289022931131, 489210.270993690704927 ], [ 123135.098202816399862, 489215.309346725174692 ], [ 123149.07326146948617, 489234.145827035070397 ], [ 123157.121774061437463, 489244.998157213616651 ], [ 123171.942139437160222, 489265.097703801351599 ], [ 123177.629130503424676, 489272.905427155084908 ], [ 123180.18352243177651, 489276.31601229426451 ], [ 123183.862628456728999, 489282.067105178663041 ], [ 123186.01162271478097, 489289.118781042459887 ], [ 123189.989359715822502, 489302.122644844115712 ], [ 123205.609962440037634, 489338.695965694787446 ], [ 123206.749417777726194, 489341.214411652472336 ], [ 123209.804450270850793, 489339.926263383764308 ], [ 123210.02191985193349, 489339.869227716699243 ], [ 123212.001521589336335, 489343.88438242994016 ], [ 123213.047747807475389, 489345.669059890205972 ], [ 123214.77877169752901, 489348.083554160839412 ], [ 123216.768105776543962, 489350.440750506124459 ], [ 123218.776067141821841, 489352.519656905089505 ], [ 123221.035173010401195, 489354.485677827673499 ], [ 123222.922679475916084, 489355.830991192779038 ], [ 123222.005442797555588, 489357.160992872260977 ], [ 123221.579749124983209, 489357.653315813804511 ], [ 123225.015478399858694, 489360.513031648821197 ], [ 123226.886572235103813, 489361.424505897623021 ], [ 123236.918727304335334, 489366.411476672801655 ], [ 123240.603941344626946, 489367.845362656982616 ], [ 123254.027938853134401, 489370.996857673570048 ], [ 123266.037763995293062, 489374.424530679942109 ], [ 123285.688824561162619, 489385.792161477089394 ], [ 123293.376810383648262, 489390.416006416082382 ], [ 123301.548067920462927, 489396.093806362710893 ], [ 123307.549933099362534, 489402.108235630963463 ], [ 123311.279020597008639, 489408.259667610458564 ], [ 123312.892430561565561, 489408.271556593477726 ], [ 123328.48334447054367, 489407.54832414543489 ], [ 123330.82446438621264, 489407.455405151995365 ], [ 123333.512243167468114, 489407.282374001166318 ], [ 123338.247511410765583, 489406.873664963117335 ], [ 123343.334818318820908, 489406.162276818999089 ], [ 123347.890035386997624, 489405.276278978271876 ], [ 123351.281678712082794, 489404.464511820289772 ], [ 123354.76697995068389, 489403.396229112986475 ], [ 123347.329083635209827, 489385.752295741753187 ], [ 123331.544758416159311, 489347.877745072066318 ], [ 123323.696788501227275, 489328.945768554229289 ], [ 123315.888673258508788, 489309.868899955763482 ], [ 123313.687774898688076, 489303.184687522239983 ], [ 123312.140752369203256, 489294.437812755175401 ], [ 123311.487772408683668, 489284.98420512402663 ], [ 123311.692891118378611, 489273.466622477630153 ], [ 123311.836977650265908, 489260.925764191313647 ], [ 123311.938760548626306, 489254.516058799985331 ], [ 123313.126505897875177, 489246.541622033342719 ], [ 123312.847408358633402, 489246.543414848856628 ], [ 123314.741165685423766, 489239.321067615121137 ], [ 123316.685456464008894, 489231.486421308421995 ], [ 123318.430108306609327, 489224.365174891485367 ], [ 123319.091757966132718, 489221.390063297760207 ], [ 123319.427229900320526, 489218.50606120203156 ], [ 123319.539971720296307, 489216.980962164292578 ], [ 123319.446208013672731, 489215.101130983268376 ], [ 123319.289677927677985, 489212.988039595074952 ], [ 123318.965199097205186, 489210.163910070783459 ], [ 123318.18241483924794, 489206.997792467765976 ], [ 123317.70342051651096, 489205.554381659894716 ], [ 123316.755668553218129, 489203.201582003151998 ], [ 123315.589152413842385, 489200.705538933631033 ], [ 123321.683334460685728, 489197.740044900565408 ], [ 123321.916069599261391, 489197.938833165797405 ], [ 123322.148590369324666, 489198.104242350673303 ], [ 123322.510521722608246, 489198.279947342874948 ], [ 123322.865502829867182, 489198.433443342510145 ], [ 123323.267849387659226, 489198.542127916007303 ], [ 123323.77187709644204, 489198.583398647024296 ], [ 123324.248175387183437, 489198.546959718049038 ], [ 123324.730995230973349, 489198.465971664059907 ], [ 123325.17927837089519, 489198.307317647151649 ], [ 123325.606639472578536, 489198.070910244830884 ], [ 123326.0061283466639, 489197.734540426987223 ], [ 123331.188152924834867, 489190.535595278255641 ], [ 123333.773253049555933, 489192.377179615024943 ], [ 123333.591097845172044, 489192.634265880158637 ], [ 123333.912542311882135, 489192.865865727770142 ], [ 123333.62906282156473, 489193.245997486577835 ], [ 123345.317481514779502, 489201.694126317976043 ], [ 123359.980883564450778, 489212.281803932855837 ], [ 123358.691964575176826, 489214.048109435068909 ], [ 123361.926946768406196, 489216.386246999609284 ], [ 123363.20905898467754, 489214.619985993718728 ], [ 123395.845905851791031, 489238.19992979784729 ], [ 123393.308615511457901, 489241.687755375751294 ], [ 123399.060395725304261, 489245.845717732678168 ], [ 123401.590951935140765, 489242.369065066974144 ], [ 123416.371260113024618, 489253.178696763527114 ], [ 123435.377952115188236, 489267.021203166164923 ], [ 123435.668099913586047, 489266.618780923599843 ], [ 123438.786861107655568, 489268.890951279783621 ], [ 123438.462890633003553, 489269.326970219786745 ], [ 123444.789111524252803, 489273.904129472095519 ], [ 123442.60435706244607, 489277.167138170509133 ], [ 123446.579276475065853, 489280.257221257081255 ], [ 123447.456171722777071, 489278.994281140097883 ], [ 123458.809074154924019, 489287.200033021392301 ], [ 123467.638137231668225, 489293.552637110231444 ], [ 123475.270445341229788, 489299.05613956839079 ], [ 123476.653759431937942, 489297.144612479314674 ], [ 123482.863831652153749, 489301.666928360355087 ], [ 123482.959629802964628, 489301.744204047485255 ], [ 123483.324018571991473, 489301.241168843174819 ], [ 123485.18516818502394, 489302.731399131997023 ], [ 123485.458877016106271, 489302.952186934940983 ], [ 123485.672742877461133, 489303.395893541455735 ], [ 123485.770531269372441, 489303.784707619459368 ], [ 123485.766922818846069, 489304.285437720711343 ], [ 123483.911413058041944, 489327.118407538568135 ], [ 123485.19341412288486, 489326.398100151563995 ], [ 123491.270362544208183, 489336.729479050554801 ], [ 123489.818753629981074, 489337.539882914454211 ], [ 123491.158423790460802, 489338.388090834021568 ], [ 123511.471745561953867, 489351.18774751375895 ], [ 123511.117005877254996, 489352.135792050161399 ], [ 123510.674129046383314, 489353.140033375355415 ], [ 123510.400009534554556, 489353.920660956762731 ], [ 123510.08022917053313, 489355.013131112325937 ], [ 123509.843270686847973, 489356.283101752516814 ], [ 123509.755642424075631, 489357.485358153528068 ], [ 123509.783734937431291, 489358.68687580578262 ], [ 123510.042984727144358, 489359.842410483455751 ], [ 123511.004453937828657, 489363.296714978758246 ], [ 123511.95330200335593, 489366.906875776534434 ], [ 123512.881727461033734, 489370.517167133919429 ], [ 123513.55104543599009, 489372.994176526204683 ], [ 123513.616357387494645, 489373.627988611406181 ], [ 123513.620973771845456, 489374.351202721649315 ], [ 123513.548652663841494, 489374.752230030659121 ], [ 123513.318987509584986, 489375.031866631645244 ], [ 123512.905673300818307, 489375.334929180738982 ], [ 123511.841791664090124, 489376.098344421887305 ], [ 123511.48279220124823, 489376.378806724213064 ], [ 123511.30106088516186, 489376.702644727367442 ], [ 123511.228811029446661, 489377.114798446127679 ], [ 123510.890682207551436, 489379.598238790233154 ], [ 123510.825807726156199, 489380.099360027932562 ], [ 123509.447831528494135, 489382.845355673634913 ], [ 123507.279107477676007, 489398.214219412999228 ], [ 123505.71880184787733, 489397.990518072678242 ], [ 123504.709389478171943, 489405.151511535223108 ], [ 123506.269692895308253, 489405.375212557788473 ], [ 123497.809335308425943, 489468.440451407339424 ], [ 123496.841682460770244, 489468.279729035624769 ], [ 123495.982533886810415, 489474.449478178226855 ], [ 123496.97039319902251, 489474.576690846821293 ], [ 123489.634868719105725, 489526.140756557579152 ], [ 123489.589566211841884, 489526.508231281302869 ], [ 123489.576236785360379, 489526.55282374843955 ], [ 123489.882830248054233, 489526.595372461597435 ], [ 123489.674534891411895, 489528.087698037095834 ], [ 123489.466381825041026, 489529.602276373654604 ], [ 123489.153052758425474, 489529.570897548517678 ], [ 123489.107821401950787, 489529.949498649279121 ], [ 123488.903473281403421, 489529.928550452168565 ], [ 123484.909015059820376, 489557.837902112398297 ], [ 123483.781554029541439, 489565.689520143321715 ], [ 123480.263166764518246, 489591.392723817378283 ], [ 123481.865551519760629, 489592.884606352658011 ], [ 123482.700955159976729, 489593.658146285393741 ], [ 123482.636939821386477, 489594.292784606688656 ], [ 123482.559737522213254, 489594.994268168346025 ], [ 123482.290631651470903, 489597.621919462399092 ], [ 123482.169692371709971, 489598.935658131435048 ], [ 123482.035637302440591, 489600.327368419617414 ], [ 123482.021847543452168, 489602.430427324026823 ], [ 123482.246668473162572, 489605.655771320511121 ], [ 123482.907158289002837, 489611.014682804176118 ], [ 123483.37616816625814, 489614.104944631690159 ], [ 123484.332437524164561, 489617.815195621049497 ], [ 123485.445473747051437, 489621.557825668540318 ], [ 123488.552540828473866, 489630.561833810526878 ], [ 123491.909613765514223, 489640.34312503185356 ], [ 123493.657740438167821, 489645.472553861327469 ], [ 123500.152527597238077, 489664.802883287658915 ], [ 123500.33220141257334, 489665.224555386870634 ], [ 123501.265385015823995, 489667.45508879161207 ], [ 123502.53550522722071, 489670.217558588890824 ], [ 123502.357750188501086, 489670.096298582910094 ], [ 123502.214596921956399, 489670.063832256942987 ], [ 123502.010609924560413, 489670.098515408055391 ], [ 123500.814554187018075, 489670.406577995279804 ], [ 123500.584193203394534, 489670.574951599992346 ], [ 123500.395169658251689, 489670.820949039887637 ], [ 123500.308956759341527, 489671.17755820590537 ], [ 123495.816143700765679, 489672.207667698094156 ], [ 123507.921140886930516, 489721.600255628000014 ], [ 123510.617037358111702, 489732.320435885456391 ], [ 123512.653784489186364, 489740.018327401427086 ], [ 123513.409835909042158, 489742.227740396338049 ], [ 123514.177866181911668, 489744.181159910978749 ], [ 123515.365144824027084, 489746.766132706950884 ], [ 123516.241226382204331, 489748.585340826946776 ], [ 123517.553424339639605, 489750.479653182497714 ], [ 123518.803794138817466, 489752.285345860815141 ], [ 123520.614573014274356, 489754.443520707834978 ], [ 123522.861750749332714, 489756.72130628710147 ], [ 123526.343964788073208, 489759.469665474374779 ], [ 123530.838583822071087, 489763.001572607143316 ], [ 123536.735705471262918, 489767.648346901056357 ], [ 123539.705639825551771, 489770.121812570956536 ], [ 123541.755838038312504, 489772.467624133860227 ], [ 123543.134813723387197, 489775.229410228610504 ], [ 123545.628796370045166, 489780.988330465042964 ], [ 123546.26443314430071, 489782.464145506266505 ], [ 123521.982071884645848, 489792.73335008486174 ], [ 123519.332014632760547, 489787.053325504239183 ], [ 123516.65685463148111, 489788.105196386110038 ], [ 123493.278433385552489, 489739.541208040260244 ], [ 123492.360862607747549, 489737.622127495589666 ], [ 123494.70252265802992, 489736.572373967035674 ], [ 123494.750026577297831, 489736.549816863145679 ], [ 123490.744706713579944, 489727.573795648873784 ], [ 123488.409778694811394, 489728.612381171144079 ], [ 123473.876995464204811, 489695.580671624513343 ], [ 123461.668236867917585, 489767.348904764628969 ], [ 123460.409478296001907, 489774.878693297912832 ], [ 123459.823476595891407, 489774.782299085636623 ], [ 123458.243513207242358, 489784.239084593195003 ], [ 123457.869844016982825, 489786.477967850631103 ], [ 123455.660303252894664, 489799.666270181303844 ], [ 123451.685406004384276, 489824.181856436014641 ], [ 123450.140077046627994, 489833.727438817790244 ], [ 123450.555768464153516, 489833.802667582698632 ], [ 123450.320060049911262, 489835.261790730175562 ], [ 123445.571412866614992, 489834.580051555531099 ], [ 123444.853811875684187, 489839.447069577407092 ], [ 123441.197183589480119, 489855.181557220523246 ], [ 123440.248742231255164, 489854.820440484152641 ], [ 123439.103697809434379, 489854.582977188518271 ], [ 123437.851103418099228, 489854.55761227972107 ], [ 123436.681111671772669, 489854.676367938111071 ], [ 123435.546433782670647, 489854.995180907601025 ], [ 123434.087113140412839, 489855.638750117097516 ], [ 123433.179041279829107, 489856.267664743936621 ], [ 123432.367398869027966, 489857.073991724755615 ], [ 123431.69245470277383, 489857.968458578689024 ], [ 123431.154636043240316, 489859.017823526402935 ], [ 123430.841144269157667, 489860.021245330222882 ], [ 123430.703123676066753, 489860.789880447089672 ], [ 123434.009971541934647, 489873.364293439022731 ], [ 123436.786986612860346, 489883.983776306384243 ], [ 123436.828138918892364, 489885.096196575846989 ], [ 123436.577186780777993, 489886.299500893277582 ], [ 123433.704176849685609, 489901.094326860969886 ], [ 123428.404168618129916, 489925.918843981751706 ], [ 123423.690922848210903, 489946.700569555163383 ], [ 123417.419391401985195, 489974.980641525064129 ], [ 123415.885695410339395, 489981.010082741850056 ], [ 123415.04032772219216, 489983.98636248143157 ], [ 123414.316158653469756, 489983.568180362810381 ], [ 123413.786235063656932, 489982.659173415449914 ], [ 123404.176567001530202, 489977.524493416713085 ], [ 123401.860694851595326, 489976.204109616810456 ], [ 123401.557692758433404, 489976.717885499179829 ], [ 123401.343884814908961, 489977.342358322523069 ], [ 123401.143903280462837, 489978.000123093370348 ], [ 123400.8411865234375, 489978.558404545357917 ], [ 123400.497988802730106, 489979.172579581558239 ], [ 123399.98499149979034, 489979.843476773879956 ], [ 123399.408742012063158, 489980.203227809397504 ], [ 123398.920759899046971, 489980.52903283276828 ], [ 123398.140180689923, 489980.867839573009405 ], [ 123397.405890680849552, 489980.994939888478257 ], [ 123396.786879057181068, 489981.054540593002457 ], [ 123395.949283398134867, 489980.993146830471233 ], [ 123394.913237160391873, 489980.766122346336488 ], [ 123393.916530926668202, 489980.305182348936796 ], [ 123392.932438723626547, 489979.688385962392204 ], [ 123392.07007431742386, 489978.948414410406258 ], [ 123391.08405626322201, 489978.031206077022944 ], [ 123389.760680819235859, 489976.515310841728933 ], [ 123388.419912359589944, 489974.409804971190169 ], [ 123374.485497466666857, 489940.217347244324628 ], [ 123352.531353400423541, 489871.872483473969623 ], [ 123349.24567024820135, 489864.750137959606946 ], [ 123349.957985288521741, 489861.196105712617282 ], [ 123352.466218446657876, 489859.599999700963963 ], [ 123354.817406009315164, 489857.927014752582181 ], [ 123349.56751332472777, 489841.715519479999784 ], [ 123348.668992459512083, 489841.710158726898953 ], [ 123347.64752732674242, 489841.638826112553943 ], [ 123343.867549803166185, 489840.227723959891591 ], [ 123341.626539574936032, 489838.918014471535571 ], [ 123339.644622739986517, 489836.616354312631302 ], [ 123338.548756215153844, 489834.498163152660709 ], [ 123334.828588546952233, 489822.260271534090862 ], [ 123331.120658412313787, 489809.810894376772922 ], [ 123313.182665777247166, 489751.198662376147695 ], [ 123306.658610719139688, 489730.589172968000639 ], [ 123289.197773833395331, 489675.345396984310355 ], [ 123266.878967210679548, 489609.929630498460028 ], [ 123254.791888707899489, 489571.141378924890887 ], [ 123247.593057706573745, 489549.412503325380385 ], [ 123238.51554340092116, 489522.421616834530141 ], [ 123229.926524629729101, 489495.193937744537834 ], [ 123221.052381351604708, 489468.101633128884714 ], [ 123212.672758382497705, 489440.650099585531279 ], [ 123207.215892514432198, 489423.093748160172254 ], [ 123201.263007354922593, 489405.685249415808357 ], [ 123189.218245176118216, 489370.446350918035023 ], [ 123183.290730888096732, 489351.713618133158889 ], [ 123177.282420042625745, 489333.126062775030732 ], [ 123167.638729229016462, 489301.855134417361114 ], [ 123167.455222543518175, 489301.900825940771028 ], [ 123166.67333016206976, 489302.050520513905212 ], [ 123120.663605734240264, 489229.667204297147691 ], [ 123102.892507046824903, 489201.775855971500278 ], [ 123102.966092558082892, 489201.575097249005921 ], [ 123099.915937750527519, 489202.573981809662655 ], [ 123096.710942885285476, 489203.840913563093636 ], [ 123094.015634689189028, 489204.971028819680214 ], [ 123092.054006220540032, 489205.862736401031725 ], [ 123088.017690307853627, 489208.058577989635523 ], [ 123084.302473230665782, 489210.430374684685376 ], [ 123084.170830799237592, 489210.075167878181674 ], [ 123070.943857819831464, 489218.517012382799294 ], [ 123071.211862958225538, 489218.904716710851062 ], [ 123061.524074524000753, 489225.12056820653379 ], [ 123076.591059511411004, 489248.545156597043388 ], [ 123084.056982162423083, 489260.869880819635 ], [ 123108.788518822024344, 489302.958501254965086 ], [ 123133.425954174075741, 489350.566761491878424 ], [ 123151.808447686315048, 489393.130564566119574 ], [ 123160.904294602645678, 489415.470156862342265 ], [ 123241.597633872879669, 489656.446738421102054 ], [ 123262.213651692814892, 489718.501922523078974 ], [ 123271.86277939142019, 489748.715963906317484 ], [ 123288.53424482094124, 489809.294515870744362 ], [ 123297.225599435972981, 489835.631500940129627 ], [ 123326.26306848533568, 489924.659927999891806 ], [ 123330.550150922848843, 489946.752554461651016 ], [ 123332.319924850322423, 489962.663698220043443 ], [ 123330.802290038380306, 489977.538901341147721 ], [ 123327.024693663435755, 489993.441160958260298 ], [ 123320.203407868684735, 490008.094514309312217 ], [ 123283.175137968268245, 490061.919374963734299 ], [ 123270.666157823157846, 490080.092083854950033 ], [ 123258.948276705123135, 490099.550448175868951 ], [ 123245.049471178310341, 490121.715580495016184 ], [ 123244.390502387934248, 490122.966030182840768 ], [ 123232.166255736345192, 490146.199722596211359 ], [ 123224.375450912571978, 490164.531321317073889 ], [ 123219.807571934041334, 490181.295531858166214 ], [ 123216.749079207133036, 490199.919329844531603 ], [ 123217.414042823889758, 490210.162870491913054 ], [ 123222.055531486490509, 490222.784185215365142 ], [ 123229.195744529846706, 490230.259929608087987 ], [ 123232.843998938653385, 490232.395036240690388 ], [ 123238.447762983254506, 490234.862483140081167 ], [ 123242.49648190899461, 490235.771064533328172 ], [ 123246.441104989382438, 490237.425818249292206 ], [ 123254.13684015153558, 490241.337430524989031 ], [ 123262.297943972793291, 490244.589575817750301 ], [ 123270.01028378776391, 490246.854332513932604 ], [ 123276.524248938483652, 490242.695492436760105 ], [ 123285.448456280239043, 490236.551708679588046 ], [ 123289.599243889126228, 490238.516722691827454 ], [ 123287.803679159114836, 490241.888576218916569 ], [ 123289.695419180163299, 490242.888954932044726 ], [ 123290.208874466392444, 490242.295930562948342 ], [ 123295.644525460375007, 490245.087201686867047 ], [ 123294.5607145527174, 490248.00940321770031 ], [ 123296.106463853269815, 490252.36118958517909 ], [ 123291.411234538813005, 490256.753100181522314 ], [ 123286.546001742608496, 490262.22541274438845 ], [ 123282.849675887337071, 490266.366117527475581 ], [ 123276.186879993751063, 490268.545328227977734 ], [ 123268.843376633492881, 490267.535522613325156 ], [ 123258.257631327651325, 490268.249003064702265 ], [ 123253.686607716459548, 490269.72491657093633 ], [ 123244.342402164867963, 490278.274862676800694 ], [ 123241.50551859238476, 490280.585261740197893 ], [ 123232.587971182656474, 490288.79867757530883 ], [ 123227.88394026106107, 490290.753926571516786 ], [ 123217.168713076447602, 490277.704418094246648 ], [ 123210.126707892020931, 490271.730182361265179 ], [ 123198.361835333911586, 490263.739070078998338 ], [ 123187.27516787708737, 490257.490525886591058 ], [ 123164.592815787502332, 490245.230461527768057 ], [ 123146.559344441455323, 490236.189511221309658 ], [ 123126.204967744764872, 490226.106575659418013 ], [ 123105.324652650611824, 490215.748953813512344 ], [ 123105.051552355318563, 490215.617197873187251 ], [ 123115.634775068931049, 490194.49676461762283 ] ] ] ] } },
{ "type": "Feature", "properties": { "source_id": "parks_191", "name": null, "category": "park", "subtype": "park", "source": "osm", "acquired_at": "2026-08-12T17:41:01.510895+00:00", "area_sqm": 627.43524107051337 }, "geometry": { "type": "MultiPolygon", "coordinates": [ [ [ [ 118943.965779255930101, 484107.126104690833017 ], [ 118947.719444897433277, 484107.888708762649912 ], [ 118960.529567255798611, 484110.476785412640311 ], [ 118967.785505014064256, 484072.870874499029014 ], [ 118965.867895987292286, 484072.506552072707564 ], [ 118962.84480970405275, 484071.938886309566442 ], [ 118952.110312389791943, 484069.903121712908614 ], [ 118943.965779255930101, 484107.126104690833017 ] ] ] ] } },
{ "type": "Feature", "properties": { "source_id": "parks_192", "name": "Tweede Weteringplantsoen", "category": "park", "subtype": "park", "source": "osm", "acquired_at": "2026-08-12T17:41:01.510895+00:00", "area_sqm": 9321.2715271691104 }, "geometry": { "type": "MultiPolygon", "coordinates": [ [ [ [ 121229.466401313606184, 485762.102242050867062 ], [ 121228.876421249384293, 485754.528930605971254 ], [ 121228.301738041831413, 485747.200304152967874 ], [ 121227.943250046519097, 485742.596263545623515 ], [ 121227.416669526835904, 485732.340961549256463 ], [ 121317.986663012852659, 485723.165771282278001 ], [ 121327.744275292614475, 485837.360250114637893 ], [ 121273.48099267858197, 485835.861326738435309 ], [ 121264.403798830986489, 485835.389255868329201 ], [ 121253.02666628343286, 485835.300105961214285 ], [ 121248.973695472202962, 485835.35006413445808 ], [ 121246.953278317872901, 485835.764440826547798 ], [ 121243.247428063506959, 485831.784130692481995 ], [ 121241.540443160658469, 485830.215797009819653 ], [ 121241.150147426640615, 485828.927757418889087 ], [ 121240.633244693541201, 485826.060578619479202 ], [ 121240.85725045511208, 485822.954671046813019 ], [ 121240.409122458164347, 485817.194055277446751 ], [ 121239.932598538842285, 485813.258428164699581 ], [ 121238.507987583652721, 485809.151255425415002 ], [ 121237.100878708210075, 485805.611429967393633 ], [ 121234.095153970440151, 485800.413518329733051 ], [ 121228.395971307269065, 485793.843182018666994 ], [ 121234.52174632193055, 485788.082112219824921 ], [ 121236.383759708493017, 485785.421201365767047 ], [ 121240.887431221548468, 485785.523926614958327 ], [ 121241.746328856504988, 485782.613960546033923 ], [ 121258.162522888625972, 485770.418045417056419 ], [ 121255.710357903852127, 485766.473665634519421 ], [ 121229.466401313606184, 485762.102242050867062 ] ] ] ] } },
{ "type": "Feature", "properties": { "source_id": "parks_193", "name": "Heemtuin", "category": "park", "subtype": "park", "source": "osm", "acquired_at": "2026-08-12T17:41:01.510895+00:00", "area_sqm": 2175.3448463363056 }, "geometry": { "type": "MultiPolygon", "coordinates": [ [ [ [ 114916.705390584596898, 483247.748138923605438 ], [ 114892.007420837704558, 483257.384182548848912 ], [ 114880.040187513761339, 483240.802156677818857 ], [ 114930.714250671400805, 483205.129815348307602 ], [ 114935.437121701834258, 483203.366846217366401 ], [ 114941.125993183828541, 483204.733828877098858 ], [ 114968.468554880862939, 483229.536550947988871 ], [ 114964.248395134141902, 483234.455448659951799 ], [ 114921.538940823171288, 483240.30954862193903 ], [ 114922.771648010966601, 483246.908915742591489 ], [ 114916.705390584596898, 483247.748138923605438 ] ] ] ] } },
{ "type": "Feature", "properties": { "source_id": "parks_194", "name": "Houthavenpark", "category": "park", "subtype": "park", "source": "osm", "acquired_at": "2026-08-12T17:41:01.510895+00:00", "area_sqm": 25323.893414004782 }, "geometry": { "type": "MultiPolygon", "coordinates": [ [ [ [ 120420.780724132389878, 489493.102261101768818 ], [ 120435.57466931102681, 489483.640857349731959 ], [ 120451.481243492045905, 489474.605653874285053 ], [ 120475.352053577371407, 489464.546711492410395 ], [ 120507.211752525457996, 489492.997796100447886 ], [ 120519.550669736912823, 489445.878183736407664 ], [ 120523.188492365152342, 489440.422835622681305 ], [ 120548.764509494649246, 489462.965228976798244 ], [ 120562.826072994910646, 489447.033479899226222 ], [ 120559.43799154178123, 489429.765959285025019 ], [ 120558.067302455499885, 489424.545895150105935 ], [ 120529.792677219957113, 489408.431396342231892 ], [ 120515.382992474056664, 489401.833733206090983 ], [ 120508.36717975747888, 489402.205467010149732 ], [ 120480.707136331009679, 489407.80662745423615 ], [ 120440.142813418497099, 489416.669503051496577 ], [ 120438.724086681788322, 489412.384465958632063 ], [ 120365.219100499030901, 489430.947858889005147 ], [ 120350.580979058082448, 489441.276275168173015 ], [ 120352.868336853891378, 489454.85726417414844 ], [ 120340.629271916433936, 489462.676437266287394 ], [ 120304.961404399451567, 489507.534895865072031 ], [ 120293.718892616074299, 489523.447554327198304 ], [ 120285.648108453402529, 489534.453210631094407 ], [ 120274.024199889594456, 489547.419974067423027 ], [ 120262.777429170921096, 489556.901392581756227 ], [ 120254.019207160919905, 489562.103706371563021 ], [ 120239.322519785957411, 489569.829180849425029 ], [ 120223.252592169679701, 489575.873094200214837 ], [ 120218.387546140569611, 489577.131357301026583 ], [ 120213.273141512123402, 489577.779404783213977 ], [ 120205.754757776216138, 489578.277512121421751 ], [ 120186.262495018323534, 489578.759989695390686 ], [ 120186.328859105298761, 489582.375761720701121 ], [ 120171.502622709274874, 489582.335782455455046 ], [ 120171.398170633125119, 489584.89570565300528 ], [ 120171.461745722524938, 489589.078968920512125 ], [ 120173.411663376566139, 489665.673871808394324 ], [ 120231.510628213349264, 489663.884237939957529 ], [ 120202.653926073209732, 489623.11851554288296 ], [ 120227.745298695648671, 489613.528206072631292 ], [ 120250.221242953673936, 489603.711659699096344 ], [ 120285.891760804923251, 489587.448878723662347 ], [ 120323.955703541578259, 489565.928765690536238 ], [ 120317.763842691463651, 489558.561791449901648 ], [ 120322.254168024432147, 489554.346508525137324 ], [ 120380.338537598741823, 489509.553318847261835 ], [ 120392.12320136235212, 489501.982222923310474 ], [ 120400.470544595489628, 489509.011489034513943 ], [ 120409.032352591064409, 489501.974879140383564 ], [ 120420.780724132389878, 489493.102261101768818 ] ] ] ] } },
{ "type": "Feature", "properties": { "source_id": "parks_195", "name": "Meerpark", "category": "park", "subtype": "park", "source": "osm", "acquired_at": "2026-08-12T17:41:01.510895+00:00", "area_sqm": 15568.756908644455 }, "geometry": { "type": "MultiPolygon", "coordinates": [ [ [ [ 125212.70293207805662, 484454.289982652815524 ], [ 125215.129749707615701, 484452.194656065257732 ], [ 125215.822483250289224, 484451.812171178986318 ], [ 125216.945094564303872, 484451.52723449782934 ], [ 125217.707979708182393, 484451.478127669659443 ], [ 125218.559847705138964, 484451.495244589517824 ], [ 125220.584382326036575, 484449.35783956036903 ], [ 125221.809710994435591, 484448.026375544373877 ], [ 125223.68528218314168, 484446.04564361134544 ], [ 125213.129239856731147, 484435.716960884572472 ], [ 125211.566613613933441, 484434.224281219474506 ], [ 125208.642652336347965, 484431.849677378020715 ], [ 125204.412838333664695, 484427.624794776784256 ], [ 125204.69257900332741, 484426.554944756091572 ], [ 125204.851347408490255, 484425.763991819927469 ], [ 125204.765419262781506, 484425.074655205535237 ], [ 125204.339869586037821, 484424.565394404344261 ], [ 125203.681841497513233, 484423.924015750468243 ], [ 125202.365784809066099, 484422.641258708084933 ], [ 125200.803016950594611, 484421.12632989854319 ], [ 125195.049755012791138, 484415.130375773413107 ], [ 125192.588517074211268, 484412.652848956058733 ], [ 125189.861063440679573, 484410.099043198744766 ], [ 125187.722828542784555, 484408.075763782602735 ], [ 125185.605235177339637, 484406.08574077085359 ], [ 125175.194875716144452, 484396.212453645828646 ], [ 125168.834680715081049, 484402.559697176155169 ], [ 125168.770170025905827, 484403.160928221943323 ], [ 125168.623152932457742, 484403.64026394393295 ], [ 125168.028405316377757, 484405.579900621320121 ], [ 125166.661103780730627, 484408.225185220362619 ], [ 125164.808939614042174, 484410.695371864771005 ], [ 125158.306356707849773, 484417.154756392352283 ], [ 125145.086358113519964, 484430.597804911260027 ], [ 125113.193787125987001, 484463.992737455177121 ], [ 125113.231559228268452, 484464.604477141809184 ], [ 125107.96846835478209, 484473.181628591555636 ], [ 125107.555248199147172, 484473.584690452320501 ], [ 125106.959064515045611, 484474.155760116700549 ], [ 125098.39307177028968, 484479.670818316342775 ], [ 125098.530628205451649, 484479.881392779410817 ], [ 125097.734555009097676, 484480.075366035453044 ], [ 125083.858803194510983, 484494.323674797371496 ], [ 125075.4486962458177, 484503.064571329392493 ], [ 125035.00205812859349, 484544.879131470806897 ], [ 125031.507972889274242, 484548.494254511315376 ], [ 125005.510174562805332, 484575.022344252793118 ], [ 124987.25294157434837, 484593.64808122033719 ], [ 124994.718253850209294, 484601.046485168102663 ], [ 125012.102080000811839, 484618.131658041849732 ], [ 125019.016621999922791, 484624.609926472825464 ], [ 125054.754201959862257, 484587.318958023271989 ], [ 125090.708813493620255, 484549.771026673552115 ], [ 125116.143071507161949, 484523.480461616651155 ], [ 125126.231929170127842, 484512.893575543072075 ], [ 125128.046651536045829, 484511.002188160317019 ], [ 125129.081221058280789, 484509.682981080608442 ], [ 125129.986396370077273, 484508.375683447055053 ], [ 125130.401988285811967, 484507.238247157190926 ], [ 125130.507375538742053, 484506.636768253694754 ], [ 125130.498695634392789, 484505.201476984482724 ], [ 125130.254358816164313, 484504.234932087012567 ], [ 125127.967835632254719, 484499.09710030502174 ], [ 125127.887298553599976, 484498.174071649904363 ], [ 125128.040045902773272, 484497.516672789584845 ], [ 125129.624518199212616, 484495.860339248320088 ], [ 125130.253963441777159, 484495.155550803407095 ], [ 125131.045729217032203, 484494.249500305741094 ], [ 125131.69662555535615, 484493.711482759506907 ], [ 125132.286466843579547, 484493.218341285071801 ], [ 125133.028163279930595, 484493.046955795725808 ], [ 125134.316714068700094, 484493.161557807645295 ], [ 125136.036553222875227, 484493.607353277446236 ], [ 125137.465281710159616, 484494.366456885880325 ], [ 125139.826203712436836, 484496.032314183656126 ], [ 125140.842113639722811, 484497.261235714657232 ], [ 125141.538984886195976, 484498.69236663042102 ], [ 125145.426354527007788, 484502.629971650545485 ], [ 125146.880295044364175, 484504.178920941951219 ], [ 125136.957481844743597, 484514.063778399256989 ], [ 125139.37844828456582, 484518.900380756880622 ], [ 125144.914715746723232, 484523.951813205960207 ], [ 125152.363576805451885, 484530.905485153431073 ], [ 125156.694479140613112, 484534.95168567559449 ], [ 125218.648115663585486, 484470.654878325294703 ], [ 125225.521443095174618, 484463.52573618106544 ], [ 125225.260973994169035, 484463.271392395487055 ], [ 125224.445363107079174, 484462.48631392896641 ], [ 125223.699768633930944, 484462.012360909429844 ], [ 125223.064201875007711, 484461.704645078105386 ], [ 125222.189814652083442, 484461.34273566713091 ], [ 125221.22050286171725, 484461.05928556539584 ], [ 125220.374578308765194, 484460.897485356486868 ], [ 125212.70293207805662, 484454.289982652815524 ] ] ] ] } },
{ "type": "Feature", "properties": { "source_id": "parks_196", "name": null, "category": "park", "subtype": "park", "source": "osm", "acquired_at": "2026-08-12T17:41:01.510895+00:00", "area_sqm": 1686.38406938048 }, "geometry": { "type": "MultiPolygon", "coordinates": [ [ [ [ 129528.140338251119829, 484961.99230461823754 ], [ 129564.728383731329814, 484980.596623317396734 ], [ 129583.262656465769396, 484943.927965349925216 ], [ 129546.579198772626114, 484925.357380795583595 ], [ 129528.140338251119829, 484961.99230461823754 ] ] ] ] } },
{ "type": "Feature", "properties": { "source_id": "parks_197", "name": null, "category": "park", "subtype": "park", "source": "osm", "acquired_at": "2026-08-12T17:41:01.510895+00:00", "area_sqm": 511.68478470970678 }, "geometry": { "type": "MultiPolygon", "coordinates": [ [ [ [ 122889.081805350957438, 486220.634931122709531 ], [ 122915.703093066360452, 486229.185235926823225 ], [ 122914.66096142931201, 486233.386801555228885 ], [ 122889.515049995636218, 486247.447632690775208 ], [ 122887.798071099474328, 486247.380913425702602 ], [ 122881.306677876302274, 486245.309055592690129 ], [ 122889.081805350957438, 486220.634931122709531 ] ] ] ] } },
{ "type": "Feature", "properties": { "source_id": "parks_198", "name": "Mien Ruysplantsoen", "category": "park", "subtype": "park", "source": "osm", "acquired_at": "2026-08-12T17:41:01.510895+00:00", "area_sqm": 3542.3249956809777 }, "geometry": { "type": "MultiPolygon", "coordinates": [ [ [ [ 124427.448722168381209, 487761.782920570403803 ], [ 124428.538389286550228, 487738.721494162396993 ], [ 124428.761385603051167, 487734.046867738768924 ], [ 124429.531386792732519, 487717.641233543050475 ], [ 124446.614922054315684, 487718.447831141995266 ], [ 124502.871883785381215, 487721.08182659331942 ], [ 124509.61534970383218, 487721.396214371547103 ], [ 124507.538711435146979, 487765.526698174711782 ], [ 124448.196680870809359, 487762.755977189925034 ], [ 124427.448722168381209, 487761.782920570403803 ] ] ] ] } },
{ "type": "Feature", "properties": { "source_id": "parks_199", "name": "Rietlandpark", "category": "park", "subtype": "park", "source": "osm", "acquired_at": "2026-08-12T17:41:01.510895+00:00", "area_sqm": 82079.344266356915 }, "geometry": { "type": "MultiPolygon", "coordinates": [ [ [ [ 123924.103515113587491, 487519.191963686374947 ], [ 123921.136771738063544, 487506.592878914088942 ], [ 123946.805438969196985, 487487.437890278408304 ], [ 123967.185259616991971, 487475.148131872876547 ], [ 123980.218213276384631, 487465.185620120144449 ], [ 124008.709696970807272, 487444.344200780440588 ], [ 123990.791204531793483, 487426.787433829740621 ], [ 123979.357744376640767, 487409.546022728725802 ], [ 124016.856904428976122, 487360.118998323916458 ], [ 124034.573738030201639, 487331.400874892191496 ], [ 124065.258864055707818, 487265.972187338687945 ], [ 124111.827931388586876, 487319.378315853828099 ], [ 124132.6132243891916, 487292.254731242312118 ], [ 124147.805604786379263, 487255.01858243427705 ], [ 124167.237218794034561, 487182.283865396457259 ], [ 124357.710916310767061, 487211.01752375572687 ], [ 124391.487628969509387, 487216.104278578888625 ], [ 124392.834488277920173, 487200.473949979583267 ], [ 124423.687108562298818, 487200.761171100835782 ], [ 124422.843681142505375, 487259.193031448172405 ], [ 124339.345093023090158, 487283.633584054594394 ], [ 124324.25992884367588, 487313.135364610585384 ], [ 124316.745773810645915, 487353.260690308758058 ], [ 124410.324638371428591, 487369.881782143784221 ], [ 124407.218022271306836, 487393.856967138999607 ], [ 124070.566913438495249, 487485.937473952537403 ], [ 124055.699106854750426, 487490.014059735869523 ], [ 123996.486191056945245, 487506.207962704764213 ], [ 123995.948986134695588, 487504.164010577136651 ], [ 123994.504505598408286, 487498.620823713717982 ], [ 123924.103515113587491, 487519.191963686374947 ] ] ] ] } },
{ "type": "Feature", "properties": { "source_id": "parks_200", "name": null, "category": "park", "subtype": "park", "source": "osm", "acquired_at": "2026-08-12T17:41:01.510895+00:00", "area_sqm": 4207.0144323606391 }, "geometry": { "type": "MultiPolygon", "coordinates": [ [ [ [ 121198.432117646152619, 490726.167376579600386 ], [ 121242.205438027449418, 490778.864909203955904 ], [ 121271.774028600106249, 490754.81762275355868 ], [ 121300.850081485739793, 490731.352481988084037 ], [ 121279.276086291152751, 490702.42539594945265 ], [ 121253.878168008595821, 490722.382769671909045 ], [ 121234.385537152702454, 490698.304087214055471 ], [ 121198.432117646152619, 490726.167376579600386 ] ] ] ] } },
{ "type": "Feature", "properties": { "source_id": "parks_201", "name": "Havenpark", "category": "park", "subtype": "park", "source": "osm", "acquired_at": "2026-08-12T17:41:01.510895+00:00", "area_sqm": 128217.48691918483 }, "geometry": { "type": "MultiPolygon", "coordinates": [ [ [ [ 113236.992470817902358, 489641.342071052698884 ], [ 113238.538402569160098, 489646.247137681290042 ], [ 113251.634820322564337, 489646.97079000325175 ], [ 113258.363291556306649, 489646.513265241286717 ], [ 113257.117656240719953, 489640.893519672739785 ], [ 113279.45372225731262, 489642.685139075212646 ], [ 113297.493473196678679, 489640.340541292796843 ], [ 113308.447851886594435, 489638.912682310037781 ], [ 113352.729739848553436, 489655.941257920872886 ], [ 113366.213177775469376, 489663.004364071122836 ], [ 113373.181992106779944, 489666.828880906919949 ], [ 113387.810537967045093, 489674.883815155888442 ], [ 113436.324542429341818, 489691.755032610381022 ], [ 113493.708708450198174, 489709.531246147234924 ], [ 113497.778617240459425, 489717.530723982490599 ], [ 113497.206057310453616, 489787.813977471669205 ], [ 113498.816148041049019, 489796.334874685388058 ], [ 113500.875266735369223, 489807.255436655017547 ], [ 113497.285569294515881, 489850.647756370541174 ], [ 113499.160062783019384, 489859.044031847268343 ], [ 113499.43618762594997, 489860.310191950760782 ], [ 113501.29325004571001, 489920.024573650502134 ], [ 113501.23298572251224, 489921.760900786728598 ], [ 113501.440137526893523, 489931.818012243194971 ], [ 113508.554799228149932, 489936.854338399309199 ], [ 113535.48703926858434, 489941.434706644969992 ], [ 113538.550542394717922, 489975.49110801378265 ], [ 113538.559709592256695, 489976.581482000125106 ], [ 113539.473808151087724, 490068.30521868984215 ], [ 113539.970461348479148, 490118.472930028801784 ], [ 113524.820731485553551, 490120.291635763365775 ], [ 113504.66676581260981, 490121.941080155549571 ], [ 113445.286151439126115, 490124.343827804492321 ], [ 113439.652877562461072, 490124.647222883242648 ], [ 113413.318939406730351, 490127.951424854050856 ], [ 113389.892446602796554, 490132.989309581695125 ], [ 113361.962435609661043, 490142.338120707368944 ], [ 113353.118582166207489, 490145.305837919760961 ], [ 113336.270399670174811, 490151.512403790664393 ], [ 113325.782164348929655, 490152.391049339028541 ], [ 113299.992872467133566, 490067.142110109620262 ], [ 113280.744649939995725, 490008.520655970671214 ], [ 113264.867425318952883, 489965.426376149873249 ], [ 113237.927623052892159, 489882.001216134754941 ], [ 113218.110289497446502, 489843.14648264599964 ], [ 113215.793645766098052, 489830.826204108423553 ], [ 113209.363846341933822, 489815.892539751599543 ], [ 113208.313414320989978, 489810.015228183881845 ], [ 113204.447155716217821, 489804.40657479618676 ], [ 113204.006833974621259, 489799.035938265325967 ], [ 113203.064192018966423, 489787.405026419728529 ], [ 113196.90727148912265, 489770.143511177389883 ], [ 113194.302073129743803, 489759.928702832548879 ], [ 113182.449914358410751, 489728.495109059906099 ], [ 113164.336346894677263, 489675.550421174382791 ], [ 113164.24462463062082, 489670.354864737368189 ], [ 113166.389123940374702, 489650.31910364353098 ], [ 113172.377308526309207, 489664.510943794506602 ], [ 113177.704039358446607, 489658.501669931516517 ], [ 113176.859143229346955, 489647.971514629665762 ], [ 113184.831819107988849, 489642.518418774823658 ], [ 113197.375135254987981, 489642.234054789063521 ], [ 113199.301794836239424, 489647.881395136588253 ], [ 113219.400613961668569, 489645.930760848510545 ], [ 113219.984493498399388, 489641.730915793858003 ], [ 113236.992470817902358, 489641.342071052698884 ] ] ] ] } },
{ "type": "Feature", "properties": { "source_id": "parks_202", "name": "'t Kleine Loopveld", "category": "park", "subtype": "park", "source": "osm", "acquired_at": "2026-08-12T17:41:01.510895+00:00", "area_sqm": 217788.07258185055 }, "geometry": { "type": "MultiPolygon", "coordinates": [ [ [ [ 121278.136744330928195, 481671.152627546282019 ], [ 120466.430861343804281, 481649.096235009492375 ], [ 120454.975637671130244, 481654.828662237909157 ], [ 120310.621059483921272, 481656.451664938183967 ], [ 120308.264520295124385, 481648.067522933590226 ], [ 120292.79033186302695, 481648.476580443093553 ], [ 120290.497315475789947, 481692.832707708817907 ], [ 119957.111402370210271, 481684.48125653876923 ], [ 119762.760797500232002, 481680.355291158950422 ], [ 119762.335254015924875, 481663.701591607532464 ], [ 119734.864444117818493, 481636.837280463660136 ], [ 119703.323279222560814, 481640.578475311514921 ], [ 119705.81623406597646, 481667.921334653627127 ], [ 119642.959398187638726, 481673.500014969846234 ], [ 119338.282346427367884, 481669.068523592199199 ], [ 119170.809079415979795, 481666.151694626547396 ], [ 119172.524244098487543, 481679.847423380299006 ], [ 119173.269535435189027, 481685.783708120463416 ], [ 119173.407217411091551, 481686.906512368354015 ], [ 119244.652255741937552, 481688.282144835276995 ], [ 119241.054695601720596, 481741.382789056980982 ], [ 119223.429510790214408, 481754.473009355424438 ], [ 119198.464764795906376, 481753.897163848625496 ], [ 119196.497101919143461, 481780.626758872589562 ], [ 119188.384838073179708, 481787.361585899489 ], [ 119186.983519231871469, 481857.425804519734811 ], [ 119193.072081427613739, 481857.45957655867096 ], [ 119243.249387549440144, 481858.142212896200363 ], [ 119242.457999695252511, 481796.81725747481687 ], [ 119317.583078140451107, 481789.064171816746239 ], [ 119412.600965738965897, 481786.698950027814135 ], [ 119446.526356495262007, 481781.881694858137053 ], [ 119488.08156129209965, 481753.41000954201445 ], [ 119511.537171905772993, 481759.361247005988844 ], [ 119518.176866836234694, 481764.921457843214739 ], [ 119530.476517499861075, 481760.182192785781808 ], [ 119549.720095730663161, 481747.337381823919713 ], [ 119575.404583769821329, 481761.773771099862643 ], [ 119642.634879228338832, 481760.613629338913597 ], [ 119703.588475433265558, 481763.638372772431467 ], [ 119915.863923333832645, 481767.323160559521057 ], [ 119995.433616649504984, 481771.799387025821488 ], [ 120172.316931311943335, 481776.513720712799113 ], [ 120277.308643778844271, 481778.834849703358486 ], [ 120322.500560658343602, 481777.293624865822494 ], [ 120528.031507050938671, 481779.983861496206373 ], [ 120693.722981544269715, 481784.327602368139196 ], [ 120759.371458887238987, 481784.183912671112921 ], [ 120768.309515600238228, 481784.155379538366105 ], [ 120775.756529033998959, 481784.426481934962794 ], [ 120779.604793013335438, 481786.825461855507456 ], [ 120781.793460737855639, 481786.843688734224997 ], [ 120784.179837664152728, 481786.860547872609459 ], [ 121084.105645138770342, 481793.86159436852904 ], [ 121087.893119452899555, 481719.854063568462152 ], [ 121269.501091110141715, 481721.515419387666043 ], [ 121271.866562055234681, 481695.485023021174129 ], [ 121278.136744330928195, 481671.152627546282019 ] ] ] ] } },
{ "type": "Feature", "properties": { "source_id": "parks_203", "name": "Bijlmerweide", "category": "park", "subtype": "park", "source": "osm", "acquired_at": "2026-08-12T17:41:01.510895+00:00", "area_sqm": 584695.55615539814 }, "geometry": { "type": "MultiPolygon", "coordinates": [ [ [ [ 126612.834808922867524, 482026.678084220387973 ], [ 126607.754599397187121, 482024.092509074718691 ], [ 126609.877736816764809, 482019.852197095111478 ], [ 126611.108799173220177, 482020.534976412251126 ], [ 126612.503921819123207, 482021.294700091530103 ], [ 126619.075978181135724, 482021.301463910087477 ], [ 126619.992296806682134, 482021.785773597541265 ], [ 126620.518481860548491, 482020.814736226748209 ], [ 126619.355848669976695, 482020.176068127912004 ], [ 126613.419648602881352, 482016.927805224084295 ], [ 126613.323887915990781, 482016.872722112457268 ], [ 126620.605248671025038, 482003.868394699820783 ], [ 126659.7862884280039, 482025.451751850137953 ], [ 126665.346288934088079, 482028.490821113460697 ], [ 126670.311782580130966, 482031.288518560933881 ], [ 126715.134067689170479, 482055.899801039719023 ], [ 126719.401093229753315, 482059.35801539948443 ], [ 126722.666053472581552, 482062.833093086373992 ], [ 126731.693122415701509, 482072.517246928997338 ], [ 126732.262445801854483, 482073.125954805698711 ], [ 126734.910345364332898, 482075.992605689330958 ], [ 126736.172653390152846, 482077.376214384566993 ], [ 126738.786271864912123, 482080.209683513152413 ], [ 126739.430518398818094, 482080.806837178592104 ], [ 126740.265390156346257, 482081.358394481358118 ], [ 126741.304394138918724, 482081.842025061137974 ], [ 126745.737366312081576, 482083.329901469987817 ], [ 126751.023685662512435, 482085.024310127424542 ], [ 126757.335177622444462, 482087.169057539314963 ], [ 126763.8857084356423, 482089.390333675954025 ], [ 126780.029606730633532, 482097.821120165055618 ], [ 126788.049517679406563, 482101.881057453574613 ], [ 126795.947342459228821, 482106.052970580465626 ], [ 126797.581772769393865, 482106.944900058675557 ], [ 126799.06023448164342, 482107.982366075681057 ], [ 126802.281537952978397, 482110.990427100099623 ], [ 126806.325394924948341, 482114.783787903841585 ], [ 126811.953003450194956, 482120.148099052312318 ], [ 126818.410097332089208, 482126.319929971650708 ], [ 126825.064806630281964, 482132.479516108578537 ], [ 126826.732483751518885, 482133.226619579538237 ], [ 126834.227955705224304, 482137.389760480378754 ], [ 126841.340772476716666, 482141.399320148862898 ], [ 126856.579158474196447, 482150.091426754253916 ], [ 126877.487232129409676, 482161.989161771605723 ], [ 126886.029418970923871, 482166.814022143720649 ], [ 126887.226321212132461, 482167.497064203373156 ], [ 126888.053142306918744, 482167.837286364752799 ], [ 126888.70858857978601, 482168.01158413029043 ], [ 126889.404557210582425, 482168.11889178561978 ], [ 126890.208965273239301, 482168.114316587685607 ], [ 126891.17609584647289, 482167.953043381916359 ], [ 126891.65271758196468, 482167.850193103600759 ], [ 126892.285244876111392, 482167.590683540445752 ], [ 126893.712705919111613, 482166.859335307963192 ], [ 126898.110791160768713, 482164.631255363347009 ], [ 126902.810824977830634, 482160.354164900025353 ], [ 126902.701436261326307, 482160.299153685977217 ], [ 126903.767710844491376, 482158.390440158429556 ], [ 126911.263205592054874, 482162.575950464757625 ], [ 126920.646253363636788, 482167.818903155333828 ], [ 126932.101406833244255, 482174.20727376989089 ], [ 126931.075647743826266, 482176.04899136320455 ], [ 126930.60382091574138, 482175.795758808904793 ], [ 126930.160596779664047, 482176.977697668946348 ], [ 126929.657346875523217, 482178.393636496679392 ], [ 126928.968466362246545, 482180.734139073058031 ], [ 126928.708164520663559, 482181.714759993948974 ], [ 126928.508520610499545, 482182.572643595281988 ], [ 126928.356848528317641, 482183.474761203979142 ], [ 126928.272777689388022, 482184.276355285197496 ], [ 126928.2183131124184, 482185.489466105820611 ], [ 126928.258401705636061, 482186.546267211670056 ], [ 126928.35018239459896, 482187.102076856244821 ], [ 126928.495677444749163, 482187.512935368635226 ], [ 126928.627159319687053, 482187.857113762700465 ], [ 126928.827063852484571, 482188.245410006726161 ], [ 126929.108772223087726, 482188.633241638308391 ], [ 126929.403861752885859, 482188.976490809232928 ], [ 126929.787572087385342, 482189.319236663053744 ], [ 126930.225502311674063, 482189.606041510065552 ], [ 126948.980134594166884, 482199.302111206692643 ], [ 126952.626144749170635, 482200.293941112642642 ], [ 126960.18187575659249, 482200.696132941287942 ], [ 126965.693837525279378, 482203.746937493328005 ], [ 126967.252207075085607, 482205.663003161898814 ], [ 126980.309233971958747, 482219.263574804703239 ], [ 126981.680818533495767, 482221.903934194764588 ], [ 126982.470938527985709, 482225.393213268544059 ], [ 126984.204048982064705, 482247.313954785291571 ], [ 126984.299480442088679, 482248.515088701387867 ], [ 126985.017677440249827, 482257.356679956894368 ], [ 126985.799047422857257, 482267.722260240232572 ], [ 126988.405920938268537, 482270.611531919392291 ], [ 126996.557909887473215, 482277.608484582568053 ], [ 127001.890877048615948, 482281.572726182523184 ], [ 127005.605183785955887, 482281.395912842242979 ], [ 127009.56383781513432, 482279.826890964701306 ], [ 127015.253386158932699, 482274.531780048797373 ], [ 127017.601400120780454, 482276.254237764223944 ], [ 127039.616539165057475, 482292.407881919818465 ], [ 127037.69547386978229, 482303.489737065741792 ], [ 127040.668040349177318, 482308.368631986377295 ], [ 127055.044261999326409, 482326.29019222734496 ], [ 127069.75371014099801, 482344.087518057902344 ], [ 127073.152698658275767, 482358.087850889540277 ], [ 127073.012852595915319, 482359.880026962549891 ], [ 127099.086064968898427, 482375.276647528633475 ], [ 127101.814143265102757, 482373.091555758961476 ], [ 127106.604304270280409, 482370.293989076220896 ], [ 127114.308054770357558, 482365.566207713272888 ], [ 127119.341624456632417, 482362.411228273180313 ], [ 127120.190705258166417, 482361.872360547480639 ], [ 127127.498459472801187, 482355.822766296158079 ], [ 127153.841419338190462, 482374.35585986636579 ], [ 127152.166223876629374, 482385.558677930617705 ], [ 127166.146486979836482, 482428.907116396876518 ], [ 127166.471395321277669, 482430.91920468735043 ], [ 127165.816536749189254, 482434.472284693154506 ], [ 127163.74507051728142, 482438.255876206851099 ], [ 127167.117331248897244, 482440.30643406661693 ], [ 127169.946825359918876, 482436.763360821234528 ], [ 127171.477112382417545, 482434.929977807099931 ], [ 127174.072728349405224, 482432.222720471268985 ], [ 127177.797166907330393, 482430.232339693407994 ], [ 127202.031024999960209, 482420.515949353226461 ], [ 127206.087881357801962, 482420.660031168430578 ], [ 127208.699794821484829, 482422.058423042937648 ], [ 127227.430479208749603, 482435.026903996535111 ], [ 127247.092563171332586, 482448.78021489281673 ], [ 127249.10983503422176, 482451.116603398986626 ], [ 127248.771864845257369, 482454.055928649788257 ], [ 127248.050477502547437, 482456.69698831543792 ], [ 127262.710417706053704, 482469.51043752435362 ], [ 127264.651639981981134, 482470.44530517939711 ], [ 127308.729615086194826, 482500.940973453514744 ], [ 127310.735054394084727, 482501.174522296409123 ], [ 127313.173761076643132, 482500.871566858608276 ], [ 127340.251766550791217, 482497.537724945810623 ], [ 127339.155361085970071, 482484.336565718054771 ], [ 127339.999706892122049, 482480.515409835265018 ], [ 127360.858678953300114, 482438.996563362772577 ], [ 127363.836314657542971, 482436.320649786328431 ], [ 127365.758955208060797, 482435.152730414120015 ], [ 127369.576811845603515, 482434.00759525160538 ], [ 127376.681570266970084, 482422.095778377552051 ], [ 127368.882928510240163, 482407.44111478026025 ], [ 127365.023545268486487, 482403.601758434902877 ], [ 127384.052170630064211, 482377.236577827890869 ], [ 127384.526481677690754, 482376.722103135543875 ], [ 127393.58441981128999, 482380.065114875556901 ], [ 127395.929559251962928, 482380.085395335452631 ], [ 127397.526766523224069, 482379.230851608503144 ], [ 127426.197466403260478, 482352.111016594106331 ], [ 127452.005498463884578, 482327.466288999246899 ], [ 127455.228965994756436, 482324.844694661966059 ], [ 127460.907807755284011, 482305.319221575511619 ], [ 127461.35603286040714, 482300.120595899177715 ], [ 127461.556629253842402, 482298.194574180408381 ], [ 127463.538140489370562, 482288.002683063037694 ], [ 127463.671253923064796, 482287.423357562976889 ], [ 127462.991423721541651, 482285.313089077768382 ], [ 127460.901238672318868, 482279.672416640270967 ], [ 127460.417486410529818, 482278.49569135386264 ], [ 127459.043201258959016, 482276.545065772836097 ], [ 127457.229659099961282, 482274.062811127689201 ], [ 127459.55730210596812, 482270.934388453548308 ], [ 127477.007592458554427, 482247.415660700877197 ], [ 127483.015638621363905, 482249.028944495599717 ], [ 127488.135439632285852, 482250.280001896957401 ], [ 127489.452340520831058, 482250.495203544967808 ], [ 127490.046216145739891, 482250.636543772474397 ], [ 127490.564796160004335, 482250.722670121642295 ], [ 127490.932785012933891, 482250.69836862757802 ], [ 127491.599355138896499, 482250.427619802416302 ], [ 127511.119380239455495, 482241.095050330215599 ], [ 127517.30265943906852, 482231.313752111105714 ], [ 127516.366382082531345, 482224.76538517739391 ], [ 127516.22780888521811, 482218.234835651761387 ], [ 127517.397460976106231, 482212.809672386618331 ], [ 127519.126887381062261, 482209.973896985291503 ], [ 127524.024015285263886, 482203.048171745438594 ], [ 127558.427662076777779, 482155.913868586649187 ], [ 127567.229677806200925, 482143.803762077295687 ], [ 127572.825885980244493, 482136.295623192272615 ], [ 127593.006622566681472, 482108.311524009564891 ], [ 127614.403086716280086, 482092.993978012062144 ], [ 127617.415981750047649, 482091.697725159989204 ], [ 127620.816839637016528, 482084.135045953502413 ], [ 127620.988057991911774, 482080.584710281516891 ], [ 127628.014233550813515, 482059.204964623670094 ], [ 127627.313106767076533, 482055.703966976841912 ], [ 127621.737849003882729, 482047.334260280418675 ], [ 127624.071658689383185, 482044.050111258286051 ], [ 127642.282310940659954, 482018.435975060332566 ], [ 127665.645032125292346, 482022.023000288754702 ], [ 127680.585211252386216, 482026.30202623369405 ], [ 127684.207134773852886, 482029.108165089448448 ], [ 127687.077402320981491, 482025.431650385144167 ], [ 127681.784697411974776, 482021.299551370902918 ], [ 127680.46291056361224, 482015.276238189311698 ], [ 127680.242262375963037, 482009.892181790899485 ], [ 127686.257284031657036, 481981.886658142670058 ], [ 127689.239095950397314, 481974.949434269161429 ], [ 127703.988022091216408, 481955.685698339540977 ], [ 127709.173408366768854, 481951.484588880673982 ], [ 127733.660062013979768, 481943.727724898431916 ], [ 127762.676080272038234, 481916.619116423593368 ], [ 127746.502765794619336, 481898.939087240898516 ], [ 127741.456026603758801, 481904.808381917187944 ], [ 127739.167473738605622, 481905.199307971808594 ], [ 127736.122928763114032, 481905.727924267353956 ], [ 127705.365000093806884, 481901.335773522732779 ], [ 127701.363192265154794, 481900.122821197321173 ], [ 127695.968479364528321, 481897.293082719028462 ], [ 127675.194604360673111, 481882.375845113769174 ], [ 127672.490593221897143, 481880.376879599003587 ], [ 127671.352627923493856, 481879.248258037259802 ], [ 127670.220618241350166, 481877.963831399276387 ], [ 127669.697757486690534, 481877.109974203573074 ], [ 127668.629491377840168, 481875.024080203147605 ], [ 127666.640367861051345, 481871.619213186262641 ], [ 127663.735744078439893, 481856.770138067542575 ], [ 127662.790431368455756, 481854.728071763471235 ], [ 127659.355981881279149, 481850.096148987358902 ], [ 127632.852039415272884, 481830.960425686265808 ], [ 127582.372971200209577, 481795.156607255514245 ], [ 127580.862470324966125, 481794.475136883789673 ], [ 127579.83123313265969, 481794.158186088199727 ], [ 127578.535963801376056, 481794.17649828660069 ], [ 127575.710885829510516, 481794.948780637700111 ], [ 127572.386744567615096, 481796.702974732383154 ], [ 127568.327893090085126, 481799.97446623549331 ], [ 127556.737579536391422, 481791.348928078077734 ], [ 127553.506234280648641, 481788.94127090513939 ], [ 127541.717356486216886, 481780.17222454136936 ], [ 127543.107899432972772, 481771.530257803155109 ], [ 127543.326636806392344, 481770.405256079044193 ], [ 127543.282455797248986, 481769.815791653702036 ], [ 127542.961554807377979, 481768.504635316552594 ], [ 127542.435570322399144, 481767.094478827435523 ], [ 127541.801060668702121, 481765.785064665251411 ], [ 127540.826228322766838, 481764.577680570480879 ], [ 127539.961465678818058, 481763.547710793907754 ], [ 127481.162159931933274, 481711.624199280515313 ], [ 127461.435101640992798, 481693.953756890958175 ], [ 127457.249602167590638, 481689.181512294861022 ], [ 127456.262520417003543, 481685.782272739510518 ], [ 127455.525271372927818, 481680.723777745384723 ], [ 127465.253185020192177, 481660.919864040100947 ], [ 127497.437754209633567, 481606.487390936294105 ], [ 127496.388449494523229, 481604.15664357424248 ], [ 127496.303494703708566, 481601.141808148473501 ], [ 127497.438728737921338, 481590.732122555316892 ], [ 127501.027407451940235, 481570.328230074548628 ], [ 127502.327415730207576, 481566.248663546750322 ], [ 127506.446788396453485, 481562.798758070333861 ], [ 127518.509848760528257, 481558.236533393443096 ], [ 127525.254224725271342, 481556.018229608656839 ], [ 127531.929854638088727, 481554.924103353172541 ], [ 127544.172183045913698, 481559.306729145464487 ], [ 127562.485044334229315, 481566.593107687949669 ], [ 127582.65970808606653, 481575.204418432025705 ], [ 127637.57036671305832, 481595.807032065175008 ], [ 127647.357991294062231, 481587.864106431719847 ], [ 127663.097744431754109, 481593.47385278926231 ], [ 127666.554446243477287, 481594.700916092144325 ], [ 127678.550498950760812, 481598.973969422164373 ], [ 127676.54761236810009, 481609.132495094614569 ], [ 127679.008919755040552, 481612.835173470608424 ], [ 127732.25011680679745, 481634.994659077201504 ], [ 127737.816408587765181, 481635.509159693843685 ], [ 127744.174248868366703, 481633.671590431011282 ], [ 127746.085375207592733, 481632.81543174572289 ], [ 127752.146623861961416, 481630.356418780982494 ], [ 127755.633268342775409, 481629.602845242421608 ], [ 127758.235567298761453, 481629.210198829649016 ], [ 127761.064385512683657, 481629.094470404786989 ], [ 127770.020671416146797, 481632.349723247927614 ], [ 127774.693437324414845, 481635.272532037750352 ], [ 127798.865663655669778, 481664.235500116657931 ], [ 127810.789790685535991, 481679.035027253208682 ], [ 127810.800684341869783, 481681.015501188870985 ], [ 127809.696697288381984, 481684.82686923770234 ], [ 127809.079324414909934, 481686.621647060615942 ], [ 127808.374852340828511, 481688.695068978529889 ], [ 127816.902709311703802, 481692.175294875341933 ], [ 127817.912511385191465, 481689.833156856242567 ], [ 127820.321223283361178, 481687.716985283186659 ], [ 127823.129400146659464, 481686.332973865617532 ], [ 127841.14330344874179, 481684.042026413080748 ], [ 127844.984536762320204, 481682.062642077100463 ], [ 127879.560217554477276, 481656.359539022028912 ], [ 127881.818878879174008, 481655.468146360595711 ], [ 127884.647501339670271, 481655.319109889271203 ], [ 127898.052362092843396, 481660.441713941225316 ], [ 127922.038321861589793, 481671.73727157455869 ], [ 127926.400728218999575, 481670.300298951158766 ], [ 127929.675838540322729, 481669.514626977324951 ], [ 127935.018669084398425, 481670.319864538847469 ], [ 127939.465398697881028, 481671.830988784844521 ], [ 127945.58952553664858, 481674.623620662372559 ], [ 127956.507397329420201, 481648.894828819029499 ], [ 127948.00318562904431, 481645.99281579250237 ], [ 127945.226595816813642, 481643.192984312598128 ], [ 127944.175866292076535, 481640.561733090900816 ], [ 127931.776492949298699, 481571.288699351076502 ], [ 127904.261964140692726, 481543.244661385600921 ], [ 127909.911166125399177, 481527.769991694018245 ], [ 127914.143099699518643, 481516.186274506151676 ], [ 127918.032663656471414, 481516.776926085993182 ], [ 127929.979823729518102, 481513.373510064964648 ], [ 127939.449155398004223, 481504.464898419450037 ], [ 127942.913879373882082, 481503.422286705346778 ], [ 127945.588914282372571, 481486.406217686133459 ], [ 127945.797455353545956, 481477.170007774606347 ], [ 127977.40725769616256, 481402.471229286224116 ], [ 127985.335665630555013, 481398.500210709054954 ], [ 128007.755698122578906, 481392.536282942572143 ], [ 128003.4428789098165, 481364.398445506696589 ], [ 128012.58806341610034, 481343.497290896310005 ], [ 128019.211099205829669, 481312.707259358896408 ], [ 128007.045937612550915, 481283.777791522035841 ], [ 128014.028564944994287, 481262.64366736379452 ], [ 128015.692104289482813, 481257.61649770027725 ], [ 128019.601810442414717, 481259.364285007235594 ], [ 128022.121769852601574, 481255.089051251765341 ], [ 128038.213162894535344, 481253.79959338036133 ], [ 128061.056975602070452, 481244.139577522233594 ], [ 128069.687682109914022, 481222.58487151004374 ], [ 128068.560899313117261, 481217.261377196293324 ], [ 128068.438045816510567, 481212.232831641682424 ], [ 128068.778415997716365, 481209.627357370452955 ], [ 128070.267298035352724, 481205.068474951491226 ], [ 128076.195456582747283, 481189.314326896623243 ], [ 128086.119900599805987, 481162.389595505723264 ], [ 128085.52741571921797, 481156.262075426697265 ], [ 128074.930748116748873, 481134.878857251896989 ], [ 128074.587436158195487, 481130.686006467207335 ], [ 128077.578540533111664, 481118.997934804705437 ], [ 128080.998297303623985, 481114.651073544693645 ], [ 128096.239542402254301, 481103.652934000652749 ], [ 128118.363270469737472, 481046.686900969478302 ], [ 128130.938138177109067, 481014.262457160686608 ], [ 128128.192221289878944, 480998.332997353747487 ], [ 127982.902306793868775, 480912.037105872994289 ], [ 127977.173828635553946, 480911.934894070436712 ], [ 127971.157660852084518, 480916.585310120834038 ], [ 127967.567397718099528, 480919.687001208076254 ], [ 127956.989114190946566, 480913.068905041611288 ], [ 127972.307817805209197, 480884.990670696017332 ], [ 128031.930555841783644, 480919.53577985346783 ], [ 128132.021629408554872, 480981.51105493895011 ], [ 128160.057351132156327, 480995.956841002218425 ], [ 128187.2184367866721, 481018.897105976066086 ], [ 128222.554756232580985, 481064.458068256964907 ], [ 128287.017136938608019, 481122.145558514690492 ], [ 128302.580168288928689, 481130.250650400994346 ], [ 128318.650186501123244, 481133.7577789555653 ], [ 128320.638995873887325, 481138.397954557614867 ], [ 128318.13945657768636, 481164.202847962034866 ], [ 128314.760086794762174, 481182.379661250859499 ], [ 128308.587321223094477, 481206.012455016141757 ], [ 128304.017268822295591, 481217.074696400843095 ], [ 128301.991422401450109, 481223.249760632577818 ], [ 128296.092466265792609, 481235.698882503726054 ], [ 128252.662669462079066, 481327.182748650200665 ], [ 128237.695558438048465, 481322.000879566418007 ], [ 128237.669176248135045, 481317.127579983905889 ], [ 128238.413804254392744, 481311.092942156887148 ], [ 128235.9431814897398, 481306.878216734621674 ], [ 128232.522502587598865, 481306.017737445130479 ], [ 128208.55480755327153, 481294.509168472664896 ], [ 128199.216864453570452, 481293.858809473167639 ], [ 128168.208788253599778, 481316.858758494723588 ], [ 128169.644774636835791, 481317.618698783335276 ], [ 128175.176748298064922, 481320.548348491487559 ], [ 128198.147883341647685, 481358.276385764474981 ], [ 128200.739733954789699, 481360.954967162921093 ], [ 128207.936903518580948, 481360.404132658848539 ], [ 128214.603242551791482, 481356.262298871180974 ], [ 128224.021645041779266, 481361.718933722819202 ], [ 128225.957442094251746, 481362.865613480447792 ], [ 128226.497304137534229, 481368.125562836590689 ], [ 128221.041462317007245, 481381.751797857810743 ], [ 128220.168596401010291, 481386.763488390366547 ], [ 128221.870972212782362, 481392.651355178270023 ], [ 128197.544596219056984, 481445.701219956739806 ], [ 128166.765584422755637, 481506.953149056294933 ], [ 128139.152441045123851, 481567.231191270053387 ], [ 128075.742383562188479, 481699.504135283234064 ], [ 128054.900292938575149, 481743.300703449931461 ], [ 128046.912316548332456, 481740.006276460306253 ], [ 128049.320139393646969, 481733.962534729624167 ], [ 128028.641750529553974, 481722.726199453056324 ], [ 128018.864693848096067, 481720.175935079460032 ], [ 128011.203685280226637, 481725.580775967042428 ], [ 128006.698401774439844, 481724.570603931439109 ], [ 127974.775900476350216, 481724.311096976860426 ], [ 127971.348935035523027, 481728.49118057382293 ], [ 127976.984866979255457, 481771.698307921004016 ], [ 127977.158940931141842, 481776.103487438056618 ], [ 127964.246940181328682, 481804.925214155693538 ], [ 127949.800733527692501, 481833.677486867294647 ], [ 127947.049825180714834, 481835.550683762237895 ], [ 127929.085277621546993, 481843.025972687813919 ], [ 127899.120260147334193, 481902.461559279763605 ], [ 127895.841301666660002, 481908.73268675908912 ], [ 127895.162663684459403, 481913.031274999433663 ], [ 127895.563106299799983, 481916.433818045130465 ], [ 127899.700343592849094, 481932.411180374387186 ], [ 127900.836780225319671, 481933.272824194224086 ], [ 127906.593968890898395, 481933.853225669940002 ], [ 127919.194178116129478, 481934.106844930211082 ], [ 127918.417276697058696, 481937.894144922494888 ], [ 127936.825920303002931, 481941.865650830673985 ], [ 127940.985591086646309, 481943.289334427448921 ], [ 127943.136194682418136, 481937.625249656673986 ], [ 127977.290855069732061, 481953.616473509930074 ], [ 127949.86023077579739, 482057.566559996572323 ], [ 127933.194786970008863, 482053.140397245879285 ], [ 127881.527287011500448, 482048.427770152688026 ], [ 127877.125269082884188, 482030.159793334489223 ], [ 127871.415732690729783, 482033.273196727095637 ], [ 127836.888572867086623, 482046.225040820543654 ], [ 127831.332303962524747, 482052.408590665087104 ], [ 127801.276770596537972, 482108.574086220760364 ], [ 127801.484385403367924, 482110.375453435641248 ], [ 127796.656723823631182, 482117.623188239929732 ], [ 127795.240588237254997, 482119.199833992519416 ], [ 127790.265457865520148, 482115.75572085235035 ], [ 127787.694741974453791, 482115.647481481544673 ], [ 127771.040592295379611, 482121.925596381246578 ], [ 127754.654865086064092, 482128.658478878962342 ], [ 127752.802690518947202, 482131.51710016297875 ], [ 127752.561859645007644, 482134.823029399325605 ], [ 127756.853135210665641, 482155.194439979968593 ], [ 127759.730056844360661, 482168.808673944557086 ], [ 127763.337423990960815, 482182.60803665133426 ], [ 127766.015207119431579, 482189.781067544186953 ], [ 127769.26758264991804, 482196.071932233171538 ], [ 127775.918802906569908, 482206.7835915129981 ], [ 127787.563519262184855, 482220.583212563476991 ], [ 127801.268004353987635, 482233.33675072400365 ], [ 127815.990450320750824, 482244.026305440056603 ], [ 127830.946769605783629, 482251.387763008126058 ], [ 127834.675981060223421, 482251.434023535461165 ], [ 127814.45951732082176, 482270.582808151375502 ], [ 127786.735858751635533, 482301.789744068461005 ], [ 127780.350161310503609, 482310.792955415905453 ], [ 127772.938656393031124, 482319.200989689386915 ], [ 127757.346643602155382, 482337.478917131898925 ], [ 127699.929690141783794, 482393.473306635627523 ], [ 127693.339079303084873, 482399.885265526885632 ], [ 127686.333344126716838, 482406.421920407738071 ], [ 127675.568228194722906, 482416.061440818477422 ], [ 127672.751982466186746, 482418.369094513065647 ], [ 127671.74385356203129, 482418.508188448555302 ], [ 127670.859286157035967, 482418.802371854777448 ], [ 127666.133605696901213, 482423.446050600265153 ], [ 127665.544754900256521, 482425.440970995696262 ], [ 127664.000095457566204, 482427.174139585869852 ], [ 127644.68709014824708, 482446.730322133866139 ], [ 127624.985568475327455, 482466.266480819554999 ], [ 127607.697522054309957, 482483.3748666489264 ], [ 127594.389780812387471, 482495.420883590297308 ], [ 127587.855978800886078, 482500.964795353938825 ], [ 127572.71468423512124, 482513.021042572450824 ], [ 127561.445766163102235, 482520.238010712782852 ], [ 127552.344491504249163, 482526.207910830969922 ], [ 127544.275763644080143, 482531.526747576717753 ], [ 127534.658840304269688, 482536.698429171345197 ], [ 127527.162004981422797, 482540.656668688694481 ], [ 127520.588636810949538, 482543.964440893498249 ], [ 127512.162800421181601, 482547.571817485615611 ], [ 127493.544085224551964, 482554.507157150423154 ], [ 127479.330847976991208, 482559.326227720011957 ], [ 127472.974051275086822, 482561.119637759635225 ], [ 127460.83677127759438, 482564.146939975093119 ], [ 127455.248139611139777, 482565.557787263998762 ], [ 127451.835880323284073, 482566.077505458611995 ], [ 127445.775490405925666, 482567.235081113351043 ], [ 127436.04158779278805, 482568.513292111689225 ], [ 127421.885420635764604, 482570.105491081369109 ], [ 127421.836277316397172, 482569.849853101593908 ], [ 127416.153521739659482, 482570.271000968001317 ], [ 127415.59991476185678, 482566.346394718333613 ], [ 127414.664445012123906, 482561.177738831844181 ], [ 127412.373762185277883, 482534.264109880721662 ], [ 127412.045652587738005, 482530.438384977693204 ], [ 127392.118199305929011, 482531.272900002717506 ], [ 127391.866754643662716, 482528.971094744338188 ], [ 127389.918340988646378, 482510.878972540493123 ], [ 127389.757685161544941, 482508.966091847629286 ], [ 127364.537177234538831, 482510.453383060405031 ], [ 127352.551918340745033, 482511.421676100697368 ], [ 127333.756538278103108, 482513.574160419229884 ], [ 127324.280526317306794, 482514.661994681868237 ], [ 127316.014932522070012, 482515.220115263364278 ], [ 127312.805340722276014, 482515.416122024005745 ], [ 127310.909969328335137, 482515.359981581976172 ], [ 127309.109780034341384, 482515.258802056021523 ], [ 127306.135275676264428, 482514.830405215849169 ], [ 127302.722953360440442, 482514.126298441668041 ], [ 127300.400964645828935, 482513.360449426458217 ], [ 127297.921196854411392, 482512.417460022959858 ], [ 127295.583390397339826, 482511.262270247330889 ], [ 127289.086649520919309, 482507.549024682375602 ], [ 127285.29848875864991, 482505.467336557456292 ], [ 127282.072340036960668, 482503.927703459805343 ], [ 127279.380064978788141, 482502.774509451934136 ], [ 127276.770710828670417, 482501.821130882715806 ], [ 127274.448524978026398, 482501.021915257442743 ], [ 127271.268138738814741, 482500.349908762611449 ], [ 127269.897074075095588, 482500.190702616178896 ], [ 127268.096441257293918, 482500.011654144036584 ], [ 127265.84672715186025, 482499.979772622056771 ], [ 127263.822708794148639, 482500.080144850013312 ], [ 127260.143765715067275, 482500.456845910171978 ], [ 127252.915020943066338, 482501.142771452199668 ], [ 127239.758749245869694, 482502.373825346701778 ], [ 127235.998886037690681, 482502.90677165001398 ], [ 127232.438079044048209, 482503.683388007164467 ], [ 127228.919548001329531, 482504.70455501426477 ], [ 127225.858415145907202, 482505.845546705706511 ], [ 127216.899971018006909, 482509.267268549185246 ], [ 127213.471063123070053, 482510.465968695178162 ], [ 127207.101790592656471, 482512.460070259287022 ], [ 127203.092980697038001, 482513.573026057216339 ], [ 127199.349016133783152, 482514.506469286861829 ], [ 127195.991780245924019, 482515.115067526290659 ], [ 127190.147197855374543, 482515.860057503567077 ], [ 127188.613977968576364, 482515.957698718644679 ], [ 127186.195109338092152, 482516.149337898415979 ], [ 127184.689218380051898, 482516.257953146472573 ], [ 127182.76833294298558, 482516.513550863077398 ], [ 127181.645859208671027, 482516.920427625183947 ], [ 127180.918744683658588, 482517.325079046655446 ], [ 127180.36973704425327, 482517.884500650165137 ], [ 127179.6662667713681, 482518.856476852030028 ], [ 127178.943913108727429, 482520.106725004967302 ], [ 127178.519733242908842, 482521.043749211065006 ], [ 127178.017952022477402, 482522.726693987147883 ], [ 127177.76825730240671, 482524.385966346773785 ], [ 127177.678776747750817, 482525.44349916651845 ], [ 127178.940846760538989, 482526.827221674553584 ], [ 127179.874783587059937, 482528.045892386231571 ], [ 127181.091015668818727, 482529.763672134256922 ], [ 127182.42506918332947, 482531.825714242237154 ], [ 127183.705779400421306, 482534.099462767364457 ], [ 127184.43640826450428, 482535.530684519035276 ], [ 127185.529260308336234, 482538.339568742376287 ], [ 127186.742688150960021, 482541.982271228975151 ], [ 127187.640175948137767, 482545.203940468898509 ], [ 127188.733658845900209, 482549.336889871978201 ], [ 127189.687930040614447, 482552.958798340114299 ], [ 127191.191220343273017, 482558.446890015853569 ], [ 127192.654485054605175, 482564.090980107313953 ], [ 127193.033405304566259, 482566.013753587438259 ], [ 127193.364797829897725, 482567.970174396585207 ], [ 127193.556855818576878, 482569.393301369331311 ], [ 127193.723150367994094, 482571.083612247137353 ], [ 127193.871437003821484, 482573.207962731074076 ], [ 127193.919723048005835, 482574.520632470725104 ], [ 127193.886712455525412, 482575.922772622201592 ], [ 127193.917241105547873, 482577.71398704231251 ], [ 127194.015621212660335, 482579.449186580255628 ], [ 127194.167718983560917, 482581.039437783474568 ], [ 127194.337887068133568, 482582.206775662431028 ], [ 127194.648390526097501, 482584.085427778947633 ], [ 127194.85151376608701, 482585.052301051735412 ], [ 127195.061015156039502, 482585.941252089978661 ], [ 127195.20585064147599, 482586.240855986892711 ], [ 127195.322982143145055, 482586.462729399092495 ], [ 127195.61140102261561, 482586.839411805500276 ], [ 127195.823900033326936, 482587.049622036109213 ], [ 127196.015636712312698, 482587.204315982526168 ], [ 127196.275662960164482, 482587.380878963216674 ], [ 127196.535501393707818, 482587.524063149350695 ], [ 127196.84974611911457, 482587.644688005500939 ], [ 127197.156986599875381, 482587.731972420762759 ], [ 127197.450343808566686, 482587.774828471301589 ], [ 127197.879841977715841, 482587.783538751129527 ], [ 127193.698681185618625, 482588.541420490771998 ], [ 127190.593141012999695, 482589.048467018757947 ], [ 127166.728778759657871, 482592.810098050103988 ], [ 127147.808912911714287, 482595.787364260177128 ], [ 127142.557273845159216, 482596.495689689530991 ], [ 127137.645328321275883, 482597.001826241088565 ], [ 127132.999475287448149, 482597.550973656936549 ], [ 127109.29003327008104, 482598.552606436423957 ], [ 127098.235428518863046, 482598.904301804257557 ], [ 127093.364199648771319, 482599.376872672932222 ], [ 127081.107051119019161, 482600.436374767683446 ], [ 127078.646826243377291, 482600.539287613821216 ], [ 127069.713266122125788, 482601.079342490818817 ], [ 127051.144500797992805, 482602.241355334117543 ], [ 127037.288233944258536, 482602.586779935110826 ], [ 127035.311598761749337, 482602.620218274067156 ], [ 127030.076967920336756, 482602.716602808795869 ], [ 127022.388552987904404, 482602.849137557437643 ], [ 126993.564446857591975, 482603.457473492773715 ], [ 126985.119537574893911, 482603.616606851806864 ], [ 126980.489361429135897, 482603.3201853952487 ], [ 126973.377377840006375, 482602.926576685684267 ], [ 126972.129026912341942, 482602.766757331555709 ], [ 126967.544796819667681, 482602.158541859884281 ], [ 126954.365057809220161, 482600.397429030388594 ], [ 126949.154217666276963, 482599.881799808237702 ], [ 126945.16572675552743, 482599.748668476298917 ], [ 126940.550882891431684, 482599.752616295067128 ], [ 126935.985080852595274, 482599.989949088369031 ], [ 126933.899950988648925, 482600.124183786800131 ], [ 126931.168082783333375, 482600.40673890709877 ], [ 126925.455110572176636, 482601.49622109066695 ], [ 126923.29669607336109, 482593.530692003085278 ], [ 126923.010911715275142, 482593.621328714769334 ], [ 126917.326715252798749, 482569.787012256390881 ], [ 126915.729514050544822, 482563.420531798677985 ], [ 126914.084277299567475, 482556.998691769200377 ], [ 126912.275440624318435, 482550.577782174688764 ], [ 126910.336769667774206, 482544.10197813884588 ], [ 126907.921050452932832, 482536.4494642886566 ], [ 126905.375303999200696, 482528.708677866437938 ], [ 126902.266861859956407, 482520.314621142460965 ], [ 126896.97269932270865, 482507.560231537208892 ], [ 126891.255692851729691, 482494.774872869835235 ], [ 126885.535258642397821, 482482.59037817211356 ], [ 126882.509353966088383, 482476.732735156198032 ], [ 126878.975215102429502, 482470.210388458799571 ], [ 126873.838802516038413, 482461.238178906729445 ], [ 126868.202984389077756, 482451.957272007013671 ], [ 126864.94977259762527, 482446.890924106235616 ], [ 126861.552834594040178, 482441.72525705822045 ], [ 126857.709829597326461, 482436.039181097876281 ], [ 126853.552552603199729, 482430.232505130348727 ], [ 126849.395899677096168, 482424.537095349805895 ], [ 126845.075763883418404, 482418.864873675396666 ], [ 126840.791096355213085, 482413.437239415477961 ], [ 126836.418373197462643, 482408.110250287281815 ], [ 126832.739516992078279, 482403.725073343957774 ], [ 126828.931010167332715, 482399.318384924437851 ], [ 126825.137398623803165, 482395.134147002594545 ], [ 126823.230428826922434, 482393.05321370146703 ], [ 126821.248473618208664, 482390.972708690562285 ], [ 126821.065374058351154, 482391.140652076166589 ], [ 126816.05234627884056, 482385.906344880466349 ], [ 126785.71364997208002, 482354.279562755255029 ], [ 126783.340884598466801, 482351.81187215069076 ], [ 126781.681126550742192, 482350.052215466566849 ], [ 126779.828274132407387, 482347.904230077576358 ], [ 126776.348407650060835, 482343.76274436712265 ], [ 126767.793497340840986, 482333.096668344049249 ], [ 126761.367144761185045, 482325.111087396624498 ], [ 126759.164264804174309, 482322.553424637299031 ], [ 126754.916111401063972, 482317.581847421010025 ], [ 126750.428979250209522, 482312.544880106288474 ], [ 126751.87951101375802, 482311.090127784293145 ], [ 126746.564544271706836, 482305.534944419574458 ], [ 126747.45946799153171, 482304.673078273015562 ], [ 126745.340472939191386, 482302.482120713219047 ], [ 126743.386034279043088, 482300.457122567400802 ], [ 126742.586609783364111, 482301.329570035450161 ], [ 126736.771574811806204, 482295.354444661876187 ], [ 126732.849240475843544, 482291.337912723771296 ], [ 126731.236186005422496, 482292.982752815645654 ], [ 126730.000179955473868, 482291.420968813996296 ], [ 126724.479834370868048, 482285.722337758634239 ], [ 126717.457859880843898, 482278.507958459551446 ], [ 126709.96257083780074, 482270.78447369573405 ], [ 126697.133263325522421, 482257.773017795756459 ], [ 126692.511018625707948, 482252.970535656553693 ], [ 126687.832699984122883, 482247.901340060692746 ], [ 126683.336898513371125, 482242.564064138452522 ], [ 126678.858796523927595, 482236.748246029368602 ], [ 126676.048420973922475, 482232.881159741489682 ], [ 126673.209051495141466, 482228.713822380756028 ], [ 126671.378655186461401, 482225.74237854895182 ], [ 126669.451097451470559, 482222.471073507505935 ], [ 126667.750027254543966, 482219.465509809029754 ], [ 126666.068321481841849, 482216.270683071576059 ], [ 126664.86176774816704, 482213.907629511784762 ], [ 126663.668081281357445, 482211.410982986970339 ], [ 126661.623913514937158, 482206.827407971431967 ], [ 126657.233003683446441, 482197.205804125056602 ], [ 126654.80298914029845, 482191.912340803071856 ], [ 126653.587948033527937, 482189.260046479350422 ], [ 126652.38462510361569, 482186.273886531824246 ], [ 126650.229833023258834, 482181.423911830992438 ], [ 126649.132526917179348, 482179.093615347112063 ], [ 126647.870973368611885, 482176.652995102806017 ], [ 126646.636686625512084, 482174.21221875178162 ], [ 126645.23859886462742, 482171.739002593443729 ], [ 126643.888803358742734, 482169.365649367799051 ], [ 126642.319776665957761, 482166.804401803237852 ], [ 126639.114505874487804, 482161.849193236499559 ], [ 126635.623551840049913, 482157.006892531993799 ], [ 126633.467421653316705, 482154.304371142061427 ], [ 126631.154241721465951, 482151.558245658525266 ], [ 126628.938222334021702, 482149.111982332309708 ], [ 126626.572034086799249, 482146.633202231896576 ], [ 126624.405518226645654, 482144.498202188115101 ], [ 126622.041114288411336, 482142.330959446087945 ], [ 126620.882899011237896, 482141.269454011577182 ], [ 126619.17032934409508, 482139.832826953148469 ], [ 126615.957921688299393, 482137.203138574608602 ], [ 126611.926951624816866, 482134.489140920049977 ], [ 126609.291836053496809, 482132.668384503922425 ], [ 126606.99273642541084, 482131.190624426584691 ], [ 126596.542852385420701, 482124.252022367436439 ], [ 126595.749001951990067, 482123.722506728838198 ], [ 126594.756560778536368, 482123.038359853962902 ], [ 126587.775123579922365, 482118.205028242722619 ], [ 126580.882614815767738, 482113.426828203024343 ], [ 126571.772456558537669, 482107.114792365464382 ], [ 126571.004845135874348, 482106.407103778852616 ], [ 126570.274040063130087, 482104.987099702178966 ], [ 126569.899324197802343, 482103.843212967447471 ], [ 126569.476473214745056, 482101.442294719221536 ], [ 126569.432083229563432, 482099.65116371482145 ], [ 126569.677629068857641, 482097.302033740386833 ], [ 126570.016277797578368, 482095.731231854180805 ], [ 126571.207166606967803, 482090.617261669423897 ], [ 126572.988528140660492, 482082.673733378294855 ], [ 126573.907343579252483, 482078.852017125464045 ], [ 126576.001500614220276, 482071.952593658585101 ], [ 126581.917208548489725, 482075.200929436949082 ], [ 126579.501814140356146, 482079.587580860941671 ], [ 126591.456355426082155, 482086.161446401441935 ], [ 126593.055260843844735, 482083.237081157276407 ], [ 126595.160018349241, 482079.364046309492551 ], [ 126593.833336484443862, 482078.648440687102266 ], [ 126586.440467655353132, 482074.596339131181594 ], [ 126612.834808922867524, 482026.678084220387973 ] ] ] ] } },
{ "type": "Feature", "properties": { "source_id": "parks_204", "name": "Professor Joop van Stigtpark", "category": "park", "subtype": "park", "source": "osm", "acquired_at": "2026-08-12T17:41:01.510895+00:00", "area_sqm": 188580.82825765022 }, "geometry": { "type": "MultiPolygon", "coordinates": [ [ [ [ 126837.315842422802234, 481747.27301724429708 ], [ 126840.727402487755171, 481746.541477384569589 ], [ 126841.810513411139254, 481746.379534500127193 ], [ 126842.85297232933226, 481746.262329879275057 ], [ 126843.943408008490223, 481746.189358630566858 ], [ 126845.136424595752032, 481746.171436370641459 ], [ 126846.21398560651869, 481746.232058300753124 ], [ 126847.271220532158623, 481746.315049454919063 ], [ 126847.728443296073237, 481746.390331586298998 ], [ 126848.302135553982225, 481746.565089915704448 ], [ 126848.718959625883144, 481746.729615118762013 ], [ 126849.833713359883404, 481747.335229981108569 ], [ 126900.370239817188121, 481775.420535290206317 ], [ 126915.636278919904726, 481784.001402619294822 ], [ 126972.851939188694814, 481815.431989673583303 ], [ 126985.798400399798993, 481822.579766464594286 ], [ 126987.542725635605166, 481823.60465525201289 ], [ 126986.942876218206948, 481829.638677989481948 ], [ 126987.139181455058861, 481831.796127976500429 ], [ 126987.396346707508201, 481832.662546172912698 ], [ 126987.775343706831336, 481833.372501369391102 ], [ 126988.406650345044909, 481834.092153304431122 ], [ 126988.892204581163242, 481834.356440262054093 ], [ 126989.58190477520111, 481834.552810704684816 ], [ 126990.721243164516636, 481834.691000192135107 ], [ 126991.499003009303124, 481834.78673239343334 ], [ 126993.012230768435984, 481834.73365136171924 ], [ 126993.728381094391807, 481834.78522656642599 ], [ 126994.759207039111061, 481835.024171329161618 ], [ 126995.435587142535951, 481835.276251112401951 ], [ 126997.294983531639446, 481836.155845409666654 ], [ 126996.815733509414713, 481837.00418301433092 ], [ 127001.932914001459721, 481840.101771935354918 ], [ 127010.605376946215983, 481844.981743237702176 ], [ 127016.014872313724482, 481847.933045435056556 ], [ 127016.528274826225243, 481847.095642944739666 ], [ 127019.389877371926559, 481849.182372181036044 ], [ 127027.241350369979045, 481851.151848146459088 ], [ 127042.528267392975977, 481859.888759745866992 ], [ 127056.582277930385317, 481864.004018394800369 ], [ 127067.380650000472087, 481869.895718748506624 ], [ 127074.705123155727051, 481873.926671006774995 ], [ 127083.471138624678133, 481878.49469589383807 ], [ 127088.501763126478181, 481880.76949369139038 ], [ 127093.503542859281879, 481882.766294188040774 ], [ 127098.299477313135867, 481884.530602910439484 ], [ 127103.421764645085204, 481886.137301775161177 ], [ 127108.733680227975128, 481887.520403668750077 ], [ 127114.747848000843078, 481888.91067591047613 ], [ 127119.484648069366813, 481889.863096201384906 ], [ 127123.346873831382254, 481890.475528612034395 ], [ 127129.077881597506348, 481891.222071896016132 ], [ 127135.277970819544862, 481891.732318512222264 ], [ 127145.409189015335869, 481891.775353029021062 ], [ 127152.224581248301547, 481891.380898017436266 ], [ 127158.281864375749137, 481890.74593729787739 ], [ 127169.642950089692022, 481888.846063947654329 ], [ 127178.942745684471447, 481886.523881025495939 ], [ 127188.748596778546926, 481883.264233082998544 ], [ 127191.052323816678836, 481884.363932054198813 ], [ 127202.263634676448419, 481880.072755780536681 ], [ 127206.986597257040557, 481877.353556936199311 ], [ 127212.160265472048195, 481874.765348085493315 ], [ 127217.589749196660705, 481871.597123173181899 ], [ 127217.818603062929469, 481869.860085964319296 ], [ 127221.629923944361508, 481867.479823799920268 ], [ 127234.955266113625839, 481879.054511085385457 ], [ 127234.691324434825219, 481879.400918597937562 ], [ 127238.014393994453712, 481882.34193033160409 ], [ 127238.507747279349132, 481882.784223631257191 ], [ 127242.11251290756627, 481886.113087208184879 ], [ 127246.397944076918066, 481890.461779300181661 ], [ 127249.809347043337766, 481888.495468832843471 ], [ 127261.988271008231095, 481884.109983045316767 ], [ 127279.125893532676855, 481895.930434627574869 ], [ 127295.369172834791243, 481907.544552635401487 ], [ 127298.151224960936815, 481911.278626235027332 ], [ 127298.637729992144159, 481905.634709598089103 ], [ 127301.240202622779179, 481902.871852669282816 ], [ 127307.346242926854757, 481907.288281178334728 ], [ 127312.332380944280885, 481900.428610785980709 ], [ 127312.343460335716372, 481899.972357833699789 ], [ 127311.056556020615972, 481899.044931903947145 ], [ 127330.546720780388569, 481872.009398873953614 ], [ 127328.048207295156317, 481870.209749390371144 ], [ 127332.689338455325924, 481863.8193494573934 ], [ 127335.572517930602771, 481860.042418712866493 ], [ 127334.989266148826573, 481858.154160187928937 ], [ 127331.525439025295782, 481855.636682609445415 ], [ 127329.756888975010952, 481856.358685672166757 ], [ 127323.089532582176616, 481851.54481479479 ], [ 127323.746526861097664, 481850.773400197911542 ], [ 127323.606653404451208, 481848.927166823123116 ], [ 127321.526109188896953, 481847.503484859189484 ], [ 127319.965970350371208, 481847.701373868389055 ], [ 127319.214778038440272, 481848.695848618343007 ], [ 127309.837213717299164, 481842.02790435339557 ], [ 127313.137961466389243, 481837.336239683092572 ], [ 127307.57291503775923, 481833.361837211996317 ], [ 127307.457952948374441, 481833.529380387684796 ], [ 127299.41580248864193, 481827.933254891133402 ], [ 127306.607807993234019, 481818.079288187494967 ], [ 127307.75724560895469, 481816.37047763436567 ], [ 127289.485465255129384, 481804.155727318895515 ], [ 127292.676764926378382, 481799.397903296223376 ], [ 127316.978558601607801, 481817.042052816832438 ], [ 127317.587808709780802, 481817.483704857411794 ], [ 127349.392187782970723, 481840.593669554509688 ], [ 127364.993644643938751, 481852.033580250688829 ], [ 127373.735662418053835, 481858.44926891051 ], [ 127390.753186017187545, 481870.771474339300767 ], [ 127396.174770857775002, 481874.713391351106111 ], [ 127417.64187348363339, 481890.304316279827617 ], [ 127421.810741762863472, 481893.340870460378937 ], [ 127430.497452946874546, 481899.645701490750071 ], [ 127435.337139096111059, 481903.168095985078253 ], [ 127435.727343121077865, 481903.455211628461257 ], [ 127438.780675821733894, 481905.730265495833009 ], [ 127438.306933740590466, 481906.355997061007656 ], [ 127439.445070573972771, 481907.506817594228778 ], [ 127440.44791404044372, 481908.847545042284764 ], [ 127441.144719659379916, 481910.323498314071912 ], [ 127441.472146179090487, 481911.578979087003972 ], [ 127441.656842046533711, 481912.913141921686474 ], [ 127441.635776115494082, 481914.025919899286237 ], [ 127441.524037270894041, 481914.77202546101762 ], [ 127441.338796316369553, 481915.785579372604843 ], [ 127440.975931781387771, 481916.733364042709582 ], [ 127440.815603046125034, 481917.323968074284494 ], [ 127441.444537378833047, 481917.632006279949564 ], [ 127439.099448481792933, 481921.327988567587454 ], [ 127434.992098263261141, 481928.093616286409087 ], [ 127432.15599335602019, 481932.982887222722638 ], [ 127430.955415161239216, 481935.303917644487228 ], [ 127429.997655535538797, 481937.156276481167879 ], [ 127428.433039806695888, 481940.213694146892522 ], [ 127424.244368725514505, 481949.505524480366148 ], [ 127418.772830829562736, 481959.805911804549396 ], [ 127412.016015523651731, 481970.680936311895493 ], [ 127407.74183744120819, 481976.857808843022212 ], [ 127404.2173337230779, 481974.440758833254222 ], [ 127394.429595302513917, 481988.259029182663653 ], [ 127392.676663925056346, 481990.549774593440816 ], [ 127380.862923202352249, 482005.358531086298171 ], [ 127373.359235132811591, 482014.312880754529033 ], [ 127376.818662818041048, 482017.286602939770091 ], [ 127373.790891132797697, 482020.797280693193898 ], [ 127371.475697170390049, 482023.725393384578638 ], [ 127370.555024371176842, 482024.887707273301203 ], [ 127358.451591588862357, 482040.287849044427276 ], [ 127358.09759537006903, 482040.378841694095172 ], [ 127356.673735540622147, 482040.553704228950664 ], [ 127355.83578095138364, 482040.658530434186105 ], [ 127355.537566971092019, 482040.971743452711962 ], [ 127355.178433931898326, 482041.363183493842371 ], [ 127346.809126839303644, 482052.770270597480703 ], [ 127346.708238738385262, 482053.015620476566255 ], [ 127346.6688297248038, 482053.282879597507417 ], [ 127347.150793388107559, 482055.349732401838992 ], [ 127347.111695624058484, 482055.672622829559259 ], [ 127346.983725637212046, 482055.951504050579388 ], [ 127340.334998907579575, 482065.379566489893477 ], [ 127340.138857982237823, 482065.658829406951554 ], [ 127327.841447762970347, 482082.907151580497157 ], [ 127326.867380657684407, 482084.270051821542438 ], [ 127320.975643399418914, 482092.514482218481135 ], [ 127313.717527674714802, 482102.669224304729141 ], [ 127312.750223188195378, 482104.020962942973711 ], [ 127312.175257036768016, 482104.825299910618924 ], [ 127302.279151403607102, 482118.677746642613783 ], [ 127300.222783472199808, 482121.548810328880791 ], [ 127296.718913987220731, 482126.453031614189968 ], [ 127296.084096235048492, 482127.52474468696164 ], [ 127295.482553330686642, 482128.451625371468253 ], [ 127294.076827282100567, 482130.640321274811868 ], [ 127292.668919381248998, 482132.439598412136547 ], [ 127291.485619288214366, 482132.958056354313157 ], [ 127290.654561142378952, 482133.073981706402265 ], [ 127289.460451915365411, 482132.880397572531365 ], [ 127288.331144497075002, 482132.085613335540984 ], [ 127284.744027628243202, 482129.435340477502905 ], [ 127280.326721584962797, 482127.056764998880681 ], [ 127276.931425473594572, 482123.359520415659063 ], [ 127272.509616006238502, 482120.179861074371729 ], [ 127254.336245883081574, 482107.096813854645006 ], [ 127250.681296396738617, 482104.513706054131035 ], [ 127250.181711214769166, 482104.171586034062784 ], [ 127242.9744938222575, 482099.082688857859466 ], [ 127240.523844162569731, 482097.293941316311248 ], [ 127193.481145242345519, 482062.809972563292831 ], [ 127161.678449203958735, 482039.879023787856568 ], [ 127156.646688876615372, 482036.157699070347007 ], [ 127151.573578909839853, 482032.358726139646024 ], [ 127141.420643783974811, 482024.783086890529376 ], [ 127139.175001466152025, 482023.093373305688147 ], [ 127135.747631988400826, 482027.040388648689259 ], [ 127130.120047054195311, 482033.725832638447173 ], [ 127132.903305525207543, 482035.245611688995268 ], [ 127133.160728100468987, 482034.954868351283949 ], [ 127134.302399816006073, 482035.515888752590399 ], [ 127136.975514517733245, 482036.847138658631593 ], [ 127136.481747990124859, 482037.539772242307663 ], [ 127131.415253911414766, 482044.5892300462001 ], [ 127129.026330585416872, 482042.878075735177845 ], [ 127124.311584922485054, 482049.435986515600234 ], [ 127124.020768010959728, 482049.849311419238802 ], [ 127123.729888394635054, 482050.251510082278401 ], [ 127122.789642854462727, 482051.558627019228879 ], [ 127120.503323633427499, 482054.742607899999712 ], [ 127119.941828835115302, 482055.513511522265617 ], [ 127119.475084214675007, 482056.161487981036771 ], [ 127118.605725827044807, 482055.53217515128199 ], [ 127117.969870197557611, 482056.414764620945789 ], [ 127117.4151931557426, 482057.185630075808149 ], [ 127115.460284707281971, 482059.900425983068999 ], [ 127116.336459903672221, 482060.529699800885282 ], [ 127113.488719063578174, 482064.495714364747982 ], [ 127110.032147778503713, 482069.299662208883092 ], [ 127112.393608152022352, 482070.977582489023916 ], [ 127111.994472481354023, 482071.525038682681043 ], [ 127109.227919431272312, 482075.379331605858169 ], [ 127105.974304316754569, 482079.903971819905564 ], [ 127104.845324446767336, 482081.590462369495071 ], [ 127101.614321662986185, 482079.249857032264117 ], [ 127098.259024382001371, 482083.875215913401917 ], [ 127097.396548042641371, 482083.256994564027991 ], [ 127095.3429902009957, 482081.777622074878309 ], [ 127092.1704436801665, 482086.168294469942339 ], [ 127088.970760002848692, 482090.581375456240494 ], [ 127090.990042053366778, 482092.02755901607452 ], [ 127087.837768923069234, 482096.38474002876319 ], [ 127086.221045972444699, 482098.619193615682889 ], [ 127084.611078760703094, 482100.842482972191647 ], [ 127087.601529052248225, 482102.839510702702682 ], [ 127088.196879410519614, 482103.236706614552531 ], [ 127088.737504325312329, 482103.600831800722517 ], [ 127085.606508913071593, 482108.102540224266704 ], [ 127080.75117624476843, 482115.095226223929785 ], [ 127085.351238887931686, 482118.429480683989823 ], [ 127097.685563899372937, 482127.205490674765315 ], [ 127099.780067565632635, 482128.695759586698841 ], [ 127096.631989335248363, 482132.58559386676643 ], [ 127094.502172963868361, 482134.500269922195002 ], [ 127090.36522077814152, 482134.701655449753162 ], [ 127087.56409904116299, 482134.839866985683329 ], [ 127078.927857405215036, 482136.268348713929299 ], [ 127078.030988083672128, 482135.5946919627022 ], [ 127077.079456294886768, 482134.899090959457681 ], [ 127074.212957966010435, 482134.325576025701594 ], [ 127071.634383494179929, 482135.241402235114947 ], [ 127067.534510496101575, 482137.178349422058091 ], [ 127065.020813946015551, 482138.716902926389594 ], [ 127061.844093072955729, 482143.563810551248025 ], [ 127062.788934110314585, 482144.281699683167972 ], [ 127061.105325838827412, 482146.739072271157056 ], [ 127066.110848188007367, 482150.649600889766589 ], [ 127055.959872503968654, 482165.104825622285716 ], [ 127044.851191409150488, 482166.914525652537122 ], [ 127036.167046831717016, 482168.298847194819245 ], [ 127028.572747834768961, 482169.521243231894914 ], [ 127024.595202558615711, 482174.995798429008573 ], [ 127016.850016467244131, 482185.6878181178472 ], [ 127018.55495973242796, 482196.63788342603948 ], [ 127014.686885436924058, 482197.360761507297866 ], [ 127014.169299219749519, 482197.452705266186967 ], [ 127010.476829260398517, 482197.885300225985702 ], [ 127003.462329798814608, 482200.361759602150414 ], [ 127002.61584735919314, 482197.751799509802368 ], [ 127001.610862037487095, 482196.04399354790803 ], [ 126992.90680832338694, 482191.498017005564179 ], [ 126989.364259580848739, 482189.515302018087823 ], [ 126982.702437854168238, 482185.658746287459508 ], [ 126973.682810452199192, 482180.769667229615152 ], [ 126947.162807454820722, 482166.177355923049618 ], [ 126945.789744400681229, 482165.684451856533997 ], [ 126945.038482649164507, 482165.443930714624003 ], [ 126944.171710419657757, 482165.270825106941629 ], [ 126942.862021218039445, 482165.133613890269771 ], [ 126941.416433670601691, 482165.075060866889544 ], [ 126939.801431260028039, 482165.195496015774552 ], [ 126938.930431814034819, 482165.478606676857453 ], [ 126938.243365677000838, 482165.738419916306157 ], [ 126937.699962433704059, 482166.086430479888804 ], [ 126937.292836485154112, 482166.422540692263283 ], [ 126936.689849159723963, 482167.082435009884648 ], [ 126933.000985305057839, 482171.754308942705393 ], [ 126933.363424277878948, 482171.952529831032734 ], [ 126932.101406833244255, 482174.20727376989089 ], [ 126920.646253363636788, 482167.818903155333828 ], [ 126911.263205592054874, 482162.575950464757625 ], [ 126903.767710844491376, 482158.390440158429556 ], [ 126904.995950616823393, 482156.191514086676762 ], [ 126905.344757794766338, 482156.389810419583227 ], [ 126906.423869238467887, 482150.742480640532449 ], [ 126906.39249016730173, 482150.019428792991675 ], [ 126906.272995483770501, 482149.385890773090068 ], [ 126906.04430157301249, 482148.730720241437666 ], [ 126905.741379060316831, 482148.209491088753566 ], [ 126905.439025705563836, 482147.788398291508202 ], [ 126905.048240443575196, 482147.401188056857791 ], [ 126904.50041005393723, 482146.970364126435015 ], [ 126904.08330521316384, 482146.75020286871586 ], [ 126900.283791403198848, 482145.147317233378999 ], [ 126893.722703696563258, 482141.045522504020482 ], [ 126892.313248251972254, 482138.95060709817335 ], [ 126890.747529202417354, 482129.757798172708135 ], [ 126888.982038311456563, 482121.400622473214753 ], [ 126886.749326595119783, 482113.602436017477885 ], [ 126885.974863035051385, 482111.681936424283776 ], [ 126884.504872575693298, 482106.138115973677486 ], [ 126881.132184160756879, 482102.874950764526147 ], [ 126880.253264122147812, 482101.767289483861532 ], [ 126876.180539270921145, 482097.684740793250967 ], [ 126871.767774873835151, 482093.748776697786525 ], [ 126869.649822661333019, 482091.746912954724394 ], [ 126867.634062290526344, 482089.733341814368032 ], [ 126866.492182289730408, 482089.139004181604832 ], [ 126865.119659743009834, 482088.746258871920872 ], [ 126863.473311745765386, 482088.154793657013215 ], [ 126861.914635867229663, 482087.395930587954354 ], [ 126860.710450266749831, 482086.635049730131868 ], [ 126859.117117675064947, 482085.776245287328493 ], [ 126857.373300783685409, 482084.829285281302873 ], [ 126853.772118089313153, 482083.347698619181756 ], [ 126852.50134300928039, 482082.865364422847051 ], [ 126851.64073643523443, 482082.580973644333426 ], [ 126850.650160593882902, 482082.219436924322508 ], [ 126850.0554854926595, 482081.944658446649555 ], [ 126848.88148043808178, 482081.695433002838399 ], [ 126847.243466298270505, 482081.370964546396863 ], [ 126846.233325780020095, 482081.165312804980204 ], [ 126842.8623003376415, 482080.594805713219102 ], [ 126840.454836226839689, 482080.430495795444585 ], [ 126837.955706055625342, 482079.732631685037632 ], [ 126835.265155061555561, 482080.137394876161125 ], [ 126826.867137480061501, 482080.307651472685393 ], [ 126824.780141601208015, 482080.15264906513039 ], [ 126822.091524631745415, 482079.700658778077923 ], [ 126817.324278999498347, 482078.170113623666111 ], [ 126808.631894798163557, 482073.34622789057903 ], [ 126804.303437398833921, 482071.056582362391055 ], [ 126799.784159122951678, 482068.779155992669985 ], [ 126785.805603973742109, 482062.294228427228518 ], [ 126784.119350823326386, 482061.881043254688848 ], [ 126783.013890345595428, 482061.698201808088925 ], [ 126780.142720567004289, 482061.514315338106826 ], [ 126765.472070990668726, 482060.385300552123226 ], [ 126756.260913058547885, 482056.654878800152801 ], [ 126746.66537151466764, 482052.47048004635144 ], [ 126746.050235445451108, 482052.19583099510055 ], [ 126744.384861092607025, 482053.050974601239432 ], [ 126740.377760831324849, 482053.318670125794597 ], [ 126736.175262581309653, 482052.797496310726274 ], [ 126732.794396587341907, 482051.704169263015501 ], [ 126727.213312406907789, 482048.542752262903377 ], [ 126718.6441383370111, 482042.639037153334357 ], [ 126712.733333065800252, 482036.664488354988862 ], [ 126709.88489584843046, 482034.49997418676503 ], [ 126706.844298396536033, 482033.304577578499448 ], [ 126696.025011247693328, 482027.347023000475019 ], [ 126667.353691811411409, 482011.188545748649631 ], [ 126628.303123194215004, 481989.782405511359684 ], [ 126627.728620786918327, 481989.463031390972901 ], [ 126628.626056194363628, 481987.844519886595663 ], [ 126630.061226218444062, 481986.078275892650709 ], [ 126630.413233547355048, 481985.642317219695542 ], [ 126631.149035724956775, 481984.369659171206877 ], [ 126632.716083079722011, 481981.823795643053018 ], [ 126635.536523843809846, 481976.722743523074314 ], [ 126641.582408112371922, 481980.070543267938774 ], [ 126642.717714816855732, 481980.698246762389317 ], [ 126643.264488304543192, 481979.749347069766372 ], [ 126642.361607299098978, 481979.231576106045395 ], [ 126638.879950661212206, 481973.654863489151467 ], [ 126637.477937637333525, 481972.884045281738508 ], [ 126637.531901312380796, 481972.783596039633267 ], [ 126636.963640199479414, 481972.364045447204262 ], [ 126636.450172698532697, 481971.988686962402426 ], [ 126637.21222610026598, 481970.537853320362046 ], [ 126638.756530767277582, 481967.591564027243294 ], [ 126633.722335505284718, 481964.716405960323755 ], [ 126647.655432614817983, 481939.423542206466664 ], [ 126653.162031505606137, 481929.567153383570258 ], [ 126672.53163515261258, 481901.172240108775441 ], [ 126675.723677596091875, 481895.46824523905525 ], [ 126678.031637209438486, 481891.338171397626866 ], [ 126697.088126502319938, 481857.025792718224693 ], [ 126707.129567792711896, 481838.987692167109344 ], [ 126710.762272678155568, 481835.217229894245975 ], [ 126712.191145197313745, 481833.528933132009115 ], [ 126713.709028001801926, 481831.906887098681182 ], [ 126715.302413488388993, 481830.373422406672034 ], [ 126716.96442048776953, 481828.9174518865766 ], [ 126718.701866469200468, 481827.538936597411521 ], [ 126720.50118009110156, 481826.249080884794239 ], [ 126722.362361303748912, 481825.047884809435345 ], [ 126724.278656207199674, 481823.946513700007927 ], [ 126726.250001075837645, 481822.933841360849328 ], [ 126728.262824485718738, 481822.021072099974845 ], [ 126730.092785312634078, 481821.320755229680799 ], [ 126739.786661367324996, 481817.582411431882065 ], [ 126744.332611075617024, 481816.132215379038826 ], [ 126745.686559433175717, 481815.64603118726518 ], [ 126746.808776488818694, 481815.172298567311373 ], [ 126747.910286857993924, 481814.654178107914049 ], [ 126748.984209464426385, 481814.080582499911543 ], [ 126750.030607926295488, 481813.462637978140265 ], [ 126751.042664753520512, 481812.800383492838591 ], [ 126751.619482263951795, 481812.329769080271944 ], [ 126752.176356046722503, 481811.948281635064632 ], [ 126752.712586630674195, 481811.533532378205564 ], [ 126753.235118700045859, 481811.107734850200359 ], [ 126753.730190067057265, 481810.648714465321973 ], [ 126754.211562921162113, 481810.178645795735065 ], [ 126754.665475075744325, 481809.675354252860416 ], [ 126755.357110174154514, 481809.014931722311303 ], [ 126755.777697920784703, 481808.645350084465463 ], [ 126757.863333408400649, 481809.734967518248595 ], [ 126758.615230487295776, 481810.075596412178129 ], [ 126759.400833598629106, 481810.349273152532987 ], [ 126760.213198121142341, 481810.533784209343139 ], [ 126761.031998695063521, 481810.651498939085286 ], [ 126761.420660389529075, 481810.660405069647823 ], [ 126768.750565092050238, 481810.807686420972459 ], [ 126769.780072770066909, 481810.812932982342318 ], [ 126770.216520551985013, 481810.832693499163724 ], [ 126770.844176352169598, 481810.906995088793337 ], [ 126771.608563599133049, 481811.047275568824261 ], [ 126772.448515280426363, 481811.287264145561494 ], [ 126773.248070131303393, 481811.616496480943169 ], [ 126773.637494176349719, 481811.758918586885557 ], [ 126779.8955254015018, 481815.228068665310275 ], [ 126781.730767228611512, 481811.868480076664127 ], [ 126782.578806132441969, 481812.3309564916417 ], [ 126783.584155686243321, 481812.88154792774003 ], [ 126789.718828348588431, 481816.240148457756732 ], [ 126796.003795052907662, 481819.653532040654682 ], [ 126798.344581943791127, 481815.278543128748424 ], [ 126827.271518098263186, 481762.529208759311587 ], [ 126831.791632432214101, 481764.906795754504856 ], [ 126837.925478343036957, 481753.756358542363159 ], [ 126837.679353544066544, 481751.243146547582 ], [ 126837.315842422802234, 481747.27301724429708 ] ] ] ] } },
{ "type": "Feature", "properties": { "source_id": "parks_205", "name": null, "category": "park", "subtype": "park", "source": "osm", "acquired_at": "2026-08-12T17:41:01.510895+00:00", "area_sqm": 208.93676770923861 }, "geometry": { "type": "MultiPolygon", "coordinates": [ [ [ [ 120126.440194563707337, 490432.404704172629863 ], [ 120120.384991211554734, 490430.778493572608568 ], [ 120127.729121335389209, 490403.899566531646997 ], [ 120129.187776326434687, 490399.393979124142788 ], [ 120132.99993671750417, 490400.468587504758034 ], [ 120135.325469771196367, 490401.1308866579202 ], [ 120134.701233942614635, 490403.32730178599013 ], [ 120126.440194563707337, 490432.404704172629863 ] ] ] ] } },
{ "type": "Feature", "properties": { "source_id": "parks_206", "name": null, "category": "park", "subtype": "park", "source": "osm", "acquired_at": "2026-08-12T17:41:01.510895+00:00", "area_sqm": 84.509611950953229 }, "geometry": { "type": "MultiPolygon", "coordinates": [ [ [ [ 120191.447795347281499, 486597.881359234161209 ], [ 120193.156336473795818, 486593.863651806139387 ], [ 120194.405958990770159, 486589.481995430425741 ], [ 120194.477163169474807, 486587.022463492758106 ], [ 120193.599307697688346, 486585.203852959384676 ], [ 120191.357880979281617, 486585.130643685988616 ], [ 120189.265917964861728, 486585.968781611300074 ], [ 120187.084958521038061, 486587.708821488602553 ], [ 120185.551369362394325, 486590.456838201847859 ], [ 120184.119491467456101, 486594.105411451193504 ], [ 120191.447795347281499, 486597.881359234161209 ] ] ] ] } },
{ "type": "Feature", "properties": { "source_id": "parks_207", "name": null, "category": "park", "subtype": "park", "source": "osm", "acquired_at": "2026-08-12T17:41:01.510895+00:00", "area_sqm": 1440.3364811661688 }, "geometry": { "type": "MultiPolygon", "coordinates": [ [ [ [ 122084.702678505112999, 491089.07226506061852 ], [ 122082.337448570237029, 491076.258754980110098 ], [ 122131.004837599466555, 491052.445216181979049 ], [ 122160.732808698638109, 491076.459226734179538 ], [ 122084.702678505112999, 491089.07226506061852 ] ] ] ] } },
{ "type": "Feature", "properties": { "source_id": "parks_208", "name": null, "category": "park", "subtype": "park", "source": "osm", "acquired_at": "2026-08-12T17:41:01.510895+00:00", "area_sqm": 2035.4814870054274 }, "geometry": { "type": "MultiPolygon", "coordinates": [ [ [ [ 117517.951409637113102, 489579.678143787779845 ], [ 117521.150865864474326, 489579.687211526499595 ], [ 117533.409684367128648, 489579.560693423438352 ], [ 117535.197027586429613, 489595.302878291229717 ], [ 117535.419921523949597, 489605.827280533441808 ], [ 117533.786962459926144, 489621.161496225162409 ], [ 117541.301406288766884, 489621.972321896988433 ], [ 117541.30216680871672, 489622.072458680137061 ], [ 117551.788876153121237, 489635.111500349885318 ], [ 117549.745576061250176, 489636.751549823558889 ], [ 117547.101072541598114, 489633.62270341895055 ], [ 117545.686903103865916, 489636.537576598289888 ], [ 117541.609668595308904, 489636.568540608684998 ], [ 117540.365979626745684, 489636.833906186046079 ], [ 117539.499111889046617, 489637.419091623625718 ], [ 117538.451589388540015, 489638.417346560570877 ], [ 117537.880031454813434, 489639.34522478672443 ], [ 117537.596891740948195, 489640.604720906761941 ], [ 117537.609483882057248, 489642.262541033618618 ], [ 117538.349174745744676, 489684.083134951128159 ], [ 117534.946431473668781, 489684.186870448000263 ], [ 117531.448394948005443, 489684.29133223334793 ], [ 117528.743273056868929, 489683.933567227330059 ], [ 117526.335868978203507, 489683.339875633013435 ], [ 117521.599610843986738, 489681.740201809909195 ], [ 117518.485367648783722, 489680.395252520218492 ], [ 117517.951409637113102, 489579.678143787779845 ] ] ] ] } },
{ "type": "Feature", "properties": { "source_id": "parks_209", "name": null, "category": "park", "subtype": "park", "source": "osm", "acquired_at": "2026-08-12T17:41:01.510895+00:00", "area_sqm": 3136.5690217176589 }, "geometry": { "type": "MultiPolygon", "coordinates": [ [ [ [ 117526.608385717467172, 489885.837253720790613 ], [ 117535.94788377302757, 489875.162308525876142 ], [ 117536.139807702827966, 489835.014793489710428 ], [ 117536.183631924301153, 489826.446704888599925 ], [ 117535.896914856362855, 489826.337613323470578 ], [ 117535.745143976455438, 489826.071719297557138 ], [ 117535.347762392717414, 489764.798598230583593 ], [ 117535.326255137406406, 489761.071231996407732 ], [ 117535.359104692499386, 489760.91520510870032 ], [ 117535.453382362538832, 489760.780965497135185 ], [ 117535.581946412959951, 489760.679846300045028 ], [ 117535.738243833096931, 489760.645278169307858 ], [ 117542.517666225961875, 489760.604911810194608 ], [ 117542.521185409161262, 489758.379494316643104 ], [ 117535.82982274168171, 489758.363556952856015 ], [ 117535.772857865915284, 489750.86442275630543 ], [ 117535.595886847586371, 489750.865767064271495 ], [ 117535.452188052615384, 489750.766716048994567 ], [ 117535.342268585751299, 489750.634027583291754 ], [ 117535.286632700590417, 489750.478672856639605 ], [ 117535.269221851878683, 489748.186652636388317 ], [ 117535.073623724456411, 489716.16476649971446 ], [ 117535.092775825716672, 489715.997716719517484 ], [ 117535.126217326673213, 489715.919574018975254 ], [ 117535.295030687062535, 489715.740260422055144 ], [ 117535.44435387395788, 489715.683491366158705 ], [ 117540.950914480461506, 489715.641665572416969 ], [ 117540.947703285608441, 489715.218865749659017 ], [ 117540.844843335216865, 489715.119504404021427 ], [ 117540.686431789843482, 489714.875914594507776 ], [ 117540.575497610261664, 489714.60971028113272 ], [ 117540.547172521546599, 489714.465275023132563 ], [ 117540.54387678715284, 489714.031348893186077 ], [ 117540.623443683172809, 489713.752570745826233 ], [ 117540.845273759507108, 489713.383696477860212 ], [ 117541.047951552871382, 489713.181871972978115 ], [ 117541.434408370259916, 489712.97865168156568 ], [ 117541.85591240649228, 489712.908688670722768 ], [ 117542.285237108997535, 489712.972189734515268 ], [ 117542.667929405899486, 489713.169568430981599 ], [ 117542.969787124660797, 489713.478830600215588 ], [ 117543.156523617100902, 489713.866855751839466 ], [ 117543.206367018050514, 489714.15577798319282 ], [ 117543.194950762437657, 489714.445165458833799 ], [ 117543.122190360736568, 489714.723891870351508 ], [ 117543.061944717512233, 489714.857872848864645 ], [ 117542.805912408613949, 489715.204752870718949 ], [ 117542.809123443919816, 489715.6275526942336 ], [ 117548.227113463683054, 489715.575280738994479 ], [ 117548.3088774678763, 489715.585786810086574 ], [ 117548.513921137186117, 489715.695499330526218 ], [ 117558.553272414050298, 489715.563640597742051 ], [ 117558.499826548577403, 489711.213407899835147 ], [ 117553.304171107563889, 489704.687951482308563 ], [ 117551.991454852060997, 489705.721598142466974 ], [ 117551.283612417610129, 489704.836816507217009 ], [ 117552.596244286964065, 489703.792043351277243 ], [ 117550.418600506527582, 489701.182617215788923 ], [ 117548.799896902579349, 489699.570373435097281 ], [ 117547.053471210645512, 489698.170512170938309 ], [ 117544.797559560174705, 489696.908044090843759 ], [ 117542.933513028343441, 489696.154440760205034 ], [ 117541.159896022902103, 489695.656071228731889 ], [ 117538.658220150129637, 489695.196613101405092 ], [ 117522.573588511731941, 489695.252048364374787 ], [ 117520.356310190123622, 489695.491436482872814 ], [ 117518.997685103066033, 489695.857823642611038 ], [ 117519.536971728026401, 489741.741281567432452 ], [ 117519.541537645913195, 489742.342102387920022 ], [ 117519.556884191493737, 489743.465808110137004 ], [ 117519.822298807353945, 489765.851223022153135 ], [ 117520.026115486762137, 489782.818279952276498 ], [ 117520.627246032250696, 489807.281885887496173 ], [ 117521.531704279957921, 489833.145184324937873 ], [ 117524.413516653818078, 489881.848227078036871 ], [ 117524.684080662205815, 489883.415072039468214 ], [ 117525.552507980435621, 489884.832723660045303 ], [ 117526.608385717467172, 489885.837253720790613 ] ] ] ] } },
{ "type": "Feature", "properties": { "source_id": "parks_210", "name": "Bella Vistapark", "category": "park", "subtype": "park", "source": "osm", "acquired_at": "2026-08-12T17:41:01.510895+00:00", "area_sqm": 22183.035217514407 }, "geometry": { "type": "MultiPolygon", "coordinates": [ [ [ [ 122883.943878667952958, 483451.121753677143715 ], [ 122860.72763452414074, 483464.357748312002514 ], [ 122797.669331204349874, 483494.521215215558186 ], [ 122806.573244115512352, 483510.652560482150875 ], [ 122810.601080521417316, 483517.958822315500583 ], [ 122827.656329282850493, 483551.906610903155524 ], [ 122829.379888568946626, 483554.932981172460131 ], [ 122830.055522079710499, 483556.119140464288648 ], [ 122830.275996567506809, 483556.484886511636432 ], [ 122833.169567277305759, 483561.261661010037642 ], [ 122835.911389305765624, 483565.761257197416853 ], [ 122927.219473002885934, 483515.731627213303 ], [ 122962.677436112455325, 483496.374736272904556 ], [ 122997.639462304563494, 483477.221596271789167 ], [ 123001.347529255508562, 483475.183642616553698 ], [ 123022.957882927817991, 483463.349544595112093 ], [ 123060.331306658947142, 483442.868294107087422 ], [ 123065.336610897269566, 483440.121019771788269 ], [ 123081.772134978935355, 483431.124566136451904 ], [ 123085.820747862919234, 483429.039969686826225 ], [ 123107.229128178703832, 483417.53022406459786 ], [ 123114.401457795931492, 483413.667467067134567 ], [ 123114.040168083796743, 483412.601634610327892 ], [ 123110.965378949200385, 483411.397542193008121 ], [ 123083.891094950115075, 483400.423407123074867 ], [ 123025.360388597706333, 483375.421839713468216 ], [ 123018.519863274603267, 483378.948776618286502 ], [ 123016.196646463067736, 483380.143247546511702 ], [ 123011.340381100861123, 483382.756085563101806 ], [ 122916.120163850544486, 483434.345011767116375 ], [ 122883.943878667952958, 483451.121753677143715 ] ] ] ] } },
{ "type": "Feature", "properties": { "source_id": "parks_211", "name": null, "category": "park", "subtype": "park", "source": "osm", "acquired_at": "2026-08-12T17:41:01.510895+00:00", "area_sqm": 2394.2941458115088 }, "geometry": { "type": "MultiPolygon", "coordinates": [ [ [ [ 118260.205211814958602, 489885.380487649992574 ], [ 118268.687796444733976, 489885.562096373934764 ], [ 118309.711791080102557, 489886.425056824984495 ], [ 118310.61039985017851, 489886.440625591727439 ], [ 118311.3864936286991, 489886.457105933281127 ], [ 118311.335149402089883, 489888.705129698850214 ], [ 118315.869194892773521, 489888.804925545759033 ], [ 118315.888806486385874, 489887.781101225700695 ], [ 118321.539430993128917, 489887.917104794469196 ], [ 118321.514170309295878, 489889.09674824232934 ], [ 118322.855359004897764, 489889.131281623325776 ], [ 118322.885440527403262, 489887.684555788349826 ], [ 118338.523183754907222, 489888.035616931447294 ], [ 118338.467005830840208, 489890.550722777494229 ], [ 118361.07579586096108, 489891.028070854197722 ], [ 118361.034900803075288, 489892.853192611015402 ], [ 118363.11150764269405, 489892.926781248359475 ], [ 118363.215400354427402, 489888.586503411119338 ], [ 118395.648203166550957, 489889.313721968908794 ], [ 118395.668161639230675, 489888.334403308457695 ], [ 118399.26275873753184, 489888.418994677776936 ], [ 118399.19995573424967, 489891.879938419209793 ], [ 118414.727537753729848, 489892.06515455187764 ], [ 118414.690171967609785, 489894.368707810586784 ], [ 118416.426705917416257, 489894.478222444362473 ], [ 118416.513978995673824, 489889.726372763514519 ], [ 118457.618423640567926, 489890.434189354651608 ], [ 118457.638229529140517, 489889.432618312945124 ], [ 118461.164513197581982, 489889.48438015388092 ], [ 118461.109050187747926, 489893.023156871378887 ], [ 118468.413365753396647, 489893.113696270505898 ], [ 118470.626015597896185, 489893.175195523537695 ], [ 118470.504519471272943, 489889.637729686917737 ], [ 118470.072281192333321, 489880.90628634497989 ], [ 118307.241771993634757, 489876.473695225547999 ], [ 118304.358063913634396, 489874.047224071517121 ], [ 118260.184836679633008, 489873.5081938142539 ], [ 118260.205211814958602, 489885.380487649992574 ] ] ] ] } },
{ "type": "Feature", "properties": { "source_id": "parks_212", "name": "Koopvaardersplantsoen", "category": "park", "subtype": "park", "source": "osm", "acquired_at": "2026-08-12T17:41:01.510895+00:00", "area_sqm": 23903.281398280051 }, "geometry": { "type": "MultiPolygon", "coordinates": [ [ [ [ 122670.409166201730841, 490738.105270785163157 ], [ 122667.859340285256621, 490734.294346623006277 ], [ 122692.779779381351545, 490716.439285952481441 ], [ 122713.346459350548685, 490705.066441537579522 ], [ 122717.949562059846357, 490703.378400587011129 ], [ 122746.431203202038887, 490690.963593160558958 ], [ 122748.098741539026378, 490698.274163989699446 ], [ 122749.369498051702976, 490704.229852851014584 ], [ 122749.559643545595463, 490705.207773457514122 ], [ 122750.366260548704304, 490708.874363830080256 ], [ 122761.69611174990132, 490750.303489391983021 ], [ 122770.448740142630413, 490750.424302255501971 ], [ 122775.294393563701306, 490750.44826664152788 ], [ 122791.372231573885074, 490750.955197793606203 ], [ 122792.633879127752152, 490751.358650943380781 ], [ 122793.793547431472689, 490752.819822805235162 ], [ 122805.20973622368183, 490787.739266711636446 ], [ 122805.156286989280488, 490789.976115967554506 ], [ 122804.971699117915705, 490794.016373949300032 ], [ 122804.503232308023144, 490803.566284828644712 ], [ 122827.394273301630164, 490840.758639454550575 ], [ 122829.286751376348548, 490841.892359074321575 ], [ 122832.864867655822309, 490843.7494557389291 ], [ 122849.384983559459215, 490852.643346340046264 ], [ 122860.950786635046825, 490888.685758747160435 ], [ 122862.116941649001092, 490892.194248064537533 ], [ 122873.463862524382421, 490928.093468319217209 ], [ 122874.420632215827936, 490930.802190394024365 ], [ 122875.4896775916568, 490932.987218327762093 ], [ 122883.209950705640949, 490943.919144322979264 ], [ 122885.656342541537015, 490947.563949714880437 ], [ 122901.735706675463007, 490971.404269371065311 ], [ 122912.938222562617739, 490988.322082861734089 ], [ 122919.04080199841701, 490995.392442020529415 ], [ 122921.651616906194249, 490998.168299576325808 ], [ 122929.306684292911086, 491006.430273005564231 ], [ 122927.032783010668936, 491008.370012386003509 ], [ 122937.540015808932367, 491028.274405377625953 ], [ 122929.50961865131103, 491034.490917933057062 ], [ 122913.951856174477143, 491044.739842860377394 ], [ 122907.034090618617483, 491049.380263470753562 ], [ 122841.622622603332275, 490960.502197860798333 ], [ 122812.21445822926762, 490919.391148640192114 ], [ 122797.051550168922404, 490900.507716504042037 ], [ 122781.973473079211544, 490880.043760950968135 ], [ 122688.65090982982656, 490762.453686074295547 ], [ 122670.409166201730841, 490738.105270785163157 ] ] ] ] } },
{ "type": "Feature", "properties": { "source_id": "parks_213", "name": "De Omloop", "category": "park", "subtype": "park", "source": "osm", "acquired_at": "2026-08-12T17:41:01.510895+00:00", "area_sqm": 125348.47884303457 }, "geometry": { "type": "MultiPolygon", "coordinates": [ [ [ [ 126414.750158970171469, 485166.259862363804132 ], [ 126418.711895528278546, 485117.390778710483573 ], [ 126451.480915591178928, 484961.405410494655371 ], [ 126453.894027110814932, 484950.999140738102142 ], [ 126481.176391656103078, 484861.58328891324345 ], [ 126480.222447980806464, 484841.516267692029942 ], [ 126506.581863474595593, 484776.172914658498485 ], [ 126521.853590536629781, 484738.765958422154654 ], [ 126485.60511099267751, 484716.410200821992476 ], [ 126449.630166152186575, 484741.430518695677165 ], [ 126422.761228981718887, 484773.96454702061601 ], [ 126391.413191469880985, 484820.110346127185039 ], [ 126371.3377693634975, 484850.224207521823701 ], [ 126352.928656517586205, 484878.603852609987371 ], [ 126317.7226691890246, 484935.988215187215246 ], [ 126314.284543352638138, 484941.137585292104632 ], [ 126300.762450451104087, 484959.163487543468364 ], [ 126286.287307816048269, 484978.48566470813239 ], [ 126267.261102784235845, 484994.318329064291902 ], [ 126263.328398457058938, 484997.590203428757377 ], [ 126258.365869673580164, 485001.858349335554522 ], [ 126241.010485997379874, 485016.757878244912717 ], [ 126227.980150529823732, 485030.230307059711777 ], [ 126226.568938365671784, 485041.776903929887339 ], [ 126227.295976552253705, 485067.163769716164097 ], [ 126227.923828912651516, 485087.221530764363706 ], [ 126234.057613462340669, 485113.277883385424502 ], [ 126241.636199180269614, 485146.435785005742218 ], [ 126270.100707638615859, 485222.421170806395821 ], [ 126293.25911338457081, 485282.34837128513027 ], [ 126311.716100071265828, 485328.205474596412387 ], [ 126330.491296154505108, 485374.950936093111522 ], [ 126347.360628856229596, 485402.091168768762145 ], [ 126367.661997467992478, 485434.86391786171589 ], [ 126445.140680126496591, 485423.811541493341792 ], [ 126445.86222880758578, 485423.707228875427973 ], [ 126550.947126896091504, 485392.646947588538751 ], [ 126553.510631129785907, 485389.427693084464408 ], [ 126555.455860531597864, 485386.501295222726185 ], [ 126556.804981742607197, 485384.16804618522292 ], [ 126557.317610970698297, 485383.27495838777395 ], [ 126557.902999924335745, 485382.003144147689454 ], [ 126558.965161854212056, 485379.526901595294476 ], [ 126567.177158819307806, 485355.123290527437348 ], [ 126586.649469190597301, 485287.839400952449068 ], [ 126594.584764936254942, 485260.288581656524912 ], [ 126476.738866034531384, 485205.712720633426215 ], [ 126414.750158970171469, 485166.259862363804132 ] ] ] ] } },
{ "type": "Feature", "properties": { "source_id": "parks_214", "name": null, "category": "park", "subtype": "park", "source": "osm", "acquired_at": "2026-08-12T17:41:01.510895+00:00", "area_sqm": 263.41785727384729 }, "geometry": { "type": "MultiPolygon", "coordinates": [ [ [ [ 119300.748294201737735, 486755.645789030357264 ], [ 119316.396729028900154, 486746.69791460322449 ], [ 119294.023763797973515, 486734.653548131405842 ], [ 119291.46155881008599, 486734.482926851604134 ], [ 119289.736090481164865, 486736.053169334481936 ], [ 119289.478794365626527, 486738.146879328938667 ], [ 119291.515005111592473, 486741.870771138928831 ], [ 119300.748294201737735, 486755.645789030357264 ] ] ] ] } },
{ "type": "Feature", "properties": { "source_id": "parks_215", "name": "Park Buurthaven", "category": "park", "subtype": "park", "source": "osm", "acquired_at": "2026-08-12T17:41:01.510895+00:00", "area_sqm": 7221.6623567843471 }, "geometry": { "type": "MultiPolygon", "coordinates": [ [ [ [ 122372.997457059012959, 488532.151993459672667 ], [ 122371.943762973038247, 488531.368956827500369 ], [ 122370.855806562962243, 488530.552766524837352 ], [ 122370.990794195109629, 488530.373844540386926 ], [ 122368.568679418822285, 488528.576190507912543 ], [ 122368.433691823753179, 488528.755112555052619 ], [ 122361.700957263325108, 488523.748066733707674 ], [ 122365.991747396823484, 488516.754289311065804 ], [ 122366.409517965366831, 488516.095043163979426 ], [ 122371.570642600680003, 488507.89381681359373 ], [ 122374.804331242892658, 488502.687330912973266 ], [ 122375.457932436664123, 488500.624545831407886 ], [ 122376.713284982019104, 488495.865089619124774 ], [ 122378.33160649468482, 488493.484374977066182 ], [ 122379.080339120395365, 488492.422375912370626 ], [ 122379.971310794790043, 488491.248168274818454 ], [ 122383.740407217264874, 488486.694631554069929 ], [ 122384.240135168860434, 488487.103020616516005 ], [ 122388.274101095987135, 488482.447595064295456 ], [ 122388.679437645187136, 488481.966462321113795 ], [ 122389.303890566749033, 488481.673037389060482 ], [ 122389.977031321439426, 488481.535066313284915 ], [ 122396.145923931893776, 488480.548516791255679 ], [ 122398.28270616523514, 488480.378621362498961 ], [ 122406.244109369916259, 488482.762795649585314 ], [ 122406.776333870991948, 488482.937308942491654 ], [ 122407.084618999477243, 488483.224569894315209 ], [ 122435.701522431452759, 488516.282567448273767 ], [ 122436.648259936453542, 488517.36674786178628 ], [ 122437.718426974868635, 488518.583635769260582 ], [ 122439.914180118081276, 488521.161695287562907 ], [ 122441.924472669808893, 488522.46139452571515 ], [ 122442.847165376588237, 488521.965725374291651 ], [ 122446.457633740807069, 488520.194990063726436 ], [ 122453.480836338101653, 488528.994482661713846 ], [ 122454.807892682467354, 488530.966303858032916 ], [ 122454.593128770531621, 488532.469842165475711 ], [ 122453.828494427667465, 488533.187003020662814 ], [ 122450.362364060623804, 488537.226653507910669 ], [ 122469.461688514900743, 488538.469285815546755 ], [ 122471.173270161365508, 488538.86969347478589 ], [ 122472.719486975925975, 488540.005562499922235 ], [ 122478.418274238429149, 488546.210144621843938 ], [ 122477.591191113097011, 488546.749684215930756 ], [ 122488.782068301894469, 488559.827837826509494 ], [ 122509.147394971892936, 488584.806928910431452 ], [ 122511.153174016362755, 488585.427949428092688 ], [ 122509.809643598448019, 488589.219918028800748 ], [ 122514.784665151339141, 488590.989704206236638 ], [ 122512.480151924071833, 488593.59742916317191 ], [ 122506.544395283446647, 488594.815962325199507 ], [ 122504.707724197796779, 488594.0269274780876 ], [ 122503.091471238149097, 488592.591085494437721 ], [ 122502.723302430444164, 488590.446032888896298 ], [ 122503.083900426514447, 488588.340687387913931 ], [ 122484.926567774979048, 488586.40185499395011 ], [ 122482.846297552954638, 488588.941355080576614 ], [ 122472.766355530024157, 488601.848159826768097 ], [ 122450.484602186828852, 488585.683181119034998 ], [ 122428.766534139023861, 488569.325424885435496 ], [ 122408.135091520802234, 488553.605941316462122 ], [ 122405.667402332008351, 488552.120121451676823 ], [ 122405.1341561289737, 488551.789839478442445 ], [ 122403.414589009495103, 488551.211478222801816 ], [ 122401.604011188508593, 488555.407128252030816 ], [ 122399.763926550949691, 488554.106320720573422 ], [ 122399.803158437978709, 488553.861271265544929 ], [ 122399.000053899551858, 488552.876290198299102 ], [ 122398.771735910340794, 488553.356252494093496 ], [ 122374.437852021466824, 488535.814321733894758 ], [ 122375.754128826607484, 488534.092086166725494 ], [ 122372.997457059012959, 488532.151993459672667 ] ] ] ] } },
{ "type": "Feature", "properties": { "source_id": "parks_216", "name": "NDSM Stadsstrand", "category": "park", "subtype": "park", "source": "osm", "acquired_at": "2026-08-12T17:41:01.510895+00:00", "area_sqm": 542.87781866237901 }, "geometry": { "type": "MultiPolygon", "coordinates": [ [ [ [ 121302.794653453893261, 490216.175326840544585 ], [ 121301.965623211755883, 490216.370148719346616 ], [ 121303.703628897899762, 490224.692309316829778 ], [ 121307.144189891580027, 490240.135171235655434 ], [ 121315.735588341776747, 490238.429701858316548 ], [ 121335.029948014038382, 490234.258891887555365 ], [ 121333.211482179132872, 490224.112460925884079 ], [ 121332.445300065097399, 490219.55566922883736 ], [ 121312.138150791812222, 490218.948846887098625 ], [ 121304.820306182460627, 490217.786011042888276 ], [ 121302.794653453893261, 490216.175326840544585 ] ] ] ] } },
{ "type": "Feature", "properties": { "source_id": "parks_217", "name": "Berend Seinen Heemtuin", "category": "park", "subtype": "park", "source": "osm", "acquired_at": "2026-08-12T17:41:01.510895+00:00", "area_sqm": 3554.931073869328 }, "geometry": { "type": "MultiPolygon", "coordinates": [ [ [ [ 124805.682576958817663, 490259.466597031394485 ], [ 124822.724072365090251, 490248.179836260853335 ], [ 124822.25371581663785, 490246.947637570789084 ], [ 124821.813782542943954, 490246.238213232485577 ], [ 124821.27863499383966, 490245.540498395392206 ], [ 124820.615196989820106, 490245.010470971290488 ], [ 124819.938623719252064, 490244.558411749545485 ], [ 124819.283285044308286, 490244.239744489372242 ], [ 124818.53334494381852, 490244.032924454717431 ], [ 124817.79742509846983, 490243.892779638757929 ], [ 124817.157672726811143, 490243.896695009316318 ], [ 124816.729447294666898, 490243.988330405554734 ], [ 124816.069958289110218, 490244.103634892439004 ], [ 124815.471041200406034, 490244.107300552597735 ], [ 124814.844423900940455, 490244.033248101593927 ], [ 124814.148794383479981, 490243.803842675581109 ], [ 124813.567979354775161, 490243.429085937037598 ], [ 124813.075027699800557, 490242.953650079667568 ], [ 124812.662997324034222, 490242.355323941097595 ], [ 124812.352510184995481, 490241.667361718020402 ], [ 124812.266140264138812, 490240.900139922159724 ], [ 124812.316432801366318, 490240.221096136316191 ], [ 124812.455814780798391, 490239.641648391261697 ], [ 124812.939027775209979, 490238.526008741697297 ], [ 124813.342272976005916, 490237.689029092434794 ], [ 124813.603071434321464, 490236.930809100798797 ], [ 124813.740955389206647, 490236.106580558582209 ], [ 124813.742994041458587, 490235.327690785692539 ], [ 124813.623139623072348, 490234.649688478908502 ], [ 124813.393641787479282, 490233.849962287989911 ], [ 124813.006178175593959, 490232.817539833369665 ], [ 124812.461974546065903, 490231.752696375828236 ], [ 124811.939482407498872, 490230.899129634024575 ], [ 124811.466129742417252, 490230.290052146592643 ], [ 124810.809153990412597, 490229.704352380475029 ], [ 124809.770571081404341, 490229.04310103377793 ], [ 124809.244201171619352, 490228.668011504691094 ], [ 124808.839996771581355, 490228.23654005426215 ], [ 124808.495342511392664, 490227.526533612515777 ], [ 124808.360444973834092, 490226.614960338862147 ], [ 124808.338460619328544, 490226.359178103331942 ], [ 124808.279790253640385, 490225.669674547098111 ], [ 124808.125156080495799, 490224.869490291515831 ], [ 124807.816636870440561, 490223.391512217815034 ], [ 124807.72951091802679, 490221.389218317228369 ], [ 124807.702003297090414, 490219.119515795668121 ], [ 124807.657761994851171, 490218.563445732812397 ], [ 124807.498024529835675, 490218.041463205299806 ], [ 124807.223063339537475, 490217.598073829780333 ], [ 124806.812324428814463, 490217.211149824142922 ], [ 124806.300246066326508, 490216.947241289017256 ], [ 124805.645584063604474, 490216.739839860820211 ], [ 124805.092601981537882, 490216.465055064065382 ], [ 124804.620337082174956, 490216.034000668791123 ], [ 124804.317743115141639, 490215.52401973126689 ], [ 124804.117101579875452, 490214.991160939098336 ], [ 124803.876088168908609, 490212.311073438089807 ], [ 124803.823746082896832, 490211.543643466371577 ], [ 124803.677551711967681, 490211.010451327543706 ], [ 124803.217194850280066, 490210.301153699168935 ], [ 124802.682585847273003, 490209.692452123796102 ], [ 124799.923923429945717, 490207.116795782698318 ], [ 124798.746558437007479, 490206.022450680786278 ], [ 124798.083725972377579, 490205.592563920188695 ], [ 124797.597711288792198, 490205.139340757334139 ], [ 124797.0767128978041, 490204.530556436860934 ], [ 124796.925347044787486, 490204.264439804246649 ], [ 124796.69142416199611, 490203.854180140362587 ], [ 124796.428573965764372, 490203.165927194524556 ], [ 124796.328997959950357, 490202.465547491330653 ], [ 124796.323614737513708, 490201.586561831354629 ], [ 124796.263715885419515, 490200.696783230174333 ], [ 124796.130655266300892, 490200.08562314993469 ], [ 124794.788556529165362, 490195.43170612747781 ], [ 124794.511003409294062, 490194.56551425147336 ], [ 124794.207180465105921, 490193.855258737807162 ], [ 124793.699315337769804, 490193.168506611604244 ], [ 124793.103994991950458, 490192.64919246849604 ], [ 124792.516366424941225, 490192.274479916668497 ], [ 124791.909137746115448, 490192.033409305557143 ], [ 124791.316202436006279, 490191.903519395971671 ], [ 124790.58762521125027, 490191.852348150045145 ], [ 124790.021845480805496, 490191.711165237997193 ], [ 124789.134891129477182, 490191.360540286055766 ], [ 124788.581155533232959, 490190.963366945798043 ], [ 124787.999037316796603, 490190.377211629645899 ], [ 124787.594282659614692, 490189.856730739993509 ], [ 124786.64490504047717, 490188.204650941770524 ], [ 124786.046379598483327, 490187.162396835745312 ], [ 124785.61201484448975, 490186.252658883051481 ], [ 124785.279671123833396, 490185.33116910996614 ], [ 124785.151846870823647, 490184.464060437283479 ], [ 124785.156948655901942, 490184.185858735057991 ], [ 124785.166470558935544, 490183.518191325769294 ], [ 124785.310543847997906, 490182.593782763229683 ], [ 124786.077462275279686, 490177.793425775773358 ], [ 124786.235556841420475, 490176.935692262719385 ], [ 124786.26467885611055, 490176.13438297517132 ], [ 124786.226286486780737, 490175.422501847846434 ], [ 124786.120175211981405, 490174.766669677745085 ], [ 124786.014881888142554, 490174.244354316964746 ], [ 124785.814645743492292, 490173.778254708566237 ], [ 124785.526409063269966, 490173.390581960149575 ], [ 124785.047741393253091, 490173.026329561602324 ], [ 124784.317934274120489, 490172.774884042912163 ], [ 124783.547700252660434, 490172.590447230031714 ], [ 124782.851377491489984, 490172.249782232800499 ], [ 124782.229034113741363, 490171.764015415625181 ], [ 124781.769625006738352, 490171.210489430523012 ], [ 124781.384536147874314, 490170.567493557580747 ], [ 124781.203762895864202, 490169.945499428140465 ], [ 124780.995561153831659, 490169.290292918973137 ], [ 124780.671725869528018, 490168.646921780775301 ], [ 124780.280103400757071, 490168.048473302391358 ], [ 124779.800343966198852, 490167.506199012161233 ], [ 124779.116336768391193, 490166.954049534455407 ], [ 124778.207663783963653, 490166.392150076979306 ], [ 124776.835024517116835, 490165.64393816475058 ], [ 124775.974470237648347, 490165.159631954389624 ], [ 124775.296654571648105, 490164.507303701655474 ], [ 124774.815871397557203, 490163.798133906209841 ], [ 124774.42996277299244, 490163.021621786174364 ], [ 124774.139065110532101, 490162.200020123273134 ], [ 124774.010692820476834, 490161.243900576664601 ], [ 124774.011293369476334, 490160.231356490927283 ], [ 124774.097043606132502, 490159.785758243873715 ], [ 124774.189327086642152, 490159.295612681773491 ], [ 124774.619250860094326, 490158.369451935519464 ], [ 124774.895705427916255, 490157.944938572880346 ], [ 124775.1384028216562, 490157.565139381447807 ], [ 124775.745896535765496, 490156.738031841698103 ], [ 124776.414303505065618, 490155.854917002667207 ], [ 124777.056032196094748, 490155.060980284237303 ], [ 124777.77997856096772, 490154.355554360197857 ], [ 124778.01730218870216, 490154.209451410570182 ], [ 124762.901204363268334, 490132.104105130245443 ], [ 124748.129831176891457, 490141.808261304337066 ], [ 124733.778849530805019, 490151.242838792619295 ], [ 124741.10334019610309, 490162.491614503436722 ], [ 124741.309813756306539, 490165.082896344480105 ], [ 124769.070200910253334, 490206.905263826309238 ], [ 124770.148688907778705, 490208.523168452316895 ], [ 124783.255808660120238, 490228.259707467688713 ], [ 124783.874065811731271, 490229.190572199528106 ], [ 124788.607223726634402, 490236.32724610180594 ], [ 124791.736110372716212, 490238.233019270235673 ], [ 124805.682576958817663, 490259.466597031394485 ] ] ] ] } },
{ "type": "Feature", "properties": { "source_id": "parks_218", "name": null, "category": "park", "subtype": "park", "source": "osm", "acquired_at": "2026-08-12T17:41:01.510895+00:00", "area_sqm": 7542.4891800246878 }, "geometry": { "type": "MultiPolygon", "coordinates": [ [ [ [ 123266.371504831200582, 489133.181660820613615 ], [ 123238.895674857296399, 489113.096539304882754 ], [ 123245.350936897288193, 489108.047911120636854 ], [ 123266.304294661938911, 489094.160323216579854 ], [ 123299.677520446042763, 489073.227608840388712 ], [ 123319.40952202900371, 489060.983741294243373 ], [ 123354.783570627434528, 489038.814605803170707 ], [ 123402.654448037181282, 489007.719847963307984 ], [ 123434.193440158182057, 488988.27967222884763 ], [ 123440.766838787501911, 488985.678447969490662 ], [ 123447.937489308853401, 488987.045686417201068 ], [ 123455.043036278468207, 488998.460867734393105 ], [ 123460.810970941602136, 489008.304602652206086 ], [ 123448.172868348221527, 489016.396726260951255 ], [ 123405.984737274469808, 489042.99278848618269 ], [ 123367.253873685171129, 489068.287461992353201 ], [ 123319.969556967640528, 489098.366265950375237 ], [ 123266.371504831200582, 489133.181660820613615 ] ] ] ] } },
{ "type": "Feature", "properties": { "source_id": "parks_219", "name": "Brasapark-Noord", "category": "park", "subtype": "park", "source": "osm", "acquired_at": "2026-08-12T17:41:01.510895+00:00", "area_sqm": 133381.47069498096 }, "geometry": { "type": "MultiPolygon", "coordinates": [ [ [ [ 126869.464834330690792, 480312.148329926130828 ], [ 126866.00450534861011, 480310.476776265539229 ], [ 126862.502686703839572, 480308.705321861023549 ], [ 126855.533646421143203, 480305.251236199168488 ], [ 126848.551083860380459, 480301.819490465568379 ], [ 126848.250198302703211, 480301.676557892758865 ], [ 126848.505985599185806, 480301.085392713779584 ], [ 126847.0698800488899, 480300.392594226053916 ], [ 126846.739267398486845, 480301.017565257847309 ], [ 126845.226562250580173, 480300.047038849326782 ], [ 126841.57809574600833, 480297.675598677247763 ], [ 126840.962114256457426, 480297.289676069980487 ], [ 126839.381844471688964, 480296.430802041024435 ], [ 126836.241635314101586, 480294.690686512738466 ], [ 126832.60876451151853, 480292.664088188670576 ], [ 126828.989656712888973, 480290.659667270840146 ], [ 126825.363853151255171, 480288.6775403097854 ], [ 126821.710451197737711, 480286.63994034496136 ], [ 126818.077631897263927, 480284.624478933226783 ], [ 126815.991053515623207, 480283.479206817806698 ], [ 126812.978371078017517, 480281.382328444626182 ], [ 126810.349043898022501, 480279.539177830854896 ], [ 126807.705948632996297, 480277.673853938642424 ], [ 126807.247447772926535, 480277.398303483845666 ], [ 126803.58001005044207, 480275.294037369312719 ], [ 126794.308758437095094, 480269.972773284302093 ], [ 126793.344143209105823, 480269.444199655903503 ], [ 126790.149470440126606, 480267.726677095401101 ], [ 126783.376884832163341, 480264.060166760580614 ], [ 126770.639006936267833, 480257.178754884109367 ], [ 126768.812315114919329, 480256.165537916996982 ], [ 126767.0403703803604, 480255.185388788115233 ], [ 126753.412330846855184, 480247.686014937586151 ], [ 126748.924326287553413, 480245.208172749029472 ], [ 126747.918846882224898, 480244.690967991773505 ], [ 126746.338671161982347, 480243.854376167815644 ], [ 126743.684627130220179, 480242.467591975699179 ], [ 126737.986541064921767, 480239.47372517833719 ], [ 126726.665619181396323, 480233.530087254184764 ], [ 126724.579252410141635, 480232.429358643537853 ], [ 126722.766511175694177, 480230.281167244364042 ], [ 126716.798357264371589, 480226.576767752761953 ], [ 126712.452128506978625, 480223.853362726978958 ], [ 126705.676305254208273, 480219.641774151183199 ], [ 126704.32110101536091, 480218.792781823955011 ], [ 126702.925614760519238, 480218.055286220507696 ], [ 126708.487643824948464, 480206.796737123047933 ], [ 126700.692909680714365, 480203.303086384083144 ], [ 126675.615814856326324, 480192.564866186352447 ], [ 126668.346282928425353, 480189.090511024987791 ], [ 126665.823037832102273, 480187.925550665415358 ], [ 126663.806238397955894, 480187.069233781425282 ], [ 126661.312693211541045, 480186.326915725134313 ], [ 126658.881864196897368, 480185.81789773888886 ], [ 126656.595014793390874, 480185.441574681492057 ], [ 126654.493510194850387, 480185.275595327955671 ], [ 126652.365746969007887, 480185.287792753486428 ], [ 126650.286232329934137, 480185.388727152720094 ], [ 126648.412139681051485, 480185.633130228379741 ], [ 126646.948061744842562, 480186.019828650227282 ], [ 126645.511837235244457, 480186.50650705298176 ], [ 126643.844953704887303, 480187.205913678219076 ], [ 126642.22574508888647, 480187.893920878355857 ], [ 126640.770785194355994, 480188.681125895527657 ], [ 126639.581795940859593, 480189.466805909760296 ], [ 126638.420086053258274, 480190.25232975021936 ], [ 126637.217649511745549, 480191.071467225672677 ], [ 126636.144979980919743, 480191.92324040416861 ], [ 126635.167787231010152, 480192.774466143804602 ], [ 126634.326989667286398, 480193.624909662059508 ], [ 126633.574338422564324, 480194.385834987042472 ], [ 126633.194985978087061, 480194.833074574591592 ], [ 126631.190291126025841, 480193.709663484944031 ], [ 126613.072595783654833, 480183.53267364599742 ], [ 126606.640686692437157, 480179.853321888891514 ], [ 126608.90074358684069, 480177.937699193949811 ], [ 126611.223968664533459, 480176.333259280771017 ], [ 126613.637640616274439, 480175.039845633029472 ], [ 126616.100393381042522, 480173.979809732525609 ], [ 126618.796041155030252, 480173.096463719208259 ], [ 126621.812474577571265, 480172.255784557317384 ], [ 126625.686923561355798, 480171.187652100750711 ], [ 126628.158543379715411, 480170.483622073195875 ], [ 126630.983004933746997, 480169.466024644090794 ], [ 126632.446639779402176, 480169.001437987375539 ], [ 126634.542152701003943, 480168.121543454879429 ], [ 126636.829705081792781, 480167.429700240783859 ], [ 126639.617143985640723, 480167.091041777399369 ], [ 126642.404583259980427, 480166.752384883177001 ], [ 126645.418670616258169, 480166.690594538347796 ], [ 126648.625306656729663, 480166.905866666056681 ], [ 126651.82665345078567, 480167.388209208496846 ], [ 126655.029020041634794, 480168.048573320149444 ], [ 126658.144322921303683, 480168.987603111076169 ], [ 126659.70216521290422, 480169.490497396443971 ], [ 126660.467637983194436, 480169.77540154743474 ], [ 126661.144326063833432, 480170.038561468420085 ], [ 126662.258563582465285, 480170.488365921075456 ], [ 126663.277579100278672, 480170.983222628477961 ], [ 126665.288202923504286, 480171.950840549718123 ], [ 126668.71549077607051, 480173.778215993137565 ], [ 126669.680074300034903, 480174.295639048737939 ], [ 126670.467789843125502, 480174.891961653425824 ], [ 126671.146197694441071, 480175.4555308513809 ], [ 126682.243732777482364, 480181.656233181944117 ], [ 126682.08847123857413, 480181.93528691487154 ], [ 126682.519517766661011, 480182.177603300951887 ], [ 126841.33811480156146, 480269.905013651936315 ], [ 126851.004917101265164, 480275.235240405891091 ], [ 126871.734090747369919, 480286.666672206309158 ], [ 126872.0379986888438, 480286.141994049947243 ], [ 126875.791355178080266, 480279.377935698197689 ], [ 126876.088381100737024, 480278.842170362302568 ], [ 126872.223331516026519, 480276.761230642907321 ], [ 126865.265423721590196, 480272.873131127620582 ], [ 126858.533566136087757, 480269.161780183610972 ], [ 126856.180138275158242, 480267.862237684836145 ], [ 126853.320472401217557, 480266.287413308862597 ], [ 126847.88175417513412, 480263.314197202853393 ], [ 126842.381272393366089, 480260.274579251708928 ], [ 126769.252341337880353, 480219.756844530289527 ], [ 126739.204364795499714, 480203.160722381318919 ], [ 126698.02517025617999, 480180.464351436006837 ], [ 126686.435418778215535, 480174.055027041526046 ], [ 126686.307181007228792, 480174.289419562148396 ], [ 126678.611362919502426, 480170.216654617746826 ], [ 126672.973193713813089, 480166.988860807090532 ], [ 126666.939023424085462, 480163.685456275532488 ], [ 126664.612391275397385, 480162.319091444776859 ], [ 126663.01840801932849, 480161.460352028138004 ], [ 126661.130535691278055, 480160.492031532397959 ], [ 126658.963051252998412, 480159.525314303813502 ], [ 126655.913644596774247, 480158.18534923979314 ], [ 126654.744972951841191, 480157.758111393253785 ], [ 126653.850240838437458, 480157.529582002956886 ], [ 126652.98221377619484, 480157.200760423322208 ], [ 126651.615512497213786, 480156.730152202770114 ], [ 126649.770915066299494, 480156.17327154049417 ], [ 126648.10420601592341, 480155.715510882029776 ], [ 126646.260118177029653, 480155.247641275345813 ], [ 126643.829272316274, 480154.738630689564161 ], [ 126642.831923170248047, 480154.455058810650371 ], [ 126644.506013389458531, 480152.631825664488133 ], [ 126646.050528619423858, 480150.809336075093597 ], [ 126647.94712308733142, 480148.539764947781805 ], [ 126650.430982792953728, 480145.209802266792394 ], [ 126652.689855791802984, 480141.892257210565731 ], [ 126654.832220937125385, 480138.475241811887827 ], [ 126656.095282324997243, 480136.331697896064725 ], [ 126657.25611122357077, 480134.199866859766189 ], [ 126658.315026339114411, 480132.135379719140474 ], [ 126659.380124510586029, 480129.959591560822446 ], [ 126660.396910917334026, 480127.683941266092006 ], [ 126661.285141578307957, 480125.587053252616897 ], [ 126662.071521740654134, 480123.568635170406196 ], [ 126662.601872778206598, 480122.0968869740027 ], [ 126663.266198198223719, 480120.201560958055779 ], [ 126663.753781943698414, 480118.407387067156378 ], [ 126664.140789730998222, 480116.914207296737004 ], [ 126664.334548736151191, 480116.212122291966807 ], [ 126666.715570023108739, 480117.544795660418458 ], [ 126669.023420325203915, 480119.200560286990367 ], [ 126671.159689428532147, 480120.668157032865565 ], [ 126672.625063368381234, 480121.694534578651655 ], [ 126674.747117054663249, 480123.062075053574517 ], [ 126677.203787705089781, 480124.505585949518718 ], [ 126679.544137381482869, 480125.883004741684999 ], [ 126681.261587033397518, 480126.863434836326633 ], [ 126683.410214593051933, 480128.108434413385112 ], [ 126685.284964782505995, 480129.165851225436199 ], [ 126692.66738354395784, 480133.284927070548292 ], [ 126693.660398086140049, 480134.002470544772223 ], [ 126695.699456441856455, 480135.170216561295092 ], [ 126698.76479830648168, 480136.910671914287377 ], [ 126704.998027435533004, 480140.43550786015112 ], [ 126704.957554192398675, 480140.513625526742544 ], [ 126894.631602122855838, 480245.256853765109554 ], [ 126894.908489356865175, 480244.776836996665224 ], [ 126898.661972394984332, 480238.023922822845634 ], [ 126898.972516234047362, 480237.465828952612355 ], [ 126883.422224320456735, 480228.908870540326461 ], [ 126878.32510123650718, 480226.044944461958949 ], [ 126709.33204560528975, 480132.666609037842136 ], [ 126709.278123539697845, 480132.778183353482746 ], [ 126702.963622964729439, 480129.353946324146818 ], [ 126702.79287251381902, 480129.310417096770834 ], [ 126702.320648748223903, 480129.023828248027712 ], [ 126700.233659605015418, 480127.822974063979927 ], [ 126698.769630498645711, 480127.030238914012443 ], [ 126697.99045004445361, 480126.734280690026935 ], [ 126694.960028752466314, 480125.138271483883727 ], [ 126691.457699019272695, 480123.31130741420202 ], [ 126688.611664029987878, 480121.758752850000747 ], [ 126687.675370953351376, 480121.419189438864123 ], [ 126687.326985679377685, 480121.321044880896807 ], [ 126686.396301861270331, 480120.770044521370437 ], [ 126684.445065129504655, 480119.457153857685626 ], [ 126682.869747196120443, 480118.286756838846486 ], [ 126681.34140284586465, 480116.982572316250298 ], [ 126679.867170446115779, 480115.600192290614359 ], [ 126678.070110101660248, 480113.819104681897443 ], [ 126677.315083140754723, 480112.977808815659955 ], [ 126676.298798402916873, 480111.770832256705035 ], [ 126675.10379480588017, 480110.320094793511089 ], [ 126673.914463162334869, 480108.669046640046872 ], [ 126673.398257310473127, 480107.848636514332611 ], [ 126672.77917973411968, 480106.928676490904763 ], [ 126671.946009166364092, 480105.542626545648091 ], [ 126671.091741137759527, 480104.045431774458848 ], [ 126670.160159332430339, 480102.148123112332541 ], [ 126669.752942617502413, 480101.304835803399328 ], [ 126669.165030673262663, 480099.872874892433174 ], [ 126668.548882713657804, 480098.274177091545425 ], [ 126667.778744750379701, 480095.986513534735423 ], [ 126667.110011807846604, 480093.542496939538978 ], [ 126666.69826765084872, 480091.90924847824499 ], [ 126666.277982076790067, 480089.975631271256134 ], [ 126665.896511713945074, 480087.674614482733887 ], [ 126665.833346143117524, 480086.172887806955259 ], [ 126665.708992760904948, 480084.704891477129422 ], [ 126665.693567923808587, 480084.39343555981759 ], [ 126665.69465015156311, 480083.392036962148268 ], [ 126665.696051141465432, 480082.446269442967605 ], [ 126665.763164791307645, 480081.066188706550747 ], [ 126665.864887992676813, 480079.774922314623836 ], [ 126666.002432036562823, 480078.783868402533699 ], [ 126666.179174284086912, 480077.492172187019605 ], [ 126666.35846663734992, 480076.645524648425635 ], [ 126666.665552261620178, 480075.486600606061984 ], [ 126667.066395519126672, 480074.026721681642812 ], [ 126667.440150624272064, 480072.600377739290707 ], [ 126668.502206197852502, 480069.890533391386271 ], [ 126669.13569251204899, 480068.56284076301381 ], [ 126686.53683191233722, 480036.919319658947643 ], [ 126696.137442802864825, 480019.851818047696725 ], [ 126707.264737154648174, 480000.20536120631732 ], [ 126709.088635130101466, 479997.135116946999915 ], [ 126710.851282530056778, 479994.087476940941997 ], [ 126712.491808180813678, 479991.151801962812897 ], [ 126716.709893189326976, 479984.55186669662362 ], [ 126717.175193663977552, 479983.625699383323081 ], [ 126718.337867212234414, 479981.80541739234468 ], [ 126719.122882749928976, 479980.732776275835931 ], [ 126720.179682090165443, 479979.480555768241175 ], [ 126721.14214667089982, 479978.429153368168045 ], [ 126722.030545564557542, 479977.545073382440023 ], [ 126724.446774270370952, 479975.483966642641462 ], [ 126729.405306155153085, 479971.939618130214512 ], [ 126733.984720412598108, 479968.887011116370559 ], [ 126735.984156129532494, 479967.885317458829377 ], [ 126736.318084395941696, 479967.838902594579849 ], [ 126736.63155250690761, 479967.792604686459526 ], [ 126737.095252576269559, 479967.778827922884375 ], [ 126737.402282175200526, 479967.799326341366395 ], [ 126737.627534714178182, 479967.831418717396446 ], [ 126738.235727643201244, 479968.039347838785034 ], [ 126738.857687797310064, 479968.269451509637292 ], [ 126739.500362386941561, 479968.543943200143985 ], [ 126740.129523964511463, 479968.840765349683352 ], [ 126740.765823422858375, 479969.193179690104444 ], [ 126741.231112866866169, 479969.457558693597093 ], [ 126741.600667228733073, 479969.677978494320996 ], [ 126741.970221557770856, 479969.898398319201078 ], [ 126742.312813538737828, 479970.174605135282036 ], [ 126742.655405481549678, 479970.450811974296812 ], [ 126742.998251689743483, 479970.771523703064304 ], [ 126743.327775631129043, 479971.147944464115426 ], [ 126743.636902951242519, 479971.53560837416444 ], [ 126743.925760800542776, 479971.956767860683613 ], [ 126744.139598078851122, 479972.378356015426107 ], [ 126744.319398659747094, 479972.811265240190551 ], [ 126744.46528969645442, 479973.277747953834478 ], [ 126744.570387577463407, 479973.766716916928999 ], [ 126744.63456516941369, 479974.255919687217101 ], [ 126744.664896817179397, 479974.789822162070777 ], [ 126744.633848068886437, 479975.324075349140912 ], [ 126744.55512260159594, 479975.869727532146499 ], [ 126744.441979079405428, 479976.35994347371161 ], [ 126744.260889460216276, 479976.895053965621628 ], [ 126744.038816064188723, 479977.419272062485106 ], [ 126743.761991674851743, 479977.910423282068223 ], [ 126743.450876419999986, 479978.368390710034873 ], [ 126743.139189041467034, 479978.726222221099306 ], [ 126742.813670902323793, 479979.050753050250933 ], [ 126742.46756553814339, 479979.353148380294442 ], [ 126742.114322288354742, 479979.599951623589732 ], [ 126741.767771953425836, 479979.82446349208476 ], [ 126741.427787368142162, 479980.004431553767063 ], [ 126741.121712250183919, 479980.150826122961007 ], [ 126740.849483009034884, 479980.252520984970033 ], [ 126724.916285662009614, 479986.029279185051564 ], [ 126726.974085638910765, 479991.658689360192511 ], [ 126726.79032675131748, 479991.726499454060104 ], [ 126731.12102239538217, 480003.629434302449226 ], [ 126733.649945321827545, 480010.546837396046612 ], [ 126747.07750535433297, 480047.299082572571933 ], [ 126747.631809535771026, 480048.820257146493532 ], [ 126752.103549925202969, 480047.225863223255146 ], [ 126752.013555955330958, 480046.992719114583451 ], [ 126752.231349283960299, 480046.913588945288211 ], [ 126752.563663970126072, 480047.779563918418717 ], [ 126752.888713714375626, 480048.567694348690566 ], [ 126753.137409359886078, 480049.122602764517069 ], [ 126753.413511820952408, 480049.69960780267138 ], [ 126754.110015663376544, 480051.041945558099542 ], [ 126754.440931617282331, 480051.663143884798046 ], [ 126754.75113347399747, 480052.239954224962275 ], [ 126755.067773894508719, 480052.749968332354911 ], [ 126755.363573145688861, 480053.193342013692018 ], [ 126755.610933758565807, 480053.514599994057789 ], [ 126755.995709809896653, 480054.013098414347041 ], [ 126756.627464985474944, 480054.766097593703307 ], [ 126757.368529528088402, 480055.551852292148396 ], [ 126758.170909676948213, 480056.326130350644235 ], [ 126758.863154019723879, 480056.923012227518484 ], [ 126759.479743562915246, 480057.409060457954183 ], [ 126759.822519175184425, 480057.71864716836717 ], [ 126760.247324511292391, 480058.061145192885306 ], [ 126760.692589574842714, 480058.403526419773698 ], [ 126761.1241511835251, 480058.734859359858092 ], [ 126761.959486239968101, 480059.308671385748312 ], [ 126762.705653790762881, 480059.793980081216432 ], [ 126773.775097935795202, 480065.828149420849513 ], [ 126775.33492921157449, 480066.675992841133848 ], [ 126775.984980466208071, 480067.05058633047156 ], [ 126776.443311939598061, 480067.29275516688358 ], [ 126776.887813031746191, 480067.501623238262255 ], [ 126777.304907422367251, 480067.6883946119342 ], [ 126777.913276913503068, 480067.929707276111003 ], [ 126778.555555428261869, 480068.137446762993932 ], [ 126779.211283230237314, 480068.31172983389115 ], [ 126779.873640416335547, 480068.452595421869773 ], [ 126780.515347340813605, 480068.560199196916074 ], [ 126781.102240953448927, 480068.623609532369301 ], [ 126781.641268167688395, 480068.665039919142146 ], [ 126782.125609077862464, 480068.684529263002332 ], [ 126782.616642921362654, 480068.681727298127953 ], [ 126783.107613277708879, 480068.667799171525985 ], [ 126783.564293605188141, 480068.620687006856315 ], [ 126784.020973940860131, 480068.573574885725975 ], [ 126784.457131056566141, 480068.515453331056051 ], [ 126784.893161215703003, 480068.435079378949013 ], [ 126785.288208416706766, 480068.343812716309913 ], [ 126785.66961580204952, 480068.25262391497381 ], [ 126785.928328208319726, 480068.173261755495332 ], [ 126796.790830053709215, 480064.239247642690316 ], [ 126803.188549814542057, 480061.921814704779536 ], [ 126807.170149234909331, 480060.486037529422902 ], [ 126810.974686526955338, 480059.095779230352491 ], [ 126812.139054923914955, 480058.766471147595439 ], [ 126812.887724932967103, 480058.495165722677484 ], [ 126818.108260416978737, 480061.436207765829749 ], [ 126818.870760410180083, 480061.198204162705224 ], [ 126820.70390874039731, 480065.727401987300254 ], [ 126821.499484722531633, 480067.703399587015156 ], [ 126821.662845698199817, 480067.646835807594471 ], [ 126822.769437961193034, 480070.344289012311492 ], [ 126824.159702557779383, 480073.752227230113931 ], [ 126825.567699122693739, 480076.681621904543135 ], [ 126826.981436329471762, 480079.421832423773594 ], [ 126829.228555880574277, 480083.592624427517876 ], [ 126831.170272731338628, 480086.830524461518507 ], [ 126833.807259537163191, 480091.199376155505888 ], [ 126836.181094183441019, 480094.868753486371133 ], [ 126838.601650638505816, 480098.359840609598905 ], [ 126841.886512232740643, 480102.725007048051339 ], [ 126844.421034679835429, 480105.870524086698424 ], [ 126848.691999398550251, 480110.942181597230956 ], [ 126852.877760660456261, 480115.424619038123637 ], [ 126855.869009341899073, 480118.534162485506386 ], [ 126858.303288168128347, 480120.845763652527239 ], [ 126860.813342713649035, 480123.290453771129251 ], [ 126863.074841905065114, 480125.202483610832132 ], [ 126866.350422304647509, 480127.94323838519631 ], [ 126869.632502436768846, 480130.628325446217787 ], [ 126872.873027192254085, 480133.202385240874719 ], [ 126875.625670983106829, 480135.133880317618605 ], [ 126879.836502091668081, 480138.036223539500497 ], [ 126883.073980030560051, 480140.076231477665715 ], [ 126884.661997201779741, 480141.09084762330167 ], [ 126889.521901634172536, 480144.200913692417089 ], [ 126894.956940152289462, 480147.708272513758857 ], [ 126900.214213561674114, 480151.138761368987616 ], [ 126903.547847043329966, 480153.300628614844754 ], [ 126911.960535153353703, 480158.738239754748065 ], [ 126952.241789981431793, 480184.390022745239548 ], [ 126956.327948655642103, 480186.97046708437847 ], [ 126961.468255592102651, 480190.234785359876696 ], [ 126965.999454061093275, 480193.124258427007589 ], [ 126963.778027051535901, 480197.064535372366663 ], [ 126976.37230986560462, 480205.104421423573513 ], [ 126977.105551493252278, 480205.72335449536331 ], [ 126977.768083806455252, 480204.695954625960439 ], [ 126979.281327571618021, 480202.150519333954435 ], [ 126990.690718889731215, 480209.307029794610571 ], [ 127005.112448944200878, 480219.717725724796765 ], [ 127028.507964537711814, 480235.952527126995847 ], [ 127075.625441845215391, 480265.928262911736965 ], [ 127096.737243704032153, 480278.782675902592018 ], [ 127115.26402996951947, 480294.021716678864323 ], [ 127118.583080760450684, 480296.050291377527174 ], [ 127116.765673678935855, 480299.086968756222632 ], [ 127121.30268547689775, 480301.831905032624491 ], [ 127123.133858946224791, 480298.817404869012535 ], [ 127132.858302605163772, 480304.759817328245845 ], [ 127139.942251447238959, 480306.856202532479074 ], [ 127151.059220522438409, 480311.82279259711504 ], [ 127159.574849556491245, 480317.471647929341998 ], [ 127168.198632733052364, 480322.953010406286921 ], [ 127173.87439762763097, 480325.680458678456489 ], [ 127215.480479953999748, 480352.139159413345624 ], [ 127240.226634739083238, 480367.454988474608399 ], [ 127264.286148845174466, 480380.749754965887405 ], [ 127279.93704974425782, 480387.994405291625299 ], [ 127295.586034365769592, 480394.905318335513584 ], [ 127317.917822751958738, 480402.958280408114661 ], [ 127336.270697994972579, 480408.040552826190833 ], [ 127357.056581583266961, 480412.842252989241388 ], [ 127374.435841873346362, 480415.782680378295481 ], [ 127389.834712726413272, 480418.244657205825206 ], [ 127449.121170822487329, 480427.404934053134639 ], [ 127459.908679076354019, 480429.648040216299705 ], [ 127469.7369943408994, 480432.319320165319368 ], [ 127477.608128918785951, 480435.001513148308732 ], [ 127485.298783841673867, 480438.341190868872218 ], [ 127493.585439307091292, 480442.167134288232774 ], [ 127502.497844016907038, 480446.924243975779973 ], [ 127513.386290837297565, 480452.616143498395104 ], [ 127493.716705824219389, 480487.829872089554556 ], [ 127478.221337062306702, 480516.98984216467943 ], [ 127475.366957485952298, 480518.752603495609947 ], [ 127461.484882146614837, 480537.55593094707001 ], [ 127437.253822565253358, 480592.344701978669036 ], [ 127436.346074797402252, 480595.876888026134111 ], [ 127395.216117315212614, 480668.774047056096606 ], [ 127387.904741594044026, 480682.010999054589774 ], [ 127375.153158813351183, 480674.772064187505748 ], [ 127373.379849030141486, 480672.278491416422185 ], [ 127372.369387800281402, 480664.740314976254012 ], [ 127391.829601605408243, 480630.172592036018614 ], [ 127410.808845872670645, 480596.130582767422311 ], [ 127408.662499024139834, 480591.558408685086761 ], [ 127341.695139967821888, 480556.060465594346169 ], [ 127303.42466759524541, 480536.636276744422503 ], [ 127129.148219950118801, 480446.29970150871668 ], [ 127125.2580926810042, 480445.776427845819853 ], [ 127120.935357240421581, 480442.307052252872381 ], [ 127100.487074349497561, 480430.884122930467129 ], [ 127089.867321126570459, 480425.770194989105221 ], [ 127083.190208114028792, 480422.024851096677594 ], [ 126982.74811297832639, 480369.852955956012011 ], [ 126961.994665170641383, 480358.844009159074631 ], [ 126903.254903939960059, 480330.993797238334082 ], [ 126869.464834330690792, 480312.148329926130828 ] ] ] ] } },
{ "type": "Feature", "properties": { "source_id": "parks_220", "name": null, "category": "park", "subtype": "park", "source": "osm", "acquired_at": "2026-08-12T17:41:01.510895+00:00", "area_sqm": 14800.061527712543 }, "geometry": { "type": "MultiPolygon", "coordinates": [ [ [ [ 124121.524911913162214, 490284.465531596739311 ], [ 124127.950293869405868, 490280.185981159855146 ], [ 124128.40426446699712, 490279.860461173928343 ], [ 124128.83115110899962, 490279.557364441629034 ], [ 124147.228787894360721, 490266.624122131324839 ], [ 124148.04667279793648, 490266.808161536813714 ], [ 124155.802081216010265, 490261.886098146031145 ], [ 124175.463952311198227, 490290.036441599950194 ], [ 124166.476312248501927, 490295.989847093471326 ], [ 124168.097994721814757, 490298.460991563159041 ], [ 124170.924468251614599, 490296.596267406537663 ], [ 124221.97602429309336, 490373.898163945181295 ], [ 124216.830154492112342, 490377.079176232102327 ], [ 124216.572510473313741, 490377.236560152610764 ], [ 124216.240906749910209, 490377.539054584631231 ], [ 124204.826810024620499, 490385.087549571529962 ], [ 124186.783913772844244, 490397.01695062633371 ], [ 124178.262014163774438, 490402.322070877708029 ], [ 124175.923798167088535, 490403.894442097807769 ], [ 124173.578847556578694, 490405.477983378397767 ], [ 124167.61463634861866, 490409.476422137697227 ], [ 124165.914766596833942, 490410.822270460019354 ], [ 124164.533093396836193, 490411.899085716460831 ], [ 124165.04372556094313, 490411.929273334855679 ], [ 124164.575291129454854, 490421.912972409045324 ], [ 124164.064729568111943, 490421.893911238235887 ], [ 124163.999677435160265, 490423.463201613805722 ], [ 124163.900306348368758, 490423.897769511153456 ], [ 124163.746142379561206, 490424.277045863855164 ], [ 124163.174203979229787, 490425.326544655894395 ], [ 124163.570182709678193, 490425.524351571220905 ], [ 124156.261681532443617, 490439.834659330837894 ], [ 124155.995427741770982, 490439.702802627813071 ], [ 124155.175165063614259, 490441.31019732641289 ], [ 124153.97821365892014, 490441.451206182595342 ], [ 124154.014329567726236, 490441.78478531318251 ], [ 124146.017621313323616, 490442.902987682900857 ], [ 124145.974768880623742, 490442.580577582702972 ], [ 124144.65559563539864, 490442.766860751144122 ], [ 124144.051829230767908, 490441.991760083357804 ], [ 124143.774122209462803, 490442.204907584702596 ], [ 124135.115741486399202, 490431.121129970066249 ], [ 124131.477351487003034, 490433.736456001293845 ], [ 124129.708956262795255, 490435.004858114989474 ], [ 124119.301695930684218, 490420.705274151230697 ], [ 124114.329144286341034, 490411.334239571413491 ], [ 124105.753439630294451, 490394.998129460145719 ], [ 124098.711587699202937, 490386.674870333692525 ], [ 124086.978331963124219, 490369.334910784731619 ], [ 124083.268025341472821, 490363.739118947181851 ], [ 124081.061626677939785, 490360.281379624269903 ], [ 124078.321626481920248, 490355.302610784012359 ], [ 124077.167939137507346, 490353.663073362899013 ], [ 124076.180170018778881, 490352.434188652550802 ], [ 124066.170839592436096, 490339.778992579609621 ], [ 124042.726675881945994, 490309.828019687440246 ], [ 124042.061066506852512, 490308.96430497703841 ], [ 124042.010841670809896, 490308.552927408542018 ], [ 124042.124095469524036, 490308.162777269433718 ], [ 124042.347708686225815, 490308.00559786579106 ], [ 124044.585168607460218, 490306.645205888722558 ], [ 124044.939069773245137, 490306.642984454170801 ], [ 124045.320473461266374, 490306.685097753594164 ], [ 124045.661601098516257, 490306.816478560154792 ], [ 124057.924316812292091, 490315.207043664297089 ], [ 124056.905859370555845, 490316.682175962661859 ], [ 124059.59969163016649, 490318.63472374266712 ], [ 124057.769777479843469, 490320.94945955532603 ], [ 124065.032646582898451, 490329.76085476577282 ], [ 124068.929349340658518, 490327.088226203923114 ], [ 124068.131576046347618, 490325.769136763876304 ], [ 124067.922797067774809, 490325.036075256299227 ], [ 124067.848807393937022, 490324.090758471749723 ], [ 124068.49577402844443, 490324.15346153191058 ], [ 124068.636950479558436, 490323.874405203037895 ], [ 124084.62275176224648, 490332.308446873619687 ], [ 124090.051395676666289, 490322.126745950256009 ], [ 124087.232870957755949, 490320.909334253927227 ], [ 124084.629160091426456, 490320.302553335845005 ], [ 124082.24620253239118, 490319.08241396502126 ], [ 124077.253949019592255, 490316.365387039259076 ], [ 124076.549744515927159, 490315.857968400756363 ], [ 124076.158954573911615, 490315.404218709270936 ], [ 124075.800867826110334, 490314.738854145398363 ], [ 124075.558060640149051, 490314.00600571668474 ], [ 124075.486863133817678, 490313.505744673777372 ], [ 124077.724019225948723, 490311.010432678624056 ], [ 124077.51680725569895, 490311.612580961664207 ], [ 124077.485848053795053, 490312.102355753246229 ], [ 124077.611840472585754, 490312.657907406508457 ], [ 124077.798526780679822, 490313.124063830531668 ], [ 124078.059239474081551, 490313.456234093231615 ], [ 124078.394745967001654, 490313.776808567636181 ], [ 124078.934356091311201, 490314.084976484591607 ], [ 124086.446521658130223, 490318.154808790364768 ], [ 124100.037513348623179, 490300.667265190335456 ], [ 124101.651133131075767, 490298.587564030429348 ], [ 124108.706980311049847, 490293.914598889357876 ], [ 124122.141964132315479, 490285.184912119060755 ], [ 124121.524911913162214, 490284.465531596739311 ] ] ] ] } },
{ "type": "Feature", "properties": { "source_id": "parks_221", "name": "Natuurpark Vrije Geer", "category": "park", "subtype": "park", "source": "osm", "acquired_at": "2026-08-12T17:41:01.510895+00:00", "area_sqm": 68506.392408327985 }, "geometry": { "type": "MultiPolygon", "coordinates": [ [ [ [ 114846.374599338829285, 484541.78751745732734 ], [ 114812.805967856023926, 484508.913497934525367 ], [ 114789.124608310201438, 484476.89385285746539 ], [ 114770.760537134308834, 484448.514011465362273 ], [ 114757.075504364169319, 484421.531480366131291 ], [ 114731.858976284071105, 484358.447161655174568 ], [ 114706.276149938130402, 484292.30606104072649 ], [ 114731.508686923567438, 484297.09625159756979 ], [ 114762.421657724044053, 484327.465553952613845 ], [ 114777.102435327411513, 484298.460523821006063 ], [ 114790.496517982479418, 484291.352637513307855 ], [ 114791.381483816061518, 484256.918789839372039 ], [ 114797.078178371055401, 484237.622872434847523 ], [ 114794.069388743228046, 484227.143567159306258 ], [ 114815.486167995986762, 484200.131182884098962 ], [ 114809.402316493651597, 484184.424990764760878 ], [ 114829.721595545022865, 484174.935346860555001 ], [ 114835.522859460383188, 484168.467946034332272 ], [ 114812.963125292910263, 484122.040859804546926 ], [ 114807.522412326536141, 484110.846960178285372 ], [ 114821.897591796383495, 484095.263612540380564 ], [ 114879.446278566058027, 484120.944032786414027 ], [ 114897.420141328737373, 484143.163133638910949 ], [ 114992.413338228696375, 484451.320032574702054 ], [ 114984.974444773804862, 484471.798167013854254 ], [ 114910.659119232645025, 484528.24679107486736 ], [ 114889.963212479371578, 484544.059264014824294 ], [ 114877.311680438317126, 484552.752004635403864 ], [ 114858.782051776346634, 484550.855227213527542 ], [ 114846.374599338829285, 484541.78751745732734 ] ] ] ] } },
{ "type": "Feature", "properties": { "source_id": "parks_222", "name": "Parlevinkerpark", "category": "park", "subtype": "park", "source": "osm", "acquired_at": "2026-08-12T17:41:01.510895+00:00", "area_sqm": 36243.893579664807 }, "geometry": { "type": "MultiPolygon", "coordinates": [ [ [ [ 123116.293389376412961, 491335.14037110452773 ], [ 123132.767410384869436, 491337.236980692832731 ], [ 123185.252276286657434, 491411.136502675886732 ], [ 123183.63382503176399, 491417.622787212894764 ], [ 123202.776801391475601, 491447.441699494316708 ], [ 123185.428670827212045, 491459.559517294401303 ], [ 123204.574176377907861, 491510.897796191216912 ], [ 123219.019508167635649, 491520.329257324396167 ], [ 123249.445881229359657, 491498.747355048719328 ], [ 123270.210111070409766, 491522.614336115540937 ], [ 123366.602722382827778, 491456.045915648981463 ], [ 123345.125151371146785, 491429.145477609417867 ], [ 123333.563478550349828, 491437.498118047486059 ], [ 123318.74341613452998, 491413.169850850710645 ], [ 123280.367611087305704, 491360.575099628942553 ], [ 123267.140490118981688, 491346.996421811985783 ], [ 123205.818871860392392, 491269.191854264878202 ], [ 123185.780431188264629, 491264.158251171233132 ], [ 123174.893938564273412, 491261.168622869940009 ], [ 123181.729763816838386, 491237.513284817861859 ], [ 123194.53333810865297, 491226.492959784693085 ], [ 123190.958070261214743, 491214.465626307704952 ], [ 123186.76477533178695, 491201.574387612519786 ], [ 123074.934788128812215, 491281.565076192608103 ], [ 123116.293389376412961, 491335.14037110452773 ] ] ] ] } },
{ "type": "Feature", "properties": { "source_id": "parks_223", "name": "Floraveld", "category": "park", "subtype": "park", "source": "osm", "acquired_at": "2026-08-12T17:41:01.510895+00:00", "area_sqm": 9493.563782295274 }, "geometry": { "type": "MultiPolygon", "coordinates": [ [ [ [ 122790.570012280106312, 490417.666382812720258 ], [ 122881.594856742449338, 490434.742137672903482 ], [ 122906.053307496753405, 490435.484172398282681 ], [ 122971.454313259018818, 490413.951318128732964 ], [ 122980.290516692315578, 490397.504077515855897 ], [ 122958.132111833649105, 490384.16225392895285 ], [ 122956.81134539024788, 490387.241848008125089 ], [ 122949.461665984388674, 490384.218598053383175 ], [ 122950.511068758089095, 490381.274287864740472 ], [ 122949.009260807797546, 490380.583056537725497 ], [ 122937.644194192092982, 490379.677772156894207 ], [ 122935.342428026793641, 490378.4242764574592 ], [ 122923.712738667614758, 490373.459442271152511 ], [ 122886.499486734479433, 490351.803982421464752 ], [ 122881.949404841652722, 490349.152042292233091 ], [ 122837.714358264711336, 490368.567408253613394 ], [ 122830.074327581198304, 490401.385839091963135 ], [ 122791.125839930828079, 490391.269842236652039 ], [ 122790.570012280106312, 490417.666382812720258 ] ] ] ] } },
{ "type": "Feature", "properties": { "source_id": "parks_224", "name": null, "category": "park", "subtype": "park", "source": "osm", "acquired_at": "2026-08-12T17:41:01.510895+00:00", "area_sqm": 10.052803962752176 }, "geometry": { "type": "MultiPolygon", "coordinates": [ [ [ [ 125584.189850442227907, 485232.523352622753009 ], [ 125583.911746481011505, 485235.017390583467204 ], [ 125584.335464881150983, 485235.237400647718459 ], [ 125584.788223824609304, 485235.757658732996788 ], [ 125584.820776985448902, 485236.647601027740166 ], [ 125589.093309012445388, 485235.631876524246763 ], [ 125584.189850442227907, 485232.523352622753009 ] ] ] ] } },
{ "type": "Feature", "properties": { "source_id": "parks_225", "name": "Entreepark", "category": "park", "subtype": "park", "source": "osm", "acquired_at": "2026-08-12T17:41:01.510895+00:00", "area_sqm": 10077.217854397915 }, "geometry": { "type": "MultiPolygon", "coordinates": [ [ [ [ 125589.733290101430612, 478750.923244515841361 ], [ 125594.462406241960707, 478751.173294376989361 ], [ 125621.777510173269548, 478774.132016636314802 ], [ 125654.313233157648938, 478791.696905948221684 ], [ 125676.974209640349727, 478804.113298056588974 ], [ 125705.334897258813726, 478819.433450922078919 ], [ 125711.829816993908025, 478821.8205841666786 ], [ 125716.174306357570458, 478822.796254538348876 ], [ 125720.883534736436559, 478817.394243015558459 ], [ 125729.155376431008335, 478808.800080126908142 ], [ 125678.298279689362971, 478780.049796367064118 ], [ 125679.390863970678765, 478777.929271090310067 ], [ 125744.605218777534901, 478814.271968675195239 ], [ 125753.341341149163782, 478799.967168926203158 ], [ 125764.291847310989397, 478805.966418857744429 ], [ 125769.435907690494787, 478796.78997622866882 ], [ 125759.464307919726707, 478791.363510056515224 ], [ 125760.159491016966058, 478788.944934508588631 ], [ 125779.681757185302558, 478798.988136365369428 ], [ 125785.223535723562236, 478788.99712143157376 ], [ 125767.3110963916115, 478778.933257402677555 ], [ 125768.50545269655413, 478776.712011532974429 ], [ 125780.040422179721645, 478782.329539134167135 ], [ 125783.346538832876831, 478778.437963907083031 ], [ 125802.520958229724783, 478788.49443680193508 ], [ 125803.213797455508029, 478794.921505879086908 ], [ 125806.000922158025787, 478796.718687274551485 ], [ 125812.394493999192491, 478788.870104546251241 ], [ 125764.230111801676685, 478760.893039271992166 ], [ 125720.100981095078168, 478735.896728207822889 ], [ 125698.736500571045326, 478724.718634671764448 ], [ 125693.421977618825622, 478723.537321045238059 ], [ 125686.555520311085274, 478725.246991656604223 ], [ 125682.833183636656031, 478729.118845153716393 ], [ 125680.188661603679066, 478734.130350053135771 ], [ 125680.208218431595014, 478738.58086328295758 ], [ 125681.155298440688057, 478741.835335758398287 ], [ 125683.476580826652935, 478745.593486389785539 ], [ 125687.355620219896082, 478748.596926653175615 ], [ 125669.760367831215262, 478740.311786190548446 ], [ 125660.125515865685884, 478735.339712008018978 ], [ 125656.334382620552788, 478733.359416248335037 ], [ 125650.06170670496067, 478742.008597324369475 ], [ 125647.862728053703904, 478745.07032604404958 ], [ 125646.523136071395129, 478745.80150224006502 ], [ 125645.037977014711942, 478746.144112558453344 ], [ 125643.058549361187033, 478745.96670765458839 ], [ 125641.266102259018226, 478745.109472806274425 ], [ 125632.871335866206209, 478739.885307134594768 ], [ 125631.907949772721622, 478739.635115384764504 ], [ 125630.905152393563185, 478739.641069005592726 ], [ 125629.577487329937867, 478740.082888065080624 ], [ 125628.504935815712088, 478740.979382238525432 ], [ 125623.663493856176501, 478744.791166315786541 ], [ 125619.851511559536448, 478746.193500763736665 ], [ 125615.858531141639105, 478746.984951746009756 ], [ 125610.886077046248829, 478747.11463063606061 ], [ 125605.98310877403128, 478746.309269387158565 ], [ 125595.231827076990157, 478740.598474831145722 ], [ 125594.731458355323412, 478740.200892532942817 ], [ 125594.136709425758454, 478739.993023099726997 ], [ 125593.141130710340803, 478740.065700911567546 ], [ 125592.501795414049411, 478741.538209475344047 ], [ 125584.204146586460411, 478744.625099880271591 ], [ 125589.733290101430612, 478750.923244515841361 ] ] ] ] } },
{ "type": "Feature", "properties": { "source_id": "parks_226", "name": "Parkeiland", "category": "park", "subtype": "park", "source": "osm", "acquired_at": "2026-08-12T17:41:01.510895+00:00", "area_sqm": 10878.216786452358 }, "geometry": { "type": "MultiPolygon", "coordinates": [ [ [ [ 118386.188847998171696, 484170.84673111239681 ], [ 118373.722804731267388, 484127.377650798589457 ], [ 118363.054747219881392, 484086.543449851917103 ], [ 118361.890769782592542, 484079.375284704030491 ], [ 118358.420855849573854, 484075.540017655992415 ], [ 118351.413004249159712, 484055.029645486560185 ], [ 118350.51822648171219, 484050.162737492239103 ], [ 118351.458185201830929, 484045.50475273176562 ], [ 118353.778875845542643, 484041.403991995262913 ], [ 118357.217013227258576, 484038.19621495960746 ], [ 118362.293220216073678, 484036.244747292948887 ], [ 118367.40406729246024, 484036.206840839469805 ], [ 118379.754426329396665, 484041.05556925223209 ], [ 118382.85282028990332, 484044.415152070403565 ], [ 118435.286900739680277, 484064.778239630686585 ], [ 118445.028783467190806, 484070.781376008642837 ], [ 118449.13300682415138, 484077.460474818071816 ], [ 118451.417697624259745, 484092.431392879167106 ], [ 118450.511859470789204, 484103.553787202108651 ], [ 118448.45176524107228, 484114.328665219829418 ], [ 118444.080545393517241, 484136.024931235646363 ], [ 118433.959684959016158, 484179.149512482981663 ], [ 118425.189012009170256, 484208.567004207870923 ], [ 118423.112675404685433, 484209.772949740407057 ], [ 118417.933924311393639, 484220.860236861626618 ], [ 118414.113210318551864, 484223.926158666610718 ], [ 118406.99511483166134, 484216.991245264885947 ], [ 118403.628310527972644, 484208.659946915693581 ], [ 118399.648555979860248, 484208.656055437109899 ], [ 118395.595168309984729, 484198.716461105213966 ], [ 118389.708815452613635, 484181.446753822034225 ], [ 118380.780912444912246, 484179.510108640010003 ], [ 118382.769533799291821, 484170.148835618630983 ], [ 118386.188847998171696, 484170.84673111239681 ] ] ] ] } },
{ "type": "Feature", "properties": { "source_id": "parks_227", "name": null, "category": "park", "subtype": "park", "source": "osm", "acquired_at": "2026-08-12T17:41:01.510895+00:00", "area_sqm": 3975.2324238723932 }, "geometry": { "type": "MultiPolygon", "coordinates": [ [ [ [ 115502.868248922284693, 486204.105827492079698 ], [ 115503.226216944429325, 486185.843676544143818 ], [ 115501.906257622656994, 486183.484202220279258 ], [ 115501.899369955950533, 486174.96103164012311 ], [ 115517.159133117238525, 486175.083751984173432 ], [ 115525.670419246132951, 486174.626243172737304 ], [ 115535.425584165815962, 486174.6817703966517 ], [ 115546.622247707971837, 486175.259888528729789 ], [ 115569.914921709569171, 486175.585624969447963 ], [ 115574.021320991669199, 486176.287204389693215 ], [ 115585.357019781513372, 486176.363588295644149 ], [ 115589.856057874829276, 486175.904845819692127 ], [ 115602.833332875714405, 486175.968164903111756 ], [ 115614.30188840610208, 486175.62073189689545 ], [ 115625.412718277977547, 486175.687874978699256 ], [ 115628.531793971400475, 486176.441882474056911 ], [ 115631.283647149248281, 486176.419935862650163 ], [ 115631.266087871306809, 486181.905649172374979 ], [ 115635.414386318036122, 486181.883695368363988 ], [ 115635.343266330455663, 486185.778685702767689 ], [ 115635.149644143180922, 486201.647222851403058 ], [ 115634.767955161965801, 486202.473658905015327 ], [ 115634.352741254595458, 486203.367123864823952 ], [ 115633.793865353276487, 486204.18384602497099 ], [ 115633.023390172791551, 486204.946621055016294 ], [ 115632.156312334496761, 486205.554389664786868 ], [ 115631.226600443813368, 486205.995754071569536 ], [ 115630.315814674191643, 486206.24781001167139 ], [ 115629.608042254141765, 486206.331343151628971 ], [ 115593.755067808699096, 486206.094447479234077 ], [ 115593.534362945589237, 486222.819977672712412 ], [ 115588.554213076684391, 486222.737338957434986 ], [ 115588.812366280035349, 486204.731913022405934 ], [ 115582.960684091507574, 486204.700745503127109 ], [ 115563.531146638808423, 486204.455355122801848 ], [ 115557.561124113271944, 486204.959255542198662 ], [ 115512.411666437139502, 486204.09624126838753 ], [ 115508.645096036751056, 486204.148625658010133 ], [ 115502.868248922284693, 486204.105827492079698 ] ] ] ] } },
{ "type": "Feature", "properties": { "source_id": "parks_228", "name": null, "category": "park", "subtype": "park", "source": "osm", "acquired_at": "2026-08-12T17:41:01.510895+00:00", "area_sqm": 1895.0995173086928 }, "geometry": { "type": "MultiPolygon", "coordinates": [ [ [ [ 115694.48694653972052, 486162.13004229607759 ], [ 115699.74828778184019, 486162.444215274997987 ], [ 115700.117262250743806, 486162.585927851789165 ], [ 115700.412638417765265, 486162.895130185293965 ], [ 115700.57903823950619, 486163.260993911069818 ], [ 115700.575415379862534, 486163.661591926123947 ], [ 115700.475545291235903, 486163.951686940097716 ], [ 115698.286891819530865, 486169.688348791620228 ], [ 115697.279620228015119, 486173.223602337471675 ], [ 115696.52967241834267, 486175.71087672712747 ], [ 115692.667083214968443, 486189.372110665193759 ], [ 115691.784454193373676, 486192.305519269313663 ], [ 115688.502628577363794, 486205.327898123301566 ], [ 115674.236558101139963, 486205.085463652387261 ], [ 115666.453166354243876, 486205.414520716643892 ], [ 115655.643174048469518, 486205.478411316988058 ], [ 115651.994776673585875, 486204.973398282716516 ], [ 115648.044119268975919, 486205.004889756033663 ], [ 115647.995586846955121, 486202.334814977657516 ], [ 115645.859812744514784, 486199.314190843026154 ], [ 115645.539758549930411, 486195.055130627471954 ], [ 115646.105323760450119, 486192.513683382305317 ], [ 115645.022203888845979, 486188.238452590594534 ], [ 115645.321056594315451, 486185.565608498465735 ], [ 115643.273519899157691, 486180.797355095564853 ], [ 115643.266334882093361, 486179.896131598681677 ], [ 115643.449073930998566, 486178.893251627217978 ], [ 115643.941594687261386, 486177.442825027741492 ], [ 115644.862265692339861, 486175.86658902419731 ], [ 115645.780738074681722, 486174.868970726325642 ], [ 115647.128602753946325, 486173.901310362445656 ], [ 115648.594747213297524, 486173.244261355139315 ], [ 115650.179437284299638, 486172.931202460080385 ], [ 115651.344118952125427, 486172.910791884292848 ], [ 115653.245243196783122, 486172.984654034196865 ], [ 115655.132478301442461, 486173.025246842764318 ], [ 115656.378366179167642, 486172.937428692937829 ], [ 115657.63654707299429, 486172.682609049836174 ], [ 115658.961424631997943, 486172.249227438180242 ], [ 115660.548316603293642, 486171.357554359885398 ], [ 115661.77428693510592, 486170.479884798114654 ], [ 115662.801836821177858, 486169.492527438676916 ], [ 115663.712261270469753, 486168.339199755399022 ], [ 115664.303519436914939, 486167.310811568633653 ], [ 115668.420491852913983, 486165.920523798151407 ], [ 115669.862469818297541, 486163.939569963433314 ], [ 115669.983453873515828, 486162.02477544429712 ], [ 115694.48694653972052, 486162.13004229607759 ] ] ] ] } },
{ "type": "Feature", "properties": { "source_id": "parks_229", "name": null, "category": "park", "subtype": "park", "source": "osm", "acquired_at": "2026-08-12T17:41:01.510895+00:00", "area_sqm": 198.18027774995528 }, "geometry": { "type": "MultiPolygon", "coordinates": [ [ [ [ 127827.44519454240799, 487792.105876614688896 ], [ 127834.541005542632774, 487797.118341536843218 ], [ 127821.245811110144132, 487815.09443227754673 ], [ 127813.909543828805909, 487809.693875907105394 ], [ 127821.56980428553652, 487799.737777950940654 ], [ 127827.44519454240799, 487792.105876614688896 ] ] ] ] } },
{ "type": "Feature", "properties": { "source_id": "parks_230", "name": null, "category": "park", "subtype": "park", "source": "osm", "acquired_at": "2026-08-12T17:41:01.510895+00:00", "area_sqm": 2246.5165242766793 }, "geometry": { "type": "MultiPolygon", "coordinates": [ [ [ [ 115457.2336485250853, 486306.805528351862449 ], [ 115450.534075597446645, 486304.656067481089849 ], [ 115449.484894226305187, 486308.035933332459535 ], [ 115456.901168268639594, 486310.368809343199246 ], [ 115459.51766254301765, 486311.315893399121705 ], [ 115462.09751479998522, 486311.940591340884566 ], [ 115463.936396027711453, 486311.903609301371034 ], [ 115466.761237729442655, 486313.349740352598019 ], [ 115468.729137617192464, 486314.112865800852887 ], [ 115471.118497228817432, 486315.618121401872486 ], [ 115473.445800259098178, 486317.880506289366167 ], [ 115478.385173940449022, 486319.688028497621417 ], [ 115486.55119210453995, 486320.379287554125767 ], [ 115497.517550142045366, 486321.159419314644765 ], [ 115499.226611994570703, 486321.924628171604127 ], [ 115500.534652020985959, 486321.947542197129223 ], [ 115504.724235339090228, 486321.991908550320659 ], [ 115512.992231818148866, 486324.362561667570844 ], [ 115512.880711541394703, 486324.897546342050191 ], [ 115513.823609740938991, 486325.25719263200881 ], [ 115523.674358141346602, 486294.712875215220265 ], [ 115522.627238047571154, 486294.098141144902911 ], [ 115521.712736769579351, 486293.882916112081148 ], [ 115519.621844376553781, 486290.517051997361705 ], [ 115486.697353358496912, 486279.920602638740093 ], [ 115485.50224549631821, 486279.540726450853981 ], [ 115467.84133826479956, 486273.851617224048823 ], [ 115458.475729994184803, 486302.845518669928424 ], [ 115458.229859825747553, 486303.615246322238818 ], [ 115457.970812675310299, 486304.440714190190192 ], [ 115457.2336485250853, 486306.805528351862449 ] ] ] ] } },
{ "type": "Feature", "properties": { "source_id": "parks_231", "name": "Henriette Schwarzpark", "category": "park", "subtype": "park", "source": "osm", "acquired_at": "2026-08-12T17:41:01.510895+00:00", "area_sqm": 24865.289124478524 }, "geometry": { "type": "MultiPolygon", "coordinates": [ [ [ [ 114158.23969732542173, 485938.898610200907569 ], [ 114197.805395462317392, 485951.233918149198871 ], [ 114235.582351841789205, 485962.293584784667473 ], [ 114223.752416173316306, 485997.296532552631106 ], [ 114197.977119311297429, 486078.335694680106826 ], [ 114144.59752464943449, 486246.271276914281771 ], [ 114140.276990363985533, 486252.638277301739436 ], [ 114135.603454128198791, 486255.859274051908869 ], [ 114105.235960998950759, 486247.620883424708154 ], [ 114095.007082031894242, 486243.822323715663515 ], [ 114064.413804571246146, 486233.839120861841366 ], [ 114066.201566041243495, 486225.990915138274431 ], [ 114067.162150017655222, 486225.181808684661519 ], [ 114085.447728551313048, 486167.114390086266212 ], [ 114143.509555800439557, 485985.586796651943587 ], [ 114152.649019652599236, 485956.458689636958297 ], [ 114152.81434316985542, 485954.209677056816872 ], [ 114152.0084280493611, 485951.490241585182957 ], [ 114158.23969732542173, 485938.898610200907569 ] ] ] ] } },
{ "type": "Feature", "properties": { "source_id": "parks_232", "name": null, "category": "park", "subtype": "park", "source": "osm", "acquired_at": "2026-08-12T17:41:01.510895+00:00", "area_sqm": 178.09431009928869 }, "geometry": { "type": "MultiPolygon", "coordinates": [ [ [ [ 121860.769711075481609, 484749.894865741312969 ], [ 121860.974936348007759, 484750.01588302385062 ], [ 121861.132616655871971, 484750.159472873201594 ], [ 121861.188990845359513, 484750.437263631494716 ], [ 121858.722978159828926, 484761.69184057356324 ], [ 121858.547471038298681, 484761.937807092559524 ], [ 121858.289605207712157, 484762.095312204910442 ], [ 121857.928716312715551, 484762.131114315241575 ], [ 121852.817600620663143, 484760.997106430178974 ], [ 121852.114694850955857, 484760.834922810259741 ], [ 121845.338628727709875, 484759.344914818066172 ], [ 121845.044380370614817, 484759.157735251297709 ], [ 121844.892766379314708, 484758.902837572561111 ], [ 121844.856383557169465, 484758.558152203971986 ], [ 121845.074878561397782, 484757.610910605406389 ], [ 121847.275717723721755, 484747.459656149963848 ], [ 121847.403903958795127, 484747.269640703918412 ], [ 121847.586896731139859, 484747.123764403397217 ], [ 121847.995406269066734, 484747.076515117485542 ], [ 121859.759749981603818, 484749.667980852653272 ], [ 121860.769711075481609, 484749.894865741312969 ] ] ] ] } },
{ "type": "Feature", "properties": { "source_id": "parks_233", "name": null, "category": "park", "subtype": "park", "source": "osm", "acquired_at": "2026-08-12T17:41:01.510895+00:00", "area_sqm": 224.12866844013271 }, "geometry": { "type": "MultiPolygon", "coordinates": [ [ [ [ 123584.934539694731939, 487401.314696536341216 ], [ 123584.250496204331284, 487395.488616855116561 ], [ 123585.792837267144932, 487389.581604780978523 ], [ 123588.925318521127338, 487386.346026964485645 ], [ 123597.640730631464976, 487382.896896613354329 ], [ 123603.054403016561992, 487382.840200067264959 ], [ 123598.227175497668213, 487398.003335014509503 ], [ 123584.934539694731939, 487401.314696536341216 ] ] ] ] } },
{ "type": "Feature", "properties": { "source_id": "parks_234", "name": "De Riethoek", "category": "park", "subtype": "park", "source": "osm", "acquired_at": "2026-08-12T17:41:01.510895+00:00", "area_sqm": 53631.201126680469 }, "geometry": { "type": "MultiPolygon", "coordinates": [ [ [ [ 126923.670688770842389, 479451.166370976541657 ], [ 126928.563134520110907, 479453.886861954000778 ], [ 126941.396051876668935, 479463.972596431907732 ], [ 126952.93403705667879, 479476.658197007142007 ], [ 126971.470884664508048, 479497.882738096523099 ], [ 126988.311143443454057, 479512.229612840339541 ], [ 126992.333407726197038, 479515.478043677168898 ], [ 126998.938650952171884, 479520.759141350048594 ], [ 127031.574621058141929, 479546.944436798337847 ], [ 127038.91483546490781, 479551.943267155264039 ], [ 127037.519662597842398, 479553.69802589865867 ], [ 127010.463344833246083, 479593.817699996579904 ], [ 126994.420507693488616, 479620.256230720260646 ], [ 126878.882090166051057, 479837.067748448927887 ], [ 126875.560577309690416, 479843.072733752895147 ], [ 126846.509169369703159, 479826.948731301934458 ], [ 126793.168758915126091, 479795.096880157769192 ], [ 126788.030153600979247, 479792.222155702649616 ], [ 126782.036338436955702, 479788.885000087670051 ], [ 126768.016446052264655, 479781.065147982328199 ], [ 126759.520205186898238, 479776.663028058886994 ], [ 126755.453304660724825, 479773.949116108764429 ], [ 126752.905362070596311, 479770.881607510265894 ], [ 126698.655463216186035, 479742.407317375764251 ], [ 126701.34992184319708, 479737.696483922831248 ], [ 126740.47556752692617, 479670.134732883016113 ], [ 126753.202909069790621, 479649.822788203659002 ], [ 126759.70997269525833, 479653.424016392033082 ], [ 126787.915574085956905, 479652.573189512419049 ], [ 126803.195125258775079, 479645.598703131312504 ], [ 126813.090471764458925, 479632.16815719276201 ], [ 126828.206706537253922, 479626.440855797496624 ], [ 126833.340130232463707, 479611.613278224656824 ], [ 126844.183706110910862, 479599.379065665823873 ], [ 126853.664540649930132, 479590.980172765091993 ], [ 126859.946715399957611, 479589.820640693651512 ], [ 126866.185009834589437, 479589.340086968615651 ], [ 126885.07746730276267, 479585.538631006493233 ], [ 126891.395891283566016, 479582.353897426917683 ], [ 126897.188118995210971, 479577.792467476043385 ], [ 126902.09929306707636, 479571.822975678602234 ], [ 126918.071690969925839, 479541.445740184921306 ], [ 126920.750552902987693, 479535.132893157482613 ], [ 126923.859943609248148, 479527.760579771362245 ], [ 126926.322515950392699, 479513.382202854205389 ], [ 126924.390111877815798, 479504.603184380859602 ], [ 126916.493873386541964, 479493.009626294195186 ], [ 126913.50569537973206, 479488.097525831777602 ], [ 126911.033760072808946, 479469.59695769631071 ], [ 126905.470980873069493, 479464.14315648394404 ], [ 126907.649435810235445, 479459.791421580128372 ], [ 126916.526449813856743, 479455.501786548353266 ], [ 126923.670688770842389, 479451.166370976541657 ] ] ] ] } },
{ "type": "Feature", "properties": { "source_id": "parks_235", "name": null, "category": "park", "subtype": "park", "source": "osm", "acquired_at": "2026-08-12T17:41:01.510895+00:00", "area_sqm": 238.56553100626923 }, "geometry": { "type": "MultiPolygon", "coordinates": [ [ [ [ 115233.770961462534615, 485245.901443288312294 ], [ 115234.183140427339822, 485244.629655648197513 ], [ 115220.090766271256143, 485240.080990566289984 ], [ 115216.128757595288334, 485238.799935281160288 ], [ 115215.012443789470126, 485242.313907578994986 ], [ 115213.644506751094013, 485246.731187697965652 ], [ 115213.159006163099548, 485248.203852377540898 ], [ 115212.31502836724394, 485250.847731670422945 ], [ 115218.155297966790386, 485252.70337737997761 ], [ 115228.216980828074156, 485255.904763506900053 ], [ 115230.355029576603556, 485256.588538321608212 ], [ 115233.770961462534615, 485245.901443288312294 ] ] ] ] } },
{ "type": "Feature", "properties": { "source_id": "parks_236", "name": null, "category": "park", "subtype": "park", "source": "osm", "acquired_at": "2026-08-12T17:41:01.510895+00:00", "area_sqm": 280.73000713076561 }, "geometry": { "type": "MultiPolygon", "coordinates": [ [ [ [ 124599.409998124814592, 489587.005129362049047 ], [ 124603.46756436197029, 489584.8882829870563 ], [ 124606.459827519516693, 489583.323217750585172 ], [ 124609.355523411199101, 489583.761574867239688 ], [ 124618.878300908065285, 489603.608772188425064 ], [ 124618.476246758786147, 489605.747595906548668 ], [ 124614.478307263649185, 489607.597019367443863 ], [ 124610.487108953166171, 489609.435277751064859 ], [ 124608.86883554366068, 489608.621864474378526 ], [ 124599.163341118430253, 489588.953841136128176 ], [ 124599.409998124814592, 489587.005129362049047 ] ] ] ] } },
{ "type": "Feature", "properties": { "source_id": "parks_237", "name": null, "category": "park", "subtype": "park", "source": "osm", "acquired_at": "2026-08-12T17:41:01.510895+00:00", "area_sqm": 2595.0807942349202 }, "geometry": { "type": "MultiPolygon", "coordinates": [ [ [ [ 114956.559371343726525, 485753.170647462364286 ], [ 114956.149652422755025, 485753.051574367971625 ], [ 114956.434541369933868, 485752.058966862910893 ], [ 114956.520752457145136, 485751.768967430165503 ], [ 114957.073796421449515, 485751.9202588906046 ], [ 114956.868396565754665, 485752.634048378095031 ], [ 114974.347297779459041, 485758.256063385691959 ], [ 114974.181234854302602, 485758.780375414236914 ], [ 114971.174875864380738, 485767.773055412631948 ], [ 114970.995550285821082, 485768.341982818616088 ], [ 114969.547509495489066, 485767.875265517621301 ], [ 114968.46456529648276, 485771.266633231658489 ], [ 114974.604860778956208, 485773.219696753425524 ], [ 114974.877975244191475, 485773.295371099724434 ], [ 114953.376774744974682, 485840.375970685854554 ], [ 114951.664766887988662, 485844.317665258364286 ], [ 114943.984386954834918, 485868.325133805861697 ], [ 114944.701627179252682, 485868.564107030339073 ], [ 114944.515225761337206, 485869.099712179391645 ], [ 114943.941397532558767, 485868.904083131928928 ], [ 114943.271931207564194, 485868.675849327002652 ], [ 114943.384755220118677, 485868.307745108613744 ], [ 114929.560984956944594, 485863.935771632008255 ], [ 114927.775840898917522, 485863.060106310760602 ], [ 114926.128960647343774, 485861.593591838434804 ], [ 114924.763394852721831, 485859.535066878888756 ], [ 114924.106452442196314, 485857.493043827358633 ], [ 114923.980661992536625, 485855.424455309112091 ], [ 114924.399286836312967, 485853.284685893158894 ], [ 114956.559371343726525, 485753.170647462364286 ] ] ] ] } },
{ "type": "Feature", "properties": { "source_id": "parks_238", "name": null, "category": "park", "subtype": "park", "source": "osm", "acquired_at": "2026-08-12T17:41:01.510895+00:00", "area_sqm": 439.10932049809702 }, "geometry": { "type": "MultiPolygon", "coordinates": [ [ [ [ 115242.419739078875864, 484943.291099670168478 ], [ 115219.275239671667805, 484935.866687823669054 ], [ 115224.799024192601792, 484918.686754797177855 ], [ 115231.568521925219102, 484920.813107479654718 ], [ 115240.791047098333365, 484923.798744139377959 ], [ 115247.943774203537032, 484926.133444854058325 ], [ 115245.643716775608482, 484933.273181337455753 ], [ 115244.713063266652171, 484936.162542575330008 ], [ 115242.419739078875864, 484943.291099670168478 ] ] ] ] } },
{ "type": "Feature", "properties": { "source_id": "parks_239", "name": null, "category": "park", "subtype": "park", "source": "osm", "acquired_at": "2026-08-12T17:41:01.510895+00:00", "area_sqm": 415.04852511319046 }, "geometry": { "type": "MultiPolygon", "coordinates": [ [ [ [ 115212.135158001707168, 485037.423876699700486 ], [ 115207.121169091609772, 485035.828623390174471 ], [ 115197.605239932163386, 485032.767527547257487 ], [ 115188.956984677060973, 485029.999881153402384 ], [ 115183.772310727013974, 485046.108942555671092 ], [ 115206.870722304331139, 485053.789474979683291 ], [ 115208.831445855306811, 485047.676127851998899 ], [ 115209.821849815169116, 485044.597119881131221 ], [ 115212.135158001707168, 485037.423876699700486 ] ] ] ] } },
{ "type": "Feature", "properties": { "source_id": "parks_240", "name": "Oeverpark", "category": "park", "subtype": "park", "source": "osm", "acquired_at": "2026-08-12T17:41:01.510895+00:00", "area_sqm": 14258.055546188511 }, "geometry": { "type": "MultiPolygon", "coordinates": [ [ [ [ 121822.828762122779153, 488852.513135061832145 ], [ 121824.586516725277761, 488846.626339768408798 ], [ 121837.29894632025389, 488803.324202712625265 ], [ 121837.391339650144801, 488802.889634705614299 ], [ 121837.938815401867032, 488801.283688966766931 ], [ 121838.130709311502869, 488800.459012584702577 ], [ 121838.330084274348337, 488799.73442752356641 ], [ 121838.741926617745776, 488798.207281512208283 ], [ 121838.922897413445753, 488797.783244985097554 ], [ 121858.804275243572192, 488730.098582194477785 ], [ 121859.39665681211045, 488728.080644354689866 ], [ 121859.415585924434708, 488727.85798035323387 ], [ 121859.345787109865341, 488727.602531844517216 ], [ 121859.098906125887879, 488727.337146053090692 ], [ 121860.032373231573729, 488723.391973331163172 ], [ 121860.048306118958862, 488723.736798421246931 ], [ 121860.138528895593481, 488723.992109737184364 ], [ 121860.399175429105526, 488724.279656800907105 ], [ 121861.451369421731215, 488720.778760559216607 ], [ 121862.847402241750387, 488717.787389824050479 ], [ 121860.632250435170135, 488719.44904161762679 ], [ 121850.653928734653164, 488699.576776894449722 ], [ 121863.702976055690669, 488686.025636598817073 ], [ 121866.639812357869232, 488682.334054455335718 ], [ 121878.380063048025477, 488670.5609118299908 ], [ 121875.357679704553448, 488668.611752763390541 ], [ 121870.862044797380804, 488668.297007046989165 ], [ 121867.93060397656518, 488660.628045555436984 ], [ 121837.847020013112342, 488658.994238628016319 ], [ 121839.408181252147187, 488652.207498789008241 ], [ 121838.589640957288793, 488651.979336921824142 ], [ 121837.812098654772853, 488651.773153298243415 ], [ 121823.942690193958697, 488654.703743680729531 ], [ 121822.882578252232634, 488659.050340823945589 ], [ 121821.06326053882367, 488666.929252836969681 ], [ 121818.280707445752341, 488666.22472195525188 ], [ 121809.064080886630109, 488705.976166379987262 ], [ 121791.142554314559675, 488785.575816496566404 ], [ 121781.952810591392335, 488827.229833923571277 ], [ 121768.695634666990372, 488888.628043589531444 ], [ 121755.751953232989763, 488950.02418614475755 ], [ 121757.169898100677528, 488950.303929054760374 ], [ 121763.808670802754932, 488946.40930777147878 ], [ 121765.319940219516866, 488949.425629094010219 ], [ 121770.337968421517871, 488951.528180432273075 ], [ 121774.249853237532079, 488953.148605407972354 ], [ 121790.531752050272189, 488959.815222140226979 ], [ 121796.757858804659918, 488962.376995391852688 ], [ 121797.181056608824292, 488962.541049764258787 ], [ 121802.737563839182258, 488943.498998017632402 ], [ 121802.910670128825586, 488942.91923703084467 ], [ 121796.778134400519775, 488941.113451801764313 ], [ 121801.098082668526331, 488926.485953669820447 ], [ 121801.690415854376624, 488924.468008085037582 ], [ 121822.828762122779153, 488852.513135061832145 ] ] ] ] } },
{ "type": "Feature", "properties": { "source_id": "parks_241", "name": "Graspark", "category": "park", "subtype": "park", "source": "osm", "acquired_at": "2026-08-12T17:41:01.510895+00:00", "area_sqm": 8049.1712488234907 }, "geometry": { "type": "MultiPolygon", "coordinates": [ [ [ [ 121921.368269333048374, 489037.135665225738194 ], [ 121924.713014339155052, 489037.44704374554567 ], [ 121930.305443482444389, 489037.92138588411035 ], [ 121934.718226662080269, 489038.114343060471583 ], [ 121939.280253555712989, 489038.228416047408246 ], [ 121940.867083394085057, 489038.317923265101854 ], [ 121946.381644780514762, 489038.34773156454321 ], [ 121952.195216399646597, 489038.297654954774771 ], [ 121958.245785357736167, 489038.056841392593924 ], [ 121960.382535890559666, 489037.920134622661863 ], [ 121964.281845618883381, 489037.682610257703345 ], [ 121970.371845651709009, 489037.23013743525371 ], [ 121976.14077461969282, 489036.61291880189674 ], [ 121981.820089744229335, 489035.829404029762372 ], [ 121986.750352451374056, 489035.017528026248328 ], [ 121991.353556362853851, 489034.163338006823324 ], [ 121999.7776953484572, 489032.549218636762816 ], [ 122001.517899198428495, 489032.159265002876054 ], [ 122003.985544458293589, 489031.619797296996694 ], [ 122011.812293542869156, 489004.807389380526729 ], [ 122011.972699717996875, 489004.361242928192951 ], [ 121824.370806236431235, 488949.195062868006062 ], [ 121824.288291107557598, 488949.073222455568612 ], [ 121823.933618748385925, 488948.975466003699694 ], [ 121822.112303713482106, 488948.442499251919799 ], [ 121820.134037623254699, 488947.854954555514269 ], [ 121817.814713790547103, 488947.169563061732333 ], [ 121817.24855421014945, 488947.006468537147157 ], [ 121807.077649130733334, 488944.003882681485265 ], [ 121807.037926008371869, 488944.171052675344981 ], [ 121806.676445266813971, 488944.073343271797057 ], [ 121800.825328774561058, 488963.851745122752618 ], [ 121801.18680819227302, 488963.949454098183196 ], [ 121821.039507700363174, 488972.149900648510084 ], [ 121826.51591009182448, 488964.468926490284503 ], [ 121828.248047158791451, 488966.927439180668443 ], [ 121829.120623439142946, 488968.112144602637272 ], [ 121831.813009405566845, 488971.632379286165815 ], [ 121832.733087869855808, 488972.794512265187223 ], [ 121834.613790113726282, 488975.073998756182846 ], [ 121836.541919665804016, 488977.319786584819667 ], [ 121839.518645138596185, 488980.604450155515224 ], [ 121841.554944456089288, 488982.738244334293995 ], [ 121843.638671029752004, 488984.838340039364994 ], [ 121844.700806957582245, 488985.865998274006415 ], [ 121847.941299166923272, 488988.892976633098442 ], [ 121851.269613490992924, 488991.819225339451805 ], [ 121853.542524759919615, 488993.706643842509948 ], [ 121857.019403829472139, 488996.453868606011383 ], [ 121860.584030423633521, 488999.089237853186205 ], [ 121863.005431433528429, 489000.786506760225166 ], [ 121866.698125622453517, 489003.23186371952761 ], [ 121870.471760051121237, 489005.56541137106251 ], [ 121873.021079106532852, 489007.050415982317645 ], [ 121872.488575930037769, 489008.856541257468052 ], [ 121892.148072454234352, 489014.688550987339113 ], [ 121893.034141016527428, 489011.800750798545778 ], [ 121897.539927533391165, 489012.660661614034325 ], [ 121904.32168438428198, 489013.83911223715404 ], [ 121911.123039729165612, 489014.89504537708126 ], [ 121915.6681732123252, 489015.532171841419768 ], [ 121922.495411098032491, 489016.38766379642766 ], [ 121920.466426152968779, 489034.627045018889476 ], [ 121921.658867094040033, 489034.785951799945906 ], [ 121921.412117217638297, 489036.567901980131865 ], [ 121921.368269333048374, 489037.135665225738194 ] ] ] ] } },
{ "type": "Feature", "properties": { "source_id": "parks_242", "name": null, "category": "park", "subtype": "park", "source": "osm", "acquired_at": "2026-08-12T17:41:01.510895+00:00", "area_sqm": 623.90574507768429 }, "geometry": { "type": "MultiPolygon", "coordinates": [ [ [ [ 122157.872129304741975, 488555.298886241507716 ], [ 122157.052773463248741, 488554.948281820572447 ], [ 122155.917350922143669, 488554.165835104300641 ], [ 122155.147275561728748, 488553.036024618137162 ], [ 122152.107537397256237, 488550.519343758292962 ], [ 122148.817225348902866, 488548.20461618428817 ], [ 122147.788212603074498, 488547.043150475656148 ], [ 122147.003036057096324, 488545.690905141585972 ], [ 122146.698287793959025, 488544.914056101639289 ], [ 122146.835778020642465, 488544.089754920511041 ], [ 122147.627080736943753, 488543.294480656215455 ], [ 122148.624408708070405, 488542.764878683025017 ], [ 122149.841674628973124, 488542.545363831508439 ], [ 122151.061681590828812, 488542.737523854535539 ], [ 122153.399120728805428, 488542.032098067167681 ], [ 122155.649454690865241, 488540.514994457829744 ], [ 122157.323750489478698, 488538.378623762051575 ], [ 122157.961052929953439, 488536.950146861316171 ], [ 122158.332241816679016, 488535.434426772757433 ], [ 122158.803115993345273, 488534.574526293494273 ], [ 122158.578956931189168, 488533.630237624165602 ], [ 122158.24993931640347, 488533.298622751957737 ], [ 122158.158321483497275, 488532.831905643048231 ], [ 122158.447298851067899, 488532.262513591675088 ], [ 122159.051899663259974, 488532.058206119516399 ], [ 122160.037021755357273, 488531.740097560978029 ], [ 122161.065511379623786, 488531.800012859108392 ], [ 122162.008011619589524, 488532.238812999799848 ], [ 122163.384906486651744, 488532.47443920338992 ], [ 122164.58131077735743, 488533.211974462377839 ], [ 122165.350276285520522, 488534.174891288741492 ], [ 122166.51722557064204, 488534.578818061330821 ], [ 122167.347016747895395, 488534.450900826079305 ], [ 122168.086449785056175, 488534.045414209191222 ], [ 122168.661004292225698, 488533.418488228227943 ], [ 122168.880271521426039, 488532.604770365054719 ], [ 122168.752984589809785, 488531.893500110891182 ], [ 122170.231487713783281, 488533.074232835264411 ], [ 122172.334426339235506, 488534.985182096948847 ], [ 122174.468815803615144, 488537.530152446997818 ], [ 122176.673432055031299, 488540.397334643173963 ], [ 122178.263158453366486, 488542.945930198708083 ], [ 122179.429736881458666, 488545.341565480339341 ], [ 122180.111892987159081, 488546.560979212925304 ], [ 122180.546141142665874, 488548.382891085348092 ], [ 122180.617184845643351, 488549.851160392980091 ], [ 122180.528160845220555, 488550.797533350298181 ], [ 122180.120260786585277, 488551.91292999824509 ], [ 122179.611125835217535, 488553.162522113299929 ], [ 122178.742562046274543, 488554.625915166107006 ], [ 122177.723699950583978, 488556.012420426530298 ], [ 122176.62284380653, 488557.354964066878892 ], [ 122175.060806620269432, 488558.967620248731691 ], [ 122173.922801650827751, 488559.843084693420678 ], [ 122172.469768784561893, 488560.442474672337994 ], [ 122170.981436646048678, 488560.85294380626874 ], [ 122166.797495532242465, 488560.324443899269681 ], [ 122157.835296611694503, 488558.970986356260255 ], [ 122157.872129304741975, 488555.298886241507716 ] ] ] ] } },
{ "type": "Feature", "properties": { "source_id": "parks_243", "name": null, "category": "park", "subtype": "park", "source": "osm", "acquired_at": "2026-08-12T17:41:01.510895+00:00", "area_sqm": 191.2277514079255 }, "geometry": { "type": "MultiPolygon", "coordinates": [ [ [ [ 119850.024642218093504, 483229.01231707748957 ], [ 119849.920874446208472, 483203.888805979047902 ], [ 119857.418279498029733, 483203.868851241713855 ], [ 119857.753659449561383, 483228.979587912384886 ], [ 119850.024642218093504, 483229.01231707748957 ] ] ] ] } },
{ "type": "Feature", "properties": { "source_id": "parks_244", "name": null, "category": "park", "subtype": "park", "source": "osm", "acquired_at": "2026-08-12T17:41:01.510895+00:00", "area_sqm": 4579.1240510899688 }, "geometry": { "type": "MultiPolygon", "coordinates": [ [ [ [ 120815.245643136062426, 485951.026386312849354 ], [ 120814.994992785184877, 485951.228404368332122 ], [ 120810.667131732116104, 485954.852331642585341 ], [ 120814.060131110614748, 485958.867866867047269 ], [ 120815.255245764172287, 485960.283822830650024 ], [ 120815.803656508069253, 485960.780731890001334 ], [ 120816.549840414692881, 485961.309652062715031 ], [ 120818.034471547376597, 485962.234024633304216 ], [ 120819.652796055204817, 485962.790287440409884 ], [ 120821.486478782142513, 485962.966748443432152 ], [ 120822.562126419041306, 485962.870287528727204 ], [ 120824.445066068932647, 485962.289785806788132 ], [ 120825.700242505088681, 485961.557854867714923 ], [ 120836.272295733782812, 485974.302767077402677 ], [ 120811.625995774826151, 485994.946703839756083 ], [ 120809.264675432656077, 485996.28714648168534 ], [ 120807.151538122110651, 485997.06953100982355 ], [ 120804.648359341110336, 485997.598701424896717 ], [ 120802.714053946474451, 485997.645479912869632 ], [ 120799.799550479685422, 485997.799190487654414 ], [ 120797.454073712127865, 485997.492761532485019 ], [ 120795.297552652918966, 485996.92910797271179 ], [ 120793.589989900792716, 485996.273330220428761 ], [ 120791.662523303559283, 485995.340906562923919 ], [ 120791.539372113707941, 485995.263872225419618 ], [ 120790.074949750764063, 485994.305987154424656 ], [ 120788.431185272565926, 485993.026667862606701 ], [ 120786.423004195210524, 485991.260294976935256 ], [ 120777.556993311096448, 485983.877910219773185 ], [ 120774.652606164483586, 485981.56141410471173 ], [ 120763.188824608456343, 485972.861847473250236 ], [ 120761.908153943368234, 485971.880442813562695 ], [ 120754.998230501863873, 485967.600039430893958 ], [ 120751.579908889340004, 485965.832335230719764 ], [ 120743.459011875558645, 485961.782884778804146 ], [ 120692.401667858604924, 485940.150845449708868 ], [ 120689.247511577763362, 485936.211620771908201 ], [ 120683.684684869236662, 485929.741100372630171 ], [ 120701.439167844451731, 485887.858815668383613 ], [ 120707.412353816849645, 485894.560168440570123 ], [ 120706.369582590152277, 485895.468682904320303 ], [ 120713.107834713315242, 485903.455438025004696 ], [ 120716.921135083190165, 485900.291197466955055 ], [ 120719.504266182120773, 485903.42214748886181 ], [ 120722.376357975706924, 485901.076703417813405 ], [ 120724.127446326601785, 485903.089625111839268 ], [ 120729.701417471049353, 485898.411052417766768 ], [ 120733.829029681757675, 485903.233690775581636 ], [ 120734.458441730996128, 485902.639601587492507 ], [ 120735.392733701854013, 485903.76805163215613 ], [ 120723.378060290866415, 485913.876704147376586 ], [ 120734.444330554702901, 485927.107548787724227 ], [ 120734.398809832375264, 485927.419415329000913 ], [ 120733.606611730763689, 485928.114775685651693 ], [ 120738.613677775429096, 485934.021741304080933 ], [ 120743.632452808349626, 485929.836616292770486 ], [ 120743.973199323401786, 485929.856505615171045 ], [ 120768.667594848375302, 485959.371546379756182 ], [ 120768.642739134651492, 485959.716649753041565 ], [ 120763.678622586536221, 485963.923624226183165 ], [ 120768.665258514418383, 485969.841888549213763 ], [ 120769.43763649558241, 485969.235685637802817 ], [ 120769.764833740133327, 485969.266797471500468 ], [ 120777.636853094634716, 485978.692264222190715 ], [ 120791.744524021050893, 485966.866838013753295 ], [ 120790.748950608074665, 485965.738802024570759 ], [ 120790.767073131384677, 485965.404872233164497 ], [ 120812.277822894960991, 485947.419597862404771 ], [ 120812.882347831065999, 485948.149780954699963 ], [ 120815.245643136062426, 485951.026386312849354 ] ] ] ] } },
{ "type": "Feature", "properties": { "source_id": "parks_245", "name": "Martin Luther Kingpark", "category": "park", "subtype": "park", "source": "osm", "acquired_at": "2026-08-12T17:41:01.510895+00:00", "area_sqm": 31375.762283983884 }, "geometry": { "type": "MultiPolygon", "coordinates": [ [ [ [ 122387.287492160045076, 483611.084159177495167 ], [ 122389.273033842880977, 483612.461893006809987 ], [ 122393.093522242037579, 483615.118216458999086 ], [ 122393.435889454500284, 483615.3607447440736 ], [ 122394.53136150080536, 483616.121258685132489 ], [ 122395.599426226777723, 483616.859700292290654 ], [ 122396.434751638676971, 483617.443903934385162 ], [ 122396.627628472080687, 483617.75417940778425 ], [ 122396.780349402702996, 483618.175987181661185 ], [ 122396.75617331264948, 483618.643469323636964 ], [ 122396.607931588674546, 483618.900362419662997 ], [ 122396.936962028688868, 483619.187485882022884 ], [ 122393.075999650303856, 483624.85421953338664 ], [ 122387.486709360455279, 483633.002499440917745 ], [ 122381.883807670878014, 483641.15087581705302 ], [ 122377.064703275973443, 483648.270423724548891 ], [ 122372.379928337119054, 483655.08866765035782 ], [ 122369.61173006662284, 483659.034686924365815 ], [ 122367.643660013171029, 483662.363452277437318 ], [ 122365.351487973181065, 483666.150555417407304 ], [ 122363.855913433188107, 483668.786343798041344 ], [ 122360.997340713453013, 483674.524368722690269 ], [ 122362.209173526018276, 483675.361993823898956 ], [ 122362.36709347894066, 483675.538978177763056 ], [ 122362.436933640768984, 483675.794431557413191 ], [ 122362.439138866495341, 483676.128218892787118 ], [ 122362.27741780996439, 483676.40745559160132 ], [ 122358.996347189851804, 483683.183059079106897 ], [ 122357.961329688318074, 483685.381863842718303 ], [ 122357.817774937895592, 483685.316052016278263 ], [ 122356.440218864590861, 483689.308524117688648 ], [ 122365.515803630565642, 483693.087283748318441 ], [ 122362.335944109057891, 483696.613211326766759 ], [ 122361.266978901810944, 483697.799707259109709 ], [ 122373.189580442296574, 483702.349669443850871 ], [ 122400.179262588280835, 483712.897656373854261 ], [ 122402.235906214162242, 483713.696336104709189 ], [ 122408.22146393735602, 483716.03796315722866 ], [ 122429.034133133463911, 483724.16785613168031 ], [ 122434.870031314509106, 483726.555008979630657 ], [ 122440.720800209543086, 483729.131225074466784 ], [ 122442.504982126411051, 483729.953970729431603 ], [ 122446.893841501019779, 483732.005746084498242 ], [ 122451.974077757331543, 483734.520292679371778 ], [ 122453.792843282077229, 483735.420701636583544 ], [ 122461.116921899854788, 483739.222302374430001 ], [ 122468.646240823116386, 483743.144956360571086 ], [ 122473.474597958265804, 483745.705690545437392 ], [ 122476.470124571293127, 483747.299343729624525 ], [ 122480.437092964741169, 483749.454066899779718 ], [ 122485.320615602919133, 483752.114590010547545 ], [ 122494.069232831418049, 483756.986156040569767 ], [ 122498.789550655463245, 483759.70339994225651 ], [ 122500.43822030814772, 483760.649451980018057 ], [ 122504.611442010107567, 483763.081005759653635 ], [ 122506.178111940665985, 483763.99421891575912 ], [ 122515.907571860414464, 483769.827397186425515 ], [ 122520.040913418401033, 483772.41500036342768 ], [ 122524.818500068926369, 483775.554708141658921 ], [ 122531.534177472931333, 483780.128156568913255 ], [ 122543.967318944254657, 483788.792062817024998 ], [ 122550.684495378736756, 483793.599188553052954 ], [ 122555.011974149369053, 483796.697375075600576 ], [ 122556.682964848412666, 483797.932594108569901 ], [ 122559.531722557818284, 483800.016837305855006 ], [ 122566.882620991236763, 483805.854609083733521 ], [ 122573.068857796519296, 483810.765391504799481 ], [ 122574.473625386322965, 483811.935603698424529 ], [ 122580.065138002173626, 483816.572130386775825 ], [ 122581.421906954521546, 483817.698152633092832 ], [ 122589.680694267663057, 483824.80957388196839 ], [ 122592.490431917278329, 483827.183386897202581 ], [ 122600.525760901509784, 483834.518826686078683 ], [ 122602.349424293963239, 483836.175875400658697 ], [ 122604.104574391705683, 483837.777740453137085 ], [ 122610.811613559082616, 483844.176136021385901 ], [ 122618.684428886888782, 483851.67957159713842 ], [ 122619.463962860128959, 483851.040238205867354 ], [ 122620.792571138736093, 483849.952236752957106 ], [ 122621.456911961475271, 483849.413799290894531 ], [ 122625.612088155525271, 483845.992913603200577 ], [ 122637.134669071587268, 483837.427718082733918 ], [ 122650.08827742926951, 483827.796139216923621 ], [ 122650.569865125915385, 483827.448056907916907 ], [ 122657.521317429302144, 483822.261991449282505 ], [ 122657.826596929342486, 483822.048584917036351 ], [ 122660.1867655414826, 483820.297363711055368 ], [ 122662.45196632349689, 483818.613525689346716 ], [ 122662.879183444601949, 483818.288053982832935 ], [ 122671.872219658122049, 483811.608790384256281 ], [ 122677.597450924949953, 483807.532324502826668 ], [ 122677.82813377151615, 483807.375040952756535 ], [ 122679.00119176163571, 483806.466100858640857 ], [ 122679.258915384343709, 483806.275260281399824 ], [ 122688.571271274238825, 483799.43816422612872 ], [ 122688.808696850872366, 483799.269710372551344 ], [ 122692.638769526325632, 483797.18621573940618 ], [ 122692.854368464526488, 483796.806497030192986 ], [ 122694.706895820054342, 483793.500870926654898 ], [ 122693.030408421444008, 483791.420010241388809 ], [ 122688.433981527356082, 483785.742062180768698 ], [ 122684.606988765648566, 483781.004856669751462 ], [ 122684.339027939538937, 483780.672807792376261 ], [ 122682.278864655221696, 483778.282912303984631 ], [ 122678.667196103953756, 483774.167399356025271 ], [ 122673.604081867975765, 483769.037728040129878 ], [ 122669.249874769331655, 483764.971587934531271 ], [ 122665.022635211513261, 483759.48039962752955 ], [ 122659.600021445861785, 483753.574224859592505 ], [ 122652.629662062667194, 483746.521010951837525 ], [ 122647.685114134015748, 483741.813405208115 ], [ 122642.268727924674749, 483736.864106971304864 ], [ 122636.284291221600142, 483731.551354121649638 ], [ 122629.465218625307898, 483725.754501559014898 ], [ 122622.531589570397045, 483720.158690217824187 ], [ 122615.333695646186243, 483714.798282176430803 ], [ 122608.068877312834957, 483709.627477711299434 ], [ 122600.024663133313879, 483704.083486857358366 ], [ 122591.244565877364948, 483698.566590083006304 ], [ 122584.517395080882125, 483694.32693786121672 ], [ 122577.424032173934393, 483690.367866263957694 ], [ 122572.924618686549366, 483688.08303963765502 ], [ 122568.309712355709053, 483685.854608927911613 ], [ 122563.573740169158555, 483683.87176539428765 ], [ 122556.372236802519183, 483681.092866902472451 ], [ 122549.104110647909692, 483678.548077749030199 ], [ 122541.890423410804942, 483675.991814834414981 ], [ 122532.019862543296767, 483672.562885398394428 ], [ 122522.155883352286764, 483669.100552150805015 ], [ 122512.203222521638963, 483665.627694974886253 ], [ 122502.182324697874719, 483662.144179918512236 ], [ 122494.019697217532666, 483659.349441142287105 ], [ 122487.803794921375811, 483657.220633879944216 ], [ 122481.649514958815416, 483655.135935682919808 ], [ 122475.815900048764888, 483653.104767582612112 ], [ 122467.499869073624723, 483649.788126192695927 ], [ 122459.592506303830305, 483646.435426653304603 ], [ 122453.432629818737041, 483643.505168988718651 ], [ 122446.704828415327938, 483640.233732737600803 ], [ 122441.419309859717032, 483637.609276800532825 ], [ 122441.378273195776273, 483637.587293799268082 ], [ 122437.740225339046447, 483635.719728406751528 ], [ 122434.045380962401396, 483633.507611514476594 ], [ 122429.432773906213697, 483630.611690991732758 ], [ 122423.55974226280523, 483626.744934024929535 ], [ 122419.376395604980644, 483623.835065476770978 ], [ 122416.841188769933069, 483621.782214546110481 ], [ 122418.437499816485797, 483619.946902830968611 ], [ 122409.9270811646129, 483614.039112168480642 ], [ 122403.011080794822192, 483609.111094088875689 ], [ 122393.062855439900886, 483602.211414094723295 ], [ 122387.287492160045076, 483611.084159177495167 ] ] ] ] } },
{ "type": "Feature", "properties": { "source_id": "parks_246", "name": null, "category": "park", "subtype": "park", "source": "osm", "acquired_at": "2026-08-12T17:41:01.510895+00:00", "area_sqm": 5909.2832233059717 }, "geometry": { "type": "MultiPolygon", "coordinates": [ [ [ [ 121715.095472405067994, 485878.506463556725066 ], [ 121709.568072120455327, 485877.097248240257613 ], [ 121709.268197931320174, 485877.077016662573442 ], [ 121708.935089437087299, 485877.179403860936873 ], [ 121708.752218142646598, 485877.336411966418382 ], [ 121708.617555412929505, 485877.570982526405714 ], [ 121708.585821610628045, 485877.916126908385195 ], [ 121708.662928336765617, 485878.238283803570084 ], [ 121708.957791113032727, 485878.525592026242521 ], [ 121703.6502893982979, 485898.611853924056049 ], [ 121703.289934947519214, 485898.714425266254693 ], [ 121703.073155302219675, 485898.893915858294349 ], [ 121702.924944718572078, 485899.139704743865877 ], [ 121702.879212524727336, 485899.429309647821356 ], [ 121702.977055103197927, 485899.795833778451197 ], [ 121703.278803862602217, 485900.094222010869998 ], [ 121702.842201283667237, 485902.022100802336354 ], [ 121702.515606333967298, 485902.079937371367123 ], [ 121702.244556962774368, 485902.293174373044167 ], [ 121702.082947888964554, 485902.57243401510641 ], [ 121702.065063603484305, 485902.950865413586143 ], [ 121702.230874860222684, 485903.294677549914923 ], [ 121702.504850680939853, 485903.51536553085316 ], [ 121701.130137058222317, 485908.765354247821961 ], [ 121701.000486427248688, 485908.732848321669735 ], [ 121700.03783027495956, 485912.45568831032142 ], [ 121700.119722726303735, 485912.477389540465083 ], [ 121686.954568642497179, 485962.358582783024758 ], [ 121686.901801008702023, 485962.614854988118168 ], [ 121686.937511628057109, 485962.859403391659725 ], [ 121687.137080665517715, 485963.158480111625977 ], [ 121687.369582535975496, 485963.29043278307654 ], [ 121689.327494969591498, 485963.711167061352171 ], [ 121689.302499885583529, 485964.045139381662011 ], [ 121689.406703644053778, 485964.344859623291995 ], [ 121689.612558781605912, 485964.566006503300741 ], [ 121689.913253502687439, 485964.708625989675056 ], [ 121690.165439922973746, 485964.729178089590278 ], [ 121689.330050424818182, 485968.128485171473585 ], [ 121688.913405373968999, 485967.964394475973677 ], [ 121688.430369070410961, 485968.056667924975045 ], [ 121688.159849473770009, 485968.347789713880047 ], [ 121688.054089007346192, 485968.826955259195529 ], [ 121688.213387605734169, 485969.215318052389193 ], [ 121688.548891726037255, 485969.46897048142273 ], [ 121686.675416243713698, 485976.513742541428655 ], [ 121686.671006893040612, 485976.869829556671903 ], [ 121686.781797100993572, 485977.136124940181617 ], [ 121686.987576757514034, 485977.346145433257334 ], [ 121687.226889743600623, 485977.478052140271757 ], [ 121692.968051812407793, 485979.286364075029269 ], [ 121751.38967497109843, 485997.674597165954765 ], [ 121751.956323667225661, 485997.85993649676675 ], [ 121752.049365312326699, 485997.514379464904778 ], [ 121752.6612852543185, 485995.318281220039353 ], [ 121756.244570853988989, 485996.351196640345734 ], [ 121763.227894520081463, 485998.518409976444673 ], [ 121766.79158305254532, 485984.496920344769023 ], [ 121766.733614102791762, 485975.885176584473811 ], [ 121766.675521215773188, 485974.338944101182278 ], [ 121766.218970931688091, 485971.282150657207239 ], [ 121765.435899817646714, 485967.281778302160092 ], [ 121765.364033088553697, 485965.713385000010021 ], [ 121765.10338351057726, 485964.435559006175026 ], [ 121764.566292371921008, 485962.569874220585916 ], [ 121763.761892925918801, 485960.461199666722678 ], [ 121762.588457134261262, 485958.176981047843583 ], [ 121760.075771786679979, 485952.252192926534917 ], [ 121759.764446133631282, 485951.542174587200861 ], [ 121731.615927773469593, 485899.858687703788746 ], [ 121730.815553033811739, 485898.350837933714502 ], [ 121729.778925146456459, 485896.154719525831752 ], [ 121728.831450740166474, 485894.047014842974022 ], [ 121728.03376217620098, 485891.927174132491928 ], [ 121721.465232949180063, 485874.513515495578758 ], [ 121717.707393934251741, 485875.896314167359378 ], [ 121716.811446538573364, 485876.38080579333473 ], [ 121716.228847300561029, 485876.863185153400991 ], [ 121715.613688787125284, 485877.568319827958476 ], [ 121715.095472405067994, 485878.506463556725066 ] ] ] ] } },
{ "type": "Feature", "properties": { "source_id": "parks_247", "name": null, "category": "park", "subtype": "park", "source": "osm", "acquired_at": "2026-08-12T17:41:01.510895+00:00", "area_sqm": 5419.5908240547924 }, "geometry": { "type": "MultiPolygon", "coordinates": [ [ [ [ 121756.307085007894784, 485865.010178599506617 ], [ 121754.124195980490185, 485864.568678898562212 ], [ 121752.788982871061307, 485864.566543267923407 ], [ 121751.265733135922346, 485864.966238596301991 ], [ 121750.138774380407995, 485865.541294112859759 ], [ 121749.170213668228826, 485866.371199198300019 ], [ 121748.447407154977554, 485867.277336851344444 ], [ 121747.835390158928931, 485868.449771304323804 ], [ 121747.557382472208701, 485869.653336612333078 ], [ 121747.468759850802599, 485870.655344249214977 ], [ 121747.576334086537827, 485871.45574833889259 ], [ 121747.890064313818584, 485872.521806832752191 ], [ 121749.220207703911001, 485875.817503996833693 ], [ 121750.692125645990018, 485878.923091385397129 ], [ 121752.56834179352154, 485882.382013776164968 ], [ 121783.755114186991705, 485940.164908365288284 ], [ 121786.597064969595522, 485945.419885918847285 ], [ 121788.239084869332146, 485948.502086609660182 ], [ 121788.672345615108497, 485949.111145377333742 ], [ 121789.261903708553291, 485949.663518872810528 ], [ 121790.034856677608332, 485950.136771300167311 ], [ 121790.901977403074852, 485950.431361837661825 ], [ 121791.890363527898444, 485950.524854696239345 ], [ 121792.917899255771772, 485950.362168337509502 ], [ 121803.359747895272449, 485946.141655735846143 ], [ 121857.247961146611487, 485905.177971352473833 ], [ 121863.191207293712068, 485900.553843149973545 ], [ 121866.42374798815581, 485898.039748621289618 ], [ 121869.933488813432632, 485895.212246178998612 ], [ 121870.460261742904549, 485894.529977543337736 ], [ 121870.755281281599309, 485893.8270104934345 ], [ 121870.845944212662289, 485893.125414719979744 ], [ 121870.772897815797478, 485892.39153711166 ], [ 121870.543849823443452, 485891.758847361837979 ], [ 121870.172125332304859, 485891.182748940773308 ], [ 121869.699192955289618, 485890.751977879903279 ], [ 121869.001617331421585, 485890.344967902870849 ], [ 121866.429127978539327, 485889.705751012661494 ], [ 121863.624958830216201, 485889.056963612092659 ], [ 121852.694747997549712, 485886.515540518506896 ], [ 121846.806366531876847, 485885.108595484751277 ], [ 121827.312545617460273, 485880.443890633061528 ], [ 121805.672485546325333, 485875.726931150595192 ], [ 121756.307085007894784, 485865.010178599506617 ] ] ] ] } },
{ "type": "Feature", "properties": { "source_id": "parks_248", "name": null, "category": "park", "subtype": "park", "source": "osm", "acquired_at": "2026-08-12T17:41:01.510895+00:00", "area_sqm": 4886.374986124205 }, "geometry": { "type": "MultiPolygon", "coordinates": [ [ [ [ 121792.178690384083893, 486010.607568342820741 ], [ 121791.885187372579821, 486010.520528233086225 ], [ 121791.607927202538121, 486010.82281647407217 ], [ 121791.274975799300591, 486010.947450717445463 ], [ 121790.920541450934252, 486010.916454458842054 ], [ 121790.571646507829428, 486010.696265563485213 ], [ 121790.378448323870543, 486010.330381125793792 ], [ 121790.409438419897924, 486009.873974349000491 ], [ 121790.517078920005588, 486009.67296810093103 ], [ 121786.776392027313705, 486008.529818939394318 ], [ 121785.659866850008257, 486010.651420130452607 ], [ 121782.998127717379248, 486009.901579592959024 ], [ 121782.803580963111017, 486008.322884586988948 ], [ 121783.360045732115395, 486004.969977344793733 ], [ 121784.263011594171985, 486000.468679788173176 ], [ 121787.626222685852554, 485987.016020620882045 ], [ 121788.753460349049419, 485982.435327865241561 ], [ 121789.948143250978319, 485978.766578331764322 ], [ 121791.287596600537654, 485975.352771447505802 ], [ 121792.920033265138045, 485971.948121119872667 ], [ 121794.791184047528077, 485968.586372996447608 ], [ 121797.084443937928881, 485965.188406474131625 ], [ 121799.50338699229178, 485962.245794147718698 ], [ 121801.735418204014422, 485959.87190602789633 ], [ 121804.342100633366499, 485957.495499881100841 ], [ 121809.077818643912906, 485953.636045821534935 ], [ 121836.740716447369778, 485932.175737509794999 ], [ 121862.770857887371676, 485912.017252672754694 ], [ 121868.885069541021949, 485907.492124815296847 ], [ 121869.793288093467709, 485907.819833779532928 ], [ 121870.763559939601691, 485908.258394368865993 ], [ 121871.687641681084642, 485908.919800769188441 ], [ 121872.716514107320108, 485909.96994167676894 ], [ 121873.712670522494591, 485911.220584435563069 ], [ 121874.260288596531609, 485912.630011814238969 ], [ 121874.392681453580735, 485914.086732313211542 ], [ 121874.222963594744215, 485915.189422711206134 ], [ 121873.392402581172064, 485917.297957735194359 ], [ 121871.980278332106536, 485920.044621876673773 ], [ 121878.210206987074343, 485927.691431516839657 ], [ 121878.456627580395434, 485927.867806914728135 ], [ 121878.649673053834704, 485928.211442173400428 ], [ 121878.652136240998516, 485928.578609549324028 ], [ 121878.490742048204993, 485928.891242260870058 ], [ 121878.206062969504273, 485929.104560994368512 ], [ 121877.831784983543912, 485929.162705857539549 ], [ 121868.178587476024404, 485968.69418460392626 ], [ 121868.139359426713781, 485968.939237145183142 ], [ 121870.008401740982663, 485969.316132189065684 ], [ 121869.769971816334873, 485970.330269678554032 ], [ 121868.796863108465914, 485974.542724897735752 ], [ 121866.831785753194708, 485974.066333746770397 ], [ 121846.696756569552235, 485969.216702673817053 ], [ 121844.690878898720257, 485968.751721076783724 ], [ 121841.719595366535941, 485968.571393691992853 ], [ 121839.131714646762703, 485968.677789319131989 ], [ 121836.198450909461826, 485969.086929574725218 ], [ 121833.199312158103567, 485969.83031771046808 ], [ 121831.16056094947271, 485970.556128606549464 ], [ 121828.885266840705299, 485971.561699296173174 ], [ 121827.697541004337836, 485972.215033144922927 ], [ 121827.967910154635319, 485972.914204096305184 ], [ 121828.229514851205749, 485974.33667509269435 ], [ 121828.098727653734386, 485976.162346876750235 ], [ 121827.54389121272834, 485977.734951764694415 ], [ 121826.727890273585217, 485978.964381154102739 ], [ 121825.705518067581579, 485979.894774126529228 ], [ 121824.580894949991489, 485980.814727622841019 ], [ 121823.354693879577098, 485981.824378271063324 ], [ 121822.024671863473486, 485982.589937613054644 ], [ 121820.529821954711224, 485983.156322866794653 ], [ 121819.733892235613894, 485983.317446992732584 ], [ 121819.504004963309853, 485984.587445722310804 ], [ 121819.266700785738067, 485986.781017652130686 ], [ 121819.261146147968248, 485988.995285636920016 ], [ 121819.506953459611395, 485991.10772320907563 ], [ 121820.116400553321, 485993.607154466211796 ], [ 121821.122050016507274, 485996.270824957813602 ], [ 121822.239909072639421, 485998.399655796587467 ], [ 121823.630162076224224, 486000.515529633150436 ], [ 121826.094566891086288, 486003.3251736916136 ], [ 121828.753219932143111, 486005.643935192783829 ], [ 121831.059239617461571, 486007.186192120308988 ], [ 121833.834818784642266, 486008.658534940565005 ], [ 121836.266371867270209, 486009.621358027972747 ], [ 121838.757585404644487, 486010.338992256612983 ], [ 121842.619599303041468, 486011.292210477229673 ], [ 121845.627605590125313, 486011.872855925234035 ], [ 121853.490639099472901, 486013.177526318002492 ], [ 121852.008304216433316, 486018.65073122625472 ], [ 121852.356897011719411, 486018.826419319957495 ], [ 121852.563265473145293, 486019.12545699760085 ], [ 121852.600162750080926, 486019.548027178854682 ], [ 121852.445734384731622, 486019.882867640233599 ], [ 121852.215406037081266, 486020.073569473461248 ], [ 121851.909551216493128, 486020.175764119660016 ], [ 121849.845122568469378, 486028.234292798733804 ], [ 121849.649525615182938, 486028.524902634439059 ], [ 121849.371515864128014, 486028.715924776392058 ], [ 121848.935940446535824, 486028.774483505054377 ], [ 121842.122915988671593, 486026.594878927513491 ], [ 121792.178690384083893, 486010.607568342820741 ] ] ] ] } },
{ "type": "Feature", "properties": { "source_id": "parks_249", "name": "Spoorpark Noord", "category": "park", "subtype": "park", "source": "osm", "acquired_at": "2026-08-12T17:41:01.510895+00:00", "area_sqm": 33186.227095361188 }, "geometry": { "type": "MultiPolygon", "coordinates": [ [ [ [ 117325.062184047332266, 486414.592602207034361 ], [ 117339.763964328405564, 486414.01308764226269 ], [ 117339.817381807544734, 486401.372533840709366 ], [ 117386.68472476824536, 486401.838585994322784 ], [ 117387.268649556208402, 486484.729459677590057 ], [ 117387.158818899973994, 486495.345349562936462 ], [ 117380.782722876960179, 486495.271542413218413 ], [ 117380.537625659795594, 486514.05560130457161 ], [ 117386.920593253860716, 486514.140482432674617 ], [ 117386.73702768838848, 486535.639033944346011 ], [ 117380.388312560491613, 486535.576146062230691 ], [ 117380.150032536388608, 486554.360154434631113 ], [ 117386.503838852338959, 486554.200465157802682 ], [ 117386.30145766492933, 486575.91057262045797 ], [ 117379.919078708393499, 486575.89244993153261 ], [ 117379.850939564843429, 486596.444338895205874 ], [ 117407.179080330213765, 486597.482345689320937 ], [ 117407.064834869539482, 486663.866255658969749 ], [ 117407.240296057600062, 486666.33508959331084 ], [ 117444.424497602449264, 486665.662591166910715 ], [ 117444.069197157587041, 486686.105395964230411 ], [ 117384.921113850781694, 486685.265067338827066 ], [ 117384.949779670903808, 486699.752065034874249 ], [ 117378.601275573193561, 486699.689179896435235 ], [ 117378.265100045333384, 486719.030285055923741 ], [ 117384.738829057547264, 486718.546997369965538 ], [ 117384.521242597285891, 486740.045816453057341 ], [ 117378.172790313343285, 486739.982931978418492 ], [ 117377.982132435688982, 486758.755457798950374 ], [ 117384.330475787937758, 486758.807215725479182 ], [ 117384.078757781913737, 486780.295169669785537 ], [ 117377.71673589713464, 486780.232389703625813 ], [ 117377.188950742740417, 486802.134144587791525 ], [ 117379.381444418380852, 486802.940823293232825 ], [ 117378.685032100867829, 486882.247528610751033 ], [ 117388.040121340935002, 486960.487343541055452 ], [ 117390.621898129058536, 486965.018571567023173 ], [ 117392.300431697483873, 486988.661570268974174 ], [ 117395.086807678715559, 487010.215399013715796 ], [ 117400.532418135495391, 487026.808626872661989 ], [ 117362.283127826114651, 487035.712385696766432 ], [ 117346.036640969061409, 486906.775385855988134 ], [ 117339.811099834943889, 486849.597243019321468 ], [ 117335.793623367586406, 486804.207900938228704 ], [ 117330.101440205733525, 486740.193794420862105 ], [ 117328.163273540543742, 486687.934430016146507 ], [ 117326.949304097113782, 486636.860121334146243 ], [ 117327.124907360630459, 486582.225732954684645 ], [ 117327.755286421597702, 486525.596165588765871 ], [ 117328.484613422406255, 486481.928677149116993 ], [ 117328.339090854249662, 486416.448037614813074 ], [ 117325.062184047332266, 486414.592602207034361 ] ] ] ] } },
{ "type": "Feature", "properties": { "source_id": "parks_250", "name": "Over-Amstel", "category": "park", "subtype": "park", "source": "osm", "acquired_at": "2026-08-12T17:41:01.510895+00:00", "area_sqm": 129799.80055256029 }, "geometry": { "type": "MultiPolygon", "coordinates": [ [ [ [ 121979.497120709100273, 482510.411316493176855 ], [ 121983.13276375165151, 482515.850240624044091 ], [ 121967.775189211068209, 482529.227046133892145 ], [ 121936.019260026776465, 482557.289593095425516 ], [ 121921.273825342708733, 482569.405131535371765 ], [ 121911.822764056036249, 482575.065145185100846 ], [ 121901.939862897954299, 482579.348356656497344 ], [ 121876.087468337762402, 482588.022395902429707 ], [ 121819.379428053827723, 482603.334906251577195 ], [ 121812.059504706703592, 482606.566304901032709 ], [ 121781.559510473220143, 482615.405579118174501 ], [ 121779.23561982245883, 482609.412772852228954 ], [ 121773.637833643850172, 482565.633386046276428 ], [ 121769.519786500779446, 482545.254673856194131 ], [ 121755.383381886291318, 482501.93329991074279 ], [ 121748.563812285050517, 482482.284891554969363 ], [ 121715.582041770801879, 482430.433888998813927 ], [ 121674.977695193869295, 482369.421580722730141 ], [ 121663.257994702973519, 482354.090123199333902 ], [ 121657.541578657954233, 482344.448444676003419 ], [ 121658.215528787841322, 482338.246315979631618 ], [ 121671.538844175127451, 482331.569426401460078 ], [ 121674.548419074475532, 482323.960709332546685 ], [ 121678.993307998971432, 482318.923714461678173 ], [ 121691.062098902228172, 482311.198299408657476 ], [ 121686.945089811953949, 482291.053314494551159 ], [ 121652.372990551797557, 482297.795615241222549 ], [ 121657.822676324896747, 482315.383562927832827 ], [ 121656.184759258729173, 482320.167975692369509 ], [ 121648.257478641346097, 482325.373139699746389 ], [ 121638.037583097087918, 482296.94660061277682 ], [ 121635.173921083682217, 482285.772456647246145 ], [ 121616.043801489140606, 482234.140164617565461 ], [ 121614.744305014421116, 482230.488253628485836 ], [ 121615.273304897185881, 482226.045120324823074 ], [ 121630.184685643791454, 482230.383970126335043 ], [ 121707.70453270530561, 482214.317115115467459 ], [ 121763.766368136333767, 482204.682338532700669 ], [ 121950.679918546637055, 482179.79569581936812 ], [ 121942.082846630524728, 482116.542227051861119 ], [ 121709.197159599105362, 482127.229404154990334 ], [ 121619.987643170825322, 482131.703239860711619 ], [ 121595.025216667534551, 482129.101354051905219 ], [ 121578.43349297066743, 482078.9652891724254 ], [ 121580.675525542785181, 482076.813798709074035 ], [ 121745.355626965261763, 482065.277227415761445 ], [ 121891.143805159343174, 482072.87709358666325 ], [ 121972.644624059379566, 482082.779745708103292 ], [ 121981.369860821519978, 482105.063870328478515 ], [ 121964.75399388326332, 482106.832789466425311 ], [ 121963.540674554824363, 482111.959185119136237 ], [ 121992.922408812170033, 482111.762864454824012 ], [ 122052.711233372829156, 482085.193901740480214 ], [ 122120.837531523808138, 482056.433868103369605 ], [ 122164.053900216895272, 482022.621797125204466 ], [ 122194.084236531431088, 482006.054991763725411 ], [ 122219.027009483019356, 481992.29266134853242 ], [ 122271.916680019596242, 481981.839096908166539 ], [ 122315.865137944900198, 481968.785941490379628 ], [ 122345.278311563524767, 482001.081470896780957 ], [ 122367.809250702062855, 481967.875239601358771 ], [ 122394.910624942494906, 481936.052052226499654 ], [ 122424.49071488835034, 481898.560319890850224 ], [ 122488.444577595015289, 481845.254045102512464 ], [ 122512.259648952487623, 481872.313334049948025 ], [ 122432.351149147245451, 481944.02782314363867 ], [ 122391.753952212136937, 482050.733482881914824 ], [ 122340.896542519592913, 482029.227589205023833 ], [ 122338.342983742128126, 482020.3987394021824 ], [ 122336.39735160509008, 482019.999910015729256 ], [ 122330.502119627868524, 482029.57445574895246 ], [ 122324.05302925457363, 482029.617090245010331 ], [ 122295.723862167244079, 482008.652618098189123 ], [ 121971.411579978186637, 482142.082206159073394 ], [ 121967.807110958179692, 482150.529214254696853 ], [ 121970.543452525977045, 482189.676937286101747 ], [ 121963.536820246750722, 482195.00895701936679 ], [ 121881.321779884950956, 482205.417501242598519 ], [ 121870.050661706452956, 482214.249768813780975 ], [ 121882.366953177377582, 482319.670696661749389 ], [ 121895.381301483517746, 482379.779014921223279 ], [ 121914.030624221733888, 482389.645907389814965 ], [ 121942.16866441431921, 482404.534293449192774 ], [ 121949.857903981683194, 482476.851007376622874 ], [ 121959.114681343751727, 482486.958922531048302 ], [ 121976.883301508933073, 482486.506347547867335 ], [ 121979.497120709100273, 482510.411316493176855 ] ] ] ] } },
{ "type": "Feature", "properties": { "source_id": "parks_251", "name": "Bloementuin van Darwin", "category": "park", "subtype": "park", "source": "osm", "acquired_at": "2026-08-12T17:41:01.510895+00:00", "area_sqm": 4355.7181914266894 }, "geometry": { "type": "MultiPolygon", "coordinates": [ [ [ [ 123923.96882775828999, 484279.039988361066207 ], [ 123926.947578666979098, 484275.9280223431997 ], [ 123929.154562816023827, 484273.622036158980336 ], [ 123932.205251213570591, 484276.529172431793995 ], [ 123933.490975787804928, 484275.096866414067335 ], [ 123930.522476651822217, 484272.255972651822958 ], [ 123934.578173943446018, 484268.102453056839295 ], [ 123935.579194219782948, 484269.075308125582524 ], [ 123937.51948666635144, 484270.954646917176433 ], [ 123941.486887051854865, 484266.846195188059937 ], [ 123939.560362729476765, 484264.989021697489079 ], [ 123938.60050709254574, 484264.060413810890168 ], [ 123983.732946713076672, 484217.500813850259874 ], [ 123982.334117095946567, 484216.118758856668137 ], [ 123981.970798638722044, 484215.776112318970263 ], [ 123981.614224461183767, 484215.422296746692155 ], [ 123953.859012426182744, 484188.33622759138234 ], [ 123953.493421335238963, 484188.716833603335544 ], [ 123952.869409520935733, 484188.097659983322956 ], [ 123952.019338783065905, 484187.290753284294624 ], [ 123952.371301390405279, 484186.910232824622653 ], [ 123947.695312806259608, 484182.377674965071492 ], [ 123887.72874542750651, 484244.230105074355379 ], [ 123923.96882775828999, 484279.039988361066207 ] ] ] ] } },
{ "type": "Feature", "properties": { "source_id": "parks_252", "name": "Julianapark", "category": "park", "subtype": "park", "source": "osm", "acquired_at": "2026-08-12T17:41:01.510895+00:00", "area_sqm": 15761.634853927078 }, "geometry": { "type": "MultiPolygon", "coordinates": [ [ [ [ 123419.258584557828726, 484600.465507552900817 ], [ 123415.526716394117102, 484584.822937542165164 ], [ 123414.329413247542107, 484579.801313161791768 ], [ 123413.540233924621134, 484579.995514566311613 ], [ 123415.267338602687232, 484578.359967072668951 ], [ 123424.310874812625116, 484587.103383902925998 ], [ 123432.771518729365198, 484595.271952818555292 ], [ 123434.714315432065632, 484593.267851466254797 ], [ 123435.412297256450984, 484593.730713239056058 ], [ 123436.278487738483818, 484593.858698266907595 ], [ 123437.054820485616801, 484593.786976587667596 ], [ 123437.829660111267003, 484593.481603281921707 ], [ 123438.399236234501586, 484593.044021062669344 ], [ 123456.088618836336536, 484574.961346264346503 ], [ 123458.485180291187135, 484572.520414068421815 ], [ 123458.749280652336893, 484572.262812737724744 ], [ 123459.100040805060416, 484571.70423635840416 ], [ 123459.299620460500591, 484570.946344361989759 ], [ 123459.31480365479365, 484570.122869576094672 ], [ 123459.152901384441066, 484569.311652407632209 ], [ 123458.828819966904121, 484568.71287875942653 ], [ 123457.176269537230837, 484567.087803586618975 ], [ 123458.22564517200226, 484566.0240627694875 ], [ 123453.638202558562625, 484561.502530151046813 ], [ 123466.731978813098976, 484548.267123661993537 ], [ 123469.049655810842523, 484550.544432630005758 ], [ 123469.392544663161971, 484550.887172144837677 ], [ 123471.225440158930724, 484550.875471279141493 ], [ 123473.899679815833224, 484548.165732806024607 ], [ 123472.925949581491295, 484547.203923082386609 ], [ 123474.571178408252308, 484545.546665873436723 ], [ 123477.574558938766131, 484548.498332367977127 ], [ 123478.019866476999596, 484548.873798991320655 ], [ 123478.628703710564878, 484549.248221976216882 ], [ 123479.345211539839511, 484549.410550088854507 ], [ 123480.155904577550245, 484549.383122867671773 ], [ 123480.863184451445704, 484549.167201387754176 ], [ 123481.413251333171502, 484548.874396178813186 ], [ 123481.934572277794359, 484548.348113227169961 ], [ 123508.545299754943699, 484520.873384916281793 ], [ 123522.991454537870595, 484505.960499382519629 ], [ 123523.627271850200486, 484505.222083478409331 ], [ 123524.031065561954165, 484504.429512678529136 ], [ 123524.161385511120898, 484503.494037288066465 ], [ 123523.902538688591449, 484502.438648026960436 ], [ 123523.400238334666938, 484501.674105140555184 ], [ 123522.817306686687516, 484501.088103772024624 ], [ 123517.626986407107324, 484496.058525111817289 ], [ 123507.897955286185606, 484486.673959489446133 ], [ 123509.441930993692949, 484485.162007363396697 ], [ 123505.909464948490495, 484482.59200397785753 ], [ 123491.545266685046954, 484468.697324897162616 ], [ 123503.323888467784855, 484456.471815713215619 ], [ 123503.314043672507978, 484447.44810521119507 ], [ 123480.52802232967224, 484425.106353512324858 ], [ 123482.701301356661133, 484422.900520514871459 ], [ 123481.672682181349955, 484421.88342572748661 ], [ 123494.148118205775972, 484408.852325807674788 ], [ 123512.065933729070821, 484390.123057655000594 ], [ 123512.891775269104983, 484389.261035263072699 ], [ 123546.672522712644422, 484354.352682993747294 ], [ 123548.377325339708477, 484352.405777562002186 ], [ 123549.802896421868354, 484350.482904144970234 ], [ 123550.865412972692866, 484348.261921295837965 ], [ 123551.715987452975241, 484345.931020908756182 ], [ 123552.225153168226825, 484343.491027173062321 ], [ 123552.825819686986506, 484340.438481277727988 ], [ 123553.14345802317257, 484340.024770289834123 ], [ 123553.530511763470713, 484339.810898355557583 ], [ 123554.075209069414996, 484339.740670190949459 ], [ 123556.249875970243011, 484339.882599759148434 ], [ 123559.46921381993161, 484340.351682047592476 ], [ 123563.288822797461762, 484340.917086382803973 ], [ 123568.071120335385785, 484341.776788805378601 ], [ 123574.090223425766453, 484343.173835897119716 ], [ 123576.616296549284016, 484343.925508264976088 ], [ 123583.982852020169958, 484346.11511903302744 ], [ 123583.86267654839321, 484346.505318622337654 ], [ 123585.0985616662947, 484346.898019900952931 ], [ 123588.157822788110934, 484347.913348270056304 ], [ 123592.310438217784395, 484349.411301722459029 ], [ 123594.523697342767264, 484350.265112816879991 ], [ 123596.784795267536538, 484351.140874182397965 ], [ 123596.946138678045827, 484350.794920053042006 ], [ 123597.060066966834711, 484350.493774270289578 ], [ 123599.73163195377856, 484351.622841895848978 ], [ 123602.848935451649595, 484353.194146350724623 ], [ 123605.509274089345126, 484354.701596936269198 ], [ 123608.191396676847944, 484356.420318187912926 ], [ 123610.971529619520879, 484358.550106669892557 ], [ 123614.095470986503642, 484361.167287704476621 ], [ 123618.433686419230071, 484365.067455209151376 ], [ 123629.466261544614099, 484374.766632354818285 ], [ 123641.850186643117922, 484385.881474533001892 ], [ 123652.719346437734202, 484395.615120896603912 ], [ 123636.494934047950665, 484413.899179226369597 ], [ 123634.187777358500171, 484416.495229305815883 ], [ 123633.436731259716908, 484417.33450288156746 ], [ 123631.142640329024289, 484419.841457681613974 ], [ 123630.012842529467889, 484421.128206110035535 ], [ 123626.9004908381321, 484424.619511453725863 ], [ 123619.890689730411395, 484432.441620227647945 ], [ 123618.428642630708055, 484433.986396880238317 ], [ 123617.438408532558242, 484434.715925456548575 ], [ 123616.596666532554082, 484435.221976285101846 ], [ 123615.346232316398527, 484435.752877611259464 ], [ 123613.978972310957033, 484436.128747524518985 ], [ 123612.426676751085324, 484436.338892857020255 ], [ 123608.380495636083651, 484436.564888333668932 ], [ 123592.053248843905749, 484437.558823493251111 ], [ 123580.883275603919174, 484438.3864827248035 ], [ 123578.201079218881205, 484438.792980808997527 ], [ 123575.468761047523003, 484439.889656042854767 ], [ 123574.103487314918311, 484440.577072628890164 ], [ 123572.508807200036244, 484441.622004412289243 ], [ 123571.532421526542748, 484442.38483432889916 ], [ 123566.965690185636049, 484447.543314364389516 ], [ 123553.318789441429544, 484462.81816024746513 ], [ 123542.635671585856471, 484474.814037512114737 ], [ 123530.735049394817906, 484488.219662984309252 ], [ 123529.674920457589906, 484489.739652192569338 ], [ 123528.540903593384428, 484491.427013313921634 ], [ 123527.640471544815227, 484493.413307841052301 ], [ 123527.099612611418706, 484495.152523308468517 ], [ 123526.887376846338157, 484497.134432702732738 ], [ 123526.956130665916135, 484500.438631809782237 ], [ 123527.116228929662611, 484504.176191125356127 ], [ 123527.308119704917772, 484508.625658271135762 ], [ 123527.540672693576198, 484514.109651771956123 ], [ 123527.036594143821276, 484514.135117315570824 ], [ 123526.471829610149143, 484514.261110154679045 ], [ 123526.036314373966889, 484514.352899238583632 ], [ 123524.847233955733827, 484514.883432829461526 ], [ 123524.170605915307533, 484515.633235408284236 ], [ 123523.935385092758224, 484516.146563791844528 ], [ 123522.269095724041108, 484521.98758712754352 ], [ 123520.042024738213513, 484527.509510312404018 ], [ 123518.710769758705283, 484530.321930315811187 ], [ 123507.668173963829759, 484542.542712428839877 ], [ 123496.252297177226865, 484554.988435467006639 ], [ 123490.369707724734326, 484561.067773951683193 ], [ 123483.701924689710722, 484567.964381051482633 ], [ 123472.800377370120259, 484577.703083154046908 ], [ 123460.704346319049364, 484587.115635637368541 ], [ 123453.976934254984371, 484592.132247596979141 ], [ 123446.510389258997748, 484596.641761443228461 ], [ 123437.809161805867916, 484600.936642220243812 ], [ 123429.669358449536958, 484604.582599499204662 ], [ 123421.40500042019994, 484607.928945025138091 ], [ 123420.242781500448473, 484608.392572055512574 ], [ 123419.444041008318891, 484604.959520109405275 ], [ 123419.549059484357713, 484603.267585824185517 ], [ 123419.258584557828726, 484600.465507552900817 ] ] ] ] } },
{ "type": "Feature", "properties": { "source_id": "parks_253", "name": null, "category": "park", "subtype": "park", "source": "osm", "acquired_at": "2026-08-12T17:41:01.510895+00:00", "area_sqm": 196.91565783669967 }, "geometry": { "type": "MultiPolygon", "coordinates": [ [ [ [ 119789.063311336009065, 483229.045844127249438 ], [ 119788.924517288221978, 483202.876664498646278 ], [ 119796.449028363829711, 483202.834170504240319 ], [ 119796.587782543690992, 483229.003350260318257 ], [ 119789.063311336009065, 483229.045844127249438 ] ] ] ] } },
{ "type": "Feature", "properties": { "source_id": "parks_254", "name": "Spoorpark Zuid", "category": "park", "subtype": "park", "source": "osm", "acquired_at": "2026-08-12T17:41:01.510895+00:00", "area_sqm": 12505.352472097555 }, "geometry": { "type": "MultiPolygon", "coordinates": [ [ [ [ 117372.943294973578304, 486231.724197436706163 ], [ 117374.691383465775289, 486184.02104669122491 ], [ 117401.672589288209565, 486183.926746830635238 ], [ 117401.731214662955608, 486121.860548283380922 ], [ 117385.85801212748629, 486121.692166589549743 ], [ 117357.3129639144463, 486121.320017764694057 ], [ 117359.76450855609437, 485927.337534139980562 ], [ 117359.788388409157051, 485926.002126581210177 ], [ 117360.119924922735663, 485862.264839254203252 ], [ 117350.297971710358979, 485861.560850126261357 ], [ 117340.830151919595664, 485860.843052325537428 ], [ 117331.805547982366988, 486097.66966877161758 ], [ 117329.575308681611205, 486232.110579407657497 ], [ 117333.437392571446253, 486232.081109621038195 ], [ 117372.943294973578304, 486231.724197436706163 ] ] ] ] } },
{ "type": "Feature", "properties": { "source_id": "parks_255", "name": null, "category": "park", "subtype": "park", "source": "osm", "acquired_at": "2026-08-12T17:41:01.510895+00:00", "area_sqm": 192.33726075991305 }, "geometry": { "type": "MultiPolygon", "coordinates": [ [ [ [ 120089.181419878426823, 483229.007874700240791 ], [ 120096.48834142346459, 483229.045262328232639 ], [ 120096.49872693780344, 483227.620962863205932 ], [ 120096.629672842667787, 483202.740588817687239 ], [ 120089.315896784246434, 483202.703249060490634 ], [ 120089.181419878426823, 483229.007874700240791 ] ] ] ] } },
{ "type": "Feature", "properties": { "source_id": "parks_256", "name": "Park Somerlust", "category": "park", "subtype": "park", "source": "osm", "acquired_at": "2026-08-12T17:41:01.510895+00:00", "area_sqm": 17972.271185554364 }, "geometry": { "type": "MultiPolygon", "coordinates": [ [ [ [ 122863.644459813396679, 483713.677417550934479 ], [ 122855.050924637820572, 483708.503769049770199 ], [ 122858.146036790814833, 483702.375060173624661 ], [ 122835.763338868069695, 483687.477412981155794 ], [ 122823.084985870344099, 483676.700295957329217 ], [ 122794.707679724204354, 483647.633059071027674 ], [ 122795.892683749989374, 483645.411116510163993 ], [ 122768.642738772832672, 483619.963990377669688 ], [ 122746.907890357426368, 483603.137593137798831 ], [ 122751.418580207697232, 483596.710281543433666 ], [ 122776.473741177585907, 483613.726447619264945 ], [ 122808.128125838091364, 483640.491246961406432 ], [ 122817.880379820533562, 483643.565442577411886 ], [ 122824.003714696009411, 483646.151462620706297 ], [ 122845.560715466766851, 483651.429818245116621 ], [ 122871.93073930052924, 483637.027176579460502 ], [ 122879.652346041955752, 483652.732400677166879 ], [ 122889.462321353668813, 483655.261152563733049 ], [ 122890.473720048903488, 483653.585570700583048 ], [ 122944.002020364714554, 483683.179942706658039 ], [ 122965.53341927404108, 483665.638085953483824 ], [ 122985.53752902445558, 483699.50053390749963 ], [ 122991.256222101743333, 483696.459262934222352 ], [ 123000.72897914936766, 483709.026719974237494 ], [ 123004.857378221218823, 483714.040383606625255 ], [ 123013.537797527285875, 483723.185967442463152 ], [ 123016.008875686093234, 483725.907140839495696 ], [ 123024.487931198935257, 483736.589534681756049 ], [ 123029.270417039340828, 483743.690808032173663 ], [ 123052.082897777523613, 483776.700845558487345 ], [ 123042.250135725116706, 483780.080208153522108 ], [ 123025.296423697727732, 483763.577722009562422 ], [ 123010.383452246052912, 483777.026333958317991 ], [ 123021.950093937761267, 483789.880694400693756 ], [ 123036.994920510274824, 483802.078352560230996 ], [ 123049.702801742649172, 483797.523203830176499 ], [ 123053.604177351793624, 483809.603843273420352 ], [ 123077.002673375915037, 483817.363679254311137 ], [ 123074.043117473673192, 483825.516437448502984 ], [ 123066.19376246019965, 483842.624434486438986 ], [ 123011.756962716506678, 483815.482511589827482 ], [ 123007.179907535246457, 483821.153399552800693 ], [ 123004.479475888321758, 483818.789771027571987 ], [ 122935.643767517598462, 483749.949999418691732 ], [ 122910.525301925386884, 483730.340917362947948 ], [ 122916.399688838995644, 483725.050949935102835 ], [ 122913.938571426348062, 483721.77342519373633 ], [ 122901.443554550176486, 483713.999132317490876 ], [ 122893.264802884907112, 483727.548993854084983 ], [ 122883.585442024486838, 483722.026298149605282 ], [ 122890.450674619089114, 483710.854949556232896 ], [ 122871.855636812426383, 483699.882508063572459 ], [ 122863.644459813396679, 483713.677417550934479 ] ] ] ] } },
{ "type": "Feature", "properties": { "source_id": "parks_257", "name": "Brasapark-Zuid", "category": "park", "subtype": "park", "source": "osm", "acquired_at": "2026-08-12T17:41:01.510895+00:00", "area_sqm": 240630.57932525757 }, "geometry": { "type": "MultiPolygon", "coordinates": [ [ [ [ 126726.433929437916959, 479949.670068480656482 ], [ 126723.917371077826829, 479950.886127751902677 ], [ 126713.845083139138296, 479957.074475290253758 ], [ 126709.34438263688935, 479960.771992186375428 ], [ 126701.327070691957488, 479967.315786915714853 ], [ 126698.832954754368984, 479970.067198644974269 ], [ 126691.079032254507183, 479978.53440123173641 ], [ 126684.20351515544462, 479987.942345796443988 ], [ 126679.407174641586607, 479995.980949653545395 ], [ 126663.401728204262326, 480024.8348497072584 ], [ 126658.24419434129959, 480034.099468823871575 ], [ 126655.48046685216832, 480038.58819511794718 ], [ 126651.629447971004993, 480044.952421704074368 ], [ 126649.725167556825909, 480048.2679334533168 ], [ 126648.211087734991452, 480050.646575912833214 ], [ 126646.573612582928035, 480052.914660553738941 ], [ 126644.506610734213609, 480055.20746185828466 ], [ 126642.186507739243098, 480057.368196486611851 ], [ 126639.640264399786247, 480059.341077268589288 ], [ 126636.649706898155273, 480061.138482504349668 ], [ 126633.323507390639861, 480062.681903545337263 ], [ 126629.327808690810343, 480064.028889365668874 ], [ 126625.46665911776654, 480065.052435497927945 ], [ 126622.002662642684299, 480066.351870072772726 ], [ 126618.83103037760884, 480067.49385694519151 ], [ 126615.950740003041574, 480068.300376104132738 ], [ 126613.19263418726041, 480069.006056301936042 ], [ 126610.835307167493738, 480069.431272604560945 ], [ 126608.326984241983155, 480069.690458227589261 ], [ 126605.783603707590373, 480069.782947683474049 ], [ 126603.205229200582835, 480069.71986723394366 ], [ 126600.640047158871312, 480069.578826284909155 ], [ 126598.258044085203437, 480069.269835832004901 ], [ 126596.203204880002886, 480068.925587561621796 ], [ 126594.297508742412901, 480068.424711256404407 ], [ 126590.90792741086625, 480067.242512197000906 ], [ 126588.248523213376757, 480066.134006236039568 ], [ 126584.260363137553213, 480064.042871074634604 ], [ 126580.265187919649179, 480061.918399681337178 ], [ 126577.329847844244796, 480060.26628283521859 ], [ 126570.078657198813744, 480056.46929469704628 ], [ 126570.36903580170474, 480055.966929020592943 ], [ 126449.19058718472661, 479989.004322366323322 ], [ 126397.409382258236292, 479960.385560627561063 ], [ 126397.112452765199123, 479960.932480699149892 ], [ 126393.352552234689938, 479967.674686493817717 ], [ 126393.007947622609208, 479968.233009196876083 ], [ 126421.128776546858717, 479983.714391391084064 ], [ 126486.292168838073849, 480019.655397567199543 ], [ 126504.29337482151459, 480029.587812645069789 ], [ 126498.664453346922528, 480039.845582950394601 ], [ 126491.271586891321931, 480052.89517517038621 ], [ 126485.731635131553048, 480063.196954436658416 ], [ 126471.021301003260305, 480055.048126921348739 ], [ 126454.860529791738372, 480046.117727787117474 ], [ 126442.237055916368263, 480039.147484137967695 ], [ 126431.960507818905171, 480033.498903819534462 ], [ 126418.75527797426912, 480026.187156543368474 ], [ 126409.197025508285151, 480020.92390225228155 ], [ 126402.580806119760382, 480017.27925971953664 ], [ 126390.7988761850429, 480010.79384986567311 ], [ 126377.415431498171529, 480003.349724415806122 ], [ 126374.445823766844114, 480001.68679920170689 ], [ 126374.148963752319105, 480002.244846911984496 ], [ 126370.355219839126221, 480009.020646818971727 ], [ 126370.451021883665817, 480009.075725102098659 ], [ 126370.14714952876966, 480009.600433902989607 ], [ 126372.021818984532729, 480010.624353233724833 ], [ 126375.682302443121444, 480012.63932858617045 ], [ 126386.281107554226764, 480018.564092464745045 ], [ 126392.213472838964663, 480021.889998407568783 ], [ 126398.132125813528546, 480025.204864146013279 ], [ 126405.548912323196419, 480029.301061443868093 ], [ 126418.090366836069734, 480036.227179581590462 ], [ 126429.72891705101938, 480042.702355848508887 ], [ 126474.324999522723374, 480067.346197839302476 ], [ 126494.118580441238009, 480078.258502511307597 ], [ 126496.814215493024676, 480079.733926432731096 ], [ 126504.757700850736001, 480084.127653650881257 ], [ 126507.303035453223856, 480085.559443019563332 ], [ 126510.696406651346479, 480087.398031517048366 ], [ 126516.936140802805312, 480090.833581320708618 ], [ 126524.708644881597138, 480095.150439182878472 ], [ 126534.841036530648125, 480100.677648555894848 ], [ 126542.674119834948215, 480104.860666772467084 ], [ 126543.221437799540581, 480105.157934887567535 ], [ 126543.336094947982929, 480104.93474338069791 ], [ 126546.997398594074184, 480107.116738932323642 ], [ 126549.050334817002295, 480108.317724641936366 ], [ 126551.390664248930989, 480109.683956579421647 ], [ 126554.770234666619217, 480111.500401391997002 ], [ 126561.500552936180611, 480114.866425636981148 ], [ 126562.580200929485727, 480115.227393988054246 ], [ 126564.399591615481768, 480116.140437916095834 ], [ 126565.720045086462051, 480116.867199510161299 ], [ 126567.157011344024795, 480117.693430785031524 ], [ 126568.437888312269934, 480118.654078940104228 ], [ 126569.876644701304031, 480119.791845070780255 ], [ 126571.521530862446525, 480121.195464607269969 ], [ 126573.003123683069134, 480122.666782916348893 ], [ 126574.68511319233221, 480124.5931396773085 ], [ 126576.251931644903379, 480126.653678029426374 ], [ 126577.682607958777226, 480128.759505718306173 ], [ 126578.813082682012464, 480130.844806059787516 ], [ 126579.738194317600573, 480132.797767932526767 ], [ 126580.254499472066527, 480134.819838979863562 ], [ 126580.907840069063241, 480136.952388367848471 ], [ 126581.465766606677789, 480139.096612780180294 ], [ 126581.611306677557877, 480140.686877979082055 ], [ 126581.63351454117219, 480142.177712703414727 ], [ 126581.813792953646043, 480143.879044119501486 ], [ 126581.825622161355568, 480145.937394324573688 ], [ 126582.022097650420619, 480148.083696070185397 ], [ 126582.083455755098839, 480150.453306032111868 ], [ 126582.129873500423855, 480151.409925578220282 ], [ 126582.015365520128398, 480152.845913102733903 ], [ 126582.086974305377225, 480154.625755167508032 ], [ 126581.741382723848801, 480157.38713434280362 ], [ 126581.05855260437238, 480159.616375610581599 ], [ 126580.244036969932495, 480161.47919650800759 ], [ 126578.749461986939423, 480163.679723759822082 ], [ 126513.284717157483101, 480127.07164979231311 ], [ 126508.707567586287041, 480124.550031718972605 ], [ 126506.476991738047218, 480123.294453361246269 ], [ 126495.132305920793442, 480116.873036608682014 ], [ 126476.118655662387027, 480106.356786495016422 ], [ 126473.369352185953176, 480106.216873761615716 ], [ 126459.646272481186315, 480097.7619672830333 ], [ 126448.839916510027251, 480091.281916255829856 ], [ 126437.646083541651024, 480085.026658494956791 ], [ 126408.996306999091757, 480068.780508080264553 ], [ 126408.915239970534458, 480068.914495826757047 ], [ 126408.189884389197687, 480068.495879466412589 ], [ 126403.83800567786966, 480066.028688381251413 ], [ 126403.071601037489017, 480065.588056972774211 ], [ 126403.159487883895054, 480065.454029692336917 ], [ 126396.046625012808363, 480060.833128535072319 ], [ 126344.369895354029723, 480032.514735631353687 ], [ 126331.735925977540319, 480024.943998040864244 ], [ 126310.72731284184556, 480008.075538757548202 ], [ 126273.250109920321847, 479990.457188265456352 ], [ 126254.901075067362399, 479977.111770281160716 ], [ 126156.30013046975364, 479919.772011597058736 ], [ 126130.003949402394937, 479902.779386720736511 ], [ 126112.590132110402919, 479892.032655514078215 ], [ 126103.814128096288186, 479888.846091029350646 ], [ 126097.335458308632951, 479893.635004829149693 ], [ 126022.301523716421798, 479915.27026807970833 ], [ 126015.213742467472912, 479916.190806575410534 ], [ 126010.341404192673508, 479914.583758050459437 ], [ 125999.625326378867612, 479908.54921801603632 ], [ 125991.931591248896439, 479905.00045416993089 ], [ 125980.840698909727507, 479903.674700928444508 ], [ 125963.053316493547754, 479894.410522685036995 ], [ 125945.789778221791494, 479884.931925146956928 ], [ 125943.505827037908603, 479883.921698034217115 ], [ 125928.066081659300835, 479874.922016348631587 ], [ 125922.230768297959003, 479864.986899103038013 ], [ 125912.013752149228822, 479856.868941017019097 ], [ 125875.284798165565007, 479835.877834644983523 ], [ 125856.624376430801931, 479824.371607458335347 ], [ 125840.911341944127344, 479814.194388186559081 ], [ 125833.004739780284581, 479811.604012232797686 ], [ 125823.091137024835916, 479809.87111051636748 ], [ 125817.415749976891675, 479809.748825779010076 ], [ 125810.206138934983755, 479810.848401552764699 ], [ 125804.635837423833436, 479813.507159103930462 ], [ 125801.75045786004921, 479812.300269141735043 ], [ 125797.577255844254978, 479807.840894041117281 ], [ 125791.865131618949817, 479801.499090855999384 ], [ 125789.802499363999232, 479799.864538084133528 ], [ 125775.42011229894706, 479775.982832254725508 ], [ 125738.324335145269288, 479750.833559905237053 ], [ 125710.628521446036757, 479735.153245982364751 ], [ 125699.966368277426227, 479722.231672051886562 ], [ 125690.743484670674661, 479679.415566976182163 ], [ 125680.497699075291166, 479636.661178175301757 ], [ 125678.359340297189192, 479629.174534070945811 ], [ 125674.426433327636914, 479619.272935093205888 ], [ 125587.951851214573253, 479569.828064872301184 ], [ 125583.419695546850562, 479541.782632670656312 ], [ 125613.905969703861047, 479483.865524821332656 ], [ 125616.957134746800875, 479485.382865801570006 ], [ 125625.124578751419904, 479469.768252154171932 ], [ 125640.331810586008942, 479442.740485119982623 ], [ 125637.931921000068542, 479440.629554031940643 ], [ 125656.925418230996002, 479405.623854810604826 ], [ 125675.925118555518566, 479415.335943516052794 ], [ 125682.554964867129456, 479417.5998424620484 ], [ 125691.702963249146705, 479429.273045643116347 ], [ 125700.32868196736672, 479439.146852755919099 ], [ 125706.56393334918539, 479446.197553329460789 ], [ 125712.855248520121677, 479453.503841199330054 ], [ 125717.679231774804066, 479458.370975477038883 ], [ 125730.722506997990422, 479470.154708250483964 ], [ 125745.442979006373207, 479479.514084933965933 ], [ 125785.143306471523829, 479500.686963475134689 ], [ 125808.502440112410113, 479509.494808502495289 ], [ 125808.660888218524633, 479525.938966999005061 ], [ 125814.101061087654671, 479531.225368009530939 ], [ 125796.127426564431516, 479535.748723183001857 ], [ 125802.911487440287601, 479543.374886299832724 ], [ 125811.607148874318227, 479543.212292560725473 ], [ 125827.472931926691672, 479539.814085019694176 ], [ 125848.918750186407124, 479537.662592567678075 ], [ 125853.686515250330558, 479537.656745571293868 ], [ 125862.749440084662638, 479541.942711585434154 ], [ 125873.946344694297295, 479548.385810309671797 ], [ 125883.006415456227842, 479552.193386900995392 ], [ 125892.296943102643127, 479554.597673940064851 ], [ 125895.16004556142434, 479553.156621062487829 ], [ 125892.730802082834998, 479558.778716455562972 ], [ 125900.902011269587092, 479561.067214932991192 ], [ 125903.607360737543786, 479555.99982843484031 ], [ 125918.403779939384549, 479560.975395847286563 ], [ 125919.359025543410098, 479563.350867985223886 ], [ 125929.855985453774338, 479569.097233581065666 ], [ 125943.208288331981748, 479576.729490612109657 ], [ 125954.896196522153332, 479584.349304869945627 ], [ 125957.522999642038485, 479589.1294365474605 ], [ 125964.674461508431705, 479610.595133785333019 ], [ 125967.538990561151877, 479617.532432621519547 ], [ 125969.918620605065371, 479620.87869247852359 ], [ 125973.974661126616411, 479623.970329301257152 ], [ 125977.556197952420916, 479627.56545029534027 ], [ 125978.992108119855402, 479632.819898738875054 ], [ 125981.128926645600586, 479636.634905389160849 ], [ 125988.52774703335308, 479643.323081000242382 ], [ 125997.829530520495609, 479650.011234246892855 ], [ 126009.757398834597552, 479657.885681470797863 ], [ 126028.83541624766076, 479671.938027022057213 ], [ 126034.558567805084749, 479675.531770337140188 ], [ 126038.136420658091083, 479673.852955268870573 ], [ 126039.809847482625628, 479670.761091642954852 ], [ 126040.521374294010457, 479666.473189989395905 ], [ 126040.522290189022897, 479663.135209241823759 ], [ 126118.115237129663001, 479678.414446020906325 ], [ 126113.610971914924448, 479688.476931645651348 ], [ 126119.584452744660666, 479694.072095810028259 ], [ 126166.670991159655387, 479723.917007233307231 ], [ 126182.668544303116505, 479732.65827019221615 ], [ 126182.670243171480251, 479737.631843147450127 ], [ 126178.622306874895003, 479745.254889087111223 ], [ 126178.868128212503507, 479748.813963308581151 ], [ 126186.230623539013322, 479752.854517545376439 ], [ 126189.796500753203873, 479752.633464217884466 ], [ 126194.065421532897744, 479745.476456741511356 ], [ 126196.208343353879172, 479743.349924312322401 ], [ 126199.293886457890039, 479742.63097928831121 ], [ 126211.133295746374642, 479748.292234610300511 ], [ 126243.780183288326953, 479762.97853578889044 ], [ 126245.086556480702711, 479771.81657333811745 ], [ 126249.402034061480663, 479778.523065767250955 ], [ 126257.221886643135804, 479790.861497431236785 ], [ 126255.220459617121378, 479802.07759987009922 ], [ 126254.686006075688056, 479809.869315005897079 ], [ 126262.145803172083106, 479813.074922223226167 ], [ 126267.894385409817914, 479810.538038662925828 ], [ 126266.710893054492772, 479797.014989313844126 ], [ 126271.73493227698782, 479791.856446571298875 ], [ 126278.202325167017989, 479789.771589605312329 ], [ 126286.718877938139485, 479789.377210297272541 ], [ 126292.39655910206784, 479791.068868738773745 ], [ 126292.381407584965928, 479795.508463248377666 ], [ 126290.016281650663586, 479802.832358292827848 ], [ 126284.231197880289983, 479810.832580274785869 ], [ 126283.515617425800883, 479820.327711093355902 ], [ 126289.446776478333049, 479822.2181725941482 ], [ 126292.381449141161283, 479817.839515280036721 ], [ 126293.220625810645288, 479807.308896234608255 ], [ 126295.027148006658535, 479803.626637651934288 ], [ 126300.461620874630171, 479803.372564938559663 ], [ 126304.109595894668018, 479807.902168260072358 ], [ 126299.843590367527213, 479817.929722246946767 ], [ 126303.454372899301234, 479819.577755919075571 ], [ 126309.557083724299446, 479815.770435519167222 ], [ 126314.187439612753224, 479817.991144356143195 ], [ 126313.766990522010019, 479823.111811410984956 ], [ 126311.618480821227422, 479833.683402131020557 ], [ 126318.650336600709124, 479837.203121090191416 ], [ 126321.614606099523371, 479823.811777235998306 ], [ 126325.348679670583806, 479810.260199816664681 ], [ 126329.881387014291249, 479809.755476798862219 ], [ 126333.891030186976423, 479811.968676021380816 ], [ 126338.675630758545594, 479816.091159247385804 ], [ 126342.550011926039588, 479823.211972276621964 ], [ 126340.892311160641839, 479829.040781414951198 ], [ 126358.340934563864721, 479842.313846245640889 ], [ 126364.297865838598227, 479839.241792124288622 ], [ 126386.592514571530046, 479844.887441924249288 ], [ 126408.225407117337454, 479862.308941780996975 ], [ 126427.170034968206892, 479866.594447211362422 ], [ 126468.462865678520757, 479888.219770635478199 ], [ 126476.468455016205553, 479887.951057405036408 ], [ 126476.654956181082525, 479889.541082863637712 ], [ 126512.046193883288652, 479909.709849309932906 ], [ 126531.322372181573883, 479920.692044145718683 ], [ 126537.867122761526844, 479936.799041096004657 ], [ 126627.195663934588083, 479978.889393037534319 ], [ 126638.209125362700433, 479977.479899252299219 ], [ 126775.063610398792662, 479813.603533822169993 ], [ 126784.165789480437525, 479816.63365421409253 ], [ 126861.66662215978431, 479859.730364951479714 ], [ 126855.077266592605156, 479882.354809204174671 ], [ 126836.055357453718898, 479901.545181717316154 ], [ 126779.370955818769289, 479925.389916047162842 ], [ 126725.192701505497098, 479947.296077396487817 ], [ 126726.433929437916959, 479949.670068480656482 ] ] ] ] } },
{ "type": "Feature", "properties": { "source_id": "parks_258", "name": "Buurtpark 't Kommetje", "category": "park", "subtype": "park", "source": "osm", "acquired_at": "2026-08-12T17:41:01.510895+00:00", "area_sqm": 332.35915606122484 }, "geometry": { "type": "MultiPolygon", "coordinates": [ [ [ [ 123616.459569798607845, 489414.987480202806182 ], [ 123619.347906745286309, 489418.518560996337328 ], [ 123621.310143996626721, 489420.931725516915321 ], [ 123623.869189672608627, 489424.064338065916672 ], [ 123627.736178940031095, 489420.924231662880629 ], [ 123635.463365237985272, 489414.64407132047927 ], [ 123636.155417842266615, 489414.283612615661696 ], [ 123636.855621708295075, 489414.134511814976577 ], [ 123637.291200555249816, 489414.120615504973102 ], [ 123637.787759660743177, 489414.061824223317672 ], [ 123639.041313335997984, 489414.220756586757489 ], [ 123639.572756428970024, 489414.295265573717188 ], [ 123639.987136087409453, 489414.159109227592126 ], [ 123640.866673457421712, 489413.307879043044522 ], [ 123641.48803923491505, 489412.536178038048092 ], [ 123642.154720249396632, 489411.397003892343491 ], [ 123642.515580334962578, 489410.337661713419948 ], [ 123642.703718485485297, 489408.878851947491057 ], [ 123642.659498094726587, 489407.276870613743085 ], [ 123642.226357089704834, 489405.532712985994294 ], [ 123641.692666323957383, 489404.033984711160883 ], [ 123640.894986075014458, 489402.770598045492079 ], [ 123639.942228921558126, 489401.741860691108741 ], [ 123638.977625759478542, 489400.991369395691436 ], [ 123637.686850125712226, 489400.331966674362775 ], [ 123636.418193152843742, 489399.939467391581275 ], [ 123635.129822316797799, 489399.658362008456606 ], [ 123633.938235720735975, 489399.610304802423343 ], [ 123632.740761843073415, 489399.706934017129242 ], [ 123631.619580611950369, 489400.025614808080718 ], [ 123630.547180958470562, 489400.522014794347342 ], [ 123629.408055540479836, 489401.230249002866913 ], [ 123628.304168629591004, 489402.12741534714587 ], [ 123627.859857379822643, 489402.909118748386391 ], [ 123627.721863040234894, 489403.68887399265077 ], [ 123627.808217949990649, 489404.422695071087219 ], [ 123627.604842351109255, 489405.625685414415784 ], [ 123627.005526571389055, 489406.653164852235932 ], [ 123620.367757672676817, 489411.902740093646571 ], [ 123616.459569798607845, 489414.987480202806182 ] ] ] ] } },
{ "type": "Feature", "properties": { "source_id": "parks_259", "name": null, "category": "park", "subtype": "park", "source": "osm", "acquired_at": "2026-08-12T17:41:01.510895+00:00", "area_sqm": 2221.6726922637095 }, "geometry": { "type": "MultiPolygon", "coordinates": [ [ [ [ 122122.032814747246448, 488851.678348972171079 ], [ 122149.120918138622073, 488859.653869589266833 ], [ 122126.796100400359137, 488935.097911631921306 ], [ 122099.708372320223134, 488927.122513264184818 ], [ 122122.032814747246448, 488851.678348972171079 ] ] ] ] } },
{ "type": "Feature", "properties": { "source_id": "parks_260", "name": null, "category": "park", "subtype": "park", "source": "osm", "acquired_at": "2026-08-12T17:41:01.510895+00:00", "area_sqm": 4842.5030193761431 }, "geometry": { "type": "MultiPolygon", "coordinates": [ [ [ [ 125950.238486706643016, 481854.649493189528584 ], [ 125949.469863843711209, 481856.111599109659437 ], [ 125949.242648195562651, 481856.891798606375232 ], [ 125949.070037601326476, 481857.682803796080407 ], [ 125949.046953128534369, 481858.395043735043146 ], [ 125949.146778880502097, 481859.139941145316698 ], [ 125949.328152364265407, 481859.839852739591151 ], [ 125949.597890994467889, 481860.494738460460212 ], [ 125949.88768952144892, 481861.082746518251952 ], [ 125950.279357261679252, 481861.603396097780205 ], [ 125950.786725257756189, 481862.089985818602145 ], [ 125951.286948759719962, 481862.520984440401662 ], [ 125951.964294857534696, 481862.928688891930506 ], [ 125953.181853285801481, 481863.611384427931625 ], [ 125968.489801025978522, 481872.122330949816387 ], [ 125971.677112378063612, 481873.872744707216043 ], [ 125972.223682620548061, 481874.069814025657251 ], [ 125972.824792220490053, 481874.266563104931265 ], [ 125973.466414275782881, 481874.396314571320545 ], [ 125974.134848620044068, 481874.448022255906835 ], [ 125974.721081823459826, 481874.43345297803171 ], [ 125975.327571294474183, 481874.385384937922936 ], [ 125975.967494549084222, 481874.225854347692803 ], [ 125976.607156509184279, 481874.021818860026542 ], [ 125977.232661010697484, 481873.728853561973665 ], [ 125977.823751799092861, 481873.380457262101118 ], [ 125978.414124043571064, 481872.909672340087127 ], [ 125978.935734167083865, 481872.339151577616576 ], [ 125979.335218645923305, 481871.869487580901477 ], [ 125979.787348161582486, 481871.076842286565807 ], [ 126044.295331886140048, 481754.569910664926283 ], [ 126044.450181089749094, 481754.235204778145999 ], [ 126044.611000583536224, 481753.755817791097797 ], [ 126044.709223392623244, 481753.065391622192692 ], [ 126044.705443046463188, 481752.42006949824281 ], [ 126044.634008188790176, 481751.864156707306392 ], [ 126044.432452406836092, 481751.208866548258811 ], [ 126044.087857422666275, 481750.576667600311339 ], [ 126043.799106731195934, 481750.166674033156596 ], [ 126043.4900987449073, 481749.7901790321921 ], [ 126042.948836129362462, 481749.337158314767294 ], [ 126019.501265897750272, 481736.367414940963499 ], [ 126018.879949596477672, 481736.215285093523562 ], [ 126017.993398625068949, 481736.175976767612156 ], [ 126017.121265752299223, 481736.270103560877033 ], [ 126016.30478294925706, 481736.553056824777741 ], [ 126015.550833158689784, 481737.035922787152231 ], [ 126014.893374031817075, 481737.696249043743592 ], [ 126014.231250611832365, 481738.723781389242504 ], [ 126007.000499018031405, 481752.018000752199441 ], [ 126006.479133844666649, 481752.63302337762434 ], [ 126005.726558067224687, 481753.349541969248094 ], [ 126005.158449068578193, 481754.131738331518136 ], [ 126004.659690983331529, 481755.113807200279552 ], [ 126004.344746900911559, 481756.050291319203097 ], [ 126003.990920793236, 481757.331928960920777 ], [ 126003.310046625032555, 481758.648865120660048 ], [ 126001.561981922772247, 481761.674436085508205 ], [ 125975.157675270078471, 481809.462506798212416 ], [ 125950.238486706643016, 481854.649493189528584 ] ] ] ] } },
{ "type": "Feature", "properties": { "source_id": "parks_261", "name": null, "category": "park", "subtype": "park", "source": "osm", "acquired_at": "2026-08-12T17:41:01.510895+00:00", "area_sqm": 6294.0263140626339 }, "geometry": { "type": "MultiPolygon", "coordinates": [ [ [ [ 126218.833840583291021, 481808.81645463249879 ], [ 126224.926837721039192, 481797.921395071840379 ], [ 126234.719810296344804, 481780.807280570676085 ], [ 126238.872178949197405, 481783.208720652968623 ], [ 126264.37768452927412, 481797.313577577238902 ], [ 126254.655535910889739, 481814.894539543951396 ], [ 126252.975642791425344, 481817.941877638339065 ], [ 126251.463862408869318, 481817.07166719896486 ], [ 126251.354458783753216, 481817.01667041372275 ], [ 126251.265572381191305, 481816.972680914506782 ], [ 126251.183632909727748, 481816.950904260389507 ], [ 126251.088058430264937, 481816.929206911532674 ], [ 126250.978913657934754, 481816.918715121224523 ], [ 126250.849445804633433, 481816.930594788165763 ], [ 126250.706342944715288, 481816.942553760367446 ], [ 126250.481559475258109, 481816.977241087530274 ], [ 126250.202365414326778, 481817.034498148655985 ], [ 126249.909601070423378, 481817.102960785268806 ], [ 126249.678129545980482, 481817.159940292243846 ], [ 126249.439646368220565, 481817.183580728364177 ], [ 126249.214798199041979, 481817.207141863473225 ], [ 126249.223168957425514, 481817.474132123461459 ], [ 126248.896899616433075, 481817.642929321853444 ], [ 126248.577577240735991, 481817.83393937262008 ], [ 126248.244878770390642, 481818.069533750938717 ], [ 126247.912309775609174, 481818.327380641305353 ], [ 126247.586752484625322, 481818.618566637975164 ], [ 126247.247948571268353, 481818.976589454396162 ], [ 126246.882068878549035, 481819.368149664544035 ], [ 126246.496060371035128, 481819.815460118756164 ], [ 126246.062847249326296, 481820.352058201329783 ], [ 126245.609634818145423, 481820.966659027966671 ], [ 126245.5842419154651, 481821.289478828781284 ], [ 126245.518008760962402, 481821.623662839236204 ], [ 126245.444699208761449, 481821.913381526945159 ], [ 126245.364442713660537, 481822.180887378985062 ], [ 126245.310679477144731, 481822.314719631162006 ], [ 126244.865514666133095, 481823.140679557225667 ], [ 126223.641156984871486, 481861.651054436748382 ], [ 126220.085746277269209, 481868.091817771084607 ], [ 126196.870881212991662, 481910.085411618987564 ], [ 126195.831898691772949, 481911.960739565140102 ], [ 126193.753936039080145, 481915.71139612729894 ], [ 126168.239029574702727, 481961.868769079505 ], [ 126165.527033847465646, 481966.780306030879728 ], [ 126165.108775376807898, 481967.539356814406347 ], [ 126164.757846132459235, 481968.153368672996294 ], [ 126163.76570050684677, 481969.872657703817822 ], [ 126162.962557149556233, 481971.268172004958615 ], [ 126162.766803204227472, 481971.603112956392579 ], [ 126162.59779911179794, 481971.848884824081324 ], [ 126162.3812038427277, 481972.117187627591193 ], [ 126162.137404357868945, 481972.396775798231829 ], [ 126161.900292353049736, 481972.654071706754621 ], [ 126161.656168328103377, 481972.878028653562069 ], [ 126161.405227036942961, 481973.102025393745862 ], [ 126161.283035204512998, 481973.191751379112247 ], [ 126160.685580842560739, 481973.618049305514432 ], [ 126160.257779695399222, 481973.90983784198761 ], [ 126159.734406736999517, 481974.179930829559453 ], [ 126159.081375543479226, 481974.428527205309365 ], [ 126158.434901997054112, 481974.632578895951156 ], [ 126157.679027289384976, 481974.781635945895687 ], [ 126156.922568260895787, 481974.830556870496366 ], [ 126156.240904597943882, 481974.845661533181556 ], [ 126155.572420982454787, 481974.782802977540996 ], [ 126154.944451462026336, 481974.65294830489438 ], [ 126154.316157231107354, 481974.46746245957911 ], [ 126153.708055065537337, 481974.237352339318022 ], [ 126153.167865962022915, 481973.962339409277774 ], [ 126138.674930986395339, 481965.980142884654924 ], [ 126138.229727517013089, 481965.626690528297331 ], [ 126137.736088191639283, 481965.151128147321288 ], [ 126137.296987171459477, 481964.675247331091668 ], [ 126136.898335049976595, 481964.121243946661707 ], [ 126136.512732665170915, 481963.467024734301958 ], [ 126136.180953863731702, 481962.690098321647383 ], [ 126135.943837494312902, 481961.779099573963322 ], [ 126135.822160391500802, 481960.789540282217786 ], [ 126135.884550524424412, 481959.798906046664342 ], [ 126135.923375115467934, 481959.442627225827891 ], [ 126135.956292075075908, 481959.242155691201333 ], [ 126136.062964875134639, 481958.829847501998302 ], [ 126136.196582048447453, 481958.361748823372182 ], [ 126136.364675647375407, 481957.960208583099302 ], [ 126136.526211865042569, 481957.603213149122894 ], [ 126168.038664515945129, 481900.640111051208805 ], [ 126169.131593991653062, 481898.664322925847955 ], [ 126170.69012212830421, 481895.862448967993259 ], [ 126203.842579401374678, 481835.896960049751215 ], [ 126205.434651461953763, 481832.994762613496277 ], [ 126207.006856283216621, 481830.192821070901118 ], [ 126207.370398742263205, 481829.40071301755961 ], [ 126207.571293811604846, 481828.776451803511009 ], [ 126207.704338113835547, 481828.208218968298752 ], [ 126207.802970940785599, 481827.584553467575461 ], [ 126207.935561618782231, 481826.93843691109214 ], [ 126208.130222677908023, 481826.414351659768727 ], [ 126208.386630067281658, 481825.956666481099091 ], [ 126208.697512629209086, 481825.487537372740917 ], [ 126209.124681480083382, 481825.084490674664266 ], [ 126209.613078221169417, 481824.658834122878034 ], [ 126210.074399493838428, 481824.266715196543373 ], [ 126210.494232618628303, 481823.774698355235159 ], [ 126210.852837983955396, 481823.305291421303991 ], [ 126218.833840583291021, 481808.81645463249879 ] ] ] ] } },
{ "type": "Feature", "properties": { "source_id": "parks_262", "name": null, "category": "park", "subtype": "park", "source": "osm", "acquired_at": "2026-08-12T17:41:01.510895+00:00", "area_sqm": 76.283263738996965 }, "geometry": { "type": "MultiPolygon", "coordinates": [ [ [ [ 122034.575450467789778, 484161.839993873960339 ], [ 122030.476076773789828, 484162.290170837601181 ], [ 122027.426566895854194, 484163.823764013010077 ], [ 122025.286718969291542, 484166.875650551752187 ], [ 122025.553795684623765, 484170.134004340856336 ], [ 122027.105054106083116, 484172.827448168187402 ], [ 122030.931605260091601, 484175.405564375163522 ], [ 122034.575450467789778, 484161.839993873960339 ] ] ] ] } },
{ "type": "Feature", "properties": { "source_id": "parks_263", "name": "Postzegelpark", "category": "park", "subtype": "park", "source": "osm", "acquired_at": "2026-08-12T17:41:01.510895+00:00", "area_sqm": 2344.9779614252143 }, "geometry": { "type": "MultiPolygon", "coordinates": [ [ [ [ 121147.939160549562075, 487091.613285009225365 ], [ 121151.3198044798919, 487091.000377480580937 ], [ 121153.556080600537825, 487091.352226561342832 ], [ 121156.908050558238756, 487093.510098371945787 ], [ 121170.80432245261909, 487108.814354325644672 ], [ 121182.236743536486756, 487124.358066944580059 ], [ 121186.660365795949474, 487130.84807700564852 ], [ 121192.088747338944813, 487142.838985797192436 ], [ 121194.336491774825845, 487150.834902099682949 ], [ 121195.305217443223228, 487159.028735691681504 ], [ 121195.344235610304167, 487164.72540203522658 ], [ 121195.058452838740777, 487169.734430051932577 ], [ 121193.064211947959848, 487178.860958366713021 ], [ 121191.677355624298798, 487183.198792726616375 ], [ 121188.987406072119484, 487190.182611682801507 ], [ 121186.866006961994572, 487193.668714220344555 ], [ 121183.505961716320598, 487196.284285337780602 ], [ 121180.123175294807879, 487196.574508311226964 ], [ 121176.281925545627018, 487195.554910245642532 ], [ 121172.700571528766886, 487192.708734614832792 ], [ 121170.711198368095211, 487188.627698639407754 ], [ 121169.872690470569069, 487179.565084251575172 ], [ 121167.839511540456442, 487163.133574956329539 ], [ 121166.103155206219526, 487156.224593254504725 ], [ 121161.546648687624838, 487137.306850252731238 ], [ 121160.733720909775002, 487126.018697980849538 ], [ 121150.12570776983921, 487103.581876845797524 ], [ 121146.537607171703712, 487092.813468206848484 ], [ 121147.939160549562075, 487091.613285009225365 ] ] ] ] } },
{ "type": "Feature", "properties": { "source_id": "parks_264", "name": null, "category": "park", "subtype": "park", "source": "osm", "acquired_at": "2026-08-12T17:41:01.510895+00:00", "area_sqm": 1118.6674333622486 }, "geometry": { "type": "MultiPolygon", "coordinates": [ [ [ [ 116730.623431230837014, 485932.396872081269976 ], [ 116740.222191582754022, 485932.433743798465002 ], [ 116747.968386803258909, 485932.518368502845988 ], [ 116753.323449677147437, 485932.599275298241992 ], [ 116753.792236017237883, 485881.434192985354457 ], [ 116739.111683562980033, 485881.436674448021222 ], [ 116735.048417416488519, 485883.671290515048895 ], [ 116732.689084670797456, 485887.773147005820647 ], [ 116731.520459703693632, 485891.687744592491072 ], [ 116730.623431230837014, 485932.396872081269976 ] ] ] ] } },
{ "type": "Feature", "properties": { "source_id": "parks_265", "name": null, "category": "park", "subtype": "park", "source": "osm", "acquired_at": "2026-08-12T17:41:01.510895+00:00", "area_sqm": 20.544371983145524 }, "geometry": { "type": "MultiPolygon", "coordinates": [ [ [ [ 120812.556952900253236, 486751.953118247445673 ], [ 120828.162626825389452, 486751.199700321012642 ], [ 120828.267296973295743, 486752.545321206387598 ], [ 120812.688407744717551, 486753.23179239302408 ], [ 120812.556952900253236, 486751.953118247445673 ] ] ] ] } },
{ "type": "Feature", "properties": { "source_id": "parks_266", "name": "Tagorepark", "category": "park", "subtype": "park", "source": "osm", "acquired_at": "2026-08-12T17:41:01.510895+00:00", "area_sqm": 43871.773057346029 }, "geometry": { "type": "MultiPolygon", "coordinates": [ [ [ [ 130412.33655151745188, 485218.530763472896069 ], [ 130493.755364963813918, 485051.794200060423464 ], [ 130700.99130510170653, 485142.976547944359481 ], [ 130607.705766593164299, 485323.476284855336417 ], [ 130589.4484083140851, 485314.030978044029325 ], [ 130422.369299814177793, 485227.560150375065859 ], [ 130412.33655151745188, 485218.530763472896069 ] ] ] ] } },
{ "type": "Feature", "properties": { "source_id": "parks_267", "name": null, "category": "park", "subtype": "park", "source": "osm", "acquired_at": "2026-08-12T17:41:01.510895+00:00", "area_sqm": 2615.4085156878514 }, "geometry": { "type": "MultiPolygon", "coordinates": [ [ [ [ 119511.221222402964486, 483342.257109628990293 ], [ 119514.138143789954484, 483348.867718415160198 ], [ 119541.873405833437573, 483411.813060352578759 ], [ 119543.972704464671551, 483416.57138271961594 ], [ 119563.074642373409006, 483417.190947961586062 ], [ 119563.0420804132591, 483412.651454834209289 ], [ 119563.017100288416259, 483409.168951555038802 ], [ 119562.626996042585233, 483354.784046870423481 ], [ 119562.594992868718691, 483350.322437696682755 ], [ 119562.539047192025464, 483342.522966380347498 ], [ 119511.221222402964486, 483342.257109628990293 ] ] ] ] } }
]
}
