{
"type": "FeatureCollection",
"name": "parks_wgs84",
"crs": { "type": "name", "properties": { "name": "urn:ogc:def:crs:OGC:1.3:CRS84" } },
"features": [
{ "type": "Feature", "properties": { "element": "relation", "id": 7350368, "addr:street": null, "leisure": "park", "name": "Gijsbrecht van Aemstelpark", "note": null, "sport": null, "wikipedia": "nl:Gijsbrecht van Aemstelpark", "access": null, "tourism": null, "website": null, "wikidata": "Q1883754", "start_date": null, "wikimedia_commons": "Category:Gijsbrecht van Aemstelpark", "area": null, "name:nl": null, "name:ru": null, "alt_name": null, "surface": null, "old_name": null, "name:etymology:wikidata": null, "wheelchair": null, "layer": null, "name:de": null, "name:en": null, "name:ko": null, "name:zh": null, "source": null, "landuse": null, "barrier": null, "fence_type": null, "leaf_type": null, "description": null, "opening_hours": "24/7", "addr:city": null, "not": null, "bicycle": null, "foot": null, "motor_vehicle": null, "operator": null, "fee": null, "lit": null, "architect": "Wim Boer", "ref:bag": null, "addr:postcode": null, "smoking": null, "garden:type": null, "check_date": null, "construction": null, "survey:date": null, "type": "multipolygon", "heritage": "2", "heritage:operator": "rce", "ref:rce": "532136", "bbq": null, "name:uk": null, "name:zh-Hans": null }, "geometry": { "type": "MultiPolygon", "coordinates": [ [ [ [ 4.869265701204604, 52.32930780411629 ], [ 4.869182801204535, 52.329651004116521 ], [ 4.870255301205608, 52.329650304116548 ], [ 4.870260501205609, 52.329556104116506 ], [ 4.871737201207086, 52.329554104116468 ], [ 4.873171501208518, 52.329566004116487 ], [ 4.874263601209612, 52.329571604116481 ], [ 4.874279701209629, 52.329571704116489 ], [ 4.875421201210766, 52.329571304116428 ], [ 4.875491301210839, 52.329589604116478 ], [ 4.875642501210986, 52.329507304116404 ], [ 4.877297801212642, 52.329524404116412 ], [ 4.879270501214613, 52.329524304116426 ], [ 4.879268301214601, 52.32932350411631 ], [ 4.879265001214554, 52.328405504115764 ], [ 4.879264201214543, 52.328188704115661 ], [ 4.87926400121454, 52.32813290411562 ], [ 4.878795701214068, 52.328087904115591 ], [ 4.878276201213548, 52.328038004115548 ], [ 4.878172001213443, 52.328028004115559 ], [ 4.878114701213388, 52.328022504115545 ], [ 4.876398901211672, 52.328004904115538 ], [ 4.876030401211302, 52.328008604115539 ], [ 4.874565601209838, 52.327985404115495 ], [ 4.872514901207788, 52.327970604115528 ], [ 4.87137800120665, 52.327962904115523 ], [ 4.869387901204662, 52.327949504115551 ], [ 4.869377701204655, 52.328030804115578 ], [ 4.869219801204496, 52.328029204115573 ], [ 4.869265701204604, 52.32930780411629 ] ] ], [ [ [ 4.881000101216346, 52.329591504116479 ], [ 4.882787801218134, 52.329601204116457 ], [ 4.887889301223233, 52.329601204116486 ], [ 4.887943001223297, 52.329843804116592 ], [ 4.889276601224629, 52.329855104116575 ], [ 4.889284101224591, 52.328893104116034 ], [ 4.88840430122371, 52.328879904116036 ], [ 4.886505301221781, 52.328204604115648 ], [ 4.886204901221482, 52.328198004115627 ], [ 4.885137401220413, 52.328201304115609 ], [ 4.882766301218043, 52.328184904115631 ], [ 4.879671001214948, 52.328175104115608 ], [ 4.879692901214993, 52.328623904115865 ], [ 4.879661301214961, 52.328666004115924 ], [ 4.879644201214984, 52.329525804116429 ], [ 4.880985301216326, 52.329525804116443 ], [ 4.881000101216346, 52.329591504116479 ] ] ], [ [ [ 4.861970601197292, 52.328884104116071 ], [ 4.86194650119729, 52.329370904116402 ], [ 4.861938501197328, 52.330291104116938 ], [ 4.862529101197919, 52.330292104116928 ], [ 4.862528501197922, 52.330380604117003 ], [ 4.868491101203881, 52.330364204116925 ], [ 4.868513601203833, 52.328863304116069 ], [ 4.866075901201394, 52.328883704116116 ], [ 4.861970601197292, 52.328884104116071 ] ] ], [ [ [ 4.861673401197033, 52.329640504116554 ], [ 4.861536401196893, 52.329641504116559 ], [ 4.858415101193775, 52.329658504116559 ], [ 4.858383701193744, 52.329660004116555 ], [ 4.858352801193712, 52.329660204116571 ], [ 4.858344101193728, 52.330112104116836 ], [ 4.858299201193683, 52.330111704116838 ], [ 4.857703701193086, 52.330106004116843 ], [ 4.857702501193088, 52.330165004116871 ], [ 4.857694901193093, 52.330420204117011 ], [ 4.86168520119708, 52.330409004117008 ], [ 4.861673401197033, 52.329640504116554 ] ] ] ] } },
{ "type": "Feature", "properties": { "element": "relation", "id": 14035050, "addr:street": null, "leisure": "park", "name": "Rembrandtpark", "note": null, "sport": null, "wikipedia": "nl:Rembrandtpark", "access": null, "tourism": null, "website": null, "wikidata": "Q3460619", "start_date": null, "wikimedia_commons": "Category:Rembrandtpark", "area": null, "name:nl": null, "name:ru": null, "alt_name": null, "surface": null, "old_name": null, "name:etymology:wikidata": null, "wheelchair": null, "layer": null, "name:de": null, "name:en": null, "name:ko": null, "name:zh": null, "source": null, "landuse": null, "barrier": null, "fence_type": null, "leaf_type": null, "description": null, "opening_hours": null, "addr:city": null, "not": null, "bicycle": null, "foot": null, "motor_vehicle": null, "operator": null, "fee": null, "lit": null, "architect": null, "ref:bag": null, "addr:postcode": null, "smoking": null, "garden:type": null, "check_date": null, "construction": null, "survey:date": null, "type": "multipolygon", "heritage": null, "heritage:operator": null, "ref:rce": null, "bbq": null, "name:uk": null, "name:zh-Hans": null }, "geometry": { "type": "MultiPolygon", "coordinates": [ [ [ [ 4.847792301184438, 52.356062604132212 ], [ 4.847807601184454, 52.356080804132247 ], [ 4.847812401184459, 52.356095204132259 ], [ 4.847810801184462, 52.35614460413229 ], [ 4.847805801184458, 52.356188104132251 ], [ 4.847803801184461, 52.356239804132343 ], [ 4.847813101184469, 52.35629130413237 ], [ 4.847872701184537, 52.356449404132469 ], [ 4.84791900118459, 52.356597404132586 ], [ 4.847948401184627, 52.356752504132643 ], [ 4.847961701184646, 52.356843804132701 ], [ 4.847960501184646, 52.356878404132715 ], [ 4.848059001184758, 52.357102404132853 ], [ 4.848248601184966, 52.357511304133084 ], [ 4.848266501184987, 52.357613204133145 ], [ 4.848270901185002, 52.357828004133268 ], [ 4.848670301185402, 52.357830004133262 ], [ 4.848702001185352, 52.356174404132311 ], [ 4.848707201185336, 52.355770904132058 ], [ 4.848699801185331, 52.355741904132032 ], [ 4.848683601185312, 52.355714304132064 ], [ 4.848659301185286, 52.35568900413201 ], [ 4.848627801185255, 52.355666904132008 ], [ 4.848590001185214, 52.355648804132016 ], [ 4.848547401185173, 52.355635304132001 ], [ 4.848501401185126, 52.355626904131967 ], [ 4.848453701185079, 52.355623904131967 ], [ 4.847648301184272, 52.355619404131978 ], [ 4.847645901184281, 52.355816204132068 ], [ 4.847701001184338, 52.355863704132112 ], [ 4.847733801184374, 52.355899004132141 ], [ 4.847764301184404, 52.355941404132139 ], [ 4.847792301184438, 52.356062604132212 ] ] ], [ [ [ 4.848684001185953, 52.368923004139823 ], [ 4.849748001186902, 52.366605004138449 ], [ 4.850336001187432, 52.365379004137736 ], [ 4.85034600118744, 52.365348004137736 ], [ 4.850329001187422, 52.365346004137699 ], [ 4.850363001187453, 52.365267004137671 ], [ 4.850440001187529, 52.365264004137693 ], [ 4.850487001187536, 52.364384004137186 ], [ 4.849906001186953, 52.364375004137145 ], [ 4.849952001186987, 52.364115004136991 ], [ 4.849990001187024, 52.364116004136982 ], [ 4.850103001187135, 52.364085004136989 ], [ 4.85057800118761, 52.364078004136964 ], [ 4.850583001187605, 52.363895004136864 ], [ 4.850637001187658, 52.363798004136825 ], [ 4.850613001187631, 52.363777004136786 ], [ 4.850389001187406, 52.363775004136784 ], [ 4.850387001187407, 52.363808004136793 ], [ 4.850206001187225, 52.363806004136819 ], [ 4.85014000118716, 52.363839004136828 ], [ 4.85005800118708, 52.363852004136852 ], [ 4.84938800118641, 52.363842004136821 ], [ 4.84926800118629, 52.363814004136835 ], [ 4.849204001186221, 52.363744004136777 ], [ 4.849285001186184, 52.361320004135358 ], [ 4.849218001186114, 52.361257004135304 ], [ 4.848576001185466, 52.361059004135193 ], [ 4.84866400118541, 52.358158004133493 ], [ 4.845905001182654, 52.358146004133424 ], [ 4.844222001180973, 52.358162004133483 ], [ 4.844215001180972, 52.358290004133579 ], [ 4.844183001180946, 52.358377004133601 ], [ 4.843736001180523, 52.358896004133946 ], [ 4.844508001181308, 52.359146004134075 ], [ 4.844504001181315, 52.359415004134213 ], [ 4.845003001181816, 52.359420004134236 ], [ 4.844995001181822, 52.359719004134405 ], [ 4.844660001181486, 52.35971400413441 ], [ 4.844646001181496, 52.36016900413469 ], [ 4.843347001180198, 52.360155004134675 ], [ 4.843331001180189, 52.360301004134733 ], [ 4.843885001180744, 52.360312004134748 ], [ 4.844053001180908, 52.360326004134755 ], [ 4.844764001181627, 52.360459004134832 ], [ 4.844751001181631, 52.360828004135058 ], [ 4.843645001180525, 52.360817004135029 ], [ 4.843635001180534, 52.361211004135299 ], [ 4.843191001180091, 52.361206004135283 ], [ 4.843157001180058, 52.361225004135314 ], [ 4.843140001180063, 52.361686004135571 ], [ 4.84316500118009, 52.36170600413557 ], [ 4.84382700118075, 52.361717004135571 ], [ 4.843832001180754, 52.361666004135579 ], [ 4.843887001180809, 52.361667004135541 ], [ 4.843890001180807, 52.361577004135519 ], [ 4.843927001180842, 52.361573004135479 ], [ 4.843929001180846, 52.361541004135468 ], [ 4.844422001181337, 52.361544004135489 ], [ 4.84441900118134, 52.361650004135541 ], [ 4.844476001181397, 52.36164900413555 ], [ 4.844467001181399, 52.361888004135693 ], [ 4.843869001180802, 52.361880004135678 ], [ 4.843862001180806, 52.362098004135831 ], [ 4.843163001180106, 52.362093004135808 ], [ 4.843136001180083, 52.362103004135811 ], [ 4.843127001180076, 52.362144004135835 ], [ 4.843163001180111, 52.362168004135853 ], [ 4.843607001180555, 52.362174004135866 ], [ 4.843591001180556, 52.362522004136089 ], [ 4.843147001180112, 52.362518004136057 ], [ 4.843118001180083, 52.362534004136066 ], [ 4.843105001180096, 52.363007004136357 ], [ 4.843122001180115, 52.363107004136367 ], [ 4.843671001180667, 52.363188004136497 ], [ 4.843673001180661, 52.363026004136366 ], [ 4.843790001180779, 52.363029004136372 ], [ 4.843788001180775, 52.362976004136364 ], [ 4.843851001180837, 52.362976004136293 ], [ 4.843853001180835, 52.362886004136264 ], [ 4.844386001181366, 52.362892004136263 ], [ 4.844384001181369, 52.362982004136327 ], [ 4.844447001181432, 52.362981004136323 ], [ 4.844442001181441, 52.363221004136491 ], [ 4.844275001181274, 52.363260004136507 ], [ 4.844253001181273, 52.363673004136729 ], [ 4.844306001181339, 52.363948004136908 ], [ 4.844487001181525, 52.364050004136956 ], [ 4.844474001181521, 52.364274004137087 ], [ 4.844293001181347, 52.364375004137166 ], [ 4.844280001181336, 52.364464004137155 ], [ 4.84419900118126, 52.364550004137229 ], [ 4.844119001181184, 52.364598004137292 ], [ 4.844007001181073, 52.36463500413732 ], [ 4.844021001181087, 52.364673004137337 ], [ 4.844328001181396, 52.364676004137344 ], [ 4.84430700118142, 52.365549004137812 ], [ 4.843574001180687, 52.365542004137836 ], [ 4.843563001180683, 52.365704004137989 ], [ 4.84307200118019, 52.365697004137928 ], [ 4.843068001180202, 52.366019004138117 ], [ 4.844289001181423, 52.366026004138128 ], [ 4.844264001181436, 52.366861004138606 ], [ 4.84353300118071, 52.366855004138628 ], [ 4.843525001180708, 52.367021004138714 ], [ 4.84303500118022, 52.367013004138727 ], [ 4.843021001180229, 52.367531004138989 ], [ 4.843081001180292, 52.367596004139074 ], [ 4.843248001180463, 52.36764100413906 ], [ 4.844754001181966, 52.367663004139089 ], [ 4.844973001182186, 52.367705004139111 ], [ 4.845138001182355, 52.367782004139173 ], [ 4.845217001182443, 52.367874004139217 ], [ 4.845253001182481, 52.367977004139306 ], [ 4.8452320011825, 52.368807004139768 ], [ 4.845276001182561, 52.369178004139975 ], [ 4.846126001183412, 52.369243004140017 ], [ 4.847058001184349, 52.369340004140078 ], [ 4.848439001185739, 52.369561004140202 ], [ 4.848724001185994, 52.368967004139868 ], [ 4.848684001185953, 52.368923004139823 ] ] ] ] } },
{ "type": "Feature", "properties": { "element": "relation", "id": 17080648, "addr:street": null, "leisure": "park", "name": "Vondelpark", "note": null, "sport": null, "wikipedia": "nl:Vondelpark", "access": null, "tourism": null, "website": null, "wikidata": "Q1419691", "start_date": null, "wikimedia_commons": "Category:Vondelpark", "area": null, "name:nl": "Vondelpark", "name:ru": null, "alt_name": null, "surface": null, "old_name": null, "name:etymology:wikidata": null, "wheelchair": null, "layer": null, "name:de": "Vondelpark", "name:en": null, "name:ko": null, "name:zh": "馮德爾公園", "source": null, "landuse": null, "barrier": null, "fence_type": null, "leaf_type": null, "description": null, "opening_hours": null, "addr:city": null, "not": null, "bicycle": null, "foot": null, "motor_vehicle": null, "operator": null, "fee": "no", "lit": null, "architect": null, "ref:bag": null, "addr:postcode": null, "smoking": null, "garden:type": null, "check_date": null, "construction": null, "survey:date": null, "type": "multipolygon", "heritage": null, "heritage:operator": null, "ref:rce": null, "bbq": "no", "name:uk": "Вонделпарк", "name:zh-Hans": "冯德尔公园" }, "geometry": { "type": "MultiPolygon", "coordinates": [ [ [ [ 4.858944801195644, 52.357405404133004 ], [ 4.859784401196492, 52.357611004133126 ], [ 4.860664601197382, 52.357837704133274 ], [ 4.861823801198557, 52.358136304133431 ], [ 4.861813101198545, 52.358153904133452 ], [ 4.862248401198986, 52.35826310413352 ], [ 4.862257301198994, 52.358249804133521 ], [ 4.862903301199649, 52.358411704133601 ], [ 4.86390460120066, 52.358632204133706 ], [ 4.864483401201245, 52.358775904133843 ], [ 4.864342101201115, 52.358993504133899 ], [ 4.864695601201471, 52.359111204134017 ], [ 4.864525901201313, 52.359307004134095 ], [ 4.864861401201651, 52.359409704134166 ], [ 4.864899201201687, 52.35935110413412 ], [ 4.865074301201862, 52.359391704134183 ], [ 4.86519910120198, 52.359186404134043 ], [ 4.865372801202142, 52.358988304133938 ], [ 4.865493401202261, 52.35901570413391 ], [ 4.865588101202357, 52.358945404133905 ], [ 4.865663001202427, 52.358915004133891 ], [ 4.86575980120253, 52.358998804133947 ], [ 4.865833901202602, 52.358967404133928 ], [ 4.86587080120264, 52.359000004133975 ], [ 4.865810301202584, 52.35909550413399 ], [ 4.866474001203255, 52.359254504134114 ], [ 4.866881501203666, 52.359352004134124 ], [ 4.868152401204949, 52.3596431041343 ], [ 4.868646501205449, 52.359768904134384 ], [ 4.869268601206079, 52.359937004134487 ], [ 4.869955501206774, 52.360125404134592 ], [ 4.870061301206873, 52.359983204134501 ], [ 4.871247801208075, 52.3602842041347 ], [ 4.871303301208128, 52.360202004134671 ], [ 4.871477101208301, 52.360247504134662 ], [ 4.871446801208272, 52.360302804134712 ], [ 4.871277301208114, 52.360541104134846 ], [ 4.871391201208231, 52.360569104134868 ], [ 4.871541801208371, 52.360356104134731 ], [ 4.871700301208528, 52.360341704134711 ], [ 4.871779501208607, 52.360342904134725 ], [ 4.871917101208746, 52.360360704134706 ], [ 4.872181701209011, 52.360408904134779 ], [ 4.872574801209412, 52.360507204134819 ], [ 4.873017501209858, 52.360646104134865 ], [ 4.873313301210159, 52.360748604134947 ], [ 4.873432401210279, 52.360736504134955 ], [ 4.873563001210408, 52.360739804134951 ], [ 4.873696301210543, 52.360764604134978 ], [ 4.873728501210574, 52.360784404134947 ], [ 4.873790001210639, 52.360807604134976 ], [ 4.873818801210669, 52.360835304135023 ], [ 4.8738475012107, 52.360894704135021 ], [ 4.873849401210702, 52.360940104135061 ], [ 4.873850901210706, 52.360981004135091 ], [ 4.874017801210875, 52.361021304135107 ], [ 4.874004201210865, 52.361054504135105 ], [ 4.874054101210915, 52.361056504135099 ], [ 4.874184601211053, 52.361191904135218 ], [ 4.874222901211092, 52.361179404135193 ], [ 4.874246201211113, 52.361202904135247 ], [ 4.874324301211188, 52.361177204135203 ], [ 4.874340201211205, 52.361194304135182 ], [ 4.874411101211275, 52.361160504135192 ], [ 4.874385101211248, 52.361119904135172 ], [ 4.874405801211268, 52.361112804135175 ], [ 4.874436201211297, 52.361144404135153 ], [ 4.874555701211418, 52.361099104135178 ], [ 4.874754801211624, 52.361272504135215 ], [ 4.874994901211861, 52.361199904135205 ], [ 4.8750325012119, 52.361245904135231 ], [ 4.875288901212153, 52.361162504135201 ], [ 4.875271601212132, 52.361139904135172 ], [ 4.875346701212208, 52.361117804135176 ], [ 4.875381801212244, 52.361134104135182 ], [ 4.875414101212276, 52.361127104135178 ], [ 4.875463701212323, 52.361028404135126 ], [ 4.87561260121247, 52.360975104135079 ], [ 4.875622801212478, 52.360985104135089 ], [ 4.875662601212516, 52.360971804135112 ], [ 4.875652401212504, 52.360960904135077 ], [ 4.875701001212554, 52.360948604135075 ], [ 4.875614401212463, 52.360820604135007 ], [ 4.875737701212584, 52.360789104134994 ], [ 4.875826901212671, 52.360769504134986 ], [ 4.87587020121271, 52.360716204134924 ], [ 4.87618500121303, 52.360806504134978 ], [ 4.876260401213103, 52.360738304134983 ], [ 4.876497301213342, 52.360799404134958 ], [ 4.876507301213353, 52.360785104134976 ], [ 4.876506001213351, 52.360775904134975 ], [ 4.876543201213384, 52.360732004134924 ], [ 4.876543301213384, 52.360723004134933 ], [ 4.876567401213408, 52.360698104134933 ], [ 4.876557101213398, 52.360680704134943 ], [ 4.876594101213431, 52.360625704134897 ], [ 4.876621401213457, 52.360617404134864 ], [ 4.876634201213467, 52.360580704134847 ], [ 4.876953401213789, 52.360659804134869 ], [ 4.876933801213772, 52.360689004134905 ], [ 4.877036801213877, 52.360714404134924 ], [ 4.877021501213863, 52.360737904134915 ], [ 4.876985201213826, 52.360735304134948 ], [ 4.876969001213813, 52.36076000413496 ], [ 4.876949401213794, 52.360767904134946 ], [ 4.87691660121376, 52.360773804134965 ], [ 4.876889101213729, 52.360767104134936 ], [ 4.876766801213617, 52.360944204135038 ], [ 4.876821001213672, 52.360959704135063 ], [ 4.876831101213685, 52.360971404135086 ], [ 4.877156001214014, 52.361059104135151 ], [ 4.877198301214055, 52.361081704135138 ], [ 4.877359501214205, 52.360863104135007 ], [ 4.877389201214235, 52.360871004135028 ], [ 4.877454201214297, 52.360780804134954 ], [ 4.878587501215446, 52.361093004135149 ], [ 4.880603301217485, 52.361631704135448 ], [ 4.881302701218193, 52.361829904135583 ], [ 4.881347501218238, 52.361811304135571 ], [ 4.881695401218578, 52.361691504135493 ], [ 4.881770501218651, 52.361664804135472 ], [ 4.882111001218985, 52.361547604135396 ], [ 4.882127301219001, 52.361537804135409 ], [ 4.882142101219015, 52.361520804135409 ], [ 4.882145301219018, 52.361501004135356 ], [ 4.882139601219012, 52.361487504135361 ], [ 4.882104601218973, 52.361461304135325 ], [ 4.880734701217589, 52.361097804135149 ], [ 4.880335101217188, 52.360995404135082 ], [ 4.880360401217207, 52.360958704135037 ], [ 4.877866301214686, 52.360309904134674 ], [ 4.877553001214368, 52.360234804134635 ], [ 4.877545401214364, 52.360262604134647 ], [ 4.877533401214351, 52.360279704134676 ], [ 4.877503701214323, 52.360314604134686 ], [ 4.877463701214285, 52.360345004134693 ], [ 4.877457901214278, 52.36033960413468 ], [ 4.877425401214248, 52.360353804134704 ], [ 4.877369401214191, 52.360370604134715 ], [ 4.877281201214106, 52.360382804134723 ], [ 4.877210801214036, 52.360380704134741 ], [ 4.877152101213976, 52.360371104134749 ], [ 4.877113401213941, 52.360419004134748 ], [ 4.876814801213638, 52.36034490413472 ], [ 4.876858101213678, 52.360280404134642 ], [ 4.87684220121366, 52.36025780413464 ], [ 4.87679220121361, 52.360271104134668 ], [ 4.876744001213562, 52.360243904134656 ], [ 4.876719301213537, 52.360224904134625 ], [ 4.876690301213506, 52.360191604134599 ], [ 4.876676001213491, 52.360165404134598 ], [ 4.876656201213467, 52.360098804134573 ], [ 4.876718701213526, 52.360018204134519 ], [ 4.876718901213525, 52.360006504134496 ], [ 4.876489501213293, 52.359909404134463 ], [ 4.875774201212567, 52.359690604134329 ], [ 4.875975701212753, 52.359401204134151 ], [ 4.875252701212022, 52.359212004134044 ], [ 4.875242201212012, 52.359226304134069 ], [ 4.875079801211847, 52.359183404134036 ], [ 4.87528410121204, 52.358901204133872 ], [ 4.875326901212078, 52.358882504133852 ], [ 4.875334601212088, 52.358854704133833 ], [ 4.875385401212134, 52.358780304133788 ], [ 4.875001901211746, 52.35867890413374 ], [ 4.875151101211886, 52.358472804133598 ], [ 4.87369050121041, 52.358088104133351 ], [ 4.873611501210329, 52.358061704133391 ], [ 4.873501901210216, 52.35801810413335 ], [ 4.873326401210037, 52.357962504133305 ], [ 4.87312880120984, 52.357916704133295 ], [ 4.872810801209518, 52.357869504133248 ], [ 4.872737601209446, 52.357855704133236 ], [ 4.872668701209376, 52.357841904133245 ], [ 4.872532601209238, 52.357806304133227 ], [ 4.872414201209115, 52.357763504133196 ], [ 4.872341201209043, 52.357729904133173 ], [ 4.872266901208966, 52.357683804133117 ], [ 4.872226201208923, 52.35764850413311 ], [ 4.872071701208771, 52.357675704133143 ], [ 4.872048101208749, 52.357686404133169 ], [ 4.872011001208711, 52.357718604133161 ], [ 4.871679801208376, 52.357631804133085 ], [ 4.871695401208392, 52.357598504133065 ], [ 4.871693501208388, 52.357575704133062 ], [ 4.87169440120839, 52.357558204133063 ], [ 4.871624701208317, 52.357488704133011 ], [ 4.871573301208265, 52.357492904133046 ], [ 4.871428001208117, 52.357486904133054 ], [ 4.871334201208025, 52.357474804133041 ], [ 4.87125810120795, 52.357459204133001 ], [ 4.871129301207819, 52.357422704133008 ], [ 4.870988901207675, 52.357376204132926 ], [ 4.870594301207274, 52.357231604132892 ], [ 4.870342601207019, 52.35716310413283 ], [ 4.870255001206937, 52.357251704132878 ], [ 4.869965501206642, 52.357149804132817 ], [ 4.8700264012067, 52.35708530413276 ], [ 4.869746701206417, 52.357030204132769 ], [ 4.86954320120621, 52.356981704132721 ], [ 4.869320801205986, 52.356919604132706 ], [ 4.86904890120571, 52.356825804132669 ], [ 4.868742201205397, 52.356690604132545 ], [ 4.868393001205042, 52.356552404132479 ], [ 4.868309501204957, 52.356533204132482 ], [ 4.868204201204851, 52.356501304132443 ], [ 4.867863101204507, 52.356422504132368 ], [ 4.867829401204472, 52.356422304132437 ], [ 4.867783701204425, 52.35643290413244 ], [ 4.867758601204404, 52.356446304132419 ], [ 4.867742301204388, 52.356461504132419 ], [ 4.867566501204212, 52.356432904132404 ], [ 4.867565301204207, 52.356406804132412 ], [ 4.867556801204199, 52.356386104132397 ], [ 4.867533601204175, 52.356360804132379 ], [ 4.867511701204151, 52.356346404132353 ], [ 4.867460601204099, 52.35632730413235 ], [ 4.86719410120383, 52.356265904132314 ], [ 4.867135801203766, 52.356103804132218 ], [ 4.867258101203878, 52.355938104132129 ], [ 4.867036101203651, 52.355844604132081 ], [ 4.867023001203638, 52.355834604132063 ], [ 4.86701440120363, 52.355819304132041 ], [ 4.867022001203636, 52.355797804132045 ], [ 4.867084501203696, 52.355727004131978 ], [ 4.867259301203857, 52.355465404131834 ], [ 4.867374901203961, 52.355242104131698 ], [ 4.867347101203933, 52.355236604131683 ], [ 4.86733400120392, 52.355222104131713 ], [ 4.867280101203865, 52.355188604131676 ], [ 4.867246701203829, 52.35515790413168 ], [ 4.867196101203775, 52.355088504131636 ], [ 4.867085201203659, 52.354907404131524 ], [ 4.867018601203585, 52.354834304131479 ], [ 4.866974001203539, 52.35479980413146 ], [ 4.866958901203525, 52.354788204131452 ], [ 4.866903601203465, 52.354752904131416 ], [ 4.866861701203424, 52.354731704131446 ], [ 4.866856901203419, 52.354729304131411 ], [ 4.866770701203332, 52.354693904131359 ], [ 4.866710601203278, 52.354814004131434 ], [ 4.866679301203246, 52.354849004131495 ], [ 4.86666710120324, 52.354892904131503 ], [ 4.866624701203201, 52.354997904131544 ], [ 4.86660240120318, 52.355023004131581 ], [ 4.866558001203138, 52.355053304131594 ], [ 4.866504901203084, 52.355077404131613 ], [ 4.866431201203013, 52.35510130413163 ], [ 4.866362101202943, 52.355113604131631 ], [ 4.866285701202868, 52.355117804131645 ], [ 4.866102501202684, 52.355097204131631 ], [ 4.865901601202481, 52.355083704131616 ], [ 4.865775401202358, 52.355080504131621 ], [ 4.865574201202154, 52.355085904131613 ], [ 4.865422801202005, 52.355106804131644 ], [ 4.865240301201825, 52.355142804131688 ], [ 4.865059101201647, 52.355202204131707 ], [ 4.864845201201437, 52.355292104131749 ], [ 4.864665001201263, 52.35539020413183 ], [ 4.864408201201011, 52.355506804131892 ], [ 4.864198901200805, 52.355580404131921 ], [ 4.86402370120063, 52.35562550413195 ], [ 4.863670501200281, 52.355700304131965 ], [ 4.863532301200147, 52.355718604132008 ], [ 4.863077001199693, 52.355740004132016 ], [ 4.862727701199345, 52.355741104132022 ], [ 4.862583901199201, 52.355734204131991 ], [ 4.862352201198966, 52.355711604131969 ], [ 4.861921401198533, 52.355649504131975 ], [ 4.861916801198529, 52.355641804131956 ], [ 4.861902801198513, 52.355644204131977 ], [ 4.861749001198358, 52.355605404131943 ], [ 4.861751701198361, 52.355602004131931 ], [ 4.86174150119835, 52.355595604131921 ], [ 4.861685801198294, 52.355589104131916 ], [ 4.861536601198144, 52.355542604131898 ], [ 4.861333501197936, 52.355465304131862 ], [ 4.861116001197716, 52.355359204131794 ], [ 4.860995101197591, 52.355282304131748 ], [ 4.86087000119746, 52.355187304131697 ], [ 4.860594001197173, 52.354960504131554 ], [ 4.860446601197022, 52.35485110413147 ], [ 4.860193101196759, 52.354684304131403 ], [ 4.86005780119662, 52.354611204131366 ], [ 4.859936601196497, 52.354557704131338 ], [ 4.85973120119629, 52.354474104131263 ], [ 4.859345701195896, 52.354333204131166 ], [ 4.859295301195846, 52.354311704131177 ], [ 4.859190101195739, 52.354265804131153 ], [ 4.859098601195645, 52.354218304131138 ], [ 4.859051201195593, 52.354190104131106 ], [ 4.859019801195561, 52.354170404131089 ], [ 4.858990501195533, 52.354153404131068 ], [ 4.858904301195444, 52.354089204131036 ], [ 4.858825101195363, 52.354020604131009 ], [ 4.858803101195342, 52.353998804130995 ], [ 4.858797401195333, 52.354000504131001 ], [ 4.858765201195299, 52.353950604130965 ], [ 4.858715701195245, 52.353874804130918 ], [ 4.858657601195181, 52.353772704130833 ], [ 4.858629801195151, 52.353696004130803 ], [ 4.858622301195141, 52.35364670413076 ], [ 4.858631801195147, 52.35356810413073 ], [ 4.858641801195155, 52.353547004130746 ], [ 4.858718501195222, 52.353369604130606 ], [ 4.858742601195243, 52.35331830413061 ], [ 4.858802601195302, 52.353241804130519 ], [ 4.858879801195374, 52.353163904130476 ], [ 4.858989701195481, 52.353081604130459 ], [ 4.859043101195531, 52.353043004130434 ], [ 4.85908290119557, 52.353011004130444 ], [ 4.859176801195659, 52.35290590413036 ], [ 4.859178401195657, 52.352819204130292 ], [ 4.85913630119561, 52.352771804130249 ], [ 4.85914580119562, 52.352756804130273 ], [ 4.859105901195582, 52.352748304130245 ], [ 4.859114101195588, 52.352733904130233 ], [ 4.859077601195551, 52.352725804130266 ], [ 4.859081501195555, 52.352719004130229 ], [ 4.858998201195472, 52.352701304130235 ], [ 4.859011801195483, 52.352677204130224 ], [ 4.859036801195504, 52.352633204130157 ], [ 4.859046401195515, 52.352617904130177 ], [ 4.859026801195495, 52.352602604130162 ], [ 4.858909101195378, 52.352581904130155 ], [ 4.858902601195371, 52.352597904130178 ], [ 4.858779601195248, 52.352584104130194 ], [ 4.858655401195121, 52.352580504130145 ], [ 4.858477101194945, 52.352590904130153 ], [ 4.858474901194939, 52.352583204130177 ], [ 4.8584316011949, 52.352590104130179 ], [ 4.858445101194914, 52.352610904130159 ], [ 4.858464301194933, 52.352647304130222 ], [ 4.85830720119478, 52.352689404130217 ], [ 4.858197801194672, 52.352717604130234 ], [ 4.858199001194671, 52.352719604130229 ], [ 4.858173101194645, 52.352726404130244 ], [ 4.858175401194651, 52.352729004130239 ], [ 4.85815440119463, 52.352737304130237 ], [ 4.858135101194611, 52.352746004130275 ], [ 4.858110601194587, 52.352759804130244 ], [ 4.858088701194565, 52.35277710413029 ], [ 4.858112501194588, 52.352791804130298 ], [ 4.858128001194606, 52.352806804130282 ], [ 4.858138301194617, 52.352819804130284 ], [ 4.858146701194626, 52.352839004130296 ], [ 4.858151001194632, 52.352863504130291 ], [ 4.85814750119463, 52.352884404130371 ], [ 4.858133001194617, 52.352917504130367 ], [ 4.858096101194583, 52.352967004130385 ], [ 4.858031301194524, 52.353046104130414 ], [ 4.857975901194468, 52.353119604130463 ], [ 4.85795450119445, 52.353153604130505 ], [ 4.857936401194434, 52.353190904130543 ], [ 4.857918201194416, 52.353244304130556 ], [ 4.857906401194409, 52.353310104130564 ], [ 4.857903801194412, 52.353403504130654 ], [ 4.85791300119442, 52.353429804130641 ], [ 4.857917201194427, 52.353447404130648 ], [ 4.857927401194438, 52.35346960413068 ], [ 4.857975701194489, 52.353519704130747 ], [ 4.858106301194627, 52.353643004130745 ], [ 4.858154501194675, 52.353681704130814 ], [ 4.858167801194688, 52.353688904130792 ], [ 4.858362101194889, 52.353784304130876 ], [ 4.858485501195014, 52.353859004130932 ], [ 4.85853930119507, 52.35390140413093 ], [ 4.858572701195103, 52.353939304130947 ], [ 4.858607001195144, 52.353994104130983 ], [ 4.85863270119517, 52.354037304131026 ], [ 4.858655001195194, 52.354062604131073 ], [ 4.858675301195216, 52.354123504131081 ], [ 4.85867480119522, 52.354178204131088 ], [ 4.858666301195212, 52.35422400413114 ], [ 4.8586510011952, 52.354263804131129 ], [ 4.858636601195185, 52.354297404131167 ], [ 4.858619001195172, 52.354323704131168 ], [ 4.858593701195146, 52.354342104131199 ], [ 4.858558601195115, 52.354373804131221 ], [ 4.858525601195081, 52.354392804131251 ], [ 4.858497101195051, 52.354403204131238 ], [ 4.858426601194982, 52.354440604131263 ], [ 4.858353001194913, 52.354473404131262 ], [ 4.858292201194851, 52.354496404131289 ], [ 4.858218101194779, 52.354514704131269 ], [ 4.857938301194502, 52.354567104131327 ], [ 4.857893601194457, 52.354582304131341 ], [ 4.857757801194325, 52.354619204131382 ], [ 4.857720501194289, 52.354630804131396 ], [ 4.857618501194187, 52.354672504131372 ], [ 4.857544401194114, 52.354708504131409 ], [ 4.857512001194084, 52.354737004131415 ], [ 4.857495301194072, 52.354763404131425 ], [ 4.857496501194071, 52.354800104131485 ], [ 4.857505901194082, 52.354816204131474 ], [ 4.8575243011941, 52.354828604131491 ], [ 4.85755300119413, 52.354841804131475 ], [ 4.857592501194168, 52.354851304131515 ], [ 4.857619701194198, 52.354853104131543 ], [ 4.857607201194187, 52.354902804131513 ], [ 4.857485101194065, 52.354895004131542 ], [ 4.857317001193894, 52.354867204131494 ], [ 4.857083101193659, 52.354804904131456 ], [ 4.856963401193537, 52.354764104131469 ], [ 4.856957501193532, 52.354771504131442 ], [ 4.856949901193522, 52.354772104131456 ], [ 4.856939201193512, 52.354773004131445 ], [ 4.856929001193503, 52.354773804131433 ], [ 4.856909501193484, 52.354775404131452 ], [ 4.856913601193489, 52.35476090413146 ], [ 4.8567292011933, 52.354688904131429 ], [ 4.856588901193158, 52.354646104131376 ], [ 4.856564801193134, 52.354640504131396 ], [ 4.856436501193004, 52.354619304131369 ], [ 4.856309701192876, 52.354605504131328 ], [ 4.856214901192782, 52.354599904131355 ], [ 4.856160801192726, 52.354600104131336 ], [ 4.856040201192608, 52.354601404131344 ], [ 4.85595230119252, 52.354608004131343 ], [ 4.855898101192466, 52.354613304131355 ], [ 4.855863101192431, 52.354616704131359 ], [ 4.855838301192407, 52.354621804131376 ], [ 4.85579210119236, 52.354637804131364 ], [ 4.855765201192335, 52.354652104131389 ], [ 4.855734501192305, 52.354676104131407 ], [ 4.855720901192293, 52.354693004131441 ], [ 4.855709501192282, 52.354720704131452 ], [ 4.855707201192283, 52.354740704131451 ], [ 4.85571420119229, 52.354772804131464 ], [ 4.85573330119231, 52.354802004131471 ], [ 4.855765301192343, 52.354829004131503 ], [ 4.855789501192368, 52.354842204131494 ], [ 4.855803901192384, 52.354847704131508 ], [ 4.855801501192382, 52.35485150413151 ], [ 4.855787801192367, 52.354872704131544 ], [ 4.855748701192334, 52.354933304131549 ], [ 4.855708601192295, 52.354995504131573 ], [ 4.855697201192285, 52.355013204131595 ], [ 4.855693001192281, 52.355019004131584 ], [ 4.855679501192268, 52.355018404131613 ], [ 4.855668301192256, 52.355020904131564 ], [ 4.855661801192251, 52.355024504131592 ], [ 4.855656801192249, 52.355030604131599 ], [ 4.855561601192161, 52.355241004131734 ], [ 4.855185801191822, 52.355986904132209 ], [ 4.855018401191669, 52.356319004132359 ], [ 4.855032801191683, 52.356337004132392 ], [ 4.855045201191698, 52.35635250413241 ], [ 4.855054701191708, 52.356364404132428 ], [ 4.855062701191716, 52.356374504132397 ], [ 4.855091501191747, 52.356410504132391 ], [ 4.855662901192324, 52.356557404132509 ], [ 4.855661601192325, 52.356559304132517 ], [ 4.858944801195644, 52.357405404133004 ] ], [ [ 4.868908701205698, 52.35944210413421 ], [ 4.868865701205656, 52.359497004134205 ], [ 4.868509901205294, 52.359386704134124 ], [ 4.868564201205346, 52.35931840413415 ], [ 4.867905801204677, 52.35911350413398 ], [ 4.866473101203241, 52.359014504133953 ], [ 4.866522201203277, 52.358721704133764 ], [ 4.86709550120385, 52.358761404133787 ], [ 4.867106301203858, 52.358708904133756 ], [ 4.867705501204461, 52.358748804133782 ], [ 4.868131701204888, 52.358779104133795 ], [ 4.868146501204903, 52.358761704133805 ], [ 4.868267701205026, 52.358799304133811 ], [ 4.868310001205063, 52.358747404133773 ], [ 4.868386401205142, 52.358771404133797 ], [ 4.868433001205185, 52.358714404133721 ], [ 4.868474301205225, 52.358727204133771 ], [ 4.868484101205235, 52.358715404133783 ], [ 4.868725901205482, 52.35879020413379 ], [ 4.868785001205539, 52.358716404133752 ], [ 4.868868701205621, 52.358742904133798 ], [ 4.868729501205492, 52.358914004133844 ], [ 4.868814101205576, 52.358940004133885 ], [ 4.868822201205586, 52.358932004133869 ], [ 4.868856001205621, 52.358942504133879 ], [ 4.868867001205631, 52.358928704133881 ], [ 4.868921301205685, 52.358945404133891 ], [ 4.868909601205674, 52.358959504133914 ], [ 4.86944840120622, 52.359136404133992 ], [ 4.86943800120621, 52.359150104134031 ], [ 4.869541901206316, 52.359182204134008 ], [ 4.869552801206327, 52.359169904134021 ], [ 4.869668901206445, 52.35920730413406 ], [ 4.86966120120644, 52.359219004134054 ], [ 4.869700701206478, 52.359231304134056 ], [ 4.869761601206542, 52.359293804134118 ], [ 4.869484701206279, 52.359622104134289 ], [ 4.868908701205698, 52.35944210413421 ] ] ] ] } },
{ "type": "Feature", "properties": { "element": "relation", "id": 18350395, "addr:street": null, "leisure": "park", "name": "De Oeverlanden", "note": null, "sport": null, "wikipedia": null, "access": null, "tourism": null, "website": null, "wikidata": null, "start_date": null, "wikimedia_commons": null, "area": null, "name:nl": null, "name:ru": null, "alt_name": null, "surface": null, "old_name": null, "name:etymology:wikidata": null, "wheelchair": null, "layer": null, "name:de": null, "name:en": null, "name:ko": null, "name:zh": null, "source": null, "landuse": null, "barrier": null, "fence_type": null, "leaf_type": null, "description": null, "opening_hours": null, "addr:city": null, "not": null, "bicycle": null, "foot": null, "motor_vehicle": null, "operator": null, "fee": null, "lit": null, "architect": null, "ref:bag": null, "addr:postcode": null, "smoking": null, "garden:type": null, "check_date": null, "construction": null, "survey:date": null, "type": "multipolygon", "heritage": null, "heritage:operator": null, "ref:rce": null, "bbq": null, "name:uk": null, "name:zh-Hans": null }, "geometry": { "type": "MultiPolygon", "coordinates": [ [ [ [ 4.81109330114657, 52.331418604117687 ], [ 4.808020601143497, 52.331420504117716 ], [ 4.80739830114289, 52.331722104117901 ], [ 4.814766301150446, 52.335633404120166 ], [ 4.815704001151397, 52.335939004120362 ], [ 4.818131401153866, 52.336820704120882 ], [ 4.818674001154409, 52.336825504120888 ], [ 4.821593501157326, 52.336851204120933 ], [ 4.826404401162138, 52.336895804120928 ], [ 4.82718080116292, 52.337025004121003 ], [ 4.828128401163883, 52.337430104121204 ], [ 4.828511401164271, 52.337514304121285 ], [ 4.829043201164806, 52.337585904121326 ], [ 4.829248101165006, 52.337478104121246 ], [ 4.829809501165568, 52.337480404121266 ], [ 4.831280701167031, 52.337360204121154 ], [ 4.832207601167901, 52.336165104120482 ], [ 4.831971601167488, 52.332533104118284 ], [ 4.831910501167424, 52.332469504118286 ], [ 4.831776301167291, 52.332530204118321 ], [ 4.831263801166798, 52.332902404118528 ], [ 4.830229701165812, 52.333856404119096 ], [ 4.831752901167356, 52.334304804119355 ], [ 4.831577801167192, 52.33458730411953 ], [ 4.831049801166705, 52.335394104120041 ], [ 4.830052901165695, 52.335141404119859 ], [ 4.829719801165359, 52.335058004119794 ], [ 4.830248001165852, 52.33430110411939 ], [ 4.830180401165783, 52.334280804119366 ], [ 4.830096701165699, 52.334260604119358 ], [ 4.829542201165175, 52.334907504119755 ], [ 4.829052001164687, 52.334919604119712 ], [ 4.828658601164293, 52.334940404119763 ], [ 4.827999601163643, 52.335125004119845 ], [ 4.82424690115987, 52.33463110411958 ], [ 4.821371501157007, 52.334827704119682 ], [ 4.818710801154386, 52.335588204120178 ], [ 4.817959801153639, 52.335680004120199 ], [ 4.817165801152838, 52.335522604120122 ], [ 4.816779601152438, 52.335286604119972 ], [ 4.815320501150953, 52.334722804119629 ], [ 4.813818401149412, 52.333896804119135 ], [ 4.813947201149532, 52.333739504119023 ], [ 4.814612401150171, 52.333188704118726 ], [ 4.8140545011496, 52.332900304118532 ], [ 4.813260501148848, 52.333726304119082 ], [ 4.811479501147024, 52.332860904118533 ], [ 4.81109330114657, 52.331418604117687 ] ] ] ] } },
{ "type": "Feature", "properties": { "element": "relation", "id": 18910962, "addr:street": null, "leisure": "park", "name": null, "note": null, "sport": null, "wikipedia": null, "access": null, "tourism": null, "website": null, "wikidata": null, "start_date": null, "wikimedia_commons": null, "area": null, "name:nl": null, "name:ru": null, "alt_name": null, "surface": null, "old_name": null, "name:etymology:wikidata": null, "wheelchair": null, "layer": null, "name:de": null, "name:en": null, "name:ko": null, "name:zh": null, "source": "3dShapes", "landuse": null, "barrier": null, "fence_type": null, "leaf_type": null, "description": null, "opening_hours": null, "addr:city": null, "not": null, "bicycle": null, "foot": null, "motor_vehicle": null, "operator": null, "fee": null, "lit": null, "architect": null, "ref:bag": null, "addr:postcode": null, "smoking": null, "garden:type": null, "check_date": null, "construction": null, "survey:date": null, "type": "multipolygon", "heritage": null, "heritage:operator": null, "ref:rce": null, "bbq": null, "name:uk": null, "name:zh-Hans": null }, "geometry": { "type": "MultiPolygon", "coordinates": [ [ [ [ 4.918588001257397, 52.403208804159846 ], [ 4.918713801257532, 52.403382104159931 ], [ 4.919129601257974, 52.403973104160293 ], [ 4.919195101258043, 52.40405820416035 ], [ 4.919374801258235, 52.404312004160481 ], [ 4.919449101258311, 52.404340004160495 ], [ 4.919615201258477, 52.40431950416049 ], [ 4.919741501258597, 52.40426800416045 ], [ 4.919804501258658, 52.404194804160419 ], [ 4.919840601258687, 52.404094004160349 ], [ 4.919819101258666, 52.404043704160316 ], [ 4.91977500125862, 52.404002204160314 ], [ 4.919747501258589, 52.403955404160278 ], [ 4.919616301258457, 52.403871804160211 ], [ 4.919581801258417, 52.403812404160178 ], [ 4.919555701258389, 52.403752104160162 ], [ 4.919490901258314, 52.403570104160032 ], [ 4.919489901258315, 52.403563804160015 ], [ 4.919479801258302, 52.403499404160009 ], [ 4.919434501258255, 52.403435804159948 ], [ 4.919412601258229, 52.40340500415995 ], [ 4.91936460125818, 52.4033442041599 ], [ 4.919321201258133, 52.403310604159877 ], [ 4.919223701258034, 52.403210504159851 ], [ 4.919174801257983, 52.403165104159825 ], [ 4.919155101257961, 52.403162204159798 ], [ 4.919095901257903, 52.403171004159823 ], [ 4.918932501257744, 52.403221404159837 ], [ 4.918868301257678, 52.403239404159834 ], [ 4.918818901257628, 52.403242304159853 ], [ 4.918784401257592, 52.403236004159837 ], [ 4.918745101257555, 52.40322690415983 ], [ 4.918725601257534, 52.403205704159838 ], [ 4.918715001257522, 52.403187304159772 ], [ 4.918615601257424, 52.403207504159845 ], [ 4.918414701257209, 52.402914404159695 ], [ 4.918512001257308, 52.402897804159615 ], [ 4.918482801257275, 52.40285170415963 ], [ 4.918483001257278, 52.402827604159611 ], [ 4.918527601257318, 52.4028005041596 ], [ 4.918626801257413, 52.402758804159575 ], [ 4.918706101257491, 52.402717004159534 ], [ 4.918760801257545, 52.402674804159517 ], [ 4.918781601257562, 52.402563304159436 ], [ 4.918762101257538, 52.40255120415943 ], [ 4.918717801257496, 52.40254200415945 ], [ 4.918653701257433, 52.402538704159433 ], [ 4.918589501257367, 52.402547404159435 ], [ 4.918530201257311, 52.402559304159432 ], [ 4.918466001257247, 52.402568304159452 ], [ 4.91843150125721, 52.402568104159442 ], [ 4.918411801257192, 52.40255880415944 ], [ 4.918407001257184, 52.402543904159408 ], [ 4.918412201257191, 52.402525604159429 ], [ 4.918481801257257, 52.402477604159401 ], [ 4.918526501257299, 52.402438704159408 ], [ 4.918532001257301, 52.402381504159351 ], [ 4.918517801257284, 52.402339004159316 ], [ 4.91847380125724, 52.402299804159277 ], [ 4.918429501257194, 52.402290304159315 ], [ 4.918360501257126, 52.402290104159277 ], [ 4.918286301257053, 52.402304904159294 ], [ 4.918236801257005, 52.40232890415934 ], [ 4.918187301256955, 52.40234080415933 ], [ 4.918147801256916, 52.40234060415932 ], [ 4.918133201256902, 52.402328504159307 ], [ 4.918123501256891, 52.4023133041593 ], [ 4.918099501256868, 52.402320304159296 ], [ 4.9180320012568, 52.402340004159299 ], [ 4.918014101256782, 52.402345204159332 ], [ 4.917992701256761, 52.402395904159356 ], [ 4.918588001257397, 52.403208804159846 ] ] ] ] } },
{ "type": "Feature", "properties": { "element": "relation", "id": 20165014, "addr:street": null, "leisure": "park", "name": "Frederiksplantsoen", "note": null, "sport": null, "wikipedia": null, "access": null, "tourism": null, "website": null, "wikidata": null, "start_date": null, "wikimedia_commons": null, "area": null, "name:nl": null, "name:ru": null, "alt_name": null, "surface": null, "old_name": null, "name:etymology:wikidata": null, "wheelchair": null, "layer": null, "name:de": null, "name:en": null, "name:ko": null, "name:zh": null, "source": null, "landuse": null, "barrier": null, "fence_type": null, "leaf_type": null, "description": null, "opening_hours": null, "addr:city": null, "not": null, "bicycle": null, "foot": null, "motor_vehicle": null, "operator": null, "fee": null, "lit": null, "architect": null, "ref:bag": null, "addr:postcode": null, "smoking": null, "garden:type": null, "check_date": null, "construction": null, "survey:date": null, "type": "multipolygon", "heritage": null, "heritage:operator": null, "ref:rce": null, "bbq": null, "name:uk": null, "name:zh-Hans": null }, "geometry": { "type": "MultiPolygon", "coordinates": [ [ [ [ 4.899155701235922, 52.359667904134241 ], [ 4.899136101235902, 52.359667804134233 ], [ 4.899113701235882, 52.359671304134253 ], [ 4.899097101235863, 52.359676404134241 ], [ 4.899082801235851, 52.359683804134242 ], [ 4.89907210123584, 52.359691904134266 ], [ 4.89906300123583, 52.359702404134268 ], [ 4.899058801235826, 52.359713204134302 ], [ 4.899057401235828, 52.359722204134279 ], [ 4.899058901235827, 52.359729404134292 ], [ 4.899063401235834, 52.359739004134283 ], [ 4.899082601235854, 52.359768704134289 ], [ 4.899103901235876, 52.35979670413434 ], [ 4.899131101235906, 52.359827904134342 ], [ 4.899583201236381, 52.360349104134613 ], [ 4.899624401236427, 52.360396504134691 ], [ 4.89964820123645, 52.360424304134696 ], [ 4.899654501236456, 52.360429804134668 ], [ 4.899663101236465, 52.36043480413467 ], [ 4.899674401236477, 52.360439104134713 ], [ 4.899687101236491, 52.360441804134709 ], [ 4.899701601236505, 52.360442704134691 ], [ 4.899716701236521, 52.360441304134696 ], [ 4.899870401236671, 52.360404004134672 ], [ 4.900665501237449, 52.360039104134465 ], [ 4.900753201237534, 52.359997904134453 ], [ 4.900800901237582, 52.359975504134411 ], [ 4.90085270123763, 52.359950304134387 ], [ 4.900860501237641, 52.359944204134379 ], [ 4.90086490123764, 52.359937904134391 ], [ 4.900866301237644, 52.359931604134374 ], [ 4.900865301237643, 52.359925004134389 ], [ 4.900862001237638, 52.359919304134372 ], [ 4.900856601237635, 52.35991410413439 ], [ 4.900849701237626, 52.359910204134351 ], [ 4.900839501237617, 52.359906504134351 ], [ 4.900801801237579, 52.359900604134381 ], [ 4.900760701237537, 52.359894604134375 ], [ 4.900600501237377, 52.359871104134406 ], [ 4.900514201237289, 52.359858104134368 ], [ 4.900228501237, 52.359815004134326 ], [ 4.899911301236682, 52.359771304134291 ], [ 4.899187701235954, 52.359672004134225 ], [ 4.899155701235922, 52.359667904134241 ] ] ], [ [ [ 4.898496001235267, 52.359777604134308 ], [ 4.898491101235263, 52.359778504134312 ], [ 4.89848840123526, 52.359779904134307 ], [ 4.898486401235258, 52.359782004134331 ], [ 4.898485901235258, 52.359785104134339 ], [ 4.898487001235261, 52.35978800413428 ], [ 4.898491301235263, 52.35979060413429 ], [ 4.898411401235192, 52.359970804134434 ], [ 4.898406101235189, 52.359971704134423 ], [ 4.898402901235183, 52.359973304134428 ], [ 4.898400701235182, 52.359975504134447 ], [ 4.89840000123518, 52.359978104134406 ], [ 4.898401401235184, 52.359981404134473 ], [ 4.898405801235188, 52.35998410413444 ], [ 4.898399201235181, 52.360001404134479 ], [ 4.898394401235178, 52.360001904134471 ], [ 4.898390401235176, 52.360003804134472 ], [ 4.898388001235172, 52.360006304134473 ], [ 4.898387701235172, 52.360009704134441 ], [ 4.898390101235177, 52.360012804134456 ], [ 4.898394101235178, 52.360014804134444 ], [ 4.898373401235158, 52.360061904134504 ], [ 4.898371501235157, 52.360061604134501 ], [ 4.898357001235144, 52.360095004134507 ], [ 4.898358201235148, 52.36009520413451 ], [ 4.898160001234968, 52.360542704134765 ], [ 4.898159201234969, 52.360545004134785 ], [ 4.898159701234968, 52.360547204134733 ], [ 4.898162601234975, 52.360549904134778 ], [ 4.898166001234973, 52.360551104134736 ], [ 4.898194701235004, 52.360555004134781 ], [ 4.898194301235004, 52.360558004134781 ], [ 4.898195801235006, 52.360560704134741 ], [ 4.898198801235009, 52.360562704134765 ], [ 4.898203201235015, 52.360564004134787 ], [ 4.898206901235016, 52.360564204134739 ], [ 4.898194301235006, 52.360594704134762 ], [ 4.898188201235, 52.360593204134801 ], [ 4.898181101234994, 52.360594004134789 ], [ 4.898177101234989, 52.360596604134784 ], [ 4.898175501234987, 52.36060090413482 ], [ 4.898177801234992, 52.360604404134818 ], [ 4.898182701234996, 52.360606704134803 ], [ 4.898154501234971, 52.360669904134873 ], [ 4.898154401234971, 52.360673104134825 ], [ 4.898156001234973, 52.360675504134832 ], [ 4.898159001234974, 52.360677404134847 ], [ 4.898162501234978, 52.360678604134861 ], [ 4.898246601235063, 52.360695204134828 ], [ 4.899102401235926, 52.360864004134932 ], [ 4.899110701235935, 52.360865704134952 ], [ 4.899112101235935, 52.360862604134915 ], [ 4.899121301235945, 52.360842904134934 ], [ 4.899173801235998, 52.360852404134974 ], [ 4.899276101236099, 52.360872304134951 ], [ 4.899329801236148, 52.360746504134859 ], [ 4.899329801236144, 52.360669104134843 ], [ 4.899329101236144, 52.360655204134851 ], [ 4.899322701236136, 52.360627704134821 ], [ 4.899311601236121, 52.360591704134784 ], [ 4.899310701236119, 52.360577604134782 ], [ 4.899307001236116, 52.360566104134747 ], [ 4.899299301236107, 52.360549304134764 ], [ 4.899287701236096, 52.360530304134791 ], [ 4.899270701236075, 52.360509704134728 ], [ 4.899234401236039, 52.360456304134686 ], [ 4.899229901236036, 52.36044990413469 ], [ 4.898821801235604, 52.359983704134436 ], [ 4.898810201235592, 52.359970104134426 ], [ 4.898795201235575, 52.359950304134372 ], [ 4.89878150123556, 52.359931304134385 ], [ 4.898770001235548, 52.359912204134382 ], [ 4.898675301235445, 52.359755304134296 ], [ 4.898620001235392, 52.35976750413429 ], [ 4.898606801235379, 52.35977180413429 ], [ 4.898598201235373, 52.359776104134298 ], [ 4.898589101235361, 52.359782404134307 ], [ 4.898581401235356, 52.359790804134335 ], [ 4.898500401235273, 52.359777804134303 ], [ 4.898496001235267, 52.359777604134308 ] ] ], [ [ [ 4.900531301237367, 52.361149404135105 ], [ 4.900537701237373, 52.361148904135135 ], [ 4.900541801237378, 52.361147204135094 ], [ 4.900544701237378, 52.361144604135127 ], [ 4.900575801237409, 52.361072304135021 ], [ 4.900580301237413, 52.361071404135046 ], [ 4.900583701237418, 52.361069704135041 ], [ 4.900586001237417, 52.361066704135048 ], [ 4.900585501237416, 52.361062904135025 ], [ 4.900582501237412, 52.36106020413505 ], [ 4.90057740123741, 52.361058604135067 ], [ 4.90059970123743, 52.361009504135041 ], [ 4.900484401237312, 52.360997304135047 ], [ 4.900440301237269, 52.360991904135027 ], [ 4.900383701237212, 52.360983104135002 ], [ 4.900347201237174, 52.360976504135024 ], [ 4.900311601237139, 52.360967704134985 ], [ 4.900271001237097, 52.360954304134992 ], [ 4.900237301237062, 52.360940304134978 ], [ 4.900198501237024, 52.36091930413496 ], [ 4.900162601236987, 52.360893904134961 ], [ 4.900142401236965, 52.360874804134959 ], [ 4.900126201236947, 52.360855604134919 ], [ 4.900111701236932, 52.360831604134944 ], [ 4.900103001236922, 52.360809104134916 ], [ 4.900099601236918, 52.360790104134878 ], [ 4.900099901236917, 52.360770204134866 ], [ 4.900103601236921, 52.36075050413487 ], [ 4.900107101236922, 52.360739104134872 ], [ 4.900118801236935, 52.360737704134856 ], [ 4.900140801236959, 52.360732704134882 ], [ 4.900160401236977, 52.360725904134867 ], [ 4.900178501236996, 52.360716904134861 ], [ 4.900195101237011, 52.360708704134829 ], [ 4.900210201237027, 52.360700404134882 ], [ 4.900222301237039, 52.360689404134831 ], [ 4.900230601237043, 52.36067530413483 ], [ 4.900232701237044, 52.36065890413483 ], [ 4.900229001237043, 52.360646104134823 ], [ 4.900225101237037, 52.360639804134834 ], [ 4.900242601237055, 52.360634004134795 ], [ 4.900276101237085, 52.360625104134776 ], [ 4.900306101237118, 52.360618704134801 ], [ 4.90035020123716, 52.360612204134824 ], [ 4.900393301237202, 52.360608704134762 ], [ 4.900431301237242, 52.360607904134802 ], [ 4.900474901237286, 52.360609704134809 ], [ 4.900504301237314, 52.360614004134781 ], [ 4.90079940123761, 52.360658804134786 ], [ 4.900828201237639, 52.360663204134831 ], [ 4.900842901237652, 52.360625404134787 ], [ 4.900846501237657, 52.360616304134794 ], [ 4.900819101237627, 52.360612804134824 ], [ 4.900819701237631, 52.36061060413482 ], [ 4.90096530123776, 52.360255904134604 ], [ 4.900970801237762, 52.360255404134591 ], [ 4.900975001237767, 52.360253504134597 ], [ 4.900977401237771, 52.360250704134593 ], [ 4.900977401237769, 52.360247404134583 ], [ 4.900974601237769, 52.360244304134575 ], [ 4.900971001237762, 52.360242704134585 ], [ 4.900880301237668, 52.36017360413453 ], [ 4.900901301237687, 52.360149004134506 ], [ 4.900913701237699, 52.360130104134491 ], [ 4.900916301237701, 52.360120204134489 ], [ 4.900914501237701, 52.360107104134499 ], [ 4.900906601237691, 52.360094404134479 ], [ 4.900892101237678, 52.360083104134489 ], [ 4.90087710123766, 52.360073604134477 ], [ 4.900863601237647, 52.360067604134485 ], [ 4.900849401237633, 52.360063604134467 ], [ 4.900836101237618, 52.360060604134475 ], [ 4.900745901237534, 52.360100904134519 ], [ 4.900361801237157, 52.360280504134622 ], [ 4.899953601236756, 52.36047170413471 ], [ 4.899883701236689, 52.360506104134764 ], [ 4.899845201236652, 52.36052730413472 ], [ 4.899812201236622, 52.360548504134748 ], [ 4.899776401236588, 52.360574804134771 ], [ 4.899742401236552, 52.360605204134771 ], [ 4.899714601236528, 52.360635304134831 ], [ 4.899690301236504, 52.360665804134804 ], [ 4.899670301236487, 52.360696404134863 ], [ 4.899652401236469, 52.36072930413485 ], [ 4.899635401236456, 52.360770404134897 ], [ 4.899584701236409, 52.360891104134986 ], [ 4.899571001236398, 52.360931504134975 ], [ 4.899562501236389, 52.360961604135007 ], [ 4.899565201236392, 52.36097580413503 ], [ 4.899604201236435, 52.360982704135012 ], [ 4.899620801236447, 52.360963704134967 ], [ 4.899675601236503, 52.360974204135012 ], [ 4.899674001236503, 52.360976004135047 ], [ 4.899673501236502, 52.360980104135038 ], [ 4.899676301236505, 52.36098340413502 ], [ 4.899681401236509, 52.360985404135029 ], [ 4.899686601236517, 52.360985704135011 ], [ 4.899691501236521, 52.360984604135048 ], [ 4.899695601236526, 52.360981904135024 ], [ 4.899699901236529, 52.360982704135012 ], [ 4.900431501237269, 52.36112940413512 ], [ 4.900531301237367, 52.361149404135105 ] ] ] ] } },
{ "type": "Feature", "properties": { "element": "way", "id": 4366722, "addr:street": null, "leisure": "park", "name": "Oosterpark", "note": null, "sport": null, "wikipedia": "nl:Oosterpark (Amsterdam)", "access": null, "tourism": null, "website": null, "wikidata": "Q2718912", "start_date": "1891", "wikimedia_commons": "Category:Oosterpark (Amsterdam)", "area": null, "name:nl": null, "name:ru": null, "alt_name": null, "surface": null, "old_name": null, "name:etymology:wikidata": null, "wheelchair": null, "layer": null, "name:de": null, "name:en": null, "name:ko": null, "name:zh": null, "source": null, "landuse": null, "barrier": null, "fence_type": null, "leaf_type": null, "description": null, "opening_hours": null, "addr:city": null, "not": null, "bicycle": null, "foot": null, "motor_vehicle": null, "operator": null, "fee": null, "lit": null, "architect": null, "ref:bag": null, "addr:postcode": null, "smoking": null, "garden:type": null, "check_date": null, "construction": null, "survey:date": null, "type": null, "heritage": null, "heritage:operator": null, "ref:rce": null, "bbq": null, "name:uk": null, "name:zh-Hans": null }, "geometry": { "type": "MultiPolygon", "coordinates": [ [ [ [ 4.916667601253404, 52.359413204134029 ], [ 4.916126401252902, 52.360232404134514 ], [ 4.915937201252728, 52.360540104134735 ], [ 4.915882001252677, 52.360641304134752 ], [ 4.916149201252947, 52.36068770413479 ], [ 4.917063601253868, 52.360839904134885 ], [ 4.917189601253982, 52.360625304134736 ], [ 4.918650901255456, 52.360905104134901 ], [ 4.918788601255586, 52.360748304134809 ], [ 4.919004001255801, 52.360731104134807 ], [ 4.919649101256449, 52.360864204134877 ], [ 4.919602401256404, 52.360923804134892 ], [ 4.919585101256394, 52.360992504134927 ], [ 4.919524101256331, 52.360986604134951 ], [ 4.919389401256208, 52.361246904135072 ], [ 4.919482301256303, 52.361263504135131 ], [ 4.91956890125639, 52.361300404135143 ], [ 4.919590401256415, 52.361344204135193 ], [ 4.919545601256375, 52.36142470413521 ], [ 4.919475301256308, 52.361500404135263 ], [ 4.920818401257671, 52.361925204135481 ], [ 4.921673901258537, 52.36221310413567 ], [ 4.921890301258742, 52.361956604135493 ], [ 4.921876601258726, 52.361892504135504 ], [ 4.922223901259049, 52.361427704135203 ], [ 4.923071201259907, 52.361655904135311 ], [ 4.923816101260661, 52.361827004135449 ], [ 4.923940701260774, 52.361623704135361 ], [ 4.924961501261726, 52.360180604134449 ], [ 4.924956301261719, 52.360135504134448 ], [ 4.924937701261698, 52.360091304134386 ], [ 4.924913901261671, 52.36005490413438 ], [ 4.924866301261623, 52.360030704134395 ], [ 4.924668301261425, 52.359985004134352 ], [ 4.923002601259741, 52.359574104134104 ], [ 4.92090610125762, 52.359042504133797 ], [ 4.917602101254282, 52.358235504133347 ], [ 4.917532701254212, 52.358253904133335 ], [ 4.91744830125413, 52.358276304133362 ], [ 4.917190201253891, 52.358666204133598 ], [ 4.916667601253404, 52.359413204134029 ] ] ] ] } },
{ "type": "Feature", "properties": { "element": "way", "id": 4376560, "addr:street": null, "leisure": "park", "name": "Wertheimpark", "note": null, "sport": null, "wikipedia": "nl:Wertheimpark", "access": null, "tourism": null, "website": null, "wikidata": "Q3149634", "start_date": null, "wikimedia_commons": "Category:Wertheimpark", "area": null, "name:nl": null, "name:ru": null, "alt_name": null, "surface": null, "old_name": null, "name:etymology:wikidata": null, "wheelchair": null, "layer": null, "name:de": null, "name:en": null, "name:ko": null, "name:zh": null, "source": null, "landuse": null, "barrier": null, "fence_type": null, "leaf_type": null, "description": null, "opening_hours": null, "addr:city": null, "not": null, "bicycle": null, "foot": null, "motor_vehicle": null, "operator": null, "fee": null, "lit": null, "architect": null, "ref:bag": null, "addr:postcode": null, "smoking": null, "garden:type": null, "check_date": null, "construction": null, "survey:date": null, "type": null, "heritage": null, "heritage:operator": null, "ref:rce": null, "bbq": null, "name:uk": null, "name:zh-Hans": null }, "geometry": { "type": "MultiPolygon", "coordinates": [ [ [ [ 4.908893601246062, 52.368335304139372 ], [ 4.908185001245331, 52.367839204139059 ], [ 4.90764860124478, 52.367495304138849 ], [ 4.907705101244833, 52.367472804138814 ], [ 4.907765701244893, 52.367433104138783 ], [ 4.907755701244881, 52.367394704138782 ], [ 4.907880301245007, 52.367410404138774 ], [ 4.908097601245222, 52.367461604138846 ], [ 4.908102901245231, 52.367462504138793 ], [ 4.908287101245414, 52.367494904138809 ], [ 4.908478301245609, 52.367515504138844 ], [ 4.90866210124579, 52.367516604138842 ], [ 4.909020401246149, 52.367502404138854 ], [ 4.90910030124623, 52.367504604138851 ], [ 4.909146301246274, 52.367507304138847 ], [ 4.909176801246307, 52.367516304138853 ], [ 4.90919900124633, 52.367524204138846 ], [ 4.909223701246354, 52.367533004138856 ], [ 4.909244201246374, 52.3675404041389 ], [ 4.90927900124641, 52.367561404138854 ], [ 4.909284501246417, 52.36758250413888 ], [ 4.909290301246423, 52.367581304138916 ], [ 4.909336001246473, 52.367663704138934 ], [ 4.909385601246526, 52.367761604138998 ], [ 4.909411001246553, 52.367793204139005 ], [ 4.909471801246616, 52.367851204139022 ], [ 4.909595001246744, 52.367933204139106 ], [ 4.909659101246808, 52.367972304139116 ], [ 4.908942601246109, 52.36830880413936 ], [ 4.908893601246062, 52.368335304139372 ] ] ] ] } },
{ "type": "Feature", "properties": { "element": "way", "id": 4754220, "addr:street": null, "leisure": "park", "name": "Van Tuyll van Serooskerkenplein", "note": null, "sport": null, "wikipedia": null, "access": null, "tourism": null, "website": null, "wikidata": null, "start_date": null, "wikimedia_commons": null, "area": "yes", "name:nl": null, "name:ru": null, "alt_name": null, "surface": null, "old_name": null, "name:etymology:wikidata": null, "wheelchair": null, "layer": null, "name:de": null, "name:en": null, "name:ko": null, "name:zh": null, "source": null, "landuse": null, "barrier": null, "fence_type": null, "leaf_type": null, "description": null, "opening_hours": null, "addr:city": null, "not": null, "bicycle": null, "foot": null, "motor_vehicle": null, "operator": null, "fee": null, "lit": null, "architect": null, "ref:bag": null, "addr:postcode": null, "smoking": null, "garden:type": null, "check_date": null, "construction": null, "survey:date": null, "type": null, "heritage": null, "heritage:operator": null, "ref:rce": null, "bbq": null, "name:uk": null, "name:zh-Hans": null }, "geometry": { "type": "MultiPolygon", "coordinates": [ [ [ [ 4.865048701201132, 52.344763204125499 ], [ 4.866509901202602, 52.344967004125621 ], [ 4.866359201202467, 52.345341704125843 ], [ 4.864907701201011, 52.345140404125743 ], [ 4.865048701201132, 52.344763204125499 ] ] ] ] } },
{ "type": "Feature", "properties": { "element": "way", "id": 4842719, "addr:street": null, "leisure": "park", "name": null, "note": null, "sport": null, "wikipedia": null, "access": null, "tourism": null, "website": null, "wikidata": null, "start_date": null, "wikimedia_commons": null, "area": null, "name:nl": null, "name:ru": null, "alt_name": null, "surface": null, "old_name": null, "name:etymology:wikidata": null, "wheelchair": null, "layer": null, "name:de": null, "name:en": null, "name:ko": null, "name:zh": null, "source": null, "landuse": null, "barrier": null, "fence_type": null, "leaf_type": null, "description": null, "opening_hours": null, "addr:city": null, "not": null, "bicycle": null, "foot": null, "motor_vehicle": null, "operator": null, "fee": null, "lit": null, "architect": null, "ref:bag": null, "addr:postcode": null, "smoking": null, "garden:type": null, "check_date": null, "construction": null, "survey:date": null, "type": null, "heritage": null, "heritage:operator": null, "ref:rce": null, "bbq": null, "name:uk": null, "name:zh-Hans": null }, "geometry": { "type": "MultiPolygon", "coordinates": [ [ [ [ 4.850523001187139, 52.355487704131903 ], [ 4.851597301188213, 52.355492104131862 ], [ 4.851587301188194, 52.355342704131793 ], [ 4.851608201188198, 52.355003804131613 ], [ 4.850605001187195, 52.355003104131612 ], [ 4.850599501187198, 52.355133004131702 ], [ 4.850532701187129, 52.355128304131654 ], [ 4.850523001187139, 52.355487704131903 ] ] ] ] } },
{ "type": "Feature", "properties": { "element": "way", "id": 4842723, "addr:street": null, "leisure": "park", "name": "Legmeerplein", "note": null, "sport": null, "wikipedia": null, "access": null, "tourism": null, "website": null, "wikidata": null, "start_date": null, "wikimedia_commons": null, "area": null, "name:nl": null, "name:ru": null, "alt_name": null, "surface": null, "old_name": null, "name:etymology:wikidata": null, "wheelchair": null, "layer": null, "name:de": null, "name:en": null, "name:ko": null, "name:zh": null, "source": null, "landuse": null, "barrier": null, "fence_type": null, "leaf_type": null, "description": null, "opening_hours": null, "addr:city": null, "not": null, "bicycle": null, "foot": null, "motor_vehicle": null, "operator": null, "fee": null, "lit": null, "architect": null, "ref:bag": null, "addr:postcode": null, "smoking": null, "garden:type": null, "check_date": null, "construction": null, "survey:date": null, "type": null, "heritage": null, "heritage:operator": null, "ref:rce": null, "bbq": null, "name:uk": null, "name:zh-Hans": null }, "geometry": { "type": "MultiPolygon", "coordinates": [ [ [ [ 4.851684201188165, 52.352750604130271 ], [ 4.851432801187914, 52.352748704130285 ], [ 4.851413301187918, 52.353227104130532 ], [ 4.851524901188031, 52.353242804130552 ], [ 4.851542001188051, 52.353295204130582 ], [ 4.851705101188212, 52.35329520413061 ], [ 4.851706801188214, 52.353222604130565 ], [ 4.851711701188209, 52.353020504130434 ], [ 4.851717401188201, 52.35278540413028 ], [ 4.851684201188165, 52.352750604130271 ] ] ] ] } },
{ "type": "Feature", "properties": { "element": "way", "id": 6316270, "addr:street": null, "leisure": "park", "name": "Sarphatipark", "note": null, "sport": null, "wikipedia": "nl:Sarphatipark", "access": null, "tourism": null, "website": null, "wikidata": "Q645372", "start_date": null, "wikimedia_commons": "Category:Sarphatipark, Amsterdam", "area": null, "name:nl": "Sarphatipark", "name:ru": "Сарфатипарк", "alt_name": null, "surface": null, "old_name": null, "name:etymology:wikidata": null, "wheelchair": null, "layer": null, "name:de": null, "name:en": null, "name:ko": null, "name:zh": null, "source": null, "landuse": null, "barrier": null, "fence_type": null, "leaf_type": null, "description": null, "opening_hours": null, "addr:city": null, "not": null, "bicycle": null, "foot": null, "motor_vehicle": null, "operator": null, "fee": null, "lit": null, "architect": null, "ref:bag": null, "addr:postcode": null, "smoking": null, "garden:type": null, "check_date": null, "construction": null, "survey:date": null, "type": null, "heritage": null, "heritage:operator": null, "ref:rce": null, "bbq": null, "name:uk": null, "name:zh-Hans": null }, "geometry": { "type": "MultiPolygon", "coordinates": [ [ [ [ 4.898061601234627, 52.355421304131703 ], [ 4.898128201234694, 52.355404604131714 ], [ 4.898285201234839, 52.355195304131591 ], [ 4.898569901235108, 52.354849204131426 ], [ 4.89861470123515, 52.354810304131355 ], [ 4.898944801235458, 52.354308704131086 ], [ 4.898938401235448, 52.35426610413105 ], [ 4.896617901233108, 52.353799304130767 ], [ 4.896256201232742, 52.353727104130705 ], [ 4.896230301232716, 52.353722004130731 ], [ 4.896198701232685, 52.353715804130701 ], [ 4.89469750123117, 52.353419504130549 ], [ 4.894514001230989, 52.353469304130591 ], [ 4.894242801230739, 52.353864104130828 ], [ 4.894225801230721, 52.353888204130861 ], [ 4.894207401230706, 52.353915004130869 ], [ 4.894183801230682, 52.353949804130878 ], [ 4.893826901230349, 52.354441504131181 ], [ 4.893856101230379, 52.354474704131199 ], [ 4.894325501230855, 52.354579404131243 ], [ 4.894690101231221, 52.354658904131291 ], [ 4.894746501231278, 52.354670204131288 ], [ 4.894903701231439, 52.354705304131322 ], [ 4.894972601231508, 52.354720704131346 ], [ 4.89589570123244, 52.354932104131471 ], [ 4.895932601232479, 52.354931404131463 ], [ 4.895976701232523, 52.354941004131419 ], [ 4.896451101233001, 52.355056804131522 ], [ 4.898061601234627, 52.355421304131703 ] ] ] ] } },
{ "type": "Feature", "properties": { "element": "way", "id": 6316354, "addr:street": null, "leisure": "park", "name": "Gerbrandypark", "note": null, "sport": null, "wikipedia": "nl:Gerbrandypark (Amsterdam)", "access": null, "tourism": null, "website": null, "wikidata": "Q2632605", "start_date": null, "wikimedia_commons": "Category:Gerbrandypark (Amsterdam)", "area": null, "name:nl": null, "name:ru": null, "alt_name": null, "surface": null, "old_name": null, "name:etymology:wikidata": null, "wheelchair": null, "layer": null, "name:de": null, "name:en": null, "name:ko": null, "name:zh": null, "source": null, "landuse": null, "barrier": null, "fence_type": null, "leaf_type": null, "description": null, "opening_hours": null, "addr:city": null, "not": null, "bicycle": null, "foot": null, "motor_vehicle": null, "operator": null, "fee": null, "lit": null, "architect": null, "ref:bag": null, "addr:postcode": null, "smoking": null, "garden:type": null, "check_date": null, "construction": null, "survey:date": null, "type": null, "heritage": null, "heritage:operator": null, "ref:rce": null, "bbq": null, "name:uk": null, "name:zh-Hans": null }, "geometry": { "type": "MultiPolygon", "coordinates": [ [ [ [ 4.834632201172302, 52.376760104144488 ], [ 4.836387101174043, 52.376531204144342 ], [ 4.836464401174132, 52.376744404144468 ], [ 4.836710901174412, 52.377477304144897 ], [ 4.833537601171268, 52.377984804145221 ], [ 4.831703701169451, 52.37825630414536 ], [ 4.830699501168455, 52.378424004145486 ], [ 4.827671001165456, 52.378909204145771 ], [ 4.826943901164735, 52.379025704145839 ], [ 4.826878501164681, 52.379256104145945 ], [ 4.826360601164168, 52.379340204145976 ], [ 4.826301801164102, 52.379176804145892 ], [ 4.82584660116365, 52.379256104145959 ], [ 4.825746901163543, 52.37904060414585 ], [ 4.825459701163255, 52.379095504145859 ], [ 4.824917301162717, 52.379147404145897 ], [ 4.824911501162711, 52.379137204145934 ], [ 4.824729801162512, 52.378815104145723 ], [ 4.825044101162826, 52.3787730041457 ], [ 4.825765601163539, 52.378609504145594 ], [ 4.825590001163341, 52.378173804145355 ], [ 4.829051101166769, 52.377636904144993 ], [ 4.831528101169225, 52.377256904144772 ], [ 4.834632201172302, 52.376760104144488 ] ] ] ] } },
{ "type": "Feature", "properties": { "element": "way", "id": 6316518, "addr:street": null, "leisure": "park", "name": "Volgermeer", "note": null, "sport": null, "wikipedia": null, "access": null, "tourism": null, "website": null, "wikidata": null, "start_date": null, "wikimedia_commons": null, "area": null, "name:nl": null, "name:ru": null, "alt_name": "Volgermeerpolder", "surface": null, "old_name": null, "name:etymology:wikidata": null, "wheelchair": null, "layer": null, "name:de": null, "name:en": null, "name:ko": null, "name:zh": null, "source": null, "landuse": null, "barrier": null, "fence_type": null, "leaf_type": null, "description": null, "opening_hours": null, "addr:city": null, "not": null, "bicycle": null, "foot": null, "motor_vehicle": null, "operator": null, "fee": null, "lit": null, "architect": null, "ref:bag": null, "addr:postcode": null, "smoking": null, "garden:type": null, "check_date": null, "construction": null, "survey:date": null, "type": null, "heritage": null, "heritage:operator": null, "ref:rce": null, "bbq": null, "name:uk": null, "name:zh-Hans": null }, "geometry": { "type": "MultiPolygon", "coordinates": [ [ [ [ 4.992842101332221, 52.418419304168417 ], [ 4.992668001332055, 52.418543404168489 ], [ 4.991996401331389, 52.41870910416857 ], [ 4.992017401331416, 52.41877430416865 ], [ 4.992128801331541, 52.41911950416884 ], [ 4.991797901331236, 52.419629504169137 ], [ 4.991430401330899, 52.420236504169495 ], [ 4.991495001330962, 52.42031260416951 ], [ 4.991271801330763, 52.420741604169777 ], [ 4.990751301330237, 52.420637804169736 ], [ 4.990776001330291, 52.421222204170085 ], [ 4.990877901330435, 52.422142304170613 ], [ 4.99088050133044, 52.422198104170661 ], [ 4.990904801330472, 52.422379904170739 ], [ 4.990947001330533, 52.422775304170997 ], [ 4.990972901330569, 52.423044504171138 ], [ 4.990998801330605, 52.423269204171277 ], [ 4.99103400133065, 52.423453904171375 ], [ 4.991337801331002, 52.424487404171998 ], [ 4.991402801331073, 52.424612504172053 ], [ 4.991451201331157, 52.425414304172499 ], [ 4.993522401333225, 52.425427304172523 ], [ 4.995600501335302, 52.425481204172527 ], [ 5.000270501339954, 52.42539370417245 ], [ 5.001788401341312, 52.421908504170425 ], [ 5.001816901341329, 52.421710104170323 ], [ 5.001780701341289, 52.421569004170223 ], [ 5.001632201341128, 52.421299604170066 ], [ 5.001508401340998, 52.421179804170038 ], [ 5.001288801340774, 52.421066704169931 ], [ 5.001110001340588, 52.420945504169865 ], [ 5.000933901340406, 52.420806704169792 ], [ 5.000789101340257, 52.420687604169707 ], [ 5.000718901340182, 52.420601204169643 ], [ 5.000651001340113, 52.420506804169619 ], [ 5.000392801339833, 52.420035504169377 ], [ 5.000435501339869, 52.419860604169237 ], [ 5.000490301339912, 52.419643604169103 ], [ 5.000570401339977, 52.419326204168939 ], [ 5.001133101340495, 52.418450404168389 ], [ 5.00122740134059, 52.418382804168381 ], [ 5.003853301343121, 52.416498904167241 ], [ 4.99833600133753, 52.414634904166206 ], [ 4.993159301332263, 52.412443704164907 ], [ 4.992085001331221, 52.413127104165312 ], [ 4.992023501331158, 52.413085404165287 ], [ 4.988536501327585, 52.411070604164159 ], [ 4.983170901322081, 52.407869504162292 ], [ 4.983046001321951, 52.40780670416224 ], [ 4.982934801321842, 52.407748504162221 ], [ 4.982882501321785, 52.407705504162166 ], [ 4.98277860132168, 52.407631904162159 ], [ 4.98275780132166, 52.407631504162161 ], [ 4.98271960132162, 52.407640504162138 ], [ 4.982424301321334, 52.407834104162241 ], [ 4.980878801319835, 52.408736204162814 ], [ 4.981158401320123, 52.408910604162934 ], [ 4.981172701320141, 52.409027204162996 ], [ 4.981183501320157, 52.409111104163003 ], [ 4.982753201321771, 52.410172704163642 ], [ 4.982870001321893, 52.410309304163711 ], [ 4.983146601322181, 52.41051930416387 ], [ 4.990424201329668, 52.415376204166648 ], [ 4.99213760133143, 52.41650660416731 ], [ 4.991788601331096, 52.416815904167493 ], [ 4.992774101332101, 52.417272704167736 ], [ 4.992590401331933, 52.417601804167951 ], [ 4.992930901332282, 52.417777604168087 ], [ 4.992857101332209, 52.417859504168113 ], [ 4.992919601332288, 52.418180604168299 ], [ 4.993003501332375, 52.418227104168345 ], [ 4.992842101332221, 52.418419304168417 ] ] ] ] } },
{ "type": "Feature", "properties": { "element": "way", "id": 6326315, "addr:street": null, "leisure": "park", "name": "Gaasperzoom", "note": null, "sport": null, "wikipedia": "nl:Gaasperzoom", "access": null, "tourism": null, "website": null, "wikidata": "Q2514026", "start_date": null, "wikimedia_commons": null, "area": null, "name:nl": null, "name:ru": null, "alt_name": null, "surface": null, "old_name": null, "name:etymology:wikidata": null, "wheelchair": null, "layer": null, "name:de": null, "name:en": null, "name:ko": null, "name:zh": null, "source": null, "landuse": null, "barrier": null, "fence_type": null, "leaf_type": null, "description": null, "opening_hours": null, "addr:city": null, "not": null, "bicycle": null, "foot": null, "motor_vehicle": null, "operator": null, "fee": null, "lit": null, "architect": null, "ref:bag": null, "addr:postcode": null, "smoking": null, "garden:type": null, "check_date": null, "construction": null, "survey:date": null, "type": null, "heritage": null, "heritage:operator": null, "ref:rce": null, "bbq": null, "name:uk": null, "name:zh-Hans": null }, "geometry": { "type": "MultiPolygon", "coordinates": [ [ [ [ 5.001606001335623, 52.301892504099499 ], [ 5.002199601336216, 52.301883204099482 ], [ 5.004740801338757, 52.301843104099461 ], [ 5.007523101341536, 52.301799304099426 ], [ 5.007423501341411, 52.301263704099092 ], [ 5.007624501341608, 52.301168504099032 ], [ 5.007512901341487, 52.300906104098885 ], [ 5.006995001340941, 52.300366504098541 ], [ 5.006731901340665, 52.300092504098394 ], [ 5.006257701340168, 52.299574304098101 ], [ 5.005804901339693, 52.299079504097811 ], [ 5.005628201339509, 52.298887704097673 ], [ 5.005195501339054, 52.298418204097402 ], [ 5.004974701338834, 52.298432104097401 ], [ 5.003942401337804, 52.298496904097483 ], [ 5.003822201337682, 52.298444404097417 ], [ 5.003672801337516, 52.298078904097196 ], [ 5.001982301335825, 52.298078804097237 ], [ 5.001930801335788, 52.298409504097371 ], [ 5.001810701335675, 52.298525004097485 ], [ 5.001707701335572, 52.298546004097474 ], [ 5.00098670133484, 52.298346504097381 ], [ 5.000144001333997, 52.298341204097376 ], [ 5.00015830133409, 52.300031404098391 ], [ 4.9992657013332, 52.300031404098412 ], [ 4.999214201333205, 52.301280604099148 ], [ 5.000653301334644, 52.301315204099161 ], [ 5.000619001334623, 52.301624904099327 ], [ 5.000790601334802, 52.301729804099395 ], [ 5.000953701334971, 52.301908304099513 ], [ 5.001606001335623, 52.301892504099499 ] ] ] ] } },
{ "type": "Feature", "properties": { "element": "way", "id": 9654329, "addr:street": null, "leisure": "park", "name": "Theo van Goghpark", "note": null, "sport": null, "wikipedia": "nl:Theo van Goghpark", "access": null, "tourism": null, "website": null, "wikidata": "Q18088669", "start_date": null, "wikimedia_commons": "Category:Theo van Goghpark, Amsterdam", "area": null, "name:nl": null, "name:ru": null, "alt_name": null, "surface": "grass", "old_name": null, "name:etymology:wikidata": null, "wheelchair": null, "layer": null, "name:de": null, "name:en": null, "name:ko": null, "name:zh": null, "source": null, "landuse": null, "barrier": null, "fence_type": null, "leaf_type": null, "description": null, "opening_hours": null, "addr:city": null, "not": null, "bicycle": null, "foot": null, "motor_vehicle": null, "operator": null, "fee": null, "lit": null, "architect": null, "ref:bag": null, "addr:postcode": null, "smoking": null, "garden:type": null, "check_date": null, "construction": null, "survey:date": null, "type": null, "heritage": null, "heritage:operator": null, "ref:rce": null, "bbq": null, "name:uk": null, "name:zh-Hans": null }, "geometry": { "type": "MultiPolygon", "coordinates": [ [ [ [ 5.009387801345559, 52.349062604127482 ], [ 5.009223401345388, 52.348946904127416 ], [ 5.009176001345342, 52.348913504127431 ], [ 5.008283301344418, 52.348284904127034 ], [ 5.006334501342518, 52.349312004127661 ], [ 5.005824101342021, 52.349580304127834 ], [ 5.003935101340179, 52.350590104128386 ], [ 5.005211801341473, 52.350993304128664 ], [ 5.005353601341619, 52.351038004128682 ], [ 5.005556501341824, 52.351102104128742 ], [ 5.005751001342012, 52.350997204128646 ], [ 5.006952801343183, 52.350348904128261 ], [ 5.006972801343204, 52.350338304128258 ], [ 5.00723670134346, 52.350198604128167 ], [ 5.007587401343804, 52.350014704128029 ], [ 5.007623001343839, 52.349996604128044 ], [ 5.008531301344723, 52.349516404127769 ], [ 5.00890650134509, 52.349317604127634 ], [ 5.009086901345265, 52.349222004127618 ], [ 5.009327501345499, 52.3490945041275 ], [ 5.009387801345559, 52.349062604127482 ] ] ] ] } },
{ "type": "Feature", "properties": { "element": "way", "id": 9930897, "addr:street": null, "leisure": "park", "name": "Wibautpark", "note": null, "sport": null, "wikipedia": null, "access": null, "tourism": null, "website": null, "wikidata": null, "start_date": null, "wikimedia_commons": null, "area": null, "name:nl": null, "name:ru": null, "alt_name": null, "surface": null, "old_name": "Wibautplantsoen", "name:etymology:wikidata": null, "wheelchair": null, "layer": null, "name:de": null, "name:en": null, "name:ko": null, "name:zh": null, "source": null, "landuse": null, "barrier": null, "fence_type": null, "leaf_type": null, "description": null, "opening_hours": null, "addr:city": null, "not": null, "bicycle": null, "foot": null, "motor_vehicle": null, "operator": null, "fee": null, "lit": null, "architect": null, "ref:bag": null, "addr:postcode": null, "smoking": null, "garden:type": null, "check_date": null, "construction": null, "survey:date": null, "type": null, "heritage": null, "heritage:operator": null, "ref:rce": null, "bbq": null, "name:uk": null, "name:zh-Hans": null }, "geometry": { "type": "MultiPolygon", "coordinates": [ [ [ [ 4.913369801249818, 52.353230504130387 ], [ 4.913641601250087, 52.353226604130413 ], [ 4.913818501250263, 52.35320020413036 ], [ 4.913970601250415, 52.353164004130349 ], [ 4.914004101250445, 52.353102504130312 ], [ 4.914086001250524, 52.35307990413029 ], [ 4.914271101250709, 52.353088604130321 ], [ 4.914333201250768, 52.353060704130279 ], [ 4.914261001250691, 52.352860504130177 ], [ 4.914197401250618, 52.35266880413004 ], [ 4.914127801250535, 52.352417504129903 ], [ 4.914080601250477, 52.352163304129753 ], [ 4.914061801250448, 52.351969204129645 ], [ 4.914059401250434, 52.351705404129483 ], [ 4.913963201250338, 52.351728604129455 ], [ 4.913903501250284, 52.351828504129557 ], [ 4.913862501250245, 52.35191400412959 ], [ 4.913842301250229, 52.352013404129679 ], [ 4.913543601249961, 52.352581004129995 ], [ 4.913539601249954, 52.352587004130015 ], [ 4.913143601249587, 52.353181904130352 ], [ 4.913369801249818, 52.353230504130387 ] ] ] ] } },
{ "type": "Feature", "properties": { "element": "way", "id": 10212039, "addr:street": null, "leisure": "park", "name": "Eerste Weteringplantsoen", "note": null, "sport": null, "wikipedia": null, "access": null, "tourism": null, "website": null, "wikidata": null, "start_date": null, "wikimedia_commons": null, "area": null, "name:nl": null, "name:ru": null, "alt_name": "Carmiggeltplantsoen", "surface": null, "old_name": null, "name:etymology:wikidata": null, "wheelchair": null, "layer": null, "name:de": null, "name:en": null, "name:ko": null, "name:zh": null, "source": null, "landuse": null, "barrier": null, "fence_type": null, "leaf_type": null, "description": null, "opening_hours": null, "addr:city": null, "not": null, "bicycle": null, "foot": null, "motor_vehicle": null, "operator": null, "fee": null, "lit": null, "architect": null, "ref:bag": null, "addr:postcode": null, "smoking": null, "garden:type": null, "check_date": null, "construction": null, "survey:date": null, "type": null, "heritage": null, "heritage:operator": null, "ref:rce": null, "bbq": null, "name:uk": null, "name:zh-Hans": null }, "geometry": { "type": "MultiPolygon", "coordinates": [ [ [ [ 4.890378201227102, 52.358557904133619 ], [ 4.889892201226623, 52.358726204133738 ], [ 4.889693401226429, 52.358791904133724 ], [ 4.889446101226186, 52.358894504133829 ], [ 4.889115601225864, 52.359080804133932 ], [ 4.888875801225633, 52.359251804134033 ], [ 4.888868001225627, 52.359257404134013 ], [ 4.88792710122473, 52.360179004134579 ], [ 4.887899901224704, 52.360225104134585 ], [ 4.888093401224906, 52.360382004134713 ], [ 4.888211701225023, 52.36035540413468 ], [ 4.88918330122597, 52.359887404134426 ], [ 4.8891186012259, 52.359789504134341 ], [ 4.889046701225829, 52.359798304134344 ], [ 4.888931801225709, 52.359640404134254 ], [ 4.888921401225696, 52.359619204134262 ], [ 4.8889250012257, 52.359594904134248 ], [ 4.888931701225705, 52.359578504134227 ], [ 4.889072801225833, 52.359335004134039 ], [ 4.889136401225898, 52.359346004134082 ], [ 4.889231601225983, 52.359195304133998 ], [ 4.889260901226015, 52.35917070413398 ], [ 4.889295401226048, 52.359156304133982 ], [ 4.889336601226089, 52.359147804133954 ], [ 4.889382301226135, 52.35914680413395 ], [ 4.889984001226741, 52.359265204134033 ], [ 4.890044501226802, 52.359256504134009 ], [ 4.890103701226857, 52.359234704133996 ], [ 4.890163601226918, 52.359222804134021 ], [ 4.890231201226986, 52.359221104133965 ], [ 4.890247601227, 52.359167604133965 ], [ 4.89029140122704, 52.359107604133946 ], [ 4.890339301227087, 52.359071004133895 ], [ 4.890559101227299, 52.358899004133868 ], [ 4.890591301227328, 52.358876904133808 ], [ 4.890614901227353, 52.358850704133779 ], [ 4.890638101227372, 52.358817404133788 ], [ 4.890635601227371, 52.358793304133748 ], [ 4.890618401227351, 52.358738204133729 ], [ 4.890607301227337, 52.358738504133719 ], [ 4.890597001227327, 52.358718404133697 ], [ 4.890585101227313, 52.358717904133727 ], [ 4.890576901227305, 52.358700004133688 ], [ 4.890565801227295, 52.358700004133688 ], [ 4.890555201227284, 52.35867990413368 ], [ 4.890543901227273, 52.358679804133686 ], [ 4.890532701227259, 52.358659304133681 ], [ 4.890521601227249, 52.358659104133658 ], [ 4.890509601227236, 52.358637904133673 ], [ 4.890498601227227, 52.358637704133642 ], [ 4.890487301227212, 52.358617404133653 ], [ 4.8904760012272, 52.358616804133661 ], [ 4.890462201227187, 52.358594204133645 ], [ 4.890451001227176, 52.358593604133638 ], [ 4.890438301227162, 52.358572304133588 ], [ 4.890426801227149, 52.358571204133597 ], [ 4.89041550122714, 52.358551204133619 ], [ 4.890378201227102, 52.358557904133619 ] ] ] ] } },
{ "type": "Feature", "properties": { "element": "way", "id": 13308960, "addr:street": null, "leisure": "park", "name": "Diemerpark", "note": null, "sport": null, "wikipedia": "nl:Diemerpark", "access": null, "tourism": null, "website": null, "wikidata": "Q1220779", "start_date": null, "wikimedia_commons": "Category:Diemerpark", "area": null, "name:nl": null, "name:ru": null, "alt_name": null, "surface": "grass", "old_name": null, "name:etymology:wikidata": null, "wheelchair": null, "layer": null, "name:de": null, "name:en": null, "name:ko": null, "name:zh": null, "source": null, "landuse": null, "barrier": null, "fence_type": null, "leaf_type": null, "description": null, "opening_hours": null, "addr:city": null, "not": null, "bicycle": null, "foot": null, "motor_vehicle": null, "operator": null, "fee": null, "lit": null, "architect": null, "ref:bag": null, "addr:postcode": null, "smoking": null, "garden:type": null, "check_date": null, "construction": null, "survey:date": null, "type": null, "heritage": null, "heritage:operator": null, "ref:rce": null, "bbq": null, "name:uk": null, "name:zh-Hans": null }, "geometry": { "type": "MultiPolygon", "coordinates": [ [ [ [ 4.999124601335125, 52.345181604125251 ], [ 4.999610101335627, 52.345540504125438 ], [ 4.998553501334609, 52.346356204125946 ], [ 4.998099201334199, 52.347320104126503 ], [ 4.99721300133336, 52.348335004127129 ], [ 4.997196101333361, 52.348751304127354 ], [ 4.995743701331968, 52.34997670412811 ], [ 4.994644501330868, 52.349996004128101 ], [ 4.99359150132985, 52.350694504128583 ], [ 4.991700501328042, 52.352479404129596 ], [ 4.989480201325854, 52.353126604129997 ], [ 4.988727801325138, 52.353904904130459 ], [ 4.987251201323698, 52.354674304130924 ], [ 4.985326501321794, 52.355058704131181 ], [ 4.985014601321526, 52.356002504131723 ], [ 4.985907201322442, 52.356558604132069 ], [ 4.986107801322677, 52.357328704132499 ], [ 4.985403501322002, 52.357967604132888 ], [ 4.983597001320214, 52.358281404133074 ], [ 4.9825968013192, 52.357957104132872 ], [ 4.979756201316349, 52.357706104132781 ], [ 4.979607501316202, 52.357693004132763 ], [ 4.975406101311981, 52.357198504132477 ], [ 4.975186801311762, 52.357198604132506 ], [ 4.975096101311681, 52.357412804132608 ], [ 4.974736501311335, 52.357684904132768 ], [ 4.9742980013109, 52.35778170413284 ], [ 4.974132901310797, 52.359086804133582 ], [ 4.973719101310381, 52.359072004133559 ], [ 4.973769301310404, 52.358477304133238 ], [ 4.973865001310472, 52.357845304132908 ], [ 4.973917201310516, 52.35770570413279 ], [ 4.974007901310602, 52.357567404132709 ], [ 4.974403801310979, 52.357195904132489 ], [ 4.974937901311493, 52.356802204132215 ], [ 4.975214901311762, 52.356593104132102 ], [ 4.975727201312258, 52.356231104131922 ], [ 4.975936701312461, 52.356099004131842 ], [ 4.976300201312817, 52.355927304131747 ], [ 4.977038401313534, 52.355568504131483 ], [ 4.977200201313694, 52.355491904131469 ], [ 4.978120801314593, 52.355052704131239 ], [ 4.98102350131743, 52.353645604130314 ], [ 4.982029601318412, 52.353140704130041 ], [ 4.984616101320939, 52.35189800412931 ], [ 4.98742460132368, 52.350545404128482 ], [ 4.987595301323847, 52.350466404128426 ], [ 4.987969801324216, 52.350298604128383 ], [ 4.989259301325474, 52.349687704127959 ], [ 4.990564201326752, 52.349089204127623 ], [ 4.992469701328615, 52.348204004127076 ], [ 4.994315901330419, 52.347361804126542 ], [ 4.995957801332028, 52.346616604126126 ], [ 4.996961601333008, 52.346164104125883 ], [ 4.998189701334208, 52.345557204125448 ], [ 4.998628701334638, 52.345367204125353 ], [ 4.998906101334911, 52.345286004125306 ], [ 4.999124601335125, 52.345181604125251 ] ] ] ] } },
{ "type": "Feature", "properties": { "element": "way", "id": 21512760, "addr:street": null, "leisure": "park", "name": null, "note": null, "sport": null, "wikipedia": null, "access": null, "tourism": null, "website": null, "wikidata": null, "start_date": null, "wikimedia_commons": null, "area": null, "name:nl": null, "name:ru": null, "alt_name": null, "surface": null, "old_name": null, "name:etymology:wikidata": null, "wheelchair": null, "layer": null, "name:de": null, "name:en": null, "name:ko": null, "name:zh": null, "source": null, "landuse": null, "barrier": null, "fence_type": null, "leaf_type": null, "description": null, "opening_hours": null, "addr:city": null, "not": null, "bicycle": null, "foot": null, "motor_vehicle": null, "operator": null, "fee": null, "lit": null, "architect": null, "ref:bag": null, "addr:postcode": null, "smoking": null, "garden:type": null, "check_date": null, "construction": null, "survey:date": null, "type": null, "heritage": null, "heritage:operator": null, "ref:rce": null, "bbq": null, "name:uk": null, "name:zh-Hans": null }, "geometry": { "type": "MultiPolygon", "coordinates": [ [ [ [ 4.896854601232886, 52.344184304125079 ], [ 4.897278401233315, 52.344328304125156 ], [ 4.897255801233295, 52.344350804125192 ], [ 4.897344201233386, 52.344390104125196 ], [ 4.897244601233287, 52.344471804125263 ], [ 4.89722330123327, 52.344472604125251 ], [ 4.89673840123278, 52.344400804125215 ], [ 4.896727201232769, 52.344368104125209 ], [ 4.896854601232886, 52.344184304125079 ] ] ] ] } },
{ "type": "Feature", "properties": { "element": "way", "id": 21592446, "addr:street": null, "leisure": "park", "name": "Martin Luther Kingpark", "note": null, "sport": null, "wikipedia": null, "access": null, "tourism": null, "website": null, "wikidata": "Q2285562", "start_date": null, "wikimedia_commons": "Category:Martin Luther Kingpark, Amsterdam", "area": null, "name:nl": null, "name:ru": null, "alt_name": null, "surface": null, "old_name": null, "name:etymology:wikidata": "Q8027", "wheelchair": null, "layer": null, "name:de": null, "name:en": null, "name:ko": null, "name:zh": null, "source": null, "landuse": null, "barrier": null, "fence_type": null, "leaf_type": null, "description": null, "opening_hours": null, "addr:city": null, "not": null, "bicycle": null, "foot": null, "motor_vehicle": null, "operator": null, "fee": null, "lit": null, "architect": null, "ref:bag": null, "addr:postcode": null, "smoking": null, "garden:type": null, "check_date": null, "construction": null, "survey:date": null, "type": null, "heritage": null, "heritage:operator": null, "ref:rce": null, "bbq": null, "name:uk": null, "name:zh-Hans": null }, "geometry": { "type": "MultiPolygon", "coordinates": [ [ [ [ 4.908754201244547, 52.339373604122166 ], [ 4.908584301244375, 52.33930040412217 ], [ 4.908522301244309, 52.339273604122148 ], [ 4.908515101244306, 52.339279204122136 ], [ 4.908483901244273, 52.339265804122114 ], [ 4.90845940124425, 52.339287004122156 ], [ 4.908460001244251, 52.339291604122124 ], [ 4.90845840124425, 52.339295004122128 ], [ 4.908454801244246, 52.339298704122186 ], [ 4.90843880124423, 52.339310304122179 ], [ 4.908383401244176, 52.339341604122183 ], [ 4.908360301244154, 52.339354304122182 ], [ 4.908314001244108, 52.339388704122221 ], [ 4.90802380124383, 52.339645904122349 ], [ 4.907969101243776, 52.339695004122376 ], [ 4.907961301243771, 52.33969800412234 ], [ 4.907951101243761, 52.339700504122405 ], [ 4.907921401243733, 52.339706204122386 ], [ 4.907916901243726, 52.339706404122389 ], [ 4.907911001243723, 52.339704904122407 ], [ 4.907909701243719, 52.339704204122363 ], [ 4.907907301243718, 52.339702904122397 ], [ 4.907863701243673, 52.339708504122392 ], [ 4.907864401243674, 52.339711904122396 ], [ 4.907863201243674, 52.339715304122386 ], [ 4.907859401243671, 52.339718504122416 ], [ 4.907854001243666, 52.339720204122393 ], [ 4.907831801243644, 52.339724504122444 ], [ 4.907800201243608, 52.339731304122402 ], [ 4.906904101242727, 52.339923604122532 ], [ 4.906884901242705, 52.339890204122497 ], [ 4.90673840124256, 52.339921704122524 ], [ 4.906674301242488, 52.339810204122429 ], [ 4.90671610124253, 52.339801304122453 ], [ 4.906664401242474, 52.339710504122372 ], [ 4.906644101242455, 52.33967610412239 ], [ 4.906596901242402, 52.339592304122348 ], [ 4.906580201242383, 52.339561104122325 ], [ 4.906536501242338, 52.339479304122271 ], [ 4.906471001242266, 52.33936180412222 ], [ 4.906432201242223, 52.339289004122151 ], [ 4.906394601242182, 52.339218304122049 ], [ 4.906376101242162, 52.339187204122105 ], [ 4.906374901242161, 52.339184604122082 ], [ 4.906374601242162, 52.339182004122108 ], [ 4.906362001242147, 52.339161004122083 ], [ 4.90633700124212, 52.339140404122048 ], [ 4.906248501242027, 52.339015304122007 ], [ 4.906186701241963, 52.338929604121944 ], [ 4.906131801241903, 52.338853604121894 ], [ 4.906096001241864, 52.338803404121897 ], [ 4.906094101241864, 52.338800804121895 ], [ 4.906065101241832, 52.338770904121866 ], [ 4.906039001241806, 52.338743904121841 ], [ 4.90596030124172, 52.338657904121781 ], [ 4.905934201241695, 52.338627404121766 ], [ 4.905906901241666, 52.338594604121731 ], [ 4.905877201241634, 52.3385573041217 ], [ 4.905847301241601, 52.338519104121708 ], [ 4.905815501241568, 52.338479704121667 ], [ 4.905811301241567, 52.338474304121654 ], [ 4.905804701241556, 52.338469204121672 ], [ 4.905798101241551, 52.338462004121666 ], [ 4.905793101241549, 52.338452904121652 ], [ 4.905790801241543, 52.33844380412166 ], [ 4.905790801241543, 52.338433804121642 ], [ 4.905794401241545, 52.338423904121662 ], [ 4.905800501241552, 52.338414504121616 ], [ 4.905807901241555, 52.338408504121645 ], [ 4.905818801241567, 52.33840130412166 ], [ 4.905834201241583, 52.338395204121611 ], [ 4.905920901241669, 52.338362204121566 ], [ 4.906107801241853, 52.338306804121565 ], [ 4.906171301241914, 52.338287704121548 ], [ 4.906375201242116, 52.338223304121534 ], [ 4.906377801242116, 52.338221004121486 ], [ 4.906378101242121, 52.338217904121507 ], [ 4.906558701242296, 52.338177704121485 ], [ 4.906534901242271, 52.33814780412149 ], [ 4.906526401242264, 52.338138504121446 ], [ 4.906515801242254, 52.338126904121474 ], [ 4.906494601242231, 52.338105304121463 ], [ 4.906474001242209, 52.33808800412146 ], [ 4.906461401242194, 52.338079504121438 ], [ 4.90643900124217, 52.338025804121408 ], [ 4.906408001242135, 52.337958604121368 ], [ 4.906390101242117, 52.337918704121357 ], [ 4.906372201242094, 52.337877704121304 ], [ 4.906355401242078, 52.33783560412131 ], [ 4.906339501242058, 52.337792204121257 ], [ 4.906325501242045, 52.337748204121233 ], [ 4.906311801242027, 52.337704204121174 ], [ 4.906298901242013, 52.337660104121191 ], [ 4.906286801242, 52.33761640412115 ], [ 4.906279601241993, 52.337592604121141 ], [ 4.906247201241953, 52.337469404121052 ], [ 4.906231001241932, 52.33739540412104 ], [ 4.906221201241921, 52.337352604121023 ], [ 4.906211001241909, 52.337308104120979 ], [ 4.906200501241895, 52.337263204120958 ], [ 4.906190501241884, 52.337218704120914 ], [ 4.906180301241871, 52.337174704120898 ], [ 4.906170801241861, 52.337131104120886 ], [ 4.906160801241848, 52.337087204120841 ], [ 4.906155001241841, 52.337062204120841 ], [ 4.906150401241836, 52.337042704120798 ], [ 4.906140701241824, 52.336998104120802 ], [ 4.906130601241809, 52.336953304120769 ], [ 4.906120201241799, 52.336908304120712 ], [ 4.906110101241786, 52.336863204120711 ], [ 4.90610460124178, 52.336840004120717 ], [ 4.905832401241511, 52.336858904120717 ], [ 4.905616501241291, 52.336873404120723 ], [ 4.905518301241194, 52.3368799041207 ], [ 4.905362301241043, 52.336890804120728 ], [ 4.905286501240965, 52.336896304120742 ], [ 4.905227801240908, 52.336901404120752 ], [ 4.905190301240871, 52.336906204120766 ], [ 4.905147401240828, 52.336913104120718 ], [ 4.905103301240785, 52.336922204120775 ], [ 4.905060601240741, 52.336932804120778 ], [ 4.905011401240694, 52.336948004120757 ], [ 4.904960601240643, 52.336965704120765 ], [ 4.904681101240369, 52.337066704120843 ], [ 4.904620901240309, 52.337088404120841 ], [ 4.904371001240065, 52.337179004120905 ], [ 4.904053601239752, 52.337293704120995 ], [ 4.903870701239571, 52.337359604121012 ], [ 4.903405201239114, 52.337528504121089 ], [ 4.903004401238721, 52.337672304121192 ], [ 4.902800401238521, 52.337743304121275 ], [ 4.902595701238317, 52.337817104121264 ], [ 4.902196201237929, 52.337961504121388 ], [ 4.902129001237861, 52.337986004121362 ], [ 4.902018701237751, 52.338025704121407 ], [ 4.901959601237695, 52.338048804121449 ], [ 4.901916501237652, 52.338070504121447 ], [ 4.901879401237618, 52.338091704121489 ], [ 4.901835701237575, 52.338121504121432 ], [ 4.901808501237548, 52.338145204121481 ], [ 4.901783001237526, 52.33817040412152 ], [ 4.901761201237504, 52.338197504121517 ], [ 4.901750501237495, 52.338213004121549 ], [ 4.901738801237483, 52.338232804121517 ], [ 4.901727101237474, 52.338254504121551 ], [ 4.90171300123746, 52.33828360412155 ], [ 4.90170070123745, 52.338315304121593 ], [ 4.901695701237443, 52.338329504121603 ], [ 4.901691901237442, 52.338342804121645 ], [ 4.901689101237438, 52.338362004121571 ], [ 4.901691701237444, 52.338372804121626 ], [ 4.901692001237443, 52.33838180412161 ], [ 4.901820801237572, 52.338376904121638 ], [ 4.901843701237595, 52.33837470412162 ], [ 4.901865801237615, 52.338372604121631 ], [ 4.901905101237658, 52.338368204121608 ], [ 4.901967101237717, 52.338361904121591 ], [ 4.902029301237778, 52.338354804121593 ], [ 4.902074101237826, 52.338348604121606 ], [ 4.902106201237855, 52.338341904121606 ], [ 4.902132101237882, 52.338333404121585 ], [ 4.902155001237904, 52.338323704121628 ], [ 4.90217270123792, 52.338313804121597 ], [ 4.902172201237918, 52.338312304121594 ], [ 4.902119001237866, 52.338282004121538 ], [ 4.902091501237837, 52.338266404121555 ], [ 4.902141401237885, 52.338230604121563 ], [ 4.90219670123794, 52.338191504121525 ], [ 4.902254101237994, 52.33815030412147 ], [ 4.902296101238034, 52.338121804121471 ], [ 4.902328801238069, 52.338104504121461 ], [ 4.902363101238099, 52.338090904121451 ], [ 4.902388001238127, 52.338083204121467 ], [ 4.902417301238152, 52.338076404121423 ], [ 4.902446401238182, 52.338071004121424 ], [ 4.902456801238194, 52.338069804121432 ], [ 4.902719301238455, 52.338056204121436 ], [ 4.902802901238537, 52.338052704121409 ], [ 4.902894601238628, 52.338050104121415 ], [ 4.902989501238723, 52.338047304121396 ], [ 4.903050601238786, 52.338044904121432 ], [ 4.903092601238827, 52.338042204121443 ], [ 4.903198401238931, 52.338037504121409 ], [ 4.903305301239042, 52.338032104121389 ], [ 4.903412401239146, 52.338026904121406 ], [ 4.903522101239254, 52.338021404121392 ], [ 4.903632201239365, 52.338015804121397 ], [ 4.903742701239476, 52.338010504121414 ], [ 4.903853601239586, 52.33800480412139 ], [ 4.903964801239699, 52.337999404121383 ], [ 4.904139101239871, 52.337990604121352 ], [ 4.904287901240019, 52.337983204121365 ], [ 4.904433901240166, 52.337975704121384 ], [ 4.904580701240312, 52.337968704121373 ], [ 4.904784701240524, 52.33814030412146 ], [ 4.905010101240758, 52.338329904121579 ], [ 4.905021301240772, 52.338417304121634 ], [ 4.905050001240811, 52.33864170412177 ], [ 4.905068901240838, 52.338783904121847 ], [ 4.904889201240665, 52.33888740412192 ], [ 4.904899101240675, 52.3389380041219 ], [ 4.904900801240679, 52.338960704121966 ], [ 4.90490220124068, 52.33897900412196 ], [ 4.904916301240702, 52.339123104122088 ], [ 4.90492170124071, 52.339178204122113 ], [ 4.904948801240737, 52.339178504122088 ], [ 4.905029201240815, 52.339151704122074 ], [ 4.905046701240831, 52.339144304122073 ], [ 4.905075701240861, 52.339127904122037 ], [ 4.90510590124089, 52.339108204122013 ], [ 4.905129801240911, 52.339106804122054 ], [ 4.905151701240935, 52.339105804122035 ], [ 4.905392101241175, 52.339041304122055 ], [ 4.905669601241446, 52.338966704121958 ], [ 4.905670801241448, 52.338975604122005 ], [ 4.905693001241479, 52.339148304122041 ], [ 4.905707201241499, 52.339258404122148 ], [ 4.905756801241567, 52.33967160412238 ], [ 4.905649301241461, 52.339676404122393 ], [ 4.905650601241463, 52.339687404122365 ], [ 4.905424301241234, 52.339697504122384 ], [ 4.905422901241234, 52.33968650412239 ], [ 4.905333201241145, 52.339690504122402 ], [ 4.905223701241034, 52.339695404122402 ], [ 4.905231701241046, 52.339765004122427 ], [ 4.905252301241076, 52.339945404122545 ], [ 4.905251801241075, 52.339962804122557 ], [ 4.905244301241068, 52.339981004122592 ], [ 4.905233501241058, 52.339996504122567 ], [ 4.905220501241046, 52.340009904122581 ], [ 4.905203301241032, 52.340030804122634 ], [ 4.905199001241026, 52.340040304122603 ], [ 4.905198801241027, 52.340052704122613 ], [ 4.905201401241028, 52.340064404122614 ], [ 4.905206801241039, 52.34007450412259 ], [ 4.905213901241043, 52.340083304122629 ], [ 4.905223101241053, 52.34008960412261 ], [ 4.905233901241064, 52.340094704122642 ], [ 4.905243401241075, 52.34009810412261 ], [ 4.905253301241084, 52.340100404122623 ], [ 4.905272101241104, 52.340102404122625 ], [ 4.905283901241113, 52.340102104122643 ], [ 4.905454601241283, 52.340094404122631 ], [ 4.905563101241392, 52.340089204122613 ], [ 4.90568200124151, 52.34008340412263 ], [ 4.905727201241557, 52.340082604122635 ], [ 4.905860201241691, 52.340084104122631 ], [ 4.906042001241872, 52.340085604122635 ], [ 4.906230401242062, 52.340087904122626 ], [ 4.906395301242223, 52.34008980412262 ], [ 4.906395701242224, 52.34007510412259 ], [ 4.906324501242154, 52.340069904122593 ], [ 4.906255701242085, 52.340063604122605 ], [ 4.906259601242088, 52.34004740412265 ], [ 4.906409001242237, 52.340057804122601 ], [ 4.906437501242268, 52.340059104122645 ], [ 4.906553501242382, 52.340065304122618 ], [ 4.906685201242511, 52.340069804122606 ], [ 4.906696801242525, 52.340070204122625 ], [ 4.906695801242522, 52.340086304122593 ], [ 4.906689001242518, 52.34008620412262 ], [ 4.906689301242519, 52.340092704122576 ], [ 4.906850901242681, 52.340094904122644 ], [ 4.906862201242692, 52.340095904122627 ], [ 4.906876101242705, 52.340097304122615 ], [ 4.907015501242845, 52.340115204122633 ], [ 4.907156301242988, 52.340133104122643 ], [ 4.907298101243129, 52.340150704122685 ], [ 4.907315401243147, 52.340152104122666 ], [ 4.907319901243149, 52.340135004122637 ], [ 4.907403601243234, 52.340141604122671 ], [ 4.907429801243262, 52.340143404122706 ], [ 4.907450001243282, 52.340143204122647 ], [ 4.907469601243302, 52.340141504122677 ], [ 4.90749080124332, 52.340137004122631 ], [ 4.907511801243344, 52.340131104122648 ], [ 4.907525001243354, 52.340126904122641 ], [ 4.907540601243371, 52.34012130412264 ], [ 4.907557101243388, 52.340114404122609 ], [ 4.907576001243407, 52.340106304122664 ], [ 4.907592701243423, 52.340098804122611 ], [ 4.907605201243433, 52.340091804122615 ], [ 4.907650201243477, 52.340054304122617 ], [ 4.907692101243519, 52.34001910412259 ], [ 4.90775920124358, 52.339962704122556 ], [ 4.907768901243589, 52.339931304122501 ], [ 4.907776301243596, 52.339926604122525 ], [ 4.907875901243694, 52.339863704122486 ], [ 4.907882901243701, 52.339859804122483 ], [ 4.907886501243703, 52.339859004122509 ], [ 4.907890801243708, 52.339859104122468 ], [ 4.907894801243713, 52.339860104122515 ], [ 4.907914001243734, 52.339867704122518 ], [ 4.907963201243778, 52.339834604122437 ], [ 4.908014701243828, 52.339796904122444 ], [ 4.908066901243878, 52.339755704122375 ], [ 4.908116301243926, 52.339712304122408 ], [ 4.908166101243974, 52.339668304122362 ], [ 4.908218001244022, 52.339622704122341 ], [ 4.908448001244246, 52.339419304122238 ], [ 4.90848500124428, 52.339386704122163 ], [ 4.908489501244282, 52.339388704122229 ], [ 4.908494201244287, 52.339386204122192 ], [ 4.908500101244294, 52.339385004122207 ], [ 4.9085062012443, 52.339384704122168 ], [ 4.908513501244306, 52.339386004122197 ], [ 4.908521301244317, 52.339389404122187 ], [ 4.908540601244336, 52.339397704122213 ], [ 4.908598901244394, 52.339422904122216 ], [ 4.908641601244438, 52.339441304122197 ], [ 4.908668601244469, 52.339453004122234 ], [ 4.908754201244547, 52.339373604122166 ] ] ] ] } },
{ "type": "Feature", "properties": { "element": "way", "id": 23289623, "addr:street": null, "leisure": "park", "name": "J.W. van Overloopplantsoen", "note": null, "sport": null, "wikipedia": null, "access": null, "tourism": null, "website": null, "wikidata": null, "start_date": null, "wikimedia_commons": null, "area": null, "name:nl": null, "name:ru": null, "alt_name": null, "surface": null, "old_name": null, "name:etymology:wikidata": null, "wheelchair": null, "layer": null, "name:de": null, "name:en": null, "name:ko": null, "name:zh": null, "source": null, "landuse": null, "barrier": null, "fence_type": null, "leaf_type": null, "description": null, "opening_hours": null, "addr:city": null, "not": null, "bicycle": null, "foot": null, "motor_vehicle": null, "operator": null, "fee": null, "lit": null, "architect": null, "ref:bag": null, "addr:postcode": null, "smoking": null, "garden:type": null, "check_date": null, "construction": null, "survey:date": null, "type": null, "heritage": null, "heritage:operator": null, "ref:rce": null, "bbq": null, "name:uk": null, "name:zh-Hans": null }, "geometry": { "type": "MultiPolygon", "coordinates": [ [ [ [ 4.908606401245676, 52.366260304138123 ], [ 4.909452701246506, 52.365969104137939 ], [ 4.909316601246365, 52.365819704137856 ], [ 4.909146701246198, 52.365872004137891 ], [ 4.908953401246005, 52.365900804137922 ], [ 4.908818101245872, 52.365903504137876 ], [ 4.908675401245728, 52.365900404137875 ], [ 4.908517001245567, 52.365862104137882 ], [ 4.908268301245319, 52.365821904137846 ], [ 4.908359301245414, 52.365932404137908 ], [ 4.9083440012454, 52.365977204137934 ], [ 4.908606401245676, 52.366260304138123 ] ] ] ] } },
{ "type": "Feature", "properties": { "element": "way", "id": 23935953, "addr:street": null, "leisure": "park", "name": "Westerpark", "note": null, "sport": null, "wikipedia": "nl:Westerpark (Amsterdam)", "access": null, "tourism": null, "website": null, "wikidata": "Q2187279", "start_date": null, "wikimedia_commons": "Category:Westerpark (park)", "area": null, "name:nl": null, "name:ru": null, "alt_name": null, "surface": null, "old_name": null, "name:etymology:wikidata": null, "wheelchair": "yes", "layer": null, "name:de": null, "name:en": null, "name:ko": null, "name:zh": null, "source": null, "landuse": null, "barrier": null, "fence_type": null, "leaf_type": null, "description": null, "opening_hours": null, "addr:city": null, "not": null, "bicycle": null, "foot": null, "motor_vehicle": null, "operator": null, "fee": null, "lit": null, "architect": null, "ref:bag": null, "addr:postcode": null, "smoking": null, "garden:type": null, "check_date": null, "construction": null, "survey:date": null, "type": null, "heritage": null, "heritage:operator": null, "ref:rce": null, "bbq": null, "name:uk": null, "name:zh-Hans": null }, "geometry": { "type": "MultiPolygon", "coordinates": [ [ [ [ 4.875165901213212, 52.385730804149681 ], [ 4.875139401213202, 52.386091804149892 ], [ 4.874965101213028, 52.386090104149936 ], [ 4.874940301213028, 52.386621504150206 ], [ 4.874285801212374, 52.386601304150226 ], [ 4.873331001211419, 52.386558004150167 ], [ 4.872317701210403, 52.386481404150139 ], [ 4.871593501209679, 52.386468304150121 ], [ 4.87159410120968, 52.386417204150099 ], [ 4.87159620120967, 52.38623260415001 ], [ 4.871293101209368, 52.386227604149958 ], [ 4.870855901208923, 52.386091804149878 ], [ 4.870405301208466, 52.385900204149792 ], [ 4.869719401207779, 52.385872504149788 ], [ 4.868183301206243, 52.385810404149751 ], [ 4.86766920120573, 52.38578970414973 ], [ 4.867589901205648, 52.385784704149735 ], [ 4.867452201205511, 52.385725104149692 ], [ 4.867001601205057, 52.38569560414966 ], [ 4.86696400120505, 52.386301304150052 ], [ 4.865824101203907, 52.386260404150036 ], [ 4.863487201201545, 52.385623204149645 ], [ 4.863154601201235, 52.386091404149887 ], [ 4.864966501203067, 52.386538204150185 ], [ 4.864860501203063, 52.388671304151451 ], [ 4.865316401203522, 52.38874090415149 ], [ 4.865579701203786, 52.388784504151495 ], [ 4.865579201203787, 52.388796904151526 ], [ 4.865864201204071, 52.388819304151518 ], [ 4.866961401205172, 52.388881604151564 ], [ 4.86727990120549, 52.388886304151548 ], [ 4.867295401205507, 52.388922304151571 ], [ 4.867763801205974, 52.388914404151556 ], [ 4.868307401206515, 52.388888904151571 ], [ 4.869065401207272, 52.388855704151545 ], [ 4.869706001207907, 52.388806004151512 ], [ 4.870113901208315, 52.388755704151485 ], [ 4.87074690120894, 52.388664004151451 ], [ 4.871894901210077, 52.388451204151274 ], [ 4.872570801210746, 52.38833330415121 ], [ 4.874330001212491, 52.388107604151074 ], [ 4.87458110121274, 52.388065304151056 ], [ 4.875039901213193, 52.387988104151013 ], [ 4.875483401213633, 52.387913404150972 ], [ 4.876293401214434, 52.38775950415085 ], [ 4.877282001215413, 52.387555904150766 ], [ 4.878338901216455, 52.387325804150628 ], [ 4.878335401216451, 52.387321804150645 ], [ 4.878391701216508, 52.387305504150603 ], [ 4.878448701216562, 52.387289304150634 ], [ 4.878453201216568, 52.387293304150603 ], [ 4.87883160121694, 52.387166004150529 ], [ 4.881458201219522, 52.386336804149998 ], [ 4.88142760121949, 52.38629330414998 ], [ 4.881293701219351, 52.386228504149933 ], [ 4.881168501219221, 52.38608920414989 ], [ 4.881200001219244, 52.385900004149754 ], [ 4.881164101219203, 52.385804604149676 ], [ 4.881098201219139, 52.385830804149705 ], [ 4.880782101218823, 52.385862304149747 ], [ 4.880589401218635, 52.385864604149759 ], [ 4.880330001218375, 52.385857904149745 ], [ 4.880196401218241, 52.385845804149739 ], [ 4.87986760121791, 52.385826404149711 ], [ 4.87660390121465, 52.385759404149681 ], [ 4.875528301213575, 52.385738204149661 ], [ 4.875389601213434, 52.385735404149685 ], [ 4.875165901213212, 52.385730804149681 ] ] ] ] } },
{ "type": "Feature", "properties": { "element": "way", "id": 24979061, "addr:street": null, "leisure": "park", "name": null, "note": null, "sport": null, "wikipedia": null, "access": null, "tourism": null, "website": null, "wikidata": null, "start_date": null, "wikimedia_commons": null, "area": null, "name:nl": null, "name:ru": null, "alt_name": null, "surface": null, "old_name": null, "name:etymology:wikidata": null, "wheelchair": null, "layer": "-1", "name:de": null, "name:en": null, "name:ko": null, "name:zh": null, "source": null, "landuse": null, "barrier": null, "fence_type": null, "leaf_type": null, "description": null, "opening_hours": null, "addr:city": null, "not": null, "bicycle": null, "foot": null, "motor_vehicle": null, "operator": null, "fee": null, "lit": null, "architect": null, "ref:bag": null, "addr:postcode": null, "smoking": null, "garden:type": null, "check_date": null, "construction": null, "survey:date": null, "type": null, "heritage": null, "heritage:operator": null, "ref:rce": null, "bbq": null, "name:uk": null, "name:zh-Hans": null }, "geometry": { "type": "MultiPolygon", "coordinates": [ [ [ [ 4.853748101191397, 52.376926904144561 ], [ 4.853863001191495, 52.376570704144342 ], [ 4.852755801190385, 52.376465904144283 ], [ 4.852601301190237, 52.376570704144342 ], [ 4.852369501190005, 52.376555004144315 ], [ 4.850446901188066, 52.37616720414411 ], [ 4.848335501185937, 52.375774204143873 ], [ 4.847631701185226, 52.375594904143774 ], [ 4.847551601185154, 52.375748804143868 ], [ 4.848507101186116, 52.375962904143989 ], [ 4.848589001186199, 52.375977504143982 ], [ 4.850558501188186, 52.376329704144219 ], [ 4.85147690118911, 52.376528804144314 ], [ 4.852412401190058, 52.376712204144447 ], [ 4.852887301190535, 52.376830304144491 ], [ 4.853748101191397, 52.376926904144561 ] ] ] ] } },
{ "type": "Feature", "properties": { "element": "way", "id": 24979184, "addr:street": null, "leisure": "park", "name": "Erasmuspark", "note": null, "sport": null, "wikipedia": "nl:Erasmuspark", "access": null, "tourism": null, "website": null, "wikidata": "Q3122189", "start_date": null, "wikimedia_commons": "Category:Erasmuspark", "area": null, "name:nl": null, "name:ru": null, "alt_name": null, "surface": null, "old_name": null, "name:etymology:wikidata": null, "wheelchair": null, "layer": null, "name:de": null, "name:en": null, "name:ko": null, "name:zh": null, "source": null, "landuse": null, "barrier": null, "fence_type": null, "leaf_type": null, "description": null, "opening_hours": null, "addr:city": null, "not": null, "bicycle": null, "foot": null, "motor_vehicle": null, "operator": null, "fee": null, "lit": null, "architect": null, "ref:bag": null, "addr:postcode": null, "smoking": null, "garden:type": null, "check_date": null, "construction": null, "survey:date": null, "type": null, "heritage": null, "heritage:operator": null, "ref:rce": null, "bbq": null, "name:uk": null, "name:zh-Hans": null }, "geometry": { "type": "MultiPolygon", "coordinates": [ [ [ [ 4.848404101186, 52.375638004143788 ], [ 4.849957101187429, 52.373145204142318 ], [ 4.852358801189849, 52.373577204142563 ], [ 4.853011101190509, 52.373729204142649 ], [ 4.854444501191964, 52.374242704142958 ], [ 4.85506400119259, 52.374387004143045 ], [ 4.854446101192071, 52.37642530414427 ], [ 4.854145601191773, 52.376462004144258 ], [ 4.851141601188758, 52.376126704144134 ], [ 4.848404101186, 52.375638004143788 ] ] ] ] } },
{ "type": "Feature", "properties": { "element": "way", "id": 25029549, "addr:street": null, "leisure": "park", "name": null, "note": null, "sport": null, "wikipedia": null, "access": null, "tourism": null, "website": null, "wikidata": null, "start_date": null, "wikimedia_commons": null, "area": null, "name:nl": null, "name:ru": null, "alt_name": null, "surface": null, "old_name": null, "name:etymology:wikidata": null, "wheelchair": null, "layer": null, "name:de": null, "name:en": null, "name:ko": null, "name:zh": null, "source": null, "landuse": null, "barrier": null, "fence_type": null, "leaf_type": null, "description": null, "opening_hours": null, "addr:city": null, "not": null, "bicycle": null, "foot": null, "motor_vehicle": null, "operator": null, "fee": null, "lit": null, "architect": null, "ref:bag": null, "addr:postcode": null, "smoking": null, "garden:type": null, "check_date": null, "construction": null, "survey:date": null, "type": null, "heritage": null, "heritage:operator": null, "ref:rce": null, "bbq": null, "name:uk": null, "name:zh-Hans": null }, "geometry": { "type": "MultiPolygon", "coordinates": [ [ [ [ 4.858038201195915, 52.38169620414736 ], [ 4.858182601196066, 52.381789704147423 ], [ 4.8584272011963, 52.381642804147312 ], [ 4.858284401196153, 52.38155050414727 ], [ 4.858038201195915, 52.38169620414736 ] ] ] ] } },
{ "type": "Feature", "properties": { "element": "way", "id": 25029551, "addr:street": null, "leisure": "park", "name": null, "note": null, "sport": null, "wikipedia": null, "access": null, "tourism": null, "website": null, "wikidata": null, "start_date": null, "wikimedia_commons": null, "area": null, "name:nl": null, "name:ru": null, "alt_name": null, "surface": null, "old_name": null, "name:etymology:wikidata": null, "wheelchair": null, "layer": null, "name:de": null, "name:en": null, "name:ko": null, "name:zh": null, "source": null, "landuse": null, "barrier": null, "fence_type": null, "leaf_type": null, "description": null, "opening_hours": null, "addr:city": null, "not": null, "bicycle": null, "foot": null, "motor_vehicle": null, "operator": null, "fee": null, "lit": null, "architect": null, "ref:bag": null, "addr:postcode": null, "smoking": null, "garden:type": null, "check_date": null, "construction": null, "survey:date": null, "type": null, "heritage": null, "heritage:operator": null, "ref:rce": null, "bbq": null, "name:uk": null, "name:zh-Hans": null }, "geometry": { "type": "MultiPolygon", "coordinates": [ [ [ [ 4.858761701196614, 52.381229004147038 ], [ 4.858952501196812, 52.381344904147142 ], [ 4.85918840119704, 52.381209004147088 ], [ 4.859002401196848, 52.381081304146988 ], [ 4.858761701196614, 52.381229004147038 ] ] ] ] } },
{ "type": "Feature", "properties": { "element": "way", "id": 25029905, "addr:street": null, "leisure": "park", "name": null, "note": null, "sport": null, "wikipedia": null, "access": null, "tourism": null, "website": null, "wikidata": null, "start_date": null, "wikimedia_commons": null, "area": null, "name:nl": null, "name:ru": null, "alt_name": null, "surface": null, "old_name": null, "name:etymology:wikidata": null, "wheelchair": null, "layer": null, "name:de": null, "name:en": null, "name:ko": null, "name:zh": null, "source": null, "landuse": null, "barrier": null, "fence_type": null, "leaf_type": null, "description": null, "opening_hours": null, "addr:city": null, "not": null, "bicycle": null, "foot": null, "motor_vehicle": null, "operator": null, "fee": null, "lit": null, "architect": null, "ref:bag": null, "addr:postcode": null, "smoking": null, "garden:type": null, "check_date": null, "construction": null, "survey:date": null, "type": null, "heritage": null, "heritage:operator": null, "ref:rce": null, "bbq": null, "name:uk": null, "name:zh-Hans": null }, "geometry": { "type": "MultiPolygon", "coordinates": [ [ [ [ 4.853286201190998, 52.378192804145321 ], [ 4.853240601190954, 52.378161004145291 ], [ 4.853246001190958, 52.378119404145281 ], [ 4.853390201191085, 52.377849004145098 ], [ 4.853425201191119, 52.377789104145037 ], [ 4.853445801191137, 52.377770304145024 ], [ 4.853473401191167, 52.377762804145036 ], [ 4.853510601191203, 52.377760404145022 ], [ 4.853635901191327, 52.37778740414506 ], [ 4.853658901191352, 52.377798804145058 ], [ 4.853673001191366, 52.377810804145071 ], [ 4.853679401191376, 52.377832104145078 ], [ 4.853608501191309, 52.377980904145161 ], [ 4.853609901191311, 52.37799390414515 ], [ 4.853618001191321, 52.37800570414516 ], [ 4.853632801191335, 52.378011004145193 ], [ 4.853757901191462, 52.378036604145215 ], [ 4.85382400119153, 52.378073404145226 ], [ 4.853726901191441, 52.378235904145313 ], [ 4.853695101191413, 52.378260304145343 ], [ 4.853646701191363, 52.378264604145286 ], [ 4.853286201190998, 52.378192804145321 ] ] ] ] } },
{ "type": "Feature", "properties": { "element": "way", "id": 25029910, "addr:street": null, "leisure": "park", "name": "Theophilusplantsoen", "note": null, "sport": null, "wikipedia": null, "access": null, "tourism": null, "website": null, "wikidata": null, "start_date": null, "wikimedia_commons": null, "area": null, "name:nl": null, "name:ru": null, "alt_name": null, "surface": null, "old_name": null, "name:etymology:wikidata": null, "wheelchair": null, "layer": null, "name:de": null, "name:en": null, "name:ko": null, "name:zh": null, "source": null, "landuse": null, "barrier": null, "fence_type": null, "leaf_type": null, "description": null, "opening_hours": null, "addr:city": null, "not": null, "bicycle": null, "foot": null, "motor_vehicle": null, "operator": null, "fee": null, "lit": null, "architect": null, "ref:bag": null, "addr:postcode": null, "smoking": null, "garden:type": null, "check_date": null, "construction": null, "survey:date": null, "type": null, "heritage": null, "heritage:operator": null, "ref:rce": null, "bbq": null, "name:uk": null, "name:zh-Hans": null }, "geometry": { "type": "MultiPolygon", "coordinates": [ [ [ [ 4.852265901190021, 52.379032604145777 ], [ 4.852585501190346, 52.379139304145845 ], [ 4.852726001190482, 52.379103504145796 ], [ 4.853163801190881, 52.378281404145348 ], [ 4.852744101190458, 52.378186704145293 ], [ 4.852265901190021, 52.379032604145777 ] ] ] ] } },
{ "type": "Feature", "properties": { "element": "way", "id": 25029914, "addr:street": null, "leisure": "park", "name": "Hertspieghelplantsoen", "note": null, "sport": null, "wikipedia": null, "access": null, "tourism": null, "website": null, "wikidata": null, "start_date": null, "wikimedia_commons": null, "area": null, "name:nl": null, "name:ru": null, "alt_name": null, "surface": null, "old_name": null, "name:etymology:wikidata": null, "wheelchair": null, "layer": null, "name:de": null, "name:en": null, "name:ko": null, "name:zh": null, "source": null, "landuse": null, "barrier": null, "fence_type": null, "leaf_type": null, "description": null, "opening_hours": null, "addr:city": null, "not": null, "bicycle": null, "foot": null, "motor_vehicle": null, "operator": null, "fee": null, "lit": null, "architect": null, "ref:bag": null, "addr:postcode": null, "smoking": null, "garden:type": null, "check_date": null, "construction": null, "survey:date": null, "type": null, "heritage": null, "heritage:operator": null, "ref:rce": null, "bbq": null, "name:uk": null, "name:zh-Hans": null }, "geometry": { "type": "MultiPolygon", "coordinates": [ [ [ [ 4.851584601189405, 52.380346704146547 ], [ 4.852029301189855, 52.380453004146617 ], [ 4.852183601189992, 52.38014310414647 ], [ 4.852338401190134, 52.379905304146305 ], [ 4.852650401190436, 52.37966790414616 ], [ 4.852124001189898, 52.379407404145994 ], [ 4.851584601189405, 52.380346704146547 ] ] ] ] } },
{ "type": "Feature", "properties": { "element": "way", "id": 25649083, "addr:street": null, "leisure": "park", "name": "Adama van Scheltemaplein", "note": null, "sport": null, "wikipedia": null, "access": null, "tourism": null, "website": null, "wikidata": null, "start_date": null, "wikimedia_commons": null, "area": null, "name:nl": null, "name:ru": null, "alt_name": null, "surface": null, "old_name": null, "name:etymology:wikidata": null, "wheelchair": null, "layer": null, "name:de": null, "name:en": null, "name:ko": null, "name:zh": null, "source": null, "landuse": null, "barrier": null, "fence_type": null, "leaf_type": null, "description": null, "opening_hours": null, "addr:city": null, "not": null, "bicycle": null, "foot": null, "motor_vehicle": null, "operator": null, "fee": null, "lit": null, "architect": null, "ref:bag": null, "addr:postcode": null, "smoking": null, "garden:type": null, "check_date": null, "construction": null, "survey:date": null, "type": null, "heritage": null, "heritage:operator": null, "ref:rce": null, "bbq": null, "name:uk": null, "name:zh-Hans": null }, "geometry": { "type": "MultiPolygon", "coordinates": [ [ [ [ 4.873673701209968, 52.349235804128121 ], [ 4.874548501210841, 52.349271404128153 ], [ 4.874579001210859, 52.348997104128038 ], [ 4.873707301209988, 52.348961004128 ], [ 4.873704201209985, 52.348986404128006 ], [ 4.873686001209974, 52.349135104128109 ], [ 4.873682701209971, 52.349162004128118 ], [ 4.873673701209968, 52.349235804128121 ] ] ] ] } },
{ "type": "Feature", "properties": { "element": "way", "id": 25649232, "addr:street": null, "leisure": "park", "name": "Veroneseplantsoen", "note": null, "sport": null, "wikipedia": "nl:Veroneseplantsoen", "access": null, "tourism": null, "website": null, "wikidata": "Q85306745", "start_date": null, "wikimedia_commons": "Category:Veroneseplantsoen, Amsterdam", "area": null, "name:nl": null, "name:ru": null, "alt_name": null, "surface": null, "old_name": null, "name:etymology:wikidata": "Q9440", "wheelchair": null, "layer": null, "name:de": null, "name:en": null, "name:ko": null, "name:zh": null, "source": null, "landuse": null, "barrier": null, "fence_type": null, "leaf_type": null, "description": null, "opening_hours": null, "addr:city": null, "not": null, "bicycle": null, "foot": null, "motor_vehicle": null, "operator": null, "fee": null, "lit": null, "architect": null, "ref:bag": null, "addr:postcode": null, "smoking": null, "garden:type": null, "check_date": null, "construction": null, "survey:date": null, "type": null, "heritage": null, "heritage:operator": null, "ref:rce": null, "bbq": null, "name:uk": null, "name:zh-Hans": null }, "geometry": { "type": "MultiPolygon", "coordinates": [ [ [ [ 4.870896001207188, 52.349140104128111 ], [ 4.87090180120718, 52.348899604127958 ], [ 4.870026301206305, 52.348872504127932 ], [ 4.86999990120629, 52.349105004128049 ], [ 4.870896001207188, 52.349140104128111 ] ] ] ] } },
{ "type": "Feature", "properties": { "element": "way", "id": 25653454, "addr:street": null, "leisure": "park", "name": "Prof. Durrerplantsoen", "note": null, "sport": null, "wikipedia": null, "access": null, "tourism": null, "website": null, "wikidata": "Q52349325", "start_date": null, "wikimedia_commons": null, "area": null, "name:nl": null, "name:ru": null, "alt_name": null, "surface": null, "old_name": null, "name:etymology:wikidata": null, "wheelchair": null, "layer": null, "name:de": null, "name:en": null, "name:ko": null, "name:zh": null, "source": null, "landuse": null, "barrier": null, "fence_type": null, "leaf_type": null, "description": null, "opening_hours": null, "addr:city": null, "not": null, "bicycle": null, "foot": null, "motor_vehicle": null, "operator": null, "fee": null, "lit": null, "architect": null, "ref:bag": null, "addr:postcode": null, "smoking": null, "garden:type": null, "check_date": null, "construction": null, "survey:date": null, "type": null, "heritage": null, "heritage:operator": null, "ref:rce": null, "bbq": null, "name:uk": null, "name:zh-Hans": null }, "geometry": { "type": "MultiPolygon", "coordinates": [ [ [ [ 4.872920101209088, 52.346614004126607 ], [ 4.873461901209629, 52.346631104126587 ], [ 4.873634201209804, 52.346636604126587 ], [ 4.873837001210005, 52.346643004126577 ], [ 4.87384760121001, 52.346517804126528 ], [ 4.873645601209806, 52.346510504126528 ], [ 4.873475201209637, 52.346506004126503 ], [ 4.872930801209089, 52.346488804126508 ], [ 4.872920101209088, 52.346614004126607 ] ] ] ] } },
{ "type": "Feature", "properties": { "element": "way", "id": 25800735, "addr:street": null, "leisure": "park", "name": "Leidsebosje", "note": null, "sport": null, "wikipedia": "nl:Leidsebosje", "access": null, "tourism": null, "website": null, "wikidata": "Q2355276", "start_date": null, "wikimedia_commons": "Category:Leidsebosje, Amsterdam", "area": null, "name:nl": null, "name:ru": null, "alt_name": null, "surface": null, "old_name": null, "name:etymology:wikidata": null, "wheelchair": null, "layer": null, "name:de": null, "name:en": null, "name:ko": null, "name:zh": null, "source": null, "landuse": null, "barrier": null, "fence_type": null, "leaf_type": null, "description": null, "opening_hours": null, "addr:city": null, "not": null, "bicycle": null, "foot": null, "motor_vehicle": null, "operator": null, "fee": null, "lit": null, "architect": null, "ref:bag": null, "addr:postcode": null, "smoking": null, "garden:type": null, "check_date": null, "construction": null, "survey:date": null, "type": null, "heritage": null, "heritage:operator": null, "ref:rce": null, "bbq": null, "name:uk": null, "name:zh-Hans": null }, "geometry": { "type": "MultiPolygon", "coordinates": [ [ [ [ 4.879263101216242, 52.363666804136678 ], [ 4.879525901216509, 52.363746304136711 ], [ 4.879481501216469, 52.363804504136759 ], [ 4.879521701216508, 52.363824904136791 ], [ 4.879562501216549, 52.363833004136751 ], [ 4.87969290121668, 52.363816704136781 ], [ 4.879799501216785, 52.363782804136697 ], [ 4.880174601217152, 52.363646804136643 ], [ 4.880553301217524, 52.36350890413658 ], [ 4.880689601217657, 52.363453404136507 ], [ 4.880750901217718, 52.363452804136521 ], [ 4.880825301217786, 52.363353104136479 ], [ 4.880869301217825, 52.363228304136406 ], [ 4.880794801217751, 52.363203104136367 ], [ 4.880471701217422, 52.363070204136292 ], [ 4.880356401217305, 52.3630502041363 ], [ 4.880218101217169, 52.363076604136324 ], [ 4.880162201217114, 52.363130304136334 ], [ 4.879620601216589, 52.363461704136562 ], [ 4.879263101216242, 52.363666804136678 ] ] ] ] } },
{ "type": "Feature", "properties": { "element": "way", "id": 25809009, "addr:street": null, "leisure": "park", "name": "Leidsebosje", "note": null, "sport": null, "wikipedia": null, "access": null, "tourism": null, "website": null, "wikidata": null, "start_date": null, "wikimedia_commons": null, "area": null, "name:nl": null, "name:ru": null, "alt_name": null, "surface": null, "old_name": null, "name:etymology:wikidata": null, "wheelchair": null, "layer": null, "name:de": null, "name:en": null, "name:ko": null, "name:zh": null, "source": null, "landuse": null, "barrier": null, "fence_type": null, "leaf_type": null, "description": null, "opening_hours": null, "addr:city": null, "not": null, "bicycle": null, "foot": null, "motor_vehicle": null, "operator": null, "fee": null, "lit": null, "architect": null, "ref:bag": null, "addr:postcode": null, "smoking": null, "garden:type": null, "check_date": null, "construction": null, "survey:date": null, "type": null, "heritage": null, "heritage:operator": null, "ref:rce": null, "bbq": null, "name:uk": null, "name:zh-Hans": null }, "geometry": { "type": "MultiPolygon", "coordinates": [ [ [ [ 4.881733801218626, 52.361922204135652 ], [ 4.881184001218089, 52.362184604135798 ], [ 4.88111150121802, 52.362221404135816 ], [ 4.881056701217965, 52.362241104135826 ], [ 4.881024301217933, 52.36225530413585 ], [ 4.880977701217888, 52.362285004135835 ], [ 4.880940001217852, 52.362310804135866 ], [ 4.88084290121776, 52.3623988041359 ], [ 4.880802301217723, 52.362458704135953 ], [ 4.880727001217651, 52.362551404135971 ], [ 4.880664001217593, 52.362630504136035 ], [ 4.88062870121756, 52.362684404136083 ], [ 4.880741501217673, 52.362700704136095 ], [ 4.880780901217712, 52.362707204136079 ], [ 4.88077730121771, 52.362714804136104 ], [ 4.880768201217703, 52.362756604136116 ], [ 4.880767301217703, 52.362796704136095 ], [ 4.880770501217708, 52.362836004136206 ], [ 4.880781301217723, 52.362875804136145 ], [ 4.880803501217746, 52.362915904136194 ], [ 4.880840201217786, 52.362959804136231 ], [ 4.880889601217836, 52.363001604136258 ], [ 4.880948701217897, 52.363039204136292 ], [ 4.881101101218054, 52.363112804136321 ], [ 4.881135201218084, 52.363085404136314 ], [ 4.881260501218205, 52.362984704136224 ], [ 4.881289901218233, 52.36299010413628 ], [ 4.881357401218295, 52.362848004136168 ], [ 4.881387201218323, 52.362777504136083 ], [ 4.881412901218344, 52.362705004136068 ], [ 4.881474901218397, 52.362499604136012 ], [ 4.881491401218411, 52.362451504135933 ], [ 4.881510901218428, 52.362406804135951 ], [ 4.88155840121847, 52.362311804135857 ], [ 4.881577201218486, 52.362282104135843 ], [ 4.881604601218513, 52.362239504135808 ], [ 4.881616901218527, 52.362245004135822 ], [ 4.881658301218564, 52.362185904135792 ], [ 4.881714501218618, 52.362124504135764 ], [ 4.881755501218656, 52.362088504135727 ], [ 4.881787901218687, 52.362062904135676 ], [ 4.88181230121871, 52.362049404135703 ], [ 4.881840101218739, 52.362039904135692 ], [ 4.881842701218742, 52.362041104135706 ], [ 4.881847901218746, 52.3620339041357 ], [ 4.881847201218744, 52.36202490413568 ], [ 4.881844301218741, 52.362019404135687 ], [ 4.881797201218694, 52.361977504135616 ], [ 4.881733801218626, 52.361922204135652 ] ] ] ] } },
{ "type": "Feature", "properties": { "element": "way", "id": 25965389, "addr:street": null, "leisure": "park", "name": "Museumplein", "note": null, "sport": null, "wikipedia": "nl:Museumplein", "access": null, "tourism": null, "website": null, "wikidata": "Q639321", "start_date": null, "wikimedia_commons": "Category:Museumplein", "area": null, "name:nl": "Museumplein", "name:ru": null, "alt_name": null, "surface": null, "old_name": null, "name:etymology:wikidata": null, "wheelchair": null, "layer": null, "name:de": "Museumsplatz", "name:en": "Museum Square", "name:ko": "박물관 광장(뮈세윔플레인)", "name:zh": "博物館廣場", "source": null, "landuse": null, "barrier": null, "fence_type": null, "leaf_type": null, "description": null, "opening_hours": null, "addr:city": null, "not": null, "bicycle": null, "foot": null, "motor_vehicle": null, "operator": null, "fee": null, "lit": null, "architect": null, "ref:bag": null, "addr:postcode": null, "smoking": null, "garden:type": null, "check_date": null, "construction": null, "survey:date": null, "type": null, "heritage": null, "heritage:operator": null, "ref:rce": null, "bbq": null, "name:uk": null, "name:zh-Hans": null }, "geometry": { "type": "MultiPolygon", "coordinates": [ [ [ [ 4.883439401220143, 52.357984204133295 ], [ 4.883364601220062, 52.357889904133245 ], [ 4.882672401219328, 52.356995504132733 ], [ 4.882635001219287, 52.356947204132673 ], [ 4.882611501219265, 52.356924304132669 ], [ 4.882588701219239, 52.356906704132641 ], [ 4.881438601218056, 52.356161004132197 ], [ 4.880696801217317, 52.356270304132259 ], [ 4.88078600121741, 52.356296404132308 ], [ 4.880824901217452, 52.356335404132338 ], [ 4.880872201217499, 52.356388404132332 ], [ 4.880852201217484, 52.356466904132404 ], [ 4.880833801217467, 52.356485704132417 ], [ 4.880814901217448, 52.356497204132424 ], [ 4.880793301217428, 52.356508304132426 ], [ 4.880760801217394, 52.356517604132428 ], [ 4.880728601217363, 52.356522104132452 ], [ 4.880695701217332, 52.356521704132454 ], [ 4.8806655012173, 52.356517504132441 ], [ 4.880638501217272, 52.356509304132402 ], [ 4.880613201217248, 52.356495104132428 ], [ 4.880585801217219, 52.356484804132414 ], [ 4.880422901217055, 52.356442004132404 ], [ 4.880137801216765, 52.356362404132355 ], [ 4.880048401216685, 52.356531104132436 ], [ 4.879882301216529, 52.356762904132566 ], [ 4.879767701216423, 52.356897804132622 ], [ 4.879920801216582, 52.357039904132748 ], [ 4.88046780121715, 52.357501404133011 ], [ 4.880874601217569, 52.357756504133164 ], [ 4.880746501217445, 52.357818804133181 ], [ 4.88066680121737, 52.357904504133259 ], [ 4.881175601217888, 52.358121104133389 ], [ 4.88144260121816, 52.358243404133439 ], [ 4.881799101218524, 52.358415904133565 ], [ 4.882139101218872, 52.358565504133601 ], [ 4.882306201219042, 52.358642104133686 ], [ 4.882445901219175, 52.358525204133628 ], [ 4.882529701219257, 52.358462104133572 ], [ 4.88260760121933, 52.358409404133518 ], [ 4.882731501219451, 52.3583355041335 ], [ 4.882850901219567, 52.358269504133489 ], [ 4.882976901219691, 52.358207804133421 ], [ 4.883089601219801, 52.358157804133427 ], [ 4.883197601219905, 52.35811450413334 ], [ 4.883306801220014, 52.358075504133367 ], [ 4.883410701220116, 52.358041404133324 ], [ 4.883422401220129, 52.358037004133337 ], [ 4.883432401220138, 52.35803120413334 ], [ 4.883440301220144, 52.358024404133324 ], [ 4.88344560122015, 52.358016604133304 ], [ 4.883448301220153, 52.358008404133308 ], [ 4.88344810122015, 52.358000004133309 ], [ 4.883445101220148, 52.357991804133292 ], [ 4.883439401220143, 52.357984204133295 ] ] ] ] } },
{ "type": "Feature", "properties": { "element": "way", "id": 26037982, "addr:street": null, "leisure": "park", "name": "Beatrixpark", "note": null, "sport": null, "wikipedia": "nl:Beatrixpark (Amsterdam)", "access": null, "tourism": null, "website": null, "wikidata": "Q1845531", "start_date": null, "wikimedia_commons": "Category:Beatrixpark", "area": null, "name:nl": null, "name:ru": null, "alt_name": null, "surface": null, "old_name": "Irenepark", "name:etymology:wikidata": null, "wheelchair": null, "layer": null, "name:de": null, "name:en": null, "name:ko": null, "name:zh": null, "source": null, "landuse": null, "barrier": null, "fence_type": null, "leaf_type": null, "description": null, "opening_hours": null, "addr:city": null, "not": null, "bicycle": null, "foot": null, "motor_vehicle": null, "operator": null, "fee": null, "lit": null, "architect": null, "ref:bag": null, "addr:postcode": null, "smoking": null, "garden:type": null, "check_date": null, "construction": null, "survey:date": null, "type": null, "heritage": null, "heritage:operator": null, "ref:rce": null, "bbq": null, "name:uk": null, "name:zh-Hans": null }, "geometry": { "type": "MultiPolygon", "coordinates": [ [ [ [ 4.881199201217032, 52.33978170412253 ], [ 4.881286901217126, 52.339942104122592 ], [ 4.88131730121716, 52.340006104122651 ], [ 4.881211401217057, 52.340073604122686 ], [ 4.881087101216939, 52.34014500412276 ], [ 4.881006301216859, 52.340178904122752 ], [ 4.880939601216793, 52.340188404122777 ], [ 4.880936401216793, 52.340285204122793 ], [ 4.880617601216479, 52.340388204122888 ], [ 4.880483701216348, 52.340430504122885 ], [ 4.880500101216366, 52.340452504122922 ], [ 4.880504701216372, 52.34047460412291 ], [ 4.880499101216366, 52.340530004122982 ], [ 4.880436701216308, 52.340595304123013 ], [ 4.880406001216281, 52.340665004123025 ], [ 4.880367201216243, 52.34070690412306 ], [ 4.880282901216163, 52.340769204123127 ], [ 4.880240001216121, 52.340800904123128 ], [ 4.880040701215929, 52.34094390412325 ], [ 4.880010501215901, 52.34096560412322 ], [ 4.879869901215765, 52.341076604123316 ], [ 4.8798013012157, 52.341149804123326 ], [ 4.879442901215365, 52.341627504123629 ], [ 4.879383701215312, 52.341752204123701 ], [ 4.879403901215336, 52.341825304123752 ], [ 4.87941640121535, 52.341873504123775 ], [ 4.879438201215375, 52.341951504123784 ], [ 4.879441701215381, 52.341992504123851 ], [ 4.879389701215331, 52.342020604123839 ], [ 4.879333101215278, 52.342042904123872 ], [ 4.879269201215211, 52.34205090412383 ], [ 4.879125001215067, 52.342043004123866 ], [ 4.878704801214647, 52.342063904123897 ], [ 4.878284801214232, 52.342091004123894 ], [ 4.878137301214172, 52.343924904124989 ], [ 4.878087001214151, 52.344549504125347 ], [ 4.87862220121469, 52.344652004125408 ], [ 4.881069801217189, 52.345799004126093 ], [ 4.881606201217701, 52.345271404125775 ], [ 4.881845201217931, 52.345033904125629 ], [ 4.881901501217984, 52.345007304125602 ], [ 4.882092101218173, 52.344945904125609 ], [ 4.882775701218833, 52.344498004125363 ], [ 4.883387201219435, 52.344314504125194 ], [ 4.884827101220876, 52.344331704125239 ], [ 4.885499001221546, 52.344339704125225 ], [ 4.885441101221453, 52.343578504124736 ], [ 4.884970201220883, 52.341483004123532 ], [ 4.884901901220797, 52.34117890412336 ], [ 4.884900201220796, 52.341165004123312 ], [ 4.884898601220794, 52.341151904123322 ], [ 4.884893401220786, 52.341107304123334 ], [ 4.884878201220769, 52.341055504123261 ], [ 4.884863001220747, 52.34092240412317 ], [ 4.884861501220745, 52.340900904123153 ], [ 4.884863201220745, 52.340886504123162 ], [ 4.884869101220752, 52.340857804123139 ], [ 4.884886501220765, 52.340815404123106 ], [ 4.88490300122078, 52.340774504123125 ], [ 4.884909701220784, 52.340755504123052 ], [ 4.884911501220789, 52.34072820412306 ], [ 4.884842101220693, 52.340219204122796 ], [ 4.884837401220688, 52.340185004122752 ], [ 4.884822901220667, 52.340078704122689 ], [ 4.884753301220596, 52.340083104122705 ], [ 4.884739201220586, 52.340090004122672 ], [ 4.88472380122057, 52.340096104122694 ], [ 4.88470470122055, 52.340101904122683 ], [ 4.884688101220535, 52.340104804122689 ], [ 4.884676001220523, 52.34010660412266 ], [ 4.884656901220503, 52.340108104122685 ], [ 4.884633001220481, 52.340107804122709 ], [ 4.884613401220459, 52.340105404122681 ], [ 4.884597901220443, 52.340102404122703 ], [ 4.884582601220427, 52.340098804122697 ], [ 4.884561601220406, 52.340091604122705 ], [ 4.884544101220387, 52.340082204122659 ], [ 4.884530501220374, 52.340073304122669 ], [ 4.88451700122036, 52.340061204122698 ], [ 4.884508301220351, 52.340050604122688 ], [ 4.884500801220343, 52.340037304122681 ], [ 4.884496501220339, 52.340023204122673 ], [ 4.884496601220338, 52.340007504122653 ], [ 4.884499601220338, 52.339995504122626 ], [ 4.884504801220343, 52.339983704122631 ], [ 4.884514201220354, 52.33997030412263 ], [ 4.884526901220365, 52.33995820412261 ], [ 4.884542401220381, 52.339947904122589 ], [ 4.884558801220397, 52.339940404122629 ], [ 4.884578601220416, 52.339933704122615 ], [ 4.884609701220448, 52.339927904122618 ], [ 4.884799101220636, 52.339904504122558 ], [ 4.88479430122063, 52.339880904122545 ], [ 4.88476530122059, 52.33965660412241 ], [ 4.884343001220169, 52.339694804122431 ], [ 4.8833720012192, 52.339768604122526 ], [ 4.882127501217961, 52.339812804122509 ], [ 4.881199201217032, 52.33978170412253 ] ] ] ] } },
{ "type": "Feature", "properties": { "element": "way", "id": 26169893, "addr:street": null, "leisure": "park", "name": "H.M. van Randwijkplantsoen", "note": null, "sport": null, "wikipedia": null, "access": null, "tourism": null, "website": null, "wikidata": null, "start_date": null, "wikimedia_commons": null, "area": null, "name:nl": null, "name:ru": null, "alt_name": null, "surface": null, "old_name": null, "name:etymology:wikidata": null, "wheelchair": null, "layer": null, "name:de": null, "name:en": null, "name:ko": null, "name:zh": null, "source": null, "landuse": null, "barrier": null, "fence_type": null, "leaf_type": null, "description": null, "opening_hours": null, "addr:city": null, "not": null, "bicycle": null, "foot": null, "motor_vehicle": null, "operator": null, "fee": null, "lit": null, "architect": null, "ref:bag": null, "addr:postcode": null, "smoking": null, "garden:type": null, "check_date": null, "construction": null, "survey:date": null, "type": null, "heritage": null, "heritage:operator": null, "ref:rce": null, "bbq": null, "name:uk": null, "name:zh-Hans": null }, "geometry": { "type": "MultiPolygon", "coordinates": [ [ [ [ 4.891464301228194, 52.3587150041337 ], [ 4.891456401228181, 52.358646904133671 ], [ 4.89144870122817, 52.358581004133619 ], [ 4.891443901228167, 52.358539604133604 ], [ 4.891437201228157, 52.35844740413355 ], [ 4.891257001227974, 52.358457704133563 ], [ 4.891235001227957, 52.35855980413362 ], [ 4.89121930122794, 52.358560604133601 ], [ 4.891205901227932, 52.358615604133639 ], [ 4.891188701227914, 52.358616104133638 ], [ 4.891180301227907, 52.358657604133654 ], [ 4.89116550122789, 52.35865860413368 ], [ 4.891157401227886, 52.358702804133678 ], [ 4.891143501227872, 52.35870380413369 ], [ 4.891141201227874, 52.358782004133701 ], [ 4.89114510122788, 52.35880350413376 ], [ 4.891159601227894, 52.358826604133782 ], [ 4.891180601227917, 52.358844504133771 ], [ 4.891445401228187, 52.359000204133871 ], [ 4.891535901228274, 52.358948804133846 ], [ 4.891563501228304, 52.358925004133837 ], [ 4.89162960122837, 52.358926204133816 ], [ 4.891642501228382, 52.358900104133795 ], [ 4.891884701228618, 52.358791504133762 ], [ 4.89184910122858, 52.35875590413373 ], [ 4.891464301228194, 52.3587150041337 ] ] ] ] } },
{ "type": "Feature", "properties": { "element": "way", "id": 26237022, "addr:street": null, "leisure": "park", "name": "Spreeuwenpark", "note": null, "sport": null, "wikipedia": null, "access": null, "tourism": null, "website": null, "wikidata": null, "start_date": null, "wikimedia_commons": null, "area": null, "name:nl": null, "name:ru": null, "alt_name": null, "surface": null, "old_name": null, "name:etymology:wikidata": "Q185237", "wheelchair": null, "layer": null, "name:de": null, "name:en": null, "name:ko": null, "name:zh": null, "source": null, "landuse": null, "barrier": null, "fence_type": null, "leaf_type": null, "description": null, "opening_hours": null, "addr:city": null, "not": null, "bicycle": null, "foot": null, "motor_vehicle": null, "operator": null, "fee": null, "lit": null, "architect": null, "ref:bag": null, "addr:postcode": null, "smoking": null, "garden:type": null, "check_date": null, "construction": null, "survey:date": null, "type": null, "heritage": null, "heritage:operator": null, "ref:rce": null, "bbq": null, "name:uk": null, "name:zh-Hans": null }, "geometry": { "type": "MultiPolygon", "coordinates": [ [ [ [ 4.913280601251177, 52.383784304148463 ], [ 4.914319201252249, 52.384523004148832 ], [ 4.914417801252345, 52.384472704148799 ], [ 4.914627001252549, 52.384366104148782 ], [ 4.915013501252924, 52.384182704148664 ], [ 4.914651001252555, 52.384019504148561 ], [ 4.914213301252114, 52.383904204148493 ], [ 4.913658301251554, 52.383784304148413 ], [ 4.913340701251234, 52.383742404148414 ], [ 4.913280601251177, 52.383784304148463 ] ] ] ] } },
{ "type": "Feature", "properties": { "element": "way", "id": 26446429, "addr:street": null, "leisure": "park", "name": "Tolhuistuin", "note": null, "sport": null, "wikipedia": null, "access": null, "tourism": null, "website": "https://www.tolhuistuin.nl/", "wikidata": null, "start_date": null, "wikimedia_commons": null, "area": null, "name:nl": null, "name:ru": null, "alt_name": null, "surface": null, "old_name": null, "name:etymology:wikidata": null, "wheelchair": null, "layer": null, "name:de": null, "name:en": null, "name:ko": null, "name:zh": null, "source": null, "landuse": null, "barrier": null, "fence_type": null, "leaf_type": null, "description": null, "opening_hours": null, "addr:city": null, "not": null, "bicycle": null, "foot": null, "motor_vehicle": null, "operator": null, "fee": null, "lit": null, "architect": null, "ref:bag": null, "addr:postcode": null, "smoking": null, "garden:type": null, "check_date": null, "construction": null, "survey:date": null, "type": null, "heritage": null, "heritage:operator": null, "ref:rce": null, "bbq": null, "name:uk": null, "name:zh-Hans": null }, "geometry": { "type": "MultiPolygon", "coordinates": [ [ [ [ 4.90615050124409, 52.384436004148846 ], [ 4.906150001244086, 52.384403704148802 ], [ 4.906146001244069, 52.384147404148635 ], [ 4.90614090124405, 52.383825204148486 ], [ 4.906139601244049, 52.383817904148472 ], [ 4.906135001244041, 52.383809604148439 ], [ 4.906126801244037, 52.383800504148461 ], [ 4.906116501244021, 52.383792704148455 ], [ 4.90605270124396, 52.383760704148436 ], [ 4.906056601243962, 52.383757504148441 ], [ 4.905821101243719, 52.383651204148386 ], [ 4.905815501243715, 52.383655904148391 ], [ 4.905533501243429, 52.383530404148324 ], [ 4.905158601243048, 52.383363504148214 ], [ 4.905067501242958, 52.383429904148258 ], [ 4.905017801242912, 52.383466204148284 ], [ 4.904990201242883, 52.383486304148278 ], [ 4.904890101242787, 52.383559304148335 ], [ 4.904724601242618, 52.383513604148291 ], [ 4.904613401242508, 52.383477004148261 ], [ 4.904514001242404, 52.383440104148278 ], [ 4.904414801242304, 52.383404304148257 ], [ 4.90433980124223, 52.383361704148193 ], [ 4.904305601242192, 52.383342204148185 ], [ 4.904266001242155, 52.38331970414815 ], [ 4.904235801242121, 52.383302504148162 ], [ 4.904195301242078, 52.383269004148154 ], [ 4.904165001242049, 52.38323310414814 ], [ 4.904157301242039, 52.383205804148112 ], [ 4.90417790124206, 52.383188004148103 ], [ 4.904058301241937, 52.383133904148067 ], [ 4.90408280124196, 52.383114504148033 ], [ 4.904173301242045, 52.382976504147983 ], [ 4.904182401242052, 52.382962704147957 ], [ 4.904184401242056, 52.382960204147956 ], [ 4.904187401242056, 52.382959104147972 ], [ 4.90411080124198, 52.382925104147972 ], [ 4.904086401241954, 52.382919004147951 ], [ 4.904090101241957, 52.382913604147937 ], [ 4.903861001241724, 52.38282050414788 ], [ 4.903847501241713, 52.382819604147905 ], [ 4.903832701241696, 52.38281850414792 ], [ 4.903818201241682, 52.382817504147901 ], [ 4.903684201241546, 52.38280800414789 ], [ 4.903668801241531, 52.382806904147905 ], [ 4.903653401241515, 52.382805804147893 ], [ 4.903514301241379, 52.382796004147842 ], [ 4.903430001241297, 52.382865504147922 ], [ 4.903404301241273, 52.382886704147928 ], [ 4.903370901241239, 52.382914204147951 ], [ 4.903133601240997, 52.382805404147888 ], [ 4.903050601240912, 52.382768304147866 ], [ 4.902936901240798, 52.38271740414784 ], [ 4.902931001240789, 52.382713904147778 ], [ 4.902592601240467, 52.382995904148004 ], [ 4.902599001240473, 52.382998804148009 ], [ 4.902572401240449, 52.38302100414802 ], [ 4.902538901240415, 52.383048904148019 ], [ 4.902637001240516, 52.383092804148035 ], [ 4.90265090124053, 52.383081304148057 ], [ 4.902666101240544, 52.383088104148044 ], [ 4.902676601240556, 52.38309240414808 ], [ 4.902660901240541, 52.383106104148084 ], [ 4.902673501240554, 52.383111804148079 ], [ 4.902855901240738, 52.3831938041481 ], [ 4.902914301240799, 52.383220104148137 ], [ 4.902918101240801, 52.383216904148142 ], [ 4.902931601240815, 52.383223104148158 ], [ 4.902965601240851, 52.383238704148148 ], [ 4.902968301240853, 52.383249904148144 ], [ 4.903008801240895, 52.383268204148152 ], [ 4.903015001240902, 52.38327100414817 ], [ 4.903004501240891, 52.383279704148151 ], [ 4.903269301241161, 52.383401204148235 ], [ 4.903282601241176, 52.383407304148257 ], [ 4.903321201241214, 52.383424904148242 ], [ 4.903403301241299, 52.383462204148266 ], [ 4.903478501241374, 52.383495904148305 ], [ 4.903512801241408, 52.383511704148269 ], [ 4.903501701241398, 52.383520604148273 ], [ 4.90352290124142, 52.383530104148342 ], [ 4.903544501241444, 52.383539904148307 ], [ 4.905138101243069, 52.384256804148741 ], [ 4.905148601243077, 52.384248804148726 ], [ 4.905181301243113, 52.38426350414877 ], [ 4.905183201243114, 52.384264404148738 ], [ 4.905233701243164, 52.384282404148756 ], [ 4.905283801243217, 52.384300304148745 ], [ 4.905293501243223, 52.384302004148779 ], [ 4.905295101243226, 52.384309304148736 ], [ 4.90529880124323, 52.384315904148771 ], [ 4.905304101243238, 52.384323704148784 ], [ 4.905310401243243, 52.384330104148781 ], [ 4.905315701243249, 52.384334504148789 ], [ 4.905320901243254, 52.384338804148761 ], [ 4.905326001243259, 52.384341804148796 ], [ 4.905333901243267, 52.384346004148775 ], [ 4.905341901243278, 52.384349504148801 ], [ 4.905602001243543, 52.384466604148848 ], [ 4.905722201243664, 52.38452050414886 ], [ 4.905844701243788, 52.384575604148921 ], [ 4.906002301243951, 52.384646704148956 ], [ 4.906030001243976, 52.384623004148963 ], [ 4.906150001244091, 52.384520404148866 ], [ 4.90615050124409, 52.384436004148846 ] ] ] ] } },
{ "type": "Feature", "properties": { "element": "way", "id": 26493165, "addr:street": null, "leisure": "park", "name": "Kasterleepark", "note": null, "sport": null, "wikipedia": null, "access": null, "tourism": null, "website": null, "wikidata": null, "start_date": null, "wikimedia_commons": null, "area": null, "name:nl": null, "name:ru": null, "alt_name": null, "surface": null, "old_name": null, "name:etymology:wikidata": null, "wheelchair": null, "layer": null, "name:de": null, "name:en": null, "name:ko": null, "name:zh": null, "source": null, "landuse": null, "barrier": null, "fence_type": null, "leaf_type": null, "description": null, "opening_hours": null, "addr:city": null, "not": null, "bicycle": null, "foot": null, "motor_vehicle": null, "operator": null, "fee": null, "lit": null, "architect": null, "ref:bag": null, "addr:postcode": null, "smoking": null, "garden:type": null, "check_date": null, "construction": null, "survey:date": null, "type": null, "heritage": null, "heritage:operator": null, "ref:rce": null, "bbq": null, "name:uk": null, "name:zh-Hans": null }, "geometry": { "type": "MultiPolygon", "coordinates": [ [ [ [ 4.808727701145115, 52.349990504128698 ], [ 4.810794701147202, 52.350416804128955 ], [ 4.810855701147261, 52.350389204128938 ], [ 4.81079180114719, 52.350234304128833 ], [ 4.810898101147297, 52.350212104128815 ], [ 4.81087610114727, 52.350146904128756 ], [ 4.811153501147544, 52.350102804128767 ], [ 4.811239401147628, 52.350058304128751 ], [ 4.811374401147764, 52.350056404128701 ], [ 4.811374801147762, 52.350040504128721 ], [ 4.811384001147756, 52.349673304128508 ], [ 4.811687001148059, 52.349675804128509 ], [ 4.81169020114805, 52.349461804128396 ], [ 4.811389401147749, 52.349457004128382 ], [ 4.81146250114768, 52.346543804126668 ], [ 4.811771501147987, 52.346546904126633 ], [ 4.81177500114799, 52.346467804126597 ], [ 4.811464701147677, 52.346456304126562 ], [ 4.811161201147373, 52.34644420412662 ], [ 4.810876301147086, 52.346411704126574 ], [ 4.810567301146806, 52.347000404126895 ], [ 4.810348101146589, 52.346999604126943 ], [ 4.810048801146316, 52.347562504127254 ], [ 4.809689401145993, 52.348238504127629 ], [ 4.808807701145189, 52.349867804128621 ], [ 4.808740901145125, 52.349898904128658 ], [ 4.808727701145115, 52.349990504128698 ] ] ] ] } },
{ "type": "Feature", "properties": { "element": "way", "id": 26493891, "addr:street": null, "leisure": "park", "name": null, "note": null, "sport": null, "wikipedia": null, "access": null, "tourism": null, "website": null, "wikidata": null, "start_date": null, "wikimedia_commons": null, "area": null, "name:nl": null, "name:ru": null, "alt_name": null, "surface": null, "old_name": null, "name:etymology:wikidata": null, "wheelchair": null, "layer": null, "name:de": null, "name:en": null, "name:ko": null, "name:zh": null, "source": null, "landuse": null, "barrier": null, "fence_type": null, "leaf_type": null, "description": null, "opening_hours": null, "addr:city": null, "not": null, "bicycle": null, "foot": null, "motor_vehicle": null, "operator": null, "fee": null, "lit": null, "architect": null, "ref:bag": null, "addr:postcode": null, "smoking": null, "garden:type": null, "check_date": null, "construction": null, "survey:date": null, "type": null, "heritage": null, "heritage:operator": null, "ref:rce": null, "bbq": null, "name:uk": null, "name:zh-Hans": null }, "geometry": { "type": "MultiPolygon", "coordinates": [ [ [ [ 4.847024301183576, 52.354093004131094 ], [ 4.847668001184219, 52.354099604131079 ], [ 4.847668001184226, 52.354243804131158 ], [ 4.847024301183582, 52.35424380413113 ], [ 4.847024301183576, 52.354093004131094 ] ] ] ] } },
{ "type": "Feature", "properties": { "element": "way", "id": 26516487, "addr:street": null, "leisure": "park", "name": "Amstelpark", "note": null, "sport": null, "wikipedia": "nl:Amstelpark", "access": null, "tourism": null, "website": "https://www.amsterdam.info/parks/amstelpark/", "wikidata": "Q655469", "start_date": null, "wikimedia_commons": "Category:Amstelpark", "area": null, "name:nl": null, "name:ru": null, "alt_name": null, "surface": null, "old_name": null, "name:etymology:wikidata": null, "wheelchair": null, "layer": null, "name:de": null, "name:en": null, "name:ko": null, "name:zh": null, "source": null, "landuse": null, "barrier": null, "fence_type": null, "leaf_type": null, "description": null, "opening_hours": null, "addr:city": null, "not": null, "bicycle": null, "foot": null, "motor_vehicle": null, "operator": null, "fee": null, "lit": null, "architect": null, "ref:bag": null, "addr:postcode": null, "smoking": null, "garden:type": null, "check_date": null, "construction": null, "survey:date": null, "type": null, "heritage": null, "heritage:operator": null, "ref:rce": null, "bbq": null, "name:uk": null, "name:zh-Hans": null }, "geometry": { "type": "MultiPolygon", "coordinates": [ [ [ [ 4.894970801229978, 52.322633504112304 ], [ 4.894631001229635, 52.322571704112256 ], [ 4.894601001229603, 52.322551904112224 ], [ 4.894542401229545, 52.322551804112251 ], [ 4.89433730122934, 52.322543804112243 ], [ 4.893224301228224, 52.322523004112249 ], [ 4.893062501228064, 52.32251360411226 ], [ 4.892900701227902, 52.322511004112201 ], [ 4.892578401227578, 52.322504504112182 ], [ 4.892450101227451, 52.322502204112233 ], [ 4.892401901227403, 52.322499904112242 ], [ 4.891648801226647, 52.322450004112234 ], [ 4.891625401226656, 52.323150904112609 ], [ 4.891501301226548, 52.323473004112799 ], [ 4.891985501227039, 52.323638204112932 ], [ 4.891994101227051, 52.323706404112954 ], [ 4.891493001226574, 52.324232404113239 ], [ 4.89119130122629, 52.324556304113457 ], [ 4.890967101226066, 52.324566504113484 ], [ 4.890855501225968, 52.324807804113604 ], [ 4.890829701225954, 52.325054304113763 ], [ 4.890833001225977, 52.325471804113995 ], [ 4.89079580122598, 52.32634360411452 ], [ 4.890755901225982, 52.327205204114989 ], [ 4.89076740122608, 52.329061204116122 ], [ 4.89069700122616, 52.332154504117987 ], [ 4.890649301226182, 52.333631904118839 ], [ 4.890684601226218, 52.333682904118866 ], [ 4.891885301227417, 52.333641904118842 ], [ 4.892501901228034, 52.333645404118833 ], [ 4.892721701228253, 52.333650504118829 ], [ 4.892850301228386, 52.333698204118875 ], [ 4.893502601229046, 52.333876504119011 ], [ 4.894292301229839, 52.333960404119026 ], [ 4.894568101230113, 52.333919804118985 ], [ 4.894695701230235, 52.333892304118983 ], [ 4.894846401230383, 52.333825104118944 ], [ 4.89754000123302, 52.332623804118228 ], [ 4.897403201232874, 52.332444404118128 ], [ 4.897821701233246, 52.331474004117553 ], [ 4.896775901232189, 52.33124170411741 ], [ 4.896804801232217, 52.331200704117379 ], [ 4.896915001232315, 52.330930304117182 ], [ 4.896579701231979, 52.330899504117212 ], [ 4.896431701231826, 52.33082860411713 ], [ 4.896527701231898, 52.330285904116806 ], [ 4.896392901231747, 52.329922304116636 ], [ 4.896264801231603, 52.329605704116418 ], [ 4.89650030123181, 52.329031004116075 ], [ 4.897424701232737, 52.329087504116117 ], [ 4.897049201232341, 52.328687504115898 ], [ 4.896771301232048, 52.328340804115648 ], [ 4.896675701231949, 52.328239504115629 ], [ 4.896481201231745, 52.328021504115512 ], [ 4.896407401231666, 52.327917004115413 ], [ 4.896233801231475, 52.327559804115225 ], [ 4.895956101231171, 52.32699910411489 ], [ 4.895860901231061, 52.326706504114718 ], [ 4.895762801230951, 52.326493804114577 ], [ 4.895195401230335, 52.325451004113958 ], [ 4.895023901230151, 52.325176804113823 ], [ 4.894889801230005, 52.324973804113696 ], [ 4.894746601229856, 52.324761404113538 ], [ 4.894686401229793, 52.324725204113555 ], [ 4.894616301229719, 52.324707504113555 ], [ 4.894544301229646, 52.324689404113528 ], [ 4.894507501229612, 52.324680104113526 ], [ 4.894283701229384, 52.324623604113469 ], [ 4.894130701229231, 52.324585104113467 ], [ 4.893540101228632, 52.324430804113369 ], [ 4.893466401228558, 52.324417504113363 ], [ 4.893412901228499, 52.324298004113281 ], [ 4.893505501228591, 52.324298204113312 ], [ 4.893601301228688, 52.324298304113299 ], [ 4.893959601229046, 52.324321904113283 ], [ 4.894208501229298, 52.324389404113333 ], [ 4.894275001229367, 52.324404204113314 ], [ 4.894327601229418, 52.32439610411334 ], [ 4.894366501229459, 52.324384604113277 ], [ 4.89439030122948, 52.324363804113325 ], [ 4.89440250122949, 52.324340704113297 ], [ 4.89440310122949, 52.324340004113324 ], [ 4.894407701229493, 52.324305404113282 ], [ 4.894430801229507, 52.324133704113173 ], [ 4.894471401229535, 52.323831604113018 ], [ 4.894627001229663, 52.323270304112647 ], [ 4.894867301229886, 52.322887404112493 ], [ 4.894951001229958, 52.322682304112362 ], [ 4.894965701229972, 52.322646104112302 ], [ 4.894970801229978, 52.322633504112304 ] ] ] ] } },
{ "type": "Feature", "properties": { "element": "way", "id": 26517033, "addr:street": null, "leisure": "park", "name": "Amsterdamse Bos", "note": null, "sport": null, "wikipedia": "nl:Amsterdamse Bos", "access": null, "tourism": null, "website": null, "wikidata": "Q511560", "start_date": null, "wikimedia_commons": "Category:Amsterdamse Bos", "area": null, "name:nl": null, "name:ru": null, "alt_name": null, "surface": null, "old_name": null, "name:etymology:wikidata": null, "wheelchair": null, "layer": null, "name:de": null, "name:en": null, "name:ko": null, "name:zh": null, "source": null, "landuse": null, "barrier": null, "fence_type": null, "leaf_type": null, "description": null, "opening_hours": null, "addr:city": null, "not": null, "bicycle": null, "foot": null, "motor_vehicle": null, "operator": null, "fee": null, "lit": null, "architect": null, "ref:bag": null, "addr:postcode": null, "smoking": null, "garden:type": null, "check_date": null, "construction": null, "survey:date": null, "type": null, "heritage": null, "heritage:operator": null, "ref:rce": null, "bbq": null, "name:uk": null, "name:zh-Hans": null }, "geometry": { "type": "MultiPolygon", "coordinates": [ [ [ [ 4.815378701149285, 52.299464804098669 ], [ 4.81162890114572, 52.303188204100856 ], [ 4.811374401145479, 52.30348690410105 ], [ 4.811221801145357, 52.304072104101408 ], [ 4.8111530011453, 52.304304304101557 ], [ 4.81098570114515, 52.304658104101755 ], [ 4.80985270114409, 52.306132804102653 ], [ 4.812616501146953, 52.308190004103857 ], [ 4.814745101149189, 52.310430804105188 ], [ 4.815946701150464, 52.311915804106043 ], [ 4.816321401150962, 52.314475904107617 ], [ 4.818928501153997, 52.323217904112795 ], [ 4.819025101154148, 52.324326104113474 ], [ 4.818327701153537, 52.326103104114516 ], [ 4.817769801153008, 52.326719504114877 ], [ 4.821161201156528, 52.329350604116463 ], [ 4.821199801156567, 52.329369004116423 ], [ 4.821230901156599, 52.329386704116452 ], [ 4.821309601156679, 52.329385104116476 ], [ 4.821384601156755, 52.329402704116454 ], [ 4.821486301156856, 52.329412404116489 ], [ 4.821655701157028, 52.329469004116525 ], [ 4.823228201158619, 52.329850104116737 ], [ 4.823289901158681, 52.329865604116733 ], [ 4.823540501158935, 52.329922704116761 ], [ 4.823643301159038, 52.32994230411682 ], [ 4.82376580115916, 52.329946804116794 ], [ 4.823980901159377, 52.329978704116826 ], [ 4.824107101159503, 52.329952304116794 ], [ 4.824199301159593, 52.329933104116783 ], [ 4.824522901159915, 52.329917804116782 ], [ 4.824915101160306, 52.329899204116735 ], [ 4.825182901160571, 52.329876604116748 ], [ 4.825868301161257, 52.329824504116722 ], [ 4.827232201162615, 52.329749004116664 ], [ 4.827604801162984, 52.329728204116627 ], [ 4.827724101163105, 52.32972290411665 ], [ 4.827745501163125, 52.329719604116647 ], [ 4.827801601163183, 52.329711504116666 ], [ 4.827863101163241, 52.32968990411662 ], [ 4.827954801163333, 52.329648204116609 ], [ 4.829952401165338, 52.329828804116715 ], [ 4.837189001172602, 52.330483104117086 ], [ 4.842971901178403, 52.330948604117346 ], [ 4.843454701178845, 52.330168404116918 ], [ 4.84381940117922, 52.330279804116927 ], [ 4.844924501180307, 52.329925804116748 ], [ 4.845074701180486, 52.330568304117143 ], [ 4.844194901179654, 52.331578004117702 ], [ 4.847424301182966, 52.333249804118708 ], [ 4.848079501183617, 52.333203904118669 ], [ 4.847941401183464, 52.332868904118456 ], [ 4.849101801184606, 52.332554804118288 ], [ 4.849865701185364, 52.332481404118262 ], [ 4.852209401187708, 52.332410604118223 ], [ 4.853250101188745, 52.332371304118148 ], [ 4.853539301189027, 52.33223490411811 ], [ 4.853931801189396, 52.331801004117821 ], [ 4.855744901191209, 52.331820704117852 ], [ 4.856017001191443, 52.330968804117354 ], [ 4.85609320119152, 52.330969104117344 ], [ 4.85615270119157, 52.330826304117267 ], [ 4.85625830119166, 52.330530604117072 ], [ 4.856428801191809, 52.330053304116824 ], [ 4.85668630119202, 52.329114404116275 ], [ 4.856712001192022, 52.328558404115917 ], [ 4.856737201191994, 52.327474704115261 ], [ 4.856660501191857, 52.326218904114519 ], [ 4.856652401191798, 52.325194904113914 ], [ 4.856618401191662, 52.323082004112642 ], [ 4.856616801191629, 52.322396704112272 ], [ 4.856597601191581, 52.321826004111905 ], [ 4.856600201191579, 52.321726904111856 ], [ 4.856635001191614, 52.321724504111891 ], [ 4.856633501191606, 52.321590804111743 ], [ 4.856599501191573, 52.321589604111793 ], [ 4.856601101191562, 52.321350704111644 ], [ 4.856577301191498, 52.320528704111126 ], [ 4.856571801191484, 52.320334704111026 ], [ 4.856553601191445, 52.319927604110781 ], [ 4.856546501191415, 52.319479804110543 ], [ 4.856537901191392, 52.319168904110349 ], [ 4.856531901191374, 52.31892170411016 ], [ 4.85648830119132, 52.318654704110024 ], [ 4.856432301191246, 52.318286604109808 ], [ 4.856367001191165, 52.318003204109601 ], [ 4.856261701191043, 52.317676504109428 ], [ 4.856134301190892, 52.317172704109183 ], [ 4.855877001190602, 52.316484704108717 ], [ 4.855783401190509, 52.316461804108712 ], [ 4.855761801190486, 52.316453504108715 ], [ 4.855757901190483, 52.316447704108747 ], [ 4.855744101190467, 52.316433004108696 ], [ 4.855728401190455, 52.316431904108704 ], [ 4.855686501190411, 52.316435404108702 ], [ 4.855681701190407, 52.316445804108717 ], [ 4.855571101190296, 52.316469404108723 ], [ 4.855494401190219, 52.316468504108741 ], [ 4.854986701189714, 52.316482704108743 ], [ 4.854100301188829, 52.316509204108755 ], [ 4.853642401188371, 52.316515504108743 ], [ 4.853528401188258, 52.316523304108735 ], [ 4.852034501186765, 52.316558104108807 ], [ 4.85180960118654, 52.3165763041088 ], [ 4.851388201186121, 52.316633404108821 ], [ 4.850099901184844, 52.316828204108944 ], [ 4.8494510011842, 52.316921604108998 ], [ 4.8488478011836, 52.316988604109007 ], [ 4.848377201183133, 52.317042304109073 ], [ 4.848320701183075, 52.317044904109089 ], [ 4.847910601182666, 52.317070004109084 ], [ 4.847574301182332, 52.317073204109121 ], [ 4.846632001181384, 52.317003704109084 ], [ 4.845895701180647, 52.316960504109005 ], [ 4.841680801176434, 52.316913304109036 ], [ 4.841093201175843, 52.316910604109019 ], [ 4.840883901175637, 52.316909604109057 ], [ 4.840803801175555, 52.316896904109015 ], [ 4.840724201175473, 52.316850504108992 ], [ 4.840674401175423, 52.316816504108971 ], [ 4.84062510117537, 52.316754804108918 ], [ 4.840590901175331, 52.316687004108871 ], [ 4.840670901175409, 52.316651004108891 ], [ 4.840782501175418, 52.31452080410758 ], [ 4.840810001175429, 52.314170904107385 ], [ 4.840954201175486, 52.312332704106268 ], [ 4.840977201175492, 52.312002504106069 ], [ 4.841031401175508, 52.311225504105636 ], [ 4.841061201175522, 52.310921404105443 ], [ 4.841200001175594, 52.309505204104596 ], [ 4.841365501175675, 52.307777704103557 ], [ 4.841426201175715, 52.307368504103344 ], [ 4.841254601175525, 52.306943404103095 ], [ 4.840585101174805, 52.30593050410247 ], [ 4.840200001174398, 52.305505204102225 ], [ 4.839855501174023, 52.304870404101827 ], [ 4.839735401173887, 52.304518704101639 ], [ 4.83957230117371, 52.304256304101472 ], [ 4.839349101173476, 52.304046404101378 ], [ 4.839554201173676, 52.303870704101243 ], [ 4.839783001173895, 52.303776104101225 ], [ 4.8416028011757, 52.303353304100931 ], [ 4.844603301178669, 52.302771704100564 ], [ 4.844090401178139, 52.302433104100416 ], [ 4.843967501178007, 52.302200804100259 ], [ 4.842929601176973, 52.302315104100316 ], [ 4.842812801176835, 52.30184470410002 ], [ 4.844998701179005, 52.301569104099862 ], [ 4.84587930117984, 52.300658404099316 ], [ 4.845738501179669, 52.2999850040989 ], [ 4.845617501179524, 52.299487604098601 ], [ 4.845136801179026, 52.299109704098399 ], [ 4.844673301178543, 52.298668804098128 ], [ 4.844184101178017, 52.297955004097716 ], [ 4.843677701177469, 52.297104604097228 ], [ 4.843165601176914, 52.296273104096706 ], [ 4.84270000117642, 52.295605204096333 ], [ 4.841900001175564, 52.294505204095685 ], [ 4.841800001175464, 52.294505204095657 ], [ 4.841800001175462, 52.294405204095611 ], [ 4.841591301175222, 52.293827204095265 ], [ 4.841840201175462, 52.293585704095136 ], [ 4.841728601175344, 52.293470204095023 ], [ 4.841745801175344, 52.293092204094812 ], [ 4.841608501175197, 52.292877004094692 ], [ 4.841794101175372, 52.292677404094619 ], [ 4.841617801175175, 52.292301404094324 ], [ 4.838442001172035, 52.293010104094755 ], [ 4.834789901168426, 52.293871504095279 ], [ 4.834916301168559, 52.294007204095379 ], [ 4.834750001168397, 52.294115504095437 ], [ 4.834639801168295, 52.294254504095491 ], [ 4.83434990116801, 52.294401604095619 ], [ 4.833783401167445, 52.294433104095624 ], [ 4.833483001167139, 52.294328104095584 ], [ 4.833242701166886, 52.294028904095356 ], [ 4.833124301166754, 52.293807304095253 ], [ 4.833051101166682, 52.293806204095262 ], [ 4.832820801166444, 52.293658604095178 ], [ 4.832601001166222, 52.293573304095098 ], [ 4.832410101166024, 52.293461904095039 ], [ 4.832169001165795, 52.293686404095169 ], [ 4.831302901164913, 52.293346404094933 ], [ 4.83122570116484, 52.293482904095065 ], [ 4.83063340116424, 52.293299204094964 ], [ 4.83055420116416, 52.293270704094958 ], [ 4.830454201164057, 52.293170704094884 ], [ 4.830339601163935, 52.293015404094781 ], [ 4.83039970116399, 52.29292610409474 ], [ 4.827318401160856, 52.291876204094109 ], [ 4.827121001160668, 52.292086204094225 ], [ 4.826769001160311, 52.291960204094138 ], [ 4.827026501160555, 52.291681904093991 ], [ 4.826629001160152, 52.291595704093915 ], [ 4.826725301160245, 52.291502904093861 ], [ 4.826410301159926, 52.291395604093843 ], [ 4.826233101159744, 52.291339904093789 ], [ 4.826024301159545, 52.29151430409388 ], [ 4.825754201159272, 52.291470704093861 ], [ 4.825454201158967, 52.291370704093822 ], [ 4.825372001158874, 52.291125804093653 ], [ 4.824994301158488, 52.290957804093559 ], [ 4.824955501158444, 52.290877204093512 ], [ 4.824691701158175, 52.290722904093421 ], [ 4.824369801157836, 52.290428404093227 ], [ 4.824249401157706, 52.290235604093112 ], [ 4.823567001157052, 52.290823204093464 ], [ 4.822614301156151, 52.291862604094128 ], [ 4.822202201155771, 52.29251480409448 ], [ 4.81884680115257, 52.295655004096382 ], [ 4.817602801151391, 52.297014004097186 ], [ 4.817722101151515, 52.297152604097256 ], [ 4.817505601151311, 52.297361304097386 ], [ 4.817320501151139, 52.297598004097537 ], [ 4.816729701150567, 52.298045804097846 ], [ 4.815378701149285, 52.299464804098669 ] ] ] ] } },
{ "type": "Feature", "properties": { "element": "way", "id": 27416022, "addr:street": null, "leisure": "park", "name": "Raphaëlplein", "note": null, "sport": null, "wikipedia": null, "access": null, "tourism": null, "website": null, "wikidata": null, "start_date": null, "wikimedia_commons": null, "area": null, "name:nl": null, "name:ru": null, "alt_name": null, "surface": null, "old_name": null, "name:etymology:wikidata": null, "wheelchair": null, "layer": null, "name:de": null, "name:en": null, "name:ko": null, "name:zh": null, "source": null, "landuse": null, "barrier": null, "fence_type": null, "leaf_type": null, "description": null, "opening_hours": null, "addr:city": null, "not": null, "bicycle": null, "foot": null, "motor_vehicle": null, "operator": null, "fee": null, "lit": null, "architect": null, "ref:bag": null, "addr:postcode": null, "smoking": null, "garden:type": null, "check_date": null, "construction": null, "survey:date": null, "type": null, "heritage": null, "heritage:operator": null, "ref:rce": null, "bbq": null, "name:uk": null, "name:zh-Hans": null }, "geometry": { "type": "MultiPolygon", "coordinates": [ [ [ [ 4.869753301205999, 52.348199404127534 ], [ 4.870144701206391, 52.348215204127548 ], [ 4.870185401206415, 52.347839804127339 ], [ 4.869794001206022, 52.347824004127318 ], [ 4.869753301205999, 52.348199404127534 ] ] ] ] } },
{ "type": "Feature", "properties": { "element": "way", "id": 27688080, "addr:street": null, "leisure": "park", "name": "Oostenburgerpark", "note": null, "sport": null, "wikipedia": null, "access": null, "tourism": null, "website": null, "wikidata": null, "start_date": null, "wikimedia_commons": null, "area": null, "name:nl": null, "name:ru": null, "alt_name": null, "surface": null, "old_name": null, "name:etymology:wikidata": null, "wheelchair": null, "layer": null, "name:de": null, "name:en": null, "name:ko": null, "name:zh": null, "source": "Openstreetbugs ticket WindRider", "landuse": null, "barrier": null, "fence_type": null, "leaf_type": null, "description": null, "opening_hours": null, "addr:city": null, "not": null, "bicycle": null, "foot": null, "motor_vehicle": null, "operator": null, "fee": null, "lit": null, "architect": null, "ref:bag": null, "addr:postcode": null, "smoking": null, "garden:type": null, "check_date": null, "construction": null, "survey:date": null, "type": null, "heritage": null, "heritage:operator": null, "ref:rce": null, "bbq": null, "name:uk": null, "name:zh-Hans": null }, "geometry": { "type": "MultiPolygon", "coordinates": [ [ [ [ 4.924287401261479, 52.369203404139803 ], [ 4.924298301261492, 52.369249904139842 ], [ 4.924781001261987, 52.369517804140003 ], [ 4.924845301262051, 52.369489604139972 ], [ 4.925120501262332, 52.369660104140031 ], [ 4.925667501262864, 52.369328304139849 ], [ 4.926038001263224, 52.369116904139773 ], [ 4.926464001263637, 52.368882004139593 ], [ 4.925986601263148, 52.368588904139393 ], [ 4.925048501262226, 52.3689100041396 ], [ 4.924983501262163, 52.36898550413963 ], [ 4.924287401261479, 52.369203404139803 ] ] ] ] } },
{ "type": "Feature", "properties": { "element": "way", "id": 33207504, "addr:street": null, "leisure": "park", "name": "Domela Nieuwenhuisplantsoen", "note": null, "sport": null, "wikipedia": "nl:Domela Nieuwenhuisplantsoen", "access": null, "tourism": null, "website": null, "wikidata": "Q15874583", "start_date": null, "wikimedia_commons": "Category:Domela Nieuwenhuisplantsoen, Amsterdam", "area": null, "name:nl": null, "name:ru": null, "alt_name": null, "surface": null, "old_name": null, "name:etymology:wikidata": null, "wheelchair": null, "layer": null, "name:de": null, "name:en": null, "name:ko": null, "name:zh": null, "source": null, "landuse": null, "barrier": null, "fence_type": null, "leaf_type": null, "description": null, "opening_hours": null, "addr:city": null, "not": null, "bicycle": null, "foot": null, "motor_vehicle": null, "operator": null, "fee": null, "lit": null, "architect": null, "ref:bag": null, "addr:postcode": null, "smoking": null, "garden:type": null, "check_date": null, "construction": null, "survey:date": null, "type": null, "heritage": null, "heritage:operator": null, "ref:rce": null, "bbq": null, "name:uk": null, "name:zh-Hans": null }, "geometry": { "type": "MultiPolygon", "coordinates": [ [ [ [ 4.880810001218931, 52.387448804150701 ], [ 4.881249001219344, 52.386955104150431 ], [ 4.88125940121935, 52.386919304150354 ], [ 4.881242501219334, 52.386893804150311 ], [ 4.881207301219298, 52.386877204150359 ], [ 4.881156501219247, 52.386877204150338 ], [ 4.881100501219191, 52.386883504150404 ], [ 4.880975501219069, 52.386914504150383 ], [ 4.88025270121836, 52.387167404150524 ], [ 4.88042440121854, 52.387353904150643 ], [ 4.880506501218622, 52.387396304150641 ], [ 4.880810001218931, 52.387448804150701 ] ] ] ] } },
{ "type": "Feature", "properties": { "element": "way", "id": 33831435, "addr:street": null, "leisure": "park", "name": "Robert Kochplantsoen", "note": null, "sport": null, "wikipedia": null, "access": null, "tourism": null, "website": null, "wikidata": null, "start_date": null, "wikimedia_commons": null, "area": null, "name:nl": null, "name:ru": null, "alt_name": null, "surface": null, "old_name": null, "name:etymology:wikidata": null, "wheelchair": null, "layer": null, "name:de": null, "name:en": null, "name:ko": null, "name:zh": null, "source": null, "landuse": null, "barrier": null, "fence_type": null, "leaf_type": null, "description": null, "opening_hours": null, "addr:city": null, "not": null, "bicycle": null, "foot": null, "motor_vehicle": null, "operator": null, "fee": null, "lit": null, "architect": null, "ref:bag": null, "addr:postcode": null, "smoking": null, "garden:type": null, "check_date": null, "construction": null, "survey:date": null, "type": null, "heritage": null, "heritage:operator": null, "ref:rce": null, "bbq": null, "name:uk": null, "name:zh-Hans": null }, "geometry": { "type": "MultiPolygon", "coordinates": [ [ [ [ 4.936395401272581, 52.348103504127266 ], [ 4.938387001274512, 52.346860604126519 ], [ 4.938020801274138, 52.346646504126383 ], [ 4.936466301272628, 52.347603104126975 ], [ 4.936170801272351, 52.347970504127211 ], [ 4.936395401272581, 52.348103504127266 ] ] ] ] } },
{ "type": "Feature", "properties": { "element": "way", "id": 35678347, "addr:street": null, "leisure": "park", "name": null, "note": null, "sport": null, "wikipedia": null, "access": null, "tourism": null, "website": null, "wikidata": null, "start_date": null, "wikimedia_commons": null, "area": null, "name:nl": null, "name:ru": null, "alt_name": null, "surface": null, "old_name": null, "name:etymology:wikidata": null, "wheelchair": null, "layer": null, "name:de": null, "name:en": null, "name:ko": null, "name:zh": null, "source": null, "landuse": null, "barrier": null, "fence_type": null, "leaf_type": null, "description": null, "opening_hours": null, "addr:city": null, "not": null, "bicycle": null, "foot": null, "motor_vehicle": null, "operator": null, "fee": null, "lit": null, "architect": null, "ref:bag": null, "addr:postcode": null, "smoking": null, "garden:type": null, "check_date": null, "construction": null, "survey:date": null, "type": null, "heritage": null, "heritage:operator": null, "ref:rce": null, "bbq": null, "name:uk": null, "name:zh-Hans": null }, "geometry": { "type": "MultiPolygon", "coordinates": [ [ [ [ 4.887837801227211, 52.413796304166127 ], [ 4.887710501227078, 52.413693804166044 ], [ 4.888353701227705, 52.413365604165868 ], [ 4.888515101227872, 52.413487304165926 ], [ 4.887837801227211, 52.413796304166127 ] ] ] ] } },
{ "type": "Feature", "properties": { "element": "way", "id": 35702981, "addr:street": null, "leisure": "park", "name": "Dwaze Moeders plein", "note": null, "sport": null, "wikipedia": null, "access": null, "tourism": null, "website": null, "wikidata": null, "start_date": null, "wikimedia_commons": null, "area": null, "name:nl": null, "name:ru": null, "alt_name": null, "surface": null, "old_name": null, "name:etymology:wikidata": null, "wheelchair": null, "layer": null, "name:de": null, "name:en": null, "name:ko": null, "name:zh": null, "source": null, "landuse": null, "barrier": null, "fence_type": null, "leaf_type": null, "description": null, "opening_hours": null, "addr:city": null, "not": null, "bicycle": null, "foot": null, "motor_vehicle": null, "operator": null, "fee": null, "lit": null, "architect": null, "ref:bag": null, "addr:postcode": null, "smoking": null, "garden:type": null, "check_date": null, "construction": null, "survey:date": null, "type": null, "heritage": null, "heritage:operator": null, "ref:rce": null, "bbq": null, "name:uk": null, "name:zh-Hans": null }, "geometry": { "type": "MultiPolygon", "coordinates": [ [ [ [ 4.807487801144185, 52.35626400413242 ], [ 4.807821301144523, 52.356328704132437 ], [ 4.807775301144481, 52.35641470413249 ], [ 4.807713001144425, 52.356530704132567 ], [ 4.807855301144569, 52.356559504132612 ], [ 4.808089601144805, 52.356607004132606 ], [ 4.808313201145029, 52.35665190413264 ], [ 4.808322001145038, 52.35663640413263 ], [ 4.808321901145039, 52.356636604132618 ], [ 4.808390401145108, 52.356650304132636 ], [ 4.808408201145122, 52.356617204132611 ], [ 4.808387301145101, 52.356613004132619 ], [ 4.808227501144939, 52.356580704132611 ], [ 4.808080701144793, 52.35655150413259 ], [ 4.808447501145125, 52.355870804132188 ], [ 4.808453201145129, 52.355860204132156 ], [ 4.807921001144594, 52.355752404132105 ], [ 4.807905201144578, 52.355749204132103 ], [ 4.807843701144513, 52.355677904132072 ], [ 4.807871701144538, 52.355627604132032 ], [ 4.807933101144592, 52.355513904131932 ], [ 4.807569501144227, 52.355440304131868 ], [ 4.807460001144127, 52.355645504132028 ], [ 4.807455801144125, 52.355644604132081 ], [ 4.807392001144066, 52.355763604132108 ], [ 4.807423501144096, 52.355770004132125 ], [ 4.80761350114429, 52.355808504132114 ], [ 4.807728401144403, 52.355831904132145 ], [ 4.807497101144195, 52.356247304132431 ], [ 4.807487801144185, 52.35626400413242 ] ] ] ] } },
{ "type": "Feature", "properties": { "element": "way", "id": 37649124, "addr:street": null, "leisure": "park", "name": "Spaarndammerplantsoen", "note": null, "sport": null, "wikipedia": null, "access": null, "tourism": null, "website": null, "wikidata": null, "start_date": null, "wikimedia_commons": null, "area": null, "name:nl": null, "name:ru": null, "alt_name": null, "surface": null, "old_name": null, "name:etymology:wikidata": null, "wheelchair": null, "layer": null, "name:de": null, "name:en": null, "name:ko": null, "name:zh": null, "source": null, "landuse": null, "barrier": null, "fence_type": null, "leaf_type": null, "description": null, "opening_hours": null, "addr:city": null, "not": null, "bicycle": null, "foot": null, "motor_vehicle": null, "operator": null, "fee": null, "lit": null, "architect": null, "ref:bag": null, "addr:postcode": null, "smoking": null, "garden:type": null, "check_date": null, "construction": null, "survey:date": null, "type": null, "heritage": null, "heritage:operator": null, "ref:rce": null, "bbq": null, "name:uk": null, "name:zh-Hans": null }, "geometry": { "type": "MultiPolygon", "coordinates": [ [ [ [ 4.87464220121289, 52.389882504152133 ], [ 4.87588670121415, 52.390264904152367 ], [ 4.87631590121455, 52.389699204152031 ], [ 4.875311701213533, 52.389374404151816 ], [ 4.875062801213288, 52.389458204151836 ], [ 4.874762401212998, 52.389704404152027 ], [ 4.87464220121289, 52.389882504152133 ] ] ] ] } },
{ "type": "Feature", "properties": { "element": "way", "id": 41821878, "addr:street": null, "leisure": "park", "name": "Buiksloterbreekpark", "note": "In the second half of 2021 there will be made some improvements in this park, see https://www.amsterdam.nl/projecten/banne-zuid-vernieuwing-verbetering/deelprojecten/buiksloterbreekpark/", "sport": null, "wikipedia": null, "access": null, "tourism": null, "website": null, "wikidata": null, "start_date": null, "wikimedia_commons": null, "area": null, "name:nl": null, "name:ru": null, "alt_name": null, "surface": null, "old_name": null, "name:etymology:wikidata": null, "wheelchair": null, "layer": null, "name:de": null, "name:en": null, "name:ko": null, "name:zh": null, "source": null, "landuse": null, "barrier": null, "fence_type": null, "leaf_type": null, "description": null, "opening_hours": null, "addr:city": null, "not": null, "bicycle": null, "foot": null, "motor_vehicle": null, "operator": null, "fee": null, "lit": null, "architect": null, "ref:bag": null, "addr:postcode": null, "smoking": null, "garden:type": null, "check_date": null, "construction": null, "survey:date": null, "type": null, "heritage": null, "heritage:operator": null, "ref:rce": null, "bbq": null, "name:uk": null, "name:zh-Hans": null }, "geometry": { "type": "MultiPolygon", "coordinates": [ [ [ [ 4.90485130124372, 52.403929904160272 ], [ 4.904825401243691, 52.403885004160301 ], [ 4.904810401243673, 52.403840004160251 ], [ 4.904780901243643, 52.403789604160238 ], [ 4.904816901243676, 52.403737204160215 ], [ 4.904873001243731, 52.403688004160159 ], [ 4.904939201243794, 52.403655704160165 ], [ 4.905017701243872, 52.403637504160123 ], [ 4.905044301243899, 52.403634204160127 ], [ 4.905135301243978, 52.403349304159967 ], [ 4.907227501246022, 52.402535104159483 ], [ 4.907288301246084, 52.40248170415947 ], [ 4.907902001246684, 52.402236404159311 ], [ 4.908389201247162, 52.402065804159228 ], [ 4.90838970124716, 52.402072604159208 ], [ 4.908557601247329, 52.402036704159158 ], [ 4.908544301247315, 52.402021304159149 ], [ 4.908646701247418, 52.402030804159182 ], [ 4.908806001247576, 52.402045304159188 ], [ 4.908953501247725, 52.402064604159214 ], [ 4.909083701247857, 52.402096704159199 ], [ 4.909201301247976, 52.402137204159253 ], [ 4.909280901248057, 52.402166504159247 ], [ 4.909357901248136, 52.402205204159259 ], [ 4.909385801248162, 52.402199404159255 ], [ 4.909438301248214, 52.402196004159279 ], [ 4.909477201248255, 52.402201204159276 ], [ 4.909507301248284, 52.402215104159275 ], [ 4.909532101248312, 52.402228204159314 ], [ 4.909581801248362, 52.402265004159332 ], [ 4.909705101248489, 52.402389804159355 ], [ 4.909850701248645, 52.402567004159486 ], [ 4.910024901248829, 52.402779804159628 ], [ 4.910085301248896, 52.402843504159669 ], [ 4.910143301248953, 52.402897504159668 ], [ 4.909717401248536, 52.403078604159766 ], [ 4.909441201248263, 52.40318790415985 ], [ 4.909303301248131, 52.403229304159879 ], [ 4.90940000124823, 52.403291104159912 ], [ 4.909315401248146, 52.403324104159921 ], [ 4.909265901248099, 52.403343504159935 ], [ 4.908236901247089, 52.403704404160187 ], [ 4.907727701246587, 52.403868704160239 ], [ 4.907673301246535, 52.40388490416025 ], [ 4.907275201246143, 52.404060404160361 ], [ 4.906924201245804, 52.404284504160508 ], [ 4.906338401245241, 52.40471370416077 ], [ 4.906296801245198, 52.404725204160741 ], [ 4.906226401245134, 52.404770304160785 ], [ 4.905926001244826, 52.40462770416071 ], [ 4.905731501244627, 52.404527804160637 ], [ 4.905702601244596, 52.404504904160632 ], [ 4.905691901244584, 52.404478804160632 ], [ 4.905691901244583, 52.404455004160582 ], [ 4.905685901244579, 52.404438204160627 ], [ 4.905671801244561, 52.404426304160587 ], [ 4.905649601244542, 52.404420604160606 ], [ 4.905610901244502, 52.404418204160578 ], [ 4.905506801244398, 52.404412404160603 ], [ 4.905412901244301, 52.404387504160546 ], [ 4.905300301244188, 52.404329804160533 ], [ 4.905152701244032, 52.404235704160492 ], [ 4.905040801243918, 52.404156904160438 ], [ 4.90498680124386, 52.404027804160329 ], [ 4.904967001243838, 52.403998004160343 ], [ 4.90493750124381, 52.404006604160351 ], [ 4.90485130124372, 52.403929904160272 ] ] ] ] } },
{ "type": "Feature", "properties": { "element": "way", "id": 45981486, "addr:street": null, "leisure": "park", "name": "Staalmanpark", "note": null, "sport": null, "wikipedia": "nl:Staalmanpark", "access": null, "tourism": null, "website": null, "wikidata": "Q19545893", "start_date": null, "wikimedia_commons": "Category:Staalmanpark, Amsterdam", "area": null, "name:nl": null, "name:ru": null, "alt_name": null, "surface": null, "old_name": null, "name:etymology:wikidata": null, "wheelchair": null, "layer": null, "name:de": null, "name:en": null, "name:ko": null, "name:zh": null, "source": null, "landuse": null, "barrier": null, "fence_type": null, "leaf_type": null, "description": null, "opening_hours": null, "addr:city": null, "not": null, "bicycle": null, "foot": null, "motor_vehicle": null, "operator": null, "fee": null, "lit": null, "architect": null, "ref:bag": null, "addr:postcode": null, "smoking": null, "garden:type": null, "check_date": null, "construction": null, "survey:date": null, "type": null, "heritage": null, "heritage:operator": null, "ref:rce": null, "bbq": null, "name:uk": null, "name:zh-Hans": null }, "geometry": { "type": "MultiPolygon", "coordinates": [ [ [ [ 4.830576501166938, 52.34986870412861 ], [ 4.830575101166938, 52.34992790412862 ], [ 4.831245801167609, 52.349935604128625 ], [ 4.832101301168464, 52.349940704128656 ], [ 4.832104401168437, 52.349315504128249 ], [ 4.832105001168434, 52.349198904128187 ], [ 4.831438301167768, 52.349188904128212 ], [ 4.830438501166767, 52.349173904128158 ], [ 4.830435301166768, 52.349293004128292 ], [ 4.83042110116678, 52.349824404128576 ], [ 4.830420101166783, 52.349864704128599 ], [ 4.830576501166938, 52.34986870412861 ] ] ] ] } },
{ "type": "Feature", "properties": { "element": "way", "id": 49014142, "addr:street": null, "leisure": "park", "name": "Sportpark Schellingwoude", "note": null, "sport": null, "wikipedia": null, "access": null, "tourism": null, "website": null, "wikidata": null, "start_date": null, "wikimedia_commons": null, "area": null, "name:nl": null, "name:ru": null, "alt_name": null, "surface": null, "old_name": null, "name:etymology:wikidata": null, "wheelchair": null, "layer": null, "name:de": null, "name:en": null, "name:ko": null, "name:zh": null, "source": null, "landuse": null, "barrier": null, "fence_type": null, "leaf_type": null, "description": null, "opening_hours": null, "addr:city": null, "not": null, "bicycle": null, "foot": null, "motor_vehicle": null, "operator": null, "fee": null, "lit": null, "architect": null, "ref:bag": null, "addr:postcode": null, "smoking": null, "garden:type": null, "check_date": null, "construction": null, "survey:date": null, "type": null, "heritage": null, "heritage:operator": null, "ref:rce": null, "bbq": null, "name:uk": null, "name:zh-Hans": null }, "geometry": { "type": "MultiPolygon", "coordinates": [ [ [ [ 4.95667320129461, 52.385967604149535 ], [ 4.956160301294049, 52.384953104148956 ], [ 4.957086701294959, 52.384639604148752 ], [ 4.959247301297088, 52.383955304148351 ], [ 4.959462701297303, 52.384039704148385 ], [ 4.960845501298657, 52.383424304148001 ], [ 4.96163000129947, 52.384065904148436 ], [ 4.96025670129813, 52.384694604148741 ], [ 4.960436801298313, 52.384825404148835 ], [ 4.958134201296053, 52.38566990414936 ], [ 4.95667320129461, 52.385967604149535 ] ] ] ] } },
{ "type": "Feature", "properties": { "element": "way", "id": 55158799, "addr:street": null, "leisure": "park", "name": null, "note": null, "sport": null, "wikipedia": null, "access": null, "tourism": null, "website": null, "wikidata": null, "start_date": null, "wikimedia_commons": null, "area": null, "name:nl": null, "name:ru": null, "alt_name": null, "surface": null, "old_name": null, "name:etymology:wikidata": null, "wheelchair": null, "layer": null, "name:de": null, "name:en": null, "name:ko": null, "name:zh": null, "source": "3dShapes", "landuse": null, "barrier": null, "fence_type": null, "leaf_type": null, "description": null, "opening_hours": null, "addr:city": null, "not": null, "bicycle": null, "foot": null, "motor_vehicle": null, "operator": null, "fee": null, "lit": null, "architect": null, "ref:bag": null, "addr:postcode": null, "smoking": null, "garden:type": null, "check_date": null, "construction": null, "survey:date": null, "type": null, "heritage": null, "heritage:operator": null, "ref:rce": null, "bbq": null, "name:uk": null, "name:zh-Hans": null }, "geometry": { "type": "MultiPolygon", "coordinates": [ [ [ [ 4.869698901207273, 52.375763904143824 ], [ 4.869725101207298, 52.375743204143831 ], [ 4.869729501207294, 52.375578104143727 ], [ 4.869649001207214, 52.375612504143753 ], [ 4.86955380120712, 52.375647704143759 ], [ 4.869195801206769, 52.375752504143811 ], [ 4.868947601206523, 52.375803204143843 ], [ 4.868707601206285, 52.375843404143851 ], [ 4.868483601206065, 52.375877704143882 ], [ 4.86825030120583, 52.3759048041439 ], [ 4.868181901205763, 52.375912104143929 ], [ 4.868121501205704, 52.375926904143938 ], [ 4.868063901205648, 52.375962104143952 ], [ 4.867990101205578, 52.376027604144006 ], [ 4.867952501205545, 52.376080804144017 ], [ 4.867912301205504, 52.376143004144041 ], [ 4.867877201205477, 52.376237004144123 ], [ 4.868079701205679, 52.376268304144112 ], [ 4.868098701205695, 52.376228204144091 ], [ 4.868198001205792, 52.376157704144042 ], [ 4.869484601207061, 52.375827604143858 ], [ 4.869698901207273, 52.375763904143824 ] ] ] ] } },
{ "type": "Feature", "properties": { "element": "way", "id": 55251695, "addr:street": null, "leisure": "park", "name": null, "note": null, "sport": null, "wikipedia": null, "access": null, "tourism": null, "website": null, "wikidata": null, "start_date": null, "wikimedia_commons": null, "area": null, "name:nl": null, "name:ru": null, "alt_name": null, "surface": null, "old_name": null, "name:etymology:wikidata": null, "wheelchair": null, "layer": null, "name:de": null, "name:en": null, "name:ko": null, "name:zh": null, "source": "3dShapes", "landuse": null, "barrier": null, "fence_type": null, "leaf_type": null, "description": null, "opening_hours": null, "addr:city": null, "not": null, "bicycle": null, "foot": null, "motor_vehicle": null, "operator": null, "fee": null, "lit": null, "architect": null, "ref:bag": null, "addr:postcode": null, "smoking": null, "garden:type": null, "check_date": null, "construction": null, "survey:date": null, "type": null, "heritage": null, "heritage:operator": null, "ref:rce": null, "bbq": null, "name:uk": null, "name:zh-Hans": null }, "geometry": { "type": "MultiPolygon", "coordinates": [ [ [ [ 4.92644150126469, 52.39168420415303 ], [ 4.926327401264579, 52.391740204153081 ], [ 4.926270301264526, 52.391768204153117 ], [ 4.926233001264488, 52.391739904153077 ], [ 4.926204401264459, 52.391718104153028 ], [ 4.926162301264413, 52.391686204153025 ], [ 4.926220001264468, 52.391658704153024 ], [ 4.926318001264567, 52.391611904152981 ], [ 4.926326901264574, 52.39160270415298 ], [ 4.926330001264575, 52.391591904152982 ], [ 4.926328801264575, 52.391585304152983 ], [ 4.926330901264577, 52.391578304152915 ], [ 4.926337501264583, 52.391571304152976 ], [ 4.926353801264597, 52.391563304152974 ], [ 4.926370601264614, 52.391557004152965 ], [ 4.926386401264632, 52.391552604152942 ], [ 4.926402901264645, 52.391549804152945 ], [ 4.926420501264665, 52.391549004152928 ], [ 4.926438001264681, 52.391549504152962 ], [ 4.926456901264702, 52.391552104152979 ], [ 4.926475501264719, 52.391555704152957 ], [ 4.92649440126474, 52.391561704152949 ], [ 4.926508501264752, 52.391568504152971 ], [ 4.926522401264767, 52.391577804152973 ], [ 4.92653400126478, 52.391589204152972 ], [ 4.926541701264788, 52.391602704152994 ], [ 4.926547901264795, 52.391618404153007 ], [ 4.926548401264793, 52.391632804152955 ], [ 4.926545501264792, 52.391645904152973 ], [ 4.926540101264789, 52.39165540415302 ], [ 4.92653020126478, 52.39166560415304 ], [ 4.926521001264771, 52.391672504153028 ], [ 4.926508001264757, 52.391680104153039 ], [ 4.926501901264751, 52.391681304153032 ], [ 4.926494101264743, 52.391680604153038 ], [ 4.926475701264725, 52.391679104153042 ], [ 4.926468401264718, 52.39167960415304 ], [ 4.926462001264711, 52.391679704153006 ], [ 4.9264517012647, 52.391681004153028 ], [ 4.92644150126469, 52.39168420415303 ] ] ] ] } },
{ "type": "Feature", "properties": { "element": "way", "id": 55303941, "addr:street": null, "leisure": "park", "name": null, "note": null, "sport": null, "wikipedia": null, "access": null, "tourism": null, "website": null, "wikidata": null, "start_date": null, "wikimedia_commons": null, "area": null, "name:nl": null, "name:ru": null, "alt_name": null, "surface": null, "old_name": null, "name:etymology:wikidata": null, "wheelchair": null, "layer": null, "name:de": null, "name:en": null, "name:ko": null, "name:zh": null, "source": "3dShapes", "landuse": null, "barrier": null, "fence_type": null, "leaf_type": null, "description": null, "opening_hours": null, "addr:city": null, "not": null, "bicycle": null, "foot": null, "motor_vehicle": null, "operator": null, "fee": null, "lit": null, "architect": null, "ref:bag": null, "addr:postcode": null, "smoking": null, "garden:type": null, "check_date": null, "construction": null, "survey:date": null, "type": null, "heritage": null, "heritage:operator": null, "ref:rce": null, "bbq": null, "name:uk": null, "name:zh-Hans": null }, "geometry": { "type": "MultiPolygon", "coordinates": [ [ [ [ 4.889426801229013, 52.418289904168759 ], [ 4.88942320122901, 52.418317204168787 ], [ 4.889571001229157, 52.41831780416878 ], [ 4.889599401229184, 52.418299104168732 ], [ 4.889602101229174, 52.418064004168649 ], [ 4.889579601229154, 52.418046804168625 ], [ 4.889459101229032, 52.418044304168653 ], [ 4.889426801229013, 52.418289904168759 ] ] ] ] } },
{ "type": "Feature", "properties": { "element": "way", "id": 63634718, "addr:street": null, "leisure": "park", "name": "Park De Kuil", "note": null, "sport": null, "wikipedia": "nl:Park de Kuil", "access": null, "tourism": null, "website": null, "wikidata": "Q2524822", "start_date": null, "wikimedia_commons": null, "area": null, "name:nl": null, "name:ru": null, "alt_name": null, "surface": null, "old_name": null, "name:etymology:wikidata": null, "wheelchair": null, "layer": null, "name:de": null, "name:en": null, "name:ko": null, "name:zh": null, "source": "Stadsdeel Nieuw-West (Nieuws vaN db, 24 juni 2010)", "landuse": null, "barrier": null, "fence_type": null, "leaf_type": null, "description": null, "opening_hours": null, "addr:city": null, "not": null, "bicycle": null, "foot": null, "motor_vehicle": null, "operator": null, "fee": null, "lit": null, "architect": null, "ref:bag": null, "addr:postcode": null, "smoking": null, "garden:type": null, "check_date": null, "construction": null, "survey:date": null, "type": null, "heritage": null, "heritage:operator": null, "ref:rce": null, "bbq": null, "name:uk": null, "name:zh-Hans": null }, "geometry": { "type": "MultiPolygon", "coordinates": [ [ [ [ 4.788622901126427, 52.37816400414534 ], [ 4.792077601129875, 52.378190204145376 ], [ 4.792163401129973, 52.378412904145492 ], [ 4.793987301131788, 52.378209804145371 ], [ 4.793526001131278, 52.377253604144819 ], [ 4.793196501130939, 52.377054804144692 ], [ 4.792303201130021, 52.376516104144386 ], [ 4.791723501129425, 52.376166404144172 ], [ 4.791423101129111, 52.375884704144049 ], [ 4.791594801129262, 52.375491804143799 ], [ 4.791047601128721, 52.375590004143831 ], [ 4.790296601127982, 52.375825804143986 ], [ 4.789642101127345, 52.376133604144137 ], [ 4.788498801126235, 52.376753004144518 ], [ 4.788622901126427, 52.37816400414534 ] ] ] ] } },
{ "type": "Feature", "properties": { "element": "way", "id": 66681688, "addr:street": null, "leisure": "park", "name": "Afrikanerplein", "note": null, "sport": null, "wikipedia": null, "access": null, "tourism": null, "website": null, "wikidata": null, "start_date": null, "wikimedia_commons": null, "area": null, "name:nl": null, "name:ru": null, "alt_name": null, "surface": null, "old_name": null, "name:etymology:wikidata": null, "wheelchair": null, "layer": null, "name:de": null, "name:en": null, "name:ko": null, "name:zh": null, "source": "3dShapes", "landuse": "grass", "barrier": null, "fence_type": null, "leaf_type": null, "description": null, "opening_hours": null, "addr:city": null, "not": null, "bicycle": null, "foot": null, "motor_vehicle": null, "operator": null, "fee": null, "lit": null, "architect": null, "ref:bag": null, "addr:postcode": null, "smoking": null, "garden:type": null, "check_date": null, "construction": null, "survey:date": null, "type": null, "heritage": null, "heritage:operator": null, "ref:rce": null, "bbq": null, "name:uk": null, "name:zh-Hans": null }, "geometry": { "type": "MultiPolygon", "coordinates": [ [ [ [ 4.916898301253313, 52.352644504130033 ], [ 4.91697330125339, 52.352645004130018 ], [ 4.917108301253522, 52.352623604130017 ], [ 4.917244701253657, 52.352593004129979 ], [ 4.917376301253787, 52.352553904129969 ], [ 4.917519901253929, 52.352497204129953 ], [ 4.917608501254016, 52.352468804129913 ], [ 4.917441901253844, 52.352354704129873 ], [ 4.916636901253015, 52.35185280412955 ], [ 4.916602701252983, 52.351856204129547 ], [ 4.916578301252959, 52.351873704129616 ], [ 4.916588001252972, 52.351901604129608 ], [ 4.91660380125299, 52.351970104129613 ], [ 4.916684101253079, 52.352142004129711 ], [ 4.916898301253313, 52.352644504130033 ] ] ] ] } },
{ "type": "Feature", "properties": { "element": "way", "id": 73998749, "addr:street": null, "leisure": "park", "name": "Zimmerterrein", "note": null, "sport": null, "wikipedia": "nl:Zimmerterrein", "access": null, "tourism": null, "website": null, "wikidata": "Q15884220", "start_date": null, "wikimedia_commons": null, "area": null, "name:nl": null, "name:ru": null, "alt_name": "Landje van Ome Kick", "surface": null, "old_name": null, "name:etymology:wikidata": null, "wheelchair": null, "layer": null, "name:de": null, "name:en": null, "name:ko": null, "name:zh": null, "source": null, "landuse": null, "barrier": null, "fence_type": null, "leaf_type": null, "description": null, "opening_hours": null, "addr:city": null, "not": null, "bicycle": null, "foot": null, "motor_vehicle": null, "operator": null, "fee": null, "lit": null, "architect": null, "ref:bag": null, "addr:postcode": null, "smoking": null, "garden:type": null, "check_date": null, "construction": null, "survey:date": null, "type": null, "heritage": null, "heritage:operator": null, "ref:rce": null, "bbq": null, "name:uk": null, "name:zh-Hans": null }, "geometry": { "type": "MultiPolygon", "coordinates": [ [ [ [ 4.863606201200829, 52.368315704139434 ], [ 4.863961601201201, 52.36868250413967 ], [ 4.864776201202055, 52.36954720414014 ], [ 4.864879801202154, 52.369460504140143 ], [ 4.865141401202407, 52.36924160413998 ], [ 4.865013001202276, 52.369184104139983 ], [ 4.864968201202228, 52.369126404139891 ], [ 4.865154001202405, 52.368992604139862 ], [ 4.865219101202469, 52.368926904139819 ], [ 4.865189801202439, 52.368905204139793 ], [ 4.865112301202361, 52.368882504139783 ], [ 4.86474720120199, 52.368782704139711 ], [ 4.864686501201929, 52.368779404139723 ], [ 4.86463820120188, 52.368769704139709 ], [ 4.864597201201839, 52.368740904139699 ], [ 4.864576801201816, 52.368712404139657 ], [ 4.864598101201836, 52.368665104139644 ], [ 4.864531201201769, 52.368645704139631 ], [ 4.864479701201715, 52.368623304139611 ], [ 4.864464601201699, 52.36859170413959 ], [ 4.86449350120172, 52.3684782041395 ], [ 4.863606201200829, 52.368315704139434 ] ] ] ] } },
{ "type": "Feature", "properties": { "element": "way", "id": 73998931, "addr:street": null, "leisure": "park", "name": null, "note": null, "sport": null, "wikipedia": null, "access": null, "tourism": null, "website": null, "wikidata": null, "start_date": null, "wikimedia_commons": null, "area": null, "name:nl": null, "name:ru": null, "alt_name": null, "surface": null, "old_name": null, "name:etymology:wikidata": null, "wheelchair": null, "layer": null, "name:de": null, "name:en": null, "name:ko": null, "name:zh": null, "source": null, "landuse": null, "barrier": null, "fence_type": null, "leaf_type": null, "description": null, "opening_hours": null, "addr:city": null, "not": null, "bicycle": null, "foot": null, "motor_vehicle": null, "operator": null, "fee": null, "lit": null, "architect": null, "ref:bag": null, "addr:postcode": null, "smoking": null, "garden:type": null, "check_date": null, "construction": null, "survey:date": null, "type": null, "heritage": null, "heritage:operator": null, "ref:rce": null, "bbq": null, "name:uk": null, "name:zh-Hans": null }, "geometry": { "type": "MultiPolygon", "coordinates": [ [ [ [ 4.873289901209653, 52.350720704129031 ], [ 4.873311701209661, 52.35043240412886 ], [ 4.873126001209471, 52.350307504128786 ], [ 4.872931901209274, 52.350263804128794 ], [ 4.871828901208167, 52.35023100412873 ], [ 4.871232701207575, 52.350201304128703 ], [ 4.871122301207465, 52.350240404128748 ], [ 4.871000201207345, 52.35029420412878 ], [ 4.870958901207318, 52.350626204128993 ], [ 4.873289901209653, 52.350720704129031 ] ] ] ] } },
{ "type": "Feature", "properties": { "element": "way", "id": 73999132, "addr:street": null, "leisure": "park", "name": null, "note": null, "sport": null, "wikipedia": null, "access": null, "tourism": null, "website": null, "wikidata": null, "start_date": null, "wikimedia_commons": null, "area": null, "name:nl": null, "name:ru": null, "alt_name": null, "surface": null, "old_name": null, "name:etymology:wikidata": null, "wheelchair": "yes", "layer": null, "name:de": null, "name:en": null, "name:ko": null, "name:zh": null, "source": "3dShapes", "landuse": "grass", "barrier": "fence", "fence_type": "bars", "leaf_type": null, "description": null, "opening_hours": null, "addr:city": null, "not": null, "bicycle": null, "foot": null, "motor_vehicle": null, "operator": null, "fee": null, "lit": null, "architect": null, "ref:bag": null, "addr:postcode": null, "smoking": null, "garden:type": null, "check_date": null, "construction": null, "survey:date": null, "type": null, "heritage": null, "heritage:operator": null, "ref:rce": null, "bbq": null, "name:uk": null, "name:zh-Hans": null }, "geometry": { "type": "MultiPolygon", "coordinates": [ [ [ [ 4.86450120120093, 52.351921204129717 ], [ 4.864385701200811, 52.351889004129745 ], [ 4.864412101200838, 52.351852904129707 ], [ 4.864396501200821, 52.351848804129723 ], [ 4.864380301200805, 52.351845704129708 ], [ 4.864366401200791, 52.351844104129725 ], [ 4.864356401200783, 52.35184330412973 ], [ 4.864334501200762, 52.351843204129686 ], [ 4.864322101200746, 52.351844104129718 ], [ 4.864310701200737, 52.351845404129747 ], [ 4.864299301200727, 52.351847204129712 ], [ 4.864285201200711, 52.3518505041297 ], [ 4.864275901200703, 52.351852804129706 ], [ 4.86426200120069, 52.351857504129697 ], [ 4.864249501200677, 52.351862604129686 ], [ 4.864240401200667, 52.351867204129725 ], [ 4.864226701200655, 52.351875404129714 ], [ 4.864218101200646, 52.351882204129765 ], [ 4.864210701200638, 52.351889104129711 ], [ 4.864203501200632, 52.351897404129723 ], [ 4.864197501200628, 52.351906904129763 ], [ 4.8637394012002, 52.352556104130102 ], [ 4.863722801200185, 52.352580604130168 ], [ 4.863715001200178, 52.352596304130159 ], [ 4.863708801200172, 52.352613304130166 ], [ 4.86370560120017, 52.352626604130165 ], [ 4.86370430120017, 52.352638304130203 ], [ 4.86370510120017, 52.352647304130194 ], [ 4.863707201200171, 52.352658604130198 ], [ 4.863710801200178, 52.352668204130197 ], [ 4.863718801200184, 52.35267660413021 ], [ 4.863725601200194, 52.352681404130223 ], [ 4.863730801200196, 52.352683904130224 ], [ 4.863735801200202, 52.352685804130211 ], [ 4.863742701200208, 52.352688204130189 ], [ 4.863754501200221, 52.352690204130219 ], [ 4.863760001200227, 52.352690904130228 ], [ 4.863772501200237, 52.352690904130199 ], [ 4.863778001200246, 52.352689804130236 ], [ 4.863783301200252, 52.3526879041302 ], [ 4.863789501200256, 52.352684304130179 ], [ 4.863790001200258, 52.352677004130221 ], [ 4.863791101200259, 52.352672604130184 ], [ 4.863792701200259, 52.352669104130179 ], [ 4.86379360120026, 52.352666704130201 ], [ 4.863793201200258, 52.352665304130184 ], [ 4.863766001200232, 52.352667004130211 ], [ 4.863744301200212, 52.352661404130195 ], [ 4.863742901200211, 52.352660204130203 ], [ 4.86374260120021, 52.352659504130187 ], [ 4.863743001200212, 52.352658104130192 ], [ 4.86377790120024, 52.352610604130149 ], [ 4.863780001200245, 52.352610104130179 ], [ 4.863782201200245, 52.352610304130131 ], [ 4.863802601200267, 52.352615604130193 ], [ 4.863816801200283, 52.352628004130175 ], [ 4.863818801200283, 52.352627304130159 ], [ 4.863826401200289, 52.352627304130181 ], [ 4.863832901200298, 52.352628504130145 ], [ 4.863837201200301, 52.352630704130156 ], [ 4.863839901200307, 52.352633304130187 ], [ 4.863841901200306, 52.352636004130204 ], [ 4.863842601200308, 52.352638904130153 ], [ 4.86384310120031, 52.352642304130185 ], [ 4.863842901200309, 52.352645004130189 ], [ 4.863842501200306, 52.352648604130195 ], [ 4.863841501200309, 52.352651504130179 ], [ 4.863839501200306, 52.3526551041302 ], [ 4.863836701200301, 52.352659304130214 ], [ 4.8638323012003, 52.352665404130171 ], [ 4.863828901200294, 52.352671004130229 ], [ 4.863826401200291, 52.352676004130217 ], [ 4.86382480120029, 52.35268090413021 ], [ 4.86382440120029, 52.352684604130211 ], [ 4.863824301200292, 52.352685804130211 ], [ 4.863822301200289, 52.352686904130216 ], [ 4.863821801200291, 52.352696004130223 ], [ 4.86382380120029, 52.352703204130229 ], [ 4.863829401200298, 52.352710804130233 ], [ 4.863836101200306, 52.352716804130232 ], [ 4.86384280120031, 52.352721104130246 ], [ 4.86385170120032, 52.352725204130209 ], [ 4.863863101200332, 52.35272880413023 ], [ 4.863875401200345, 52.352730704130217 ], [ 4.863884301200352, 52.352731304130238 ], [ 4.863894901200363, 52.352731004130213 ], [ 4.863906401200378, 52.352729404130201 ], [ 4.863916201200386, 52.352727004130237 ], [ 4.863926201200396, 52.352723104130227 ], [ 4.8639309012004, 52.352720604130241 ], [ 4.863935501200404, 52.352717504130219 ], [ 4.863935701200402, 52.35271570413019 ], [ 4.863936801200406, 52.352714304130203 ], [ 4.863941501200411, 52.352711004130228 ], [ 4.863947001200414, 52.35270660413024 ], [ 4.863952701200419, 52.352700004130192 ], [ 4.863956201200422, 52.352695004130176 ], [ 4.86396050120043, 52.352689204130222 ], [ 4.863965401200432, 52.352682904130212 ], [ 4.863970401200437, 52.352679204130197 ], [ 4.863976501200443, 52.352675804130222 ], [ 4.863982201200447, 52.352673504130188 ], [ 4.863987401200451, 52.352672104130143 ], [ 4.863993001200461, 52.352671704130195 ], [ 4.863997401200463, 52.352672004130177 ], [ 4.864001401200468, 52.352673004130168 ], [ 4.864005901200471, 52.352675004130184 ], [ 4.864008601200475, 52.352676804130191 ], [ 4.864009001200476, 52.352679004130209 ], [ 4.864034401200501, 52.352677104130201 ], [ 4.864055801200524, 52.35268270413021 ], [ 4.864057501200524, 52.352684104130212 ], [ 4.864057601200524, 52.352685504130207 ], [ 4.864024601200494, 52.352732404130244 ], [ 4.864023001200492, 52.352733604130229 ], [ 4.864020501200491, 52.352734104130214 ], [ 4.864019301200489, 52.35273390413024 ], [ 4.863998501200469, 52.35272870413025 ], [ 4.863981901200451, 52.352715104130212 ], [ 4.863979401200447, 52.352715804130199 ], [ 4.863975201200444, 52.352720104130235 ], [ 4.86396960120044, 52.352724504130244 ], [ 4.863968701200436, 52.352724904130227 ], [ 4.863967001200436, 52.352726304130208 ], [ 4.863963401200433, 52.352728504130241 ], [ 4.863961801200431, 52.35272920413022 ], [ 4.863960501200431, 52.352729404130237 ], [ 4.86396010120043, 52.352731004130206 ], [ 4.863959801200429, 52.35273310413023 ], [ 4.86396010120043, 52.352735704130225 ], [ 4.863962001200429, 52.352739504130234 ], [ 4.863966401200436, 52.35274380413022 ], [ 4.863973901200445, 52.352747704130245 ], [ 4.863982501200453, 52.352751104130256 ], [ 4.863993601200463, 52.352753804130238 ], [ 4.864002901200473, 52.352755004130238 ], [ 4.864020001200489, 52.352755104130246 ], [ 4.864032601200503, 52.352753404130226 ], [ 4.864045401200517, 52.352750504130242 ], [ 4.864057401200527, 52.352746104130219 ], [ 4.864068501200538, 52.352741104130217 ], [ 4.864080001200549, 52.352735104130275 ], [ 4.864094801200564, 52.352725004130228 ], [ 4.864108701200577, 52.352712604130211 ], [ 4.864117501200584, 52.352703504130204 ], [ 4.864126101200595, 52.352693904130213 ], [ 4.864138501200607, 52.352677604130228 ], [ 4.864150301200617, 52.352660704130173 ], [ 4.864617301201052, 52.351999104129803 ], [ 4.864621901201053, 52.351988304129804 ], [ 4.864623501201057, 52.351981704129784 ], [ 4.864624601201056, 52.351964804129764 ], [ 4.864622501201053, 52.351952904129789 ], [ 4.864615901201047, 52.351938204129745 ], [ 4.864607701201038, 52.35192700412977 ], [ 4.864600801201033, 52.351920104129725 ], [ 4.86458990120102, 52.351911204129763 ], [ 4.864578101201007, 52.351904104129751 ], [ 4.864564501200993, 52.351897304129722 ], [ 4.864551001200978, 52.351892304129727 ], [ 4.864534901200961, 52.351887304129733 ], [ 4.864527601200954, 52.35188500412972 ], [ 4.86450120120093, 52.351921204129717 ] ] ] ] } },
{ "type": "Feature", "properties": { "element": "way", "id": 73999412, "addr:street": null, "leisure": "park", "name": null, "note": null, "sport": null, "wikipedia": null, "access": null, "tourism": null, "website": null, "wikidata": null, "start_date": null, "wikimedia_commons": null, "area": null, "name:nl": null, "name:ru": null, "alt_name": null, "surface": null, "old_name": null, "name:etymology:wikidata": null, "wheelchair": null, "layer": null, "name:de": null, "name:en": null, "name:ko": null, "name:zh": null, "source": "survey", "landuse": null, "barrier": null, "fence_type": null, "leaf_type": null, "description": null, "opening_hours": null, "addr:city": null, "not": null, "bicycle": null, "foot": null, "motor_vehicle": null, "operator": null, "fee": null, "lit": null, "architect": null, "ref:bag": null, "addr:postcode": null, "smoking": null, "garden:type": null, "check_date": null, "construction": null, "survey:date": null, "type": null, "heritage": null, "heritage:operator": null, "ref:rce": null, "bbq": null, "name:uk": null, "name:zh-Hans": null }, "geometry": { "type": "MultiPolygon", "coordinates": [ [ [ [ 4.87120340120738, 52.346820904126716 ], [ 4.871190201207373, 52.346938604126791 ], [ 4.872130601208316, 52.346977804126816 ], [ 4.872132501208316, 52.346977904126824 ], [ 4.872145601208324, 52.346860204126735 ], [ 4.87120340120738, 52.346820904126716 ] ] ] ] } },
{ "type": "Feature", "properties": { "element": "way", "id": 73999516, "addr:street": null, "leisure": "park", "name": null, "note": null, "sport": null, "wikipedia": null, "access": null, "tourism": null, "website": null, "wikidata": null, "start_date": null, "wikimedia_commons": null, "area": null, "name:nl": null, "name:ru": null, "alt_name": null, "surface": null, "old_name": null, "name:etymology:wikidata": null, "wheelchair": null, "layer": null, "name:de": null, "name:en": null, "name:ko": null, "name:zh": null, "source": "survey", "landuse": null, "barrier": null, "fence_type": null, "leaf_type": null, "description": null, "opening_hours": null, "addr:city": null, "not": null, "bicycle": null, "foot": null, "motor_vehicle": null, "operator": null, "fee": null, "lit": null, "architect": null, "ref:bag": null, "addr:postcode": null, "smoking": null, "garden:type": null, "check_date": null, "construction": null, "survey:date": null, "type": null, "heritage": null, "heritage:operator": null, "ref:rce": null, "bbq": null, "name:uk": null, "name:zh-Hans": null }, "geometry": { "type": "MultiPolygon", "coordinates": [ [ [ [ 4.872438201208709, 52.348776404127889 ], [ 4.872559801208769, 52.347475804127093 ], [ 4.872340701208548, 52.347468204127075 ], [ 4.872219101208488, 52.348768804127864 ], [ 4.872407901208677, 52.348775304127884 ], [ 4.872438201208709, 52.348776404127889 ] ] ] ] } },
{ "type": "Feature", "properties": { "element": "way", "id": 73999566, "addr:street": null, "leisure": "park", "name": null, "note": null, "sport": null, "wikipedia": null, "access": null, "tourism": null, "website": null, "wikidata": null, "start_date": null, "wikimedia_commons": null, "area": null, "name:nl": null, "name:ru": null, "alt_name": null, "surface": null, "old_name": null, "name:etymology:wikidata": null, "wheelchair": null, "layer": null, "name:de": null, "name:en": null, "name:ko": null, "name:zh": null, "source": "survey", "landuse": "grass", "barrier": null, "fence_type": null, "leaf_type": null, "description": null, "opening_hours": null, "addr:city": null, "not": null, "bicycle": null, "foot": null, "motor_vehicle": null, "operator": null, "fee": null, "lit": null, "architect": null, "ref:bag": null, "addr:postcode": null, "smoking": null, "garden:type": null, "check_date": null, "construction": null, "survey:date": null, "type": null, "heritage": null, "heritage:operator": null, "ref:rce": null, "bbq": null, "name:uk": null, "name:zh-Hans": null }, "geometry": { "type": "MultiPolygon", "coordinates": [ [ [ [ 4.871432001207595, 52.346509704126518 ], [ 4.871429901207592, 52.346482804126531 ], [ 4.871398701207562, 52.34647640412652 ], [ 4.871407101207566, 52.346452404126467 ], [ 4.871600001207761, 52.346459304126512 ], [ 4.871597101207755, 52.346435404126474 ], [ 4.871238501207396, 52.346425104126496 ], [ 4.871227201207393, 52.346546704126531 ], [ 4.872179001208343, 52.346579604126561 ], [ 4.87219030120835, 52.346458004126482 ], [ 4.871627301207788, 52.346434404126505 ], [ 4.871624801207784, 52.346461904126492 ], [ 4.871827001207987, 52.34647010412651 ], [ 4.871827601207987, 52.346478904126506 ], [ 4.871822401207986, 52.346525204126536 ], [ 4.871432001207595, 52.346509704126518 ] ] ] ] } },
{ "type": "Feature", "properties": { "element": "way", "id": 73999646, "addr:street": null, "leisure": "park", "name": null, "note": null, "sport": null, "wikipedia": null, "access": null, "tourism": null, "website": null, "wikidata": null, "start_date": null, "wikimedia_commons": null, "area": null, "name:nl": null, "name:ru": null, "alt_name": null, "surface": null, "old_name": null, "name:etymology:wikidata": null, "wheelchair": null, "layer": null, "name:de": null, "name:en": null, "name:ko": null, "name:zh": null, "source": "survey", "landuse": null, "barrier": null, "fence_type": null, "leaf_type": null, "description": null, "opening_hours": null, "addr:city": null, "not": null, "bicycle": null, "foot": null, "motor_vehicle": null, "operator": null, "fee": null, "lit": null, "architect": null, "ref:bag": null, "addr:postcode": null, "smoking": null, "garden:type": null, "check_date": null, "construction": null, "survey:date": null, "type": null, "heritage": null, "heritage:operator": null, "ref:rce": null, "bbq": null, "name:uk": null, "name:zh-Hans": null }, "geometry": { "type": "MultiPolygon", "coordinates": [ [ [ [ 4.872187001208464, 52.348930404127969 ], [ 4.872152301208447, 52.349263704128155 ], [ 4.872150801208447, 52.349278704128182 ], [ 4.872113201208425, 52.349639504128376 ], [ 4.872111401208424, 52.349656704128385 ], [ 4.872078201208408, 52.349976304128568 ], [ 4.872077101208408, 52.34998670412859 ], [ 4.872093301208422, 52.349987304128561 ], [ 4.872303901208633, 52.349994804128592 ], [ 4.872338901208652, 52.349646304128406 ], [ 4.872376501208671, 52.349271504128126 ], [ 4.872409901208689, 52.348938504127979 ], [ 4.872187001208464, 52.348930404127969 ] ] ] ] } },
{ "type": "Feature", "properties": { "element": "way", "id": 73999790, "addr:street": null, "leisure": "park", "name": null, "note": null, "sport": null, "wikipedia": null, "access": null, "tourism": null, "website": null, "wikidata": null, "start_date": null, "wikimedia_commons": null, "area": null, "name:nl": null, "name:ru": null, "alt_name": null, "surface": null, "old_name": null, "name:etymology:wikidata": null, "wheelchair": null, "layer": null, "name:de": null, "name:en": null, "name:ko": null, "name:zh": null, "source": "3dShapes", "landuse": null, "barrier": null, "fence_type": null, "leaf_type": null, "description": null, "opening_hours": null, "addr:city": null, "not": null, "bicycle": null, "foot": null, "motor_vehicle": null, "operator": null, "fee": null, "lit": null, "architect": null, "ref:bag": null, "addr:postcode": null, "smoking": null, "garden:type": null, "check_date": null, "construction": null, "survey:date": null, "type": null, "heritage": null, "heritage:operator": null, "ref:rce": null, "bbq": null, "name:uk": null, "name:zh-Hans": null }, "geometry": { "type": "MultiPolygon", "coordinates": [ [ [ [ 4.846603901183429, 52.359748204134426 ], [ 4.846384801183206, 52.359627804134327 ], [ 4.846348601183166, 52.359587804134328 ], [ 4.846341101183158, 52.359504604134294 ], [ 4.84632700118314, 52.359494104134228 ], [ 4.846273701183087, 52.359464404134243 ], [ 4.846099201182911, 52.359406604134229 ], [ 4.84601650118283, 52.359463204134236 ], [ 4.846010701182825, 52.359473604134259 ], [ 4.846413501183245, 52.359820004134455 ], [ 4.846416301183245, 52.359828804134466 ], [ 4.84643940118328, 52.360019304134568 ], [ 4.846439301183279, 52.360031404134574 ], [ 4.846464601183304, 52.360043604134589 ], [ 4.846515401183356, 52.360047204134595 ], [ 4.846735901183576, 52.360044804134596 ], [ 4.846812401183654, 52.360039804134594 ], [ 4.846977301183815, 52.359952404134532 ], [ 4.847091701183922, 52.35984730413449 ], [ 4.847114801183943, 52.359819604134458 ], [ 4.847100701183929, 52.359802404134463 ], [ 4.847078301183906, 52.359788304134469 ], [ 4.847061401183891, 52.359784804134428 ], [ 4.847030301183859, 52.359783004134457 ], [ 4.846982201183811, 52.359786104134429 ], [ 4.846820901183649, 52.359804504134431 ], [ 4.846755701183586, 52.359816304134469 ], [ 4.846744401183575, 52.359816204134461 ], [ 4.846603901183429, 52.359748204134426 ] ] ] ] } },
{ "type": "Feature", "properties": { "element": "way", "id": 74041901, "addr:street": null, "leisure": "park", "name": "Merwedeplein", "note": null, "sport": null, "wikipedia": null, "access": null, "tourism": null, "website": null, "wikidata": null, "start_date": null, "wikimedia_commons": null, "area": null, "name:nl": null, "name:ru": null, "alt_name": null, "surface": null, "old_name": null, "name:etymology:wikidata": null, "wheelchair": null, "layer": null, "name:de": null, "name:en": null, "name:ko": null, "name:zh": null, "source": null, "landuse": null, "barrier": null, "fence_type": null, "leaf_type": null, "description": null, "opening_hours": null, "addr:city": null, "not": null, "bicycle": null, "foot": null, "motor_vehicle": null, "operator": null, "fee": null, "lit": null, "architect": null, "ref:bag": null, "addr:postcode": null, "smoking": null, "garden:type": null, "check_date": null, "construction": null, "survey:date": null, "type": null, "heritage": null, "heritage:operator": null, "ref:rce": null, "bbq": null, "name:uk": null, "name:zh-Hans": null }, "geometry": { "type": "MultiPolygon", "coordinates": [ [ [ [ 4.900302201236384, 52.34527680412571 ], [ 4.900261501236344, 52.34529430412573 ], [ 4.90014160123623, 52.345438704125819 ], [ 4.900066601236162, 52.345605004125929 ], [ 4.900054401236155, 52.345714104125953 ], [ 4.900059501236166, 52.345819304126046 ], [ 4.900083601236193, 52.345857204126084 ], [ 4.900092601236202, 52.34588340412607 ], [ 4.901537301237642, 52.345818304126063 ], [ 4.901601301237706, 52.345807904126019 ], [ 4.901624701237729, 52.345779404125985 ], [ 4.90160760123771, 52.345754604126 ], [ 4.900302201236384, 52.34527680412571 ] ] ] ] } },
{ "type": "Feature", "properties": { "element": "way", "id": 74042075, "addr:street": null, "leisure": "park", "name": null, "note": null, "sport": null, "wikipedia": null, "access": null, "tourism": null, "website": null, "wikidata": null, "start_date": null, "wikimedia_commons": null, "area": null, "name:nl": null, "name:ru": null, "alt_name": null, "surface": null, "old_name": null, "name:etymology:wikidata": null, "wheelchair": null, "layer": null, "name:de": null, "name:en": null, "name:ko": null, "name:zh": null, "source": "3dShapes", "landuse": "grass", "barrier": null, "fence_type": null, "leaf_type": null, "description": null, "opening_hours": null, "addr:city": null, "not": null, "bicycle": null, "foot": null, "motor_vehicle": null, "operator": null, "fee": null, "lit": null, "architect": null, "ref:bag": null, "addr:postcode": null, "smoking": null, "garden:type": null, "check_date": null, "construction": null, "survey:date": null, "type": null, "heritage": null, "heritage:operator": null, "ref:rce": null, "bbq": null, "name:uk": null, "name:zh-Hans": null }, "geometry": { "type": "MultiPolygon", "coordinates": [ [ [ [ 4.895424501231221, 52.339228204122151 ], [ 4.896063201231858, 52.339199504122128 ], [ 4.896030601231812, 52.33892940412197 ], [ 4.896029701231809, 52.338922104121956 ], [ 4.895458701231239, 52.338947304121987 ], [ 4.895402201231186, 52.338949704122015 ], [ 4.895397401231181, 52.338952004121992 ], [ 4.895392701231176, 52.338954704121996 ], [ 4.895390601231173, 52.338958204121994 ], [ 4.895394301231178, 52.338987204121963 ], [ 4.895424501231221, 52.339228204122151 ] ] ] ] } },
{ "type": "Feature", "properties": { "element": "way", "id": 74042116, "addr:street": null, "leisure": "park", "name": null, "note": null, "sport": null, "wikipedia": null, "access": null, "tourism": null, "website": null, "wikidata": null, "start_date": null, "wikimedia_commons": null, "area": null, "name:nl": null, "name:ru": null, "alt_name": null, "surface": null, "old_name": null, "name:etymology:wikidata": null, "wheelchair": null, "layer": null, "name:de": null, "name:en": null, "name:ko": null, "name:zh": null, "source": "3dShapes", "landuse": null, "barrier": null, "fence_type": null, "leaf_type": null, "description": null, "opening_hours": null, "addr:city": null, "not": null, "bicycle": null, "foot": null, "motor_vehicle": null, "operator": null, "fee": null, "lit": null, "architect": null, "ref:bag": null, "addr:postcode": null, "smoking": null, "garden:type": null, "check_date": null, "construction": null, "survey:date": null, "type": null, "heritage": null, "heritage:operator": null, "ref:rce": null, "bbq": null, "name:uk": null, "name:zh-Hans": null }, "geometry": { "type": "MultiPolygon", "coordinates": [ [ [ [ 4.902793601238999, 52.347932504127257 ], [ 4.90236160123857, 52.347987804127314 ], [ 4.902505001238714, 52.348011604127329 ], [ 4.902548801238757, 52.348017604127335 ], [ 4.90290880123912, 52.348066404127366 ], [ 4.90286150123907, 52.348011404127305 ], [ 4.902793601238999, 52.347932504127257 ] ] ] ] } },
{ "type": "Feature", "properties": { "element": "way", "id": 74042124, "addr:street": null, "leisure": "park", "name": null, "note": null, "sport": null, "wikipedia": null, "access": null, "tourism": null, "website": null, "wikidata": null, "start_date": null, "wikimedia_commons": null, "area": null, "name:nl": null, "name:ru": null, "alt_name": null, "surface": null, "old_name": null, "name:etymology:wikidata": null, "wheelchair": null, "layer": null, "name:de": null, "name:en": null, "name:ko": null, "name:zh": null, "source": "3dShapes", "landuse": "grass", "barrier": null, "fence_type": null, "leaf_type": null, "description": null, "opening_hours": null, "addr:city": null, "not": null, "bicycle": null, "foot": null, "motor_vehicle": null, "operator": null, "fee": null, "lit": null, "architect": null, "ref:bag": null, "addr:postcode": null, "smoking": null, "garden:type": null, "check_date": null, "construction": null, "survey:date": null, "type": null, "heritage": null, "heritage:operator": null, "ref:rce": null, "bbq": null, "name:uk": null, "name:zh-Hans": null }, "geometry": { "type": "MultiPolygon", "coordinates": [ [ [ [ 4.895360201231131, 52.338700804121828 ], [ 4.89598990123176, 52.338672104121819 ], [ 4.895954101231709, 52.338378104121645 ], [ 4.895324401231079, 52.338406804121668 ], [ 4.895330001231091, 52.338452404121682 ], [ 4.895360201231131, 52.338700804121828 ] ] ] ] } },
{ "type": "Feature", "properties": { "element": "way", "id": 74042325, "addr:street": null, "leisure": "park", "name": null, "note": null, "sport": null, "wikipedia": null, "access": null, "tourism": null, "website": null, "wikidata": null, "start_date": null, "wikimedia_commons": null, "area": null, "name:nl": null, "name:ru": null, "alt_name": null, "surface": null, "old_name": null, "name:etymology:wikidata": null, "wheelchair": null, "layer": null, "name:de": null, "name:en": null, "name:ko": null, "name:zh": null, "source": "3dShapes", "landuse": "grass", "barrier": null, "fence_type": null, "leaf_type": null, "description": null, "opening_hours": null, "addr:city": null, "not": null, "bicycle": null, "foot": null, "motor_vehicle": null, "operator": null, "fee": null, "lit": null, "architect": null, "ref:bag": null, "addr:postcode": null, "smoking": null, "garden:type": null, "check_date": null, "construction": null, "survey:date": null, "type": null, "heritage": null, "heritage:operator": null, "ref:rce": null, "bbq": null, "name:uk": null, "name:zh-Hans": null }, "geometry": { "type": "MultiPolygon", "coordinates": [ [ [ [ 4.894822501230582, 52.338431604121652 ], [ 4.894856001230628, 52.338708404121846 ], [ 4.894530901230302, 52.338722304121859 ], [ 4.8945300012303, 52.338711504121846 ], [ 4.894452901230226, 52.338714804121864 ], [ 4.894453901230227, 52.338725604121855 ], [ 4.894263001230035, 52.338734504121895 ], [ 4.894228701229989, 52.338459204121691 ], [ 4.894822501230582, 52.338431604121652 ] ] ] ] } },
{ "type": "Feature", "properties": { "element": "way", "id": 74042367, "addr:street": null, "leisure": "park", "name": null, "note": null, "sport": null, "wikipedia": null, "access": null, "tourism": null, "website": null, "wikidata": null, "start_date": null, "wikimedia_commons": null, "area": null, "name:nl": null, "name:ru": null, "alt_name": null, "surface": null, "old_name": null, "name:etymology:wikidata": null, "wheelchair": null, "layer": null, "name:de": null, "name:en": null, "name:ko": null, "name:zh": null, "source": "3dShapes", "landuse": "grass", "barrier": null, "fence_type": null, "leaf_type": null, "description": null, "opening_hours": null, "addr:city": null, "not": null, "bicycle": null, "foot": null, "motor_vehicle": null, "operator": null, "fee": null, "lit": null, "architect": null, "ref:bag": null, "addr:postcode": null, "smoking": null, "garden:type": null, "check_date": null, "construction": null, "survey:date": null, "type": null, "heritage": null, "heritage:operator": null, "ref:rce": null, "bbq": null, "name:uk": null, "name:zh-Hans": null }, "geometry": { "type": "MultiPolygon", "coordinates": [ [ [ [ 4.894327401230128, 52.339292104122194 ], [ 4.894957901230753, 52.339261204122181 ], [ 4.894920301230703, 52.338971104121995 ], [ 4.894389601230173, 52.338995304122008 ], [ 4.894289601230076, 52.338999804122004 ], [ 4.894327401230128, 52.339292104122194 ] ] ] ] } },
{ "type": "Feature", "properties": { "element": "way", "id": 74079422, "addr:street": null, "leisure": "park", "name": "Tweede Marnixplantsoen", "note": null, "sport": null, "wikipedia": null, "access": null, "tourism": null, "website": null, "wikidata": null, "start_date": null, "wikimedia_commons": null, "area": null, "name:nl": null, "name:ru": null, "alt_name": null, "surface": null, "old_name": null, "name:etymology:wikidata": null, "wheelchair": null, "layer": null, "name:de": null, "name:en": null, "name:ko": null, "name:zh": null, "source": "3dShapes", "landuse": null, "barrier": null, "fence_type": null, "leaf_type": null, "description": null, "opening_hours": null, "addr:city": null, "not": null, "bicycle": null, "foot": null, "motor_vehicle": null, "operator": null, "fee": null, "lit": null, "architect": null, "ref:bag": null, "addr:postcode": null, "smoking": null, "garden:type": null, "check_date": null, "construction": null, "survey:date": null, "type": null, "heritage": null, "heritage:operator": null, "ref:rce": null, "bbq": null, "name:uk": null, "name:zh-Hans": null }, "geometry": { "type": "MultiPolygon", "coordinates": [ [ [ [ 4.875719001213208, 52.37419740414289 ], [ 4.87581180121331, 52.37442820414303 ], [ 4.875853601213358, 52.374494104143018 ], [ 4.875898901213404, 52.374565704143102 ], [ 4.875940701213452, 52.374629204143154 ], [ 4.875978101213492, 52.374686104143187 ], [ 4.876101001213623, 52.374874604143272 ], [ 4.87655300121407, 52.374768404143211 ], [ 4.876417301213926, 52.374622204143122 ], [ 4.876275001213776, 52.374426504143003 ], [ 4.87612180121361, 52.374204804142899 ], [ 4.876104101213592, 52.374188204142875 ], [ 4.876087401213576, 52.374174304142869 ], [ 4.876069801213557, 52.374172004142864 ], [ 4.876048901213537, 52.37416960414285 ], [ 4.876025701213515, 52.374170204142878 ], [ 4.875916601213405, 52.37417790414289 ], [ 4.875719001213208, 52.37419740414289 ] ] ] ] } },
{ "type": "Feature", "properties": { "element": "way", "id": 74080008, "addr:street": null, "leisure": "park", "name": null, "note": null, "sport": null, "wikipedia": null, "access": null, "tourism": null, "website": null, "wikidata": null, "start_date": null, "wikimedia_commons": null, "area": null, "name:nl": null, "name:ru": null, "alt_name": null, "surface": null, "old_name": null, "name:etymology:wikidata": null, "wheelchair": "yes", "layer": null, "name:de": null, "name:en": null, "name:ko": null, "name:zh": null, "source": "3dShapes", "landuse": "grass", "barrier": null, "fence_type": null, "leaf_type": null, "description": null, "opening_hours": null, "addr:city": null, "not": null, "bicycle": null, "foot": null, "motor_vehicle": null, "operator": null, "fee": null, "lit": null, "architect": null, "ref:bag": null, "addr:postcode": null, "smoking": null, "garden:type": null, "check_date": null, "construction": null, "survey:date": null, "type": null, "heritage": null, "heritage:operator": null, "ref:rce": null, "bbq": null, "name:uk": null, "name:zh-Hans": null }, "geometry": { "type": "MultiPolygon", "coordinates": [ [ [ [ 4.877458001215511, 52.386002504149808 ], [ 4.877487201215543, 52.386015904149851 ], [ 4.877651201215709, 52.386083104149918 ], [ 4.877716601215777, 52.386087604149871 ], [ 4.877774101215832, 52.386090104149886 ], [ 4.877838201215894, 52.386081904149862 ], [ 4.878002701216057, 52.386038904149864 ], [ 4.877960201216013, 52.385994004149815 ], [ 4.877905201215956, 52.385930004149792 ], [ 4.877895701215945, 52.385909204149776 ], [ 4.877897501215948, 52.385894104149784 ], [ 4.877784401215833, 52.385885104149772 ], [ 4.877566201215616, 52.385887004149765 ], [ 4.877537401215585, 52.385888904149738 ], [ 4.877534101215586, 52.385937404149821 ], [ 4.877497201215551, 52.385980204149831 ], [ 4.877458001215511, 52.386002504149808 ] ] ] ] } },
{ "type": "Feature", "properties": { "element": "way", "id": 74080944, "addr:street": null, "leisure": "park", "name": null, "note": null, "sport": null, "wikipedia": null, "access": null, "tourism": null, "website": null, "wikidata": null, "start_date": null, "wikimedia_commons": null, "area": null, "name:nl": null, "name:ru": null, "alt_name": null, "surface": null, "old_name": null, "name:etymology:wikidata": null, "wheelchair": null, "layer": null, "name:de": null, "name:en": null, "name:ko": null, "name:zh": null, "source": "3dShapes", "landuse": null, "barrier": null, "fence_type": null, "leaf_type": null, "description": null, "opening_hours": null, "addr:city": null, "not": null, "bicycle": null, "foot": null, "motor_vehicle": null, "operator": null, "fee": null, "lit": null, "architect": null, "ref:bag": null, "addr:postcode": null, "smoking": null, "garden:type": null, "check_date": null, "construction": null, "survey:date": null, "type": null, "heritage": null, "heritage:operator": null, "ref:rce": null, "bbq": null, "name:uk": null, "name:zh-Hans": null }, "geometry": { "type": "MultiPolygon", "coordinates": [ [ [ [ 4.880333601218166, 52.381424204147123 ], [ 4.880054501217906, 52.381826504147377 ], [ 4.880689901218549, 52.382002804147476 ], [ 4.880807101218664, 52.381946304147441 ], [ 4.880759301218611, 52.381859704147402 ], [ 4.880786401218636, 52.381850404147386 ], [ 4.880750201218595, 52.381746604147295 ], [ 4.880646701218478, 52.381478104147149 ], [ 4.880333601218166, 52.381424204147123 ] ] ] ] } },
{ "type": "Feature", "properties": { "element": "way", "id": 74081622, "addr:street": null, "leisure": "park", "name": "Toon Ylandplantsoen", "note": null, "sport": null, "wikipedia": null, "access": null, "tourism": null, "website": null, "wikidata": null, "start_date": null, "wikimedia_commons": null, "area": null, "name:nl": null, "name:ru": null, "alt_name": null, "surface": null, "old_name": null, "name:etymology:wikidata": null, "wheelchair": null, "layer": null, "name:de": null, "name:en": null, "name:ko": null, "name:zh": null, "source": "3dShapes", "landuse": "forest", "barrier": null, "fence_type": null, "leaf_type": "mixed", "description": null, "opening_hours": null, "addr:city": null, "not": null, "bicycle": null, "foot": null, "motor_vehicle": null, "operator": null, "fee": null, "lit": null, "architect": null, "ref:bag": null, "addr:postcode": null, "smoking": null, "garden:type": null, "check_date": null, "construction": null, "survey:date": null, "type": null, "heritage": null, "heritage:operator": null, "ref:rce": null, "bbq": null, "name:uk": null, "name:zh-Hans": null }, "geometry": { "type": "MultiPolygon", "coordinates": [ [ [ [ 4.886723601224864, 52.388073004151039 ], [ 4.886735901224871, 52.387966904150986 ], [ 4.886421301224552, 52.387936004150923 ], [ 4.886505501224627, 52.387642404150775 ], [ 4.886019801224139, 52.387637504150774 ], [ 4.886048401224177, 52.387802804150894 ], [ 4.886074701224207, 52.387871104150932 ], [ 4.886146501224281, 52.387932404150938 ], [ 4.886257501224395, 52.387993804150973 ], [ 4.886456101224597, 52.388051904151027 ], [ 4.886723601224864, 52.388073004151039 ] ] ] ] } },
{ "type": "Feature", "properties": { "element": "way", "id": 74082136, "addr:street": null, "leisure": "park", "name": null, "note": null, "sport": null, "wikipedia": null, "access": null, "tourism": null, "website": null, "wikidata": null, "start_date": null, "wikimedia_commons": null, "area": null, "name:nl": null, "name:ru": null, "alt_name": null, "surface": null, "old_name": null, "name:etymology:wikidata": null, "wheelchair": null, "layer": null, "name:de": null, "name:en": null, "name:ko": null, "name:zh": null, "source": "3dShapes", "landuse": "grass", "barrier": null, "fence_type": null, "leaf_type": null, "description": null, "opening_hours": null, "addr:city": null, "not": null, "bicycle": null, "foot": null, "motor_vehicle": null, "operator": null, "fee": null, "lit": null, "architect": null, "ref:bag": null, "addr:postcode": null, "smoking": null, "garden:type": null, "check_date": null, "construction": null, "survey:date": null, "type": null, "heritage": null, "heritage:operator": null, "ref:rce": null, "bbq": null, "name:uk": null, "name:zh-Hans": null }, "geometry": { "type": "MultiPolygon", "coordinates": [ [ [ [ 4.880996101219051, 52.386096904149888 ], [ 4.881114301219168, 52.386043804149871 ], [ 4.881115801219167, 52.38600930414983 ], [ 4.880794201218842, 52.38601070414984 ], [ 4.880624601218675, 52.385995104149835 ], [ 4.880319601218368, 52.385954404149814 ], [ 4.880213001218261, 52.3859526041498 ], [ 4.88013050121818, 52.385955004149828 ], [ 4.880060101218108, 52.385968204149833 ], [ 4.879972501218024, 52.38599590414983 ], [ 4.879901701217955, 52.386031304149817 ], [ 4.879833401217888, 52.386072604149895 ], [ 4.879774701217834, 52.386119804149871 ], [ 4.879676501217738, 52.386224704149946 ], [ 4.879472201217548, 52.386494604150144 ], [ 4.879190901217278, 52.386703204150265 ], [ 4.880996101219051, 52.386096904149888 ] ] ] ] } },
{ "type": "Feature", "properties": { "element": "way", "id": 74082784, "addr:street": null, "leisure": "park", "name": null, "note": null, "sport": null, "wikipedia": null, "access": null, "tourism": null, "website": null, "wikidata": null, "start_date": null, "wikimedia_commons": null, "area": null, "name:nl": null, "name:ru": null, "alt_name": null, "surface": null, "old_name": null, "name:etymology:wikidata": null, "wheelchair": null, "layer": null, "name:de": null, "name:en": null, "name:ko": null, "name:zh": null, "source": null, "landuse": "grass", "barrier": null, "fence_type": null, "leaf_type": null, "description": null, "opening_hours": null, "addr:city": null, "not": null, "bicycle": null, "foot": null, "motor_vehicle": null, "operator": null, "fee": null, "lit": null, "architect": null, "ref:bag": null, "addr:postcode": null, "smoking": null, "garden:type": null, "check_date": null, "construction": null, "survey:date": null, "type": null, "heritage": null, "heritage:operator": null, "ref:rce": null, "bbq": null, "name:uk": null, "name:zh-Hans": null }, "geometry": { "type": "MultiPolygon", "coordinates": [ [ [ [ 4.876370101214473, 52.38697570415043 ], [ 4.876146501214251, 52.38698320415039 ], [ 4.876041101214148, 52.38698970415043 ], [ 4.875945201214052, 52.387011104150467 ], [ 4.875865501213972, 52.38704540415042 ], [ 4.875794801213904, 52.387086204150485 ], [ 4.875745201213858, 52.387166404150527 ], [ 4.875720101213838, 52.387207804150549 ], [ 4.875741501213859, 52.387236504150536 ], [ 4.875879701213996, 52.387259904150582 ], [ 4.876135801214255, 52.387274404150581 ], [ 4.876359101214479, 52.387289204150591 ], [ 4.876936801215053, 52.387293304150624 ], [ 4.877449601215566, 52.387241504150566 ], [ 4.877910901216022, 52.38717760415053 ], [ 4.878066501216174, 52.387072904150472 ], [ 4.877733901215841, 52.387099104150501 ], [ 4.8774952012156, 52.387087604150508 ], [ 4.877159901215266, 52.387053204150455 ], [ 4.877065501215178, 52.387167604150534 ], [ 4.877051601215163, 52.387187304150551 ], [ 4.877025301215138, 52.387209904150538 ], [ 4.876981201215095, 52.387224904150543 ], [ 4.87694490121506, 52.387234404150583 ], [ 4.876895401215013, 52.387236504150557 ], [ 4.876812201214928, 52.387227504150559 ], [ 4.876729401214844, 52.387210504150566 ], [ 4.876663701214776, 52.387176304150515 ], [ 4.876370101214473, 52.38697570415043 ] ] ] ] } },
{ "type": "Feature", "properties": { "element": "way", "id": 74603474, "addr:street": null, "leisure": "park", "name": "Kröller-Müllerpark", "note": null, "sport": null, "wikipedia": null, "access": null, "tourism": null, "website": null, "wikidata": "Q52324598", "start_date": null, "wikimedia_commons": null, "area": null, "name:nl": null, "name:ru": null, "alt_name": null, "surface": null, "old_name": null, "name:etymology:wikidata": null, "wheelchair": null, "layer": null, "name:de": null, "name:en": null, "name:ko": null, "name:zh": null, "source": "3dShapes", "landuse": null, "barrier": null, "fence_type": null, "leaf_type": null, "description": null, "opening_hours": null, "addr:city": null, "not": null, "bicycle": null, "foot": null, "motor_vehicle": null, "operator": null, "fee": null, "lit": null, "architect": null, "ref:bag": null, "addr:postcode": null, "smoking": null, "garden:type": null, "check_date": null, "construction": null, "survey:date": null, "type": null, "heritage": null, "heritage:operator": null, "ref:rce": null, "bbq": null, "name:uk": null, "name:zh-Hans": null }, "geometry": { "type": "MultiPolygon", "coordinates": [ [ [ [ 4.829522301166662, 52.365766804138012 ], [ 4.827333601164475, 52.365757604137997 ], [ 4.827252501164395, 52.365752804138047 ], [ 4.827298401164443, 52.365855004138055 ], [ 4.827366501164521, 52.365990004138133 ], [ 4.827530701164694, 52.366232204138257 ], [ 4.829530201166691, 52.366259804138281 ], [ 4.829523801166682, 52.366202504138279 ], [ 4.829522301166662, 52.365766804138012 ] ] ] ] } },
{ "type": "Feature", "properties": { "element": "way", "id": 74603967, "addr:street": null, "leisure": "park", "name": "Spoorpark", "note": null, "sport": null, "wikipedia": null, "access": null, "tourism": null, "website": null, "wikidata": null, "start_date": null, "wikimedia_commons": null, "area": null, "name:nl": null, "name:ru": null, "alt_name": "Spoorpark Midden", "surface": null, "old_name": null, "name:etymology:wikidata": null, "wheelchair": null, "layer": null, "name:de": null, "name:en": null, "name:ko": null, "name:zh": null, "source": null, "landuse": null, "barrier": null, "fence_type": null, "leaf_type": null, "description": null, "opening_hours": null, "addr:city": null, "not": null, "bicycle": null, "foot": null, "motor_vehicle": null, "operator": null, "fee": null, "lit": null, "architect": null, "ref:bag": null, "addr:postcode": null, "smoking": null, "garden:type": null, "check_date": null, "construction": null, "survey:date": null, "type": null, "heritage": null, "heritage:operator": null, "ref:rce": null, "bbq": null, "name:uk": null, "name:zh-Hans": null }, "geometry": { "type": "MultiPolygon", "coordinates": [ [ [ [ 4.834776401171804, 52.363600304136696 ], [ 4.834676101171705, 52.363598804136714 ], [ 4.834701701171693, 52.362845304136272 ], [ 4.834557201171548, 52.362844704136243 ], [ 4.834513901171556, 52.363907204136886 ], [ 4.83477910117182, 52.363900004136887 ], [ 4.834776401171804, 52.363600304136696 ] ] ] ] } },
{ "type": "Feature", "properties": { "element": "way", "id": 74604095, "addr:street": null, "leisure": "park", "name": "Forintplantsoen", "note": null, "sport": null, "wikipedia": null, "access": null, "tourism": null, "website": null, "wikidata": null, "start_date": null, "wikimedia_commons": null, "area": null, "name:nl": null, "name:ru": null, "alt_name": null, "surface": null, "old_name": null, "name:etymology:wikidata": null, "wheelchair": null, "layer": null, "name:de": null, "name:en": null, "name:ko": null, "name:zh": null, "source": null, "landuse": null, "barrier": null, "fence_type": null, "leaf_type": null, "description": null, "opening_hours": null, "addr:city": null, "not": null, "bicycle": null, "foot": null, "motor_vehicle": null, "operator": null, "fee": null, "lit": null, "architect": null, "ref:bag": null, "addr:postcode": null, "smoking": null, "garden:type": null, "check_date": null, "construction": null, "survey:date": null, "type": null, "heritage": null, "heritage:operator": null, "ref:rce": null, "bbq": null, "name:uk": null, "name:zh-Hans": null }, "geometry": { "type": "MultiPolygon", "coordinates": [ [ [ [ 4.786448201122665, 52.346081304126372 ], [ 4.785108801121355, 52.346609904126716 ], [ 4.785083901121333, 52.346662004126763 ], [ 4.785611501121883, 52.347157104127 ], [ 4.785699601121969, 52.347165804127066 ], [ 4.787060101123303, 52.346610804126705 ], [ 4.787066401123306, 52.346566204126681 ], [ 4.786587901122809, 52.346127404126413 ], [ 4.786448201122665, 52.346081304126372 ] ] ] ] } },
{ "type": "Feature", "properties": { "element": "way", "id": 75540422, "addr:street": null, "leisure": "park", "name": null, "note": null, "sport": null, "wikipedia": null, "access": null, "tourism": null, "website": null, "wikidata": null, "start_date": null, "wikimedia_commons": null, "area": null, "name:nl": null, "name:ru": null, "alt_name": null, "surface": null, "old_name": null, "name:etymology:wikidata": null, "wheelchair": null, "layer": null, "name:de": null, "name:en": null, "name:ko": null, "name:zh": null, "source": "BGT", "landuse": "grass", "barrier": null, "fence_type": null, "leaf_type": null, "description": null, "opening_hours": null, "addr:city": null, "not": null, "bicycle": null, "foot": null, "motor_vehicle": null, "operator": null, "fee": null, "lit": null, "architect": null, "ref:bag": null, "addr:postcode": null, "smoking": null, "garden:type": null, "check_date": null, "construction": null, "survey:date": null, "type": null, "heritage": null, "heritage:operator": null, "ref:rce": null, "bbq": null, "name:uk": null, "name:zh-Hans": null }, "geometry": { "type": "MultiPolygon", "coordinates": [ [ [ [ 4.967531401302455, 52.321452004111329 ], [ 4.967941201302843, 52.320991504111049 ], [ 4.967521301302414, 52.320848404110947 ], [ 4.967516301302413, 52.320853504110971 ], [ 4.967316401302222, 52.321071604111097 ], [ 4.967299401302207, 52.321089704111074 ], [ 4.967176401302089, 52.321224704111195 ], [ 4.967112401302029, 52.321295404111233 ], [ 4.967109601302024, 52.321299304111243 ], [ 4.967104301302022, 52.321305104111239 ], [ 4.967531401302455, 52.321452004111329 ] ] ] ] } },
{ "type": "Feature", "properties": { "element": "way", "id": 87355256, "addr:street": null, "leisure": "park", "name": null, "note": null, "sport": null, "wikipedia": null, "access": null, "tourism": null, "website": null, "wikidata": null, "start_date": null, "wikimedia_commons": null, "area": null, "name:nl": null, "name:ru": null, "alt_name": null, "surface": null, "old_name": null, "name:etymology:wikidata": null, "wheelchair": null, "layer": null, "name:de": null, "name:en": null, "name:ko": null, "name:zh": null, "source": "Bing", "landuse": null, "barrier": null, "fence_type": null, "leaf_type": null, "description": null, "opening_hours": null, "addr:city": null, "not": null, "bicycle": null, "foot": null, "motor_vehicle": null, "operator": null, "fee": null, "lit": null, "architect": null, "ref:bag": null, "addr:postcode": null, "smoking": null, "garden:type": null, "check_date": null, "construction": null, "survey:date": null, "type": null, "heritage": null, "heritage:operator": null, "ref:rce": null, "bbq": null, "name:uk": null, "name:zh-Hans": null }, "geometry": { "type": "MultiPolygon", "coordinates": [ [ [ [ 4.910950301249108, 52.389251804151684 ], [ 4.911084401249242, 52.389220704151612 ], [ 4.911378501249515, 52.388776604151381 ], [ 4.91128880124942, 52.388657904151295 ], [ 4.910764501248904, 52.388791604151386 ], [ 4.910701301248845, 52.38889180415142 ], [ 4.910950301249108, 52.389251804151684 ] ] ] ] } },
{ "type": "Feature", "properties": { "element": "way", "id": 99889489, "addr:street": null, "leisure": "park", "name": null, "note": null, "sport": null, "wikipedia": null, "access": null, "tourism": null, "website": null, "wikidata": null, "start_date": null, "wikimedia_commons": null, "area": null, "name:nl": null, "name:ru": null, "alt_name": null, "surface": null, "old_name": null, "name:etymology:wikidata": null, "wheelchair": null, "layer": null, "name:de": null, "name:en": null, "name:ko": null, "name:zh": null, "source": "3dShapes", "landuse": "grass", "barrier": null, "fence_type": null, "leaf_type": null, "description": null, "opening_hours": null, "addr:city": null, "not": null, "bicycle": null, "foot": null, "motor_vehicle": null, "operator": null, "fee": null, "lit": null, "architect": null, "ref:bag": null, "addr:postcode": null, "smoking": null, "garden:type": null, "check_date": null, "construction": null, "survey:date": null, "type": null, "heritage": null, "heritage:operator": null, "ref:rce": null, "bbq": null, "name:uk": null, "name:zh-Hans": null }, "geometry": { "type": "MultiPolygon", "coordinates": [ [ [ [ 4.956825001290445, 52.293353504094604 ], [ 4.956851201290471, 52.293327104094558 ], [ 4.956858601290478, 52.2933191040946 ], [ 4.957107601290715, 52.293042004094445 ], [ 4.957040301290647, 52.293020304094419 ], [ 4.95705580129066, 52.293002904094401 ], [ 4.957026801290633, 52.292993804094387 ], [ 4.957082501290684, 52.292932904094329 ], [ 4.957159901290764, 52.292958404094406 ], [ 4.957201701290802, 52.29291190409436 ], [ 4.956774901290369, 52.292761204094234 ], [ 4.956721701290315, 52.292783804094306 ], [ 4.956709101290303, 52.292795704094253 ], [ 4.95669530129029, 52.292808604094262 ], [ 4.956687201290283, 52.292820404094314 ], [ 4.956674001290269, 52.292836504094311 ], [ 4.95634670128996, 52.293194804094547 ], [ 4.956825001290445, 52.293353504094604 ] ] ] ] } },
{ "type": "Feature", "properties": { "element": "way", "id": 103826122, "addr:street": null, "leisure": "park", "name": null, "note": null, "sport": null, "wikipedia": null, "access": null, "tourism": null, "website": null, "wikidata": null, "start_date": null, "wikimedia_commons": null, "area": null, "name:nl": null, "name:ru": null, "alt_name": null, "surface": null, "old_name": null, "name:etymology:wikidata": null, "wheelchair": null, "layer": null, "name:de": null, "name:en": null, "name:ko": null, "name:zh": null, "source": "3dShapes", "landuse": null, "barrier": null, "fence_type": null, "leaf_type": null, "description": null, "opening_hours": null, "addr:city": null, "not": null, "bicycle": null, "foot": null, "motor_vehicle": null, "operator": null, "fee": null, "lit": null, "architect": null, "ref:bag": null, "addr:postcode": null, "smoking": null, "garden:type": null, "check_date": null, "construction": null, "survey:date": null, "type": null, "heritage": null, "heritage:operator": null, "ref:rce": null, "bbq": null, "name:uk": null, "name:zh-Hans": null }, "geometry": { "type": "MultiPolygon", "coordinates": [ [ [ [ 4.770227001107984, 52.376616204144462 ], [ 4.770226001107977, 52.376533904144402 ], [ 4.770168301107917, 52.376513004144364 ], [ 4.770121201107869, 52.376472104144341 ], [ 4.770002801107752, 52.376459004144358 ], [ 4.769933201107683, 52.376498504144379 ], [ 4.769832201107586, 52.376567004144455 ], [ 4.769654701107414, 52.376679704144486 ], [ 4.769472301107239, 52.376838504144587 ], [ 4.769222701106999, 52.377006904144686 ], [ 4.76919530110697, 52.377008304144681 ], [ 4.768974601106757, 52.377125404144735 ], [ 4.768795801106583, 52.377227304144796 ], [ 4.76845510110625, 52.377375204144897 ], [ 4.767891201105704, 52.377689504145067 ], [ 4.768207501106037, 52.378054704145313 ], [ 4.76831090110614, 52.378028204145302 ], [ 4.76837960110621, 52.37802170414529 ], [ 4.769021401106846, 52.378020504145297 ], [ 4.770274601108099, 52.378017004145285 ], [ 4.770232501108038, 52.377633604145061 ], [ 4.770220301108013, 52.377351404144889 ], [ 4.770227001107984, 52.376616204144462 ] ] ] ] } },
{ "type": "Feature", "properties": { "element": "way", "id": 103827617, "addr:street": null, "leisure": "park", "name": null, "note": null, "sport": null, "wikipedia": null, "access": null, "tourism": null, "website": null, "wikidata": null, "start_date": null, "wikimedia_commons": null, "area": null, "name:nl": null, "name:ru": null, "alt_name": null, "surface": null, "old_name": null, "name:etymology:wikidata": null, "wheelchair": null, "layer": null, "name:de": null, "name:en": null, "name:ko": null, "name:zh": null, "source": null, "landuse": null, "barrier": null, "fence_type": null, "leaf_type": null, "description": null, "opening_hours": null, "addr:city": null, "not": null, "bicycle": null, "foot": null, "motor_vehicle": null, "operator": null, "fee": null, "lit": null, "architect": null, "ref:bag": null, "addr:postcode": null, "smoking": null, "garden:type": null, "check_date": null, "construction": null, "survey:date": null, "type": null, "heritage": null, "heritage:operator": null, "ref:rce": null, "bbq": null, "name:uk": null, "name:zh-Hans": null }, "geometry": { "type": "MultiPolygon", "coordinates": [ [ [ [ 4.768615901106721, 52.383526604148557 ], [ 4.768879501106982, 52.383509704148501 ], [ 4.768925501107026, 52.383506804148531 ], [ 4.769275701107378, 52.383539004148538 ], [ 4.769849801107953, 52.383542804148533 ], [ 4.769909601108011, 52.383512004148542 ], [ 4.76992930110803, 52.383493404148481 ], [ 4.769954401108051, 52.383470904148481 ], [ 4.769865401107962, 52.383433204148467 ], [ 4.769886201107974, 52.383276404148376 ], [ 4.769985201108072, 52.383210704148333 ], [ 4.770004201108049, 52.382411104147884 ], [ 4.770024801108064, 52.38231500414782 ], [ 4.770033601108072, 52.382291104147811 ], [ 4.770053501108091, 52.382237604147797 ], [ 4.770114301108148, 52.382175804147693 ], [ 4.770179301108209, 52.38213380414772 ], [ 4.770193401108185, 52.38136900414726 ], [ 4.770180001108173, 52.381344804147233 ], [ 4.77014350110813, 52.381320704147186 ], [ 4.77007920110807, 52.381309204147215 ], [ 4.768918301106909, 52.381315904147222 ], [ 4.768686401106679, 52.381317304147231 ], [ 4.768550901106543, 52.381317704147207 ], [ 4.768549101106594, 52.382372604147832 ], [ 4.768610601106708, 52.383434504148426 ], [ 4.768614901106715, 52.3835090041485 ], [ 4.768615901106721, 52.383526604148557 ] ] ] ] } },
{ "type": "Feature", "properties": { "element": "way", "id": 110404486, "addr:street": null, "leisure": "park", "name": null, "note": null, "sport": null, "wikipedia": null, "access": null, "tourism": null, "website": null, "wikidata": null, "start_date": null, "wikimedia_commons": null, "area": null, "name:nl": null, "name:ru": null, "alt_name": null, "surface": null, "old_name": null, "name:etymology:wikidata": null, "wheelchair": null, "layer": null, "name:de": null, "name:en": null, "name:ko": null, "name:zh": null, "source": null, "landuse": null, "barrier": null, "fence_type": null, "leaf_type": null, "description": null, "opening_hours": null, "addr:city": null, "not": null, "bicycle": null, "foot": null, "motor_vehicle": null, "operator": null, "fee": null, "lit": null, "architect": null, "ref:bag": null, "addr:postcode": null, "smoking": null, "garden:type": null, "check_date": null, "construction": null, "survey:date": null, "type": null, "heritage": null, "heritage:operator": null, "ref:rce": null, "bbq": null, "name:uk": null, "name:zh-Hans": null }, "geometry": { "type": "MultiPolygon", "coordinates": [ [ [ [ 4.991530601328164, 52.358881304133405 ], [ 4.991162401327788, 52.35862470413327 ], [ 4.991566301328183, 52.358408504133138 ], [ 4.991934501328561, 52.358665204133274 ], [ 4.991530601328164, 52.358881304133405 ] ] ] ] } },
{ "type": "Feature", "properties": { "element": "way", "id": 119377895, "addr:street": null, "leisure": "park", "name": null, "note": null, "sport": null, "wikipedia": null, "access": null, "tourism": null, "website": null, "wikidata": null, "start_date": null, "wikimedia_commons": null, "area": null, "name:nl": null, "name:ru": null, "alt_name": null, "surface": null, "old_name": null, "name:etymology:wikidata": null, "wheelchair": null, "layer": null, "name:de": null, "name:en": null, "name:ko": null, "name:zh": null, "source": null, "landuse": null, "barrier": null, "fence_type": null, "leaf_type": null, "description": null, "opening_hours": null, "addr:city": null, "not": null, "bicycle": null, "foot": null, "motor_vehicle": null, "operator": null, "fee": null, "lit": null, "architect": null, "ref:bag": null, "addr:postcode": null, "smoking": null, "garden:type": null, "check_date": null, "construction": null, "survey:date": null, "type": null, "heritage": null, "heritage:operator": null, "ref:rce": null, "bbq": null, "name:uk": null, "name:zh-Hans": null }, "geometry": { "type": "MultiPolygon", "coordinates": [ [ [ [ 4.872401601208568, 52.346595504126547 ], [ 4.872668701208834, 52.346607804126556 ], [ 4.872683401208845, 52.346487504126515 ], [ 4.872416401208577, 52.346475204126506 ], [ 4.872401601208568, 52.346595504126547 ] ] ] ] } },
{ "type": "Feature", "properties": { "element": "way", "id": 119377896, "addr:street": null, "leisure": "park", "name": null, "note": null, "sport": null, "wikipedia": null, "access": null, "tourism": null, "website": null, "wikidata": null, "start_date": null, "wikimedia_commons": null, "area": null, "name:nl": null, "name:ru": null, "alt_name": null, "surface": null, "old_name": null, "name:etymology:wikidata": null, "wheelchair": null, "layer": null, "name:de": null, "name:en": null, "name:ko": null, "name:zh": null, "source": "survey", "landuse": null, "barrier": null, "fence_type": null, "leaf_type": null, "description": null, "opening_hours": null, "addr:city": null, "not": null, "bicycle": null, "foot": null, "motor_vehicle": null, "operator": null, "fee": null, "lit": null, "architect": null, "ref:bag": null, "addr:postcode": null, "smoking": null, "garden:type": null, "check_date": null, "construction": null, "survey:date": null, "type": null, "heritage": null, "heritage:operator": null, "ref:rce": null, "bbq": null, "name:uk": null, "name:zh-Hans": null }, "geometry": { "type": "MultiPolygon", "coordinates": [ [ [ [ 4.872832301209018, 52.347002804126824 ], [ 4.873817401210006, 52.347043804126848 ], [ 4.873827601210007, 52.346917904126769 ], [ 4.872842501209022, 52.346887104126765 ], [ 4.872832301209018, 52.347002804126824 ] ] ] ] } },
{ "type": "Feature", "properties": { "element": "way", "id": 122665564, "addr:street": null, "leisure": "park", "name": null, "note": null, "sport": null, "wikipedia": null, "access": null, "tourism": null, "website": null, "wikidata": null, "start_date": null, "wikimedia_commons": null, "area": null, "name:nl": null, "name:ru": null, "alt_name": null, "surface": null, "old_name": null, "name:etymology:wikidata": null, "wheelchair": null, "layer": null, "name:de": null, "name:en": null, "name:ko": null, "name:zh": null, "source": null, "landuse": null, "barrier": null, "fence_type": null, "leaf_type": null, "description": null, "opening_hours": null, "addr:city": null, "not": null, "bicycle": null, "foot": null, "motor_vehicle": null, "operator": null, "fee": null, "lit": null, "architect": null, "ref:bag": null, "addr:postcode": null, "smoking": null, "garden:type": null, "check_date": null, "construction": null, "survey:date": null, "type": null, "heritage": null, "heritage:operator": null, "ref:rce": null, "bbq": null, "name:uk": null, "name:zh-Hans": null }, "geometry": { "type": "MultiPolygon", "coordinates": [ [ [ [ 4.768476701106343, 52.378791904145722 ], [ 4.768549701106457, 52.379584004146203 ], [ 4.768553901106469, 52.379752804146278 ], [ 4.768540601106485, 52.380407504146689 ], [ 4.768564301106533, 52.380860104146947 ], [ 4.768549201106529, 52.381084804147079 ], [ 4.770175201108152, 52.381042604147055 ], [ 4.770211501108132, 52.37987290414636 ], [ 4.770214001108127, 52.379790404146348 ], [ 4.77024480110811, 52.378797904145728 ], [ 4.768476701106343, 52.378791904145722 ] ] ] ] } },
{ "type": "Feature", "properties": { "element": "way", "id": 126602802, "addr:street": null, "leisure": "park", "name": "Nelson Mandelapark", "note": null, "sport": null, "wikipedia": "nl:Nelson Mandelapark (Amsterdam)", "access": null, "tourism": null, "website": null, "wikidata": "Q2172747", "start_date": null, "wikimedia_commons": "Category:Nelson Mandelapark", "area": null, "name:nl": null, "name:ru": null, "alt_name": null, "surface": null, "old_name": "Bijlmerpark", "name:etymology:wikidata": null, "wheelchair": null, "layer": null, "name:de": null, "name:en": null, "name:ko": null, "name:zh": null, "source": null, "landuse": null, "barrier": null, "fence_type": null, "leaf_type": null, "description": null, "opening_hours": null, "addr:city": null, "not": null, "bicycle": null, "foot": null, "motor_vehicle": null, "operator": null, "fee": null, "lit": null, "architect": null, "ref:bag": null, "addr:postcode": null, "smoking": null, "garden:type": null, "check_date": null, "construction": null, "survey:date": null, "type": null, "heritage": null, "heritage:operator": null, "ref:rce": null, "bbq": null, "name:uk": null, "name:zh-Hans": null }, "geometry": { "type": "MultiPolygon", "coordinates": [ [ [ [ 4.96864830130303, 52.309797504104409 ], [ 4.968735701303118, 52.309827404104389 ], [ 4.96911830130351, 52.309967604104472 ], [ 4.969317701303715, 52.310040204104517 ], [ 4.969319801303715, 52.310051704104538 ], [ 4.969321601303716, 52.310049604104535 ], [ 4.969344001303739, 52.310057304104525 ], [ 4.969443501303833, 52.30994740410447 ], [ 4.969434301303825, 52.309944204104461 ], [ 4.96942810130382, 52.309942104104458 ], [ 4.969426701303816, 52.309941604104459 ], [ 4.969453601303842, 52.309912104104413 ], [ 4.969454601303845, 52.309911604104443 ], [ 4.969455601303844, 52.309911404104461 ], [ 4.969456401303843, 52.309911204104402 ], [ 4.969457401303846, 52.309911204104417 ], [ 4.969458301303846, 52.309911304104446 ], [ 4.969459201303848, 52.309911604104443 ], [ 4.969460001303847, 52.309911904104432 ], [ 4.96946080130385, 52.309912504104446 ], [ 4.96946130130385, 52.309913204104433 ], [ 4.969461501303851, 52.309914004104456 ], [ 4.96946120130385, 52.309914804104437 ], [ 4.969460701303849, 52.309915404104444 ], [ 4.969441801303833, 52.309936004104486 ], [ 4.969456801303846, 52.309940904104415 ], [ 4.969537501303923, 52.309851604104423 ], [ 4.969629701304011, 52.309755904104321 ], [ 4.969708201304086, 52.309673704104299 ], [ 4.969759101304133, 52.309557704104229 ], [ 4.969811401304177, 52.309419904104139 ], [ 4.970013301304368, 52.309194504104006 ], [ 4.970119901304469, 52.309074704103935 ], [ 4.970221501304565, 52.308959704103863 ], [ 4.970307701304646, 52.308865904103804 ], [ 4.970384501304721, 52.30878450410377 ], [ 4.970415601304751, 52.308753104103729 ], [ 4.970440501304775, 52.308727504103743 ], [ 4.97046020130479, 52.308702304103711 ], [ 4.96961000130393, 52.308408004103505 ], [ 4.969503401303822, 52.308369904103536 ], [ 4.96943650130375, 52.308347004103503 ], [ 4.969403901303719, 52.308335604103533 ], [ 4.969238101303553, 52.308277304103441 ], [ 4.968960201303267, 52.308181804103405 ], [ 4.968919901303226, 52.308180404103403 ], [ 4.968719401303024, 52.308103704103374 ], [ 4.968561501302864, 52.308044904103326 ], [ 4.968397901302697, 52.307988104103295 ], [ 4.967979201302273, 52.30784060410322 ], [ 4.96797800130227, 52.307841804103212 ], [ 4.967967401302261, 52.30783800410321 ], [ 4.967903801302196, 52.307815604103169 ], [ 4.967892601302186, 52.307811604103193 ], [ 4.967893901302186, 52.307810404103208 ], [ 4.967790001302079, 52.307768504103137 ], [ 4.967034701301314, 52.307511304103016 ], [ 4.966850101301123, 52.307442604102988 ], [ 4.966543501300814, 52.307289904102873 ], [ 4.965995501300255, 52.307129604102791 ], [ 4.965727601299981, 52.307008704102685 ], [ 4.964286801298517, 52.306488204102415 ], [ 4.964166501298404, 52.306609304102508 ], [ 4.964380601298621, 52.306701504102548 ], [ 4.964403301298645, 52.306732704102537 ], [ 4.963910701298177, 52.307293104102868 ], [ 4.9639288012982, 52.307371704102955 ], [ 4.963839201298114, 52.307472004103005 ], [ 4.963735301298014, 52.307488604103021 ], [ 4.96239510129674, 52.308938004103894 ], [ 4.962070901296431, 52.309288804104085 ], [ 4.961490801295879, 52.309919004104465 ], [ 4.961389701295778, 52.309908004104472 ], [ 4.961221801295618, 52.310075204104571 ], [ 4.961048201295442, 52.310023304104561 ], [ 4.96088330129528, 52.310076304104562 ], [ 4.959016201293509, 52.312123504105799 ], [ 4.95849960129302, 52.312694504106148 ], [ 4.958502201293022, 52.312715304106192 ], [ 4.958514101293036, 52.312734204106185 ], [ 4.958535101293058, 52.31274810410617 ], [ 4.958594401293118, 52.312780904106205 ], [ 4.958884301293419, 52.312980004106322 ], [ 4.958800101293343, 52.313130404106403 ], [ 4.958589901293143, 52.313441204106589 ], [ 4.958442101293008, 52.313658204106723 ], [ 4.958389501292958, 52.313750604106758 ], [ 4.958249501292826, 52.313961004106893 ], [ 4.95899010129358, 52.314216204107034 ], [ 4.9591084012937, 52.314279904107089 ], [ 4.959557801294157, 52.314433804107168 ], [ 4.959704701294308, 52.314506104107231 ], [ 4.959855001294463, 52.314580004107228 ], [ 4.960012401294626, 52.314692204107331 ], [ 4.960332101294957, 52.315007704107515 ], [ 4.960672401295327, 52.315675604107895 ], [ 4.960684201295342, 52.31570560410794 ], [ 4.960724901295388, 52.315788004107972 ], [ 4.961589401296268, 52.316089704108137 ], [ 4.961694701296368, 52.316005504108112 ], [ 4.961714901296387, 52.315989004108104 ], [ 4.961739901296411, 52.315968604108079 ], [ 4.961749301296421, 52.31596100410809 ], [ 4.961765801296435, 52.315947404108073 ], [ 4.961787601296455, 52.315929604108064 ], [ 4.961798001296466, 52.315918804108058 ], [ 4.961805401296473, 52.315906304108054 ], [ 4.961812101296481, 52.315889904108033 ], [ 4.96181310129648, 52.31587650410804 ], [ 4.96181340129648, 52.315867104108023 ], [ 4.961810701296476, 52.315856504108027 ], [ 4.961883501296549, 52.315839004108014 ], [ 4.96192570129659, 52.315830804108025 ], [ 4.961936101296602, 52.315829004107997 ], [ 4.961974001296639, 52.31581980410801 ], [ 4.961995501296659, 52.315809904107979 ], [ 4.962027001296689, 52.315781904107951 ], [ 4.962068101296728, 52.315735604107907 ], [ 4.962146701296803, 52.315640404107896 ], [ 4.962208401296861, 52.315564604107848 ], [ 4.962284501296932, 52.315475604107789 ], [ 4.962359901297003, 52.315392204107717 ], [ 4.962450101297089, 52.315302004107664 ], [ 4.962540601297175, 52.315216604107654 ], [ 4.962642601297275, 52.315127004107602 ], [ 4.962803501297427, 52.314997104107505 ], [ 4.962998001297617, 52.314856104107406 ], [ 4.963225301297836, 52.314702704107319 ], [ 4.96340430129801, 52.314590404107264 ], [ 4.963631601298234, 52.314446504107195 ], [ 4.963766201298361, 52.314360804107125 ], [ 4.963770201298364, 52.314357004107087 ], [ 4.963768401298365, 52.314353904107115 ], [ 4.963840101298431, 52.314301704107102 ], [ 4.963863001298453, 52.31428510410705 ], [ 4.963869301298462, 52.31428040410708 ], [ 4.963956801298549, 52.314216804107041 ], [ 4.963966601298556, 52.314217004107036 ], [ 4.963988201298579, 52.314213204107013 ], [ 4.964019501298608, 52.314199604107031 ], [ 4.964064601298653, 52.314172504106992 ], [ 4.96417630129876, 52.314102104106993 ], [ 4.964262301298842, 52.314047104106926 ], [ 4.964428601299004, 52.31393840410685 ], [ 4.964520401299094, 52.313875504106818 ], [ 4.96464180129921, 52.313788004106776 ], [ 4.964743101299311, 52.313709704106735 ], [ 4.964840601299403, 52.313627904106681 ], [ 4.96493420129949, 52.313542604106622 ], [ 4.965052201299605, 52.313421104106538 ], [ 4.965137001299688, 52.31332150410649 ], [ 4.965234201299776, 52.313198304106415 ], [ 4.965318401299855, 52.313078004106337 ], [ 4.965381801299912, 52.312983704106259 ], [ 4.965405901299937, 52.312945404106273 ], [ 4.965407101299937, 52.312938204106253 ], [ 4.965510701300032, 52.312775004106115 ], [ 4.965528601300049, 52.312745304106159 ], [ 4.965547701300068, 52.312710904106126 ], [ 4.965575901300094, 52.312659804106111 ], [ 4.965589001300105, 52.312635904106038 ], [ 4.965652701300169, 52.312657804106095 ], [ 4.96616500130069, 52.312834104106223 ], [ 4.966200501300727, 52.312837804106174 ], [ 4.966623301301124, 52.31238160410593 ], [ 4.966620401301125, 52.312380604105911 ], [ 4.966614601301117, 52.312378704105924 ], [ 4.966623301301127, 52.312376404105926 ], [ 4.966625601301129, 52.312373304105918 ], [ 4.966623101301126, 52.312369004105918 ], [ 4.96662570130113, 52.312366104105926 ], [ 4.966633101301136, 52.31236520410593 ], [ 4.966635501301138, 52.312362104105915 ], [ 4.966632801301136, 52.31235800410591 ], [ 4.966635501301138, 52.312354904105902 ], [ 4.966642701301145, 52.312354304105902 ], [ 4.966645201301145, 52.312351404105911 ], [ 4.966643001301144, 52.312347004105931 ], [ 4.966645301301146, 52.312344204105919 ], [ 4.966652701301154, 52.312343204105886 ], [ 4.966655401301157, 52.312340304105902 ], [ 4.966652401301151, 52.312335904105915 ], [ 4.966654801301154, 52.312333104105903 ], [ 4.966662601301164, 52.312332304105915 ], [ 4.966665201301166, 52.31232930410588 ], [ 4.966662701301164, 52.3123249041059 ], [ 4.966664801301165, 52.312322204105854 ], [ 4.966672501301173, 52.312321104105905 ], [ 4.966675001301176, 52.312318204105843 ], [ 4.966672401301172, 52.312313704105875 ], [ 4.966675101301176, 52.312311004105908 ], [ 4.966682301301183, 52.312310304105907 ], [ 4.966684801301184, 52.312307304105872 ], [ 4.966682301301181, 52.312302904105856 ], [ 4.966684801301184, 52.31230010410588 ], [ 4.966692301301192, 52.312299304105885 ], [ 4.966694701301193, 52.312296204105841 ], [ 4.96669190130119, 52.312291704105874 ], [ 4.966694401301193, 52.312289104105851 ], [ 4.966701701301202, 52.31228810410586 ], [ 4.966704301301205, 52.312285204105876 ], [ 4.966701901301201, 52.312280904105869 ], [ 4.966704101301201, 52.312278004105877 ], [ 4.966711701301209, 52.312277004105887 ], [ 4.966714501301214, 52.31227420410584 ], [ 4.966711901301209, 52.31226960410585 ], [ 4.966714501301212, 52.312267004105841 ], [ 4.966721701301218, 52.312266204105889 ], [ 4.966724601301223, 52.312263304105848 ], [ 4.966722001301218, 52.312258804105831 ], [ 4.966724601301224, 52.312256004105876 ], [ 4.96673180130123, 52.312255304105825 ], [ 4.966734701301232, 52.312252604105851 ], [ 4.966732501301229, 52.312248204105842 ], [ 4.966734601301232, 52.312245304105829 ], [ 4.966741901301238, 52.312243604105873 ], [ 4.96674420130124, 52.312240604105817 ], [ 4.966741101301238, 52.312236204105851 ], [ 4.966742501301239, 52.312234704105819 ], [ 4.966739001301235, 52.31223370410585 ], [ 4.966737401301233, 52.312230604105835 ], [ 4.966741701301235, 52.312226604105824 ], [ 4.966739801301235, 52.312223404105843 ], [ 4.96673260130123, 52.312221804105867 ], [ 4.966730801301225, 52.31221860410583 ], [ 4.966735001301232, 52.312214504105839 ], [ 4.966733101301227, 52.312211404105817 ], [ 4.966725901301221, 52.312209904105799 ], [ 4.966723901301219, 52.312206704105812 ], [ 4.966728201301223, 52.312202704105829 ], [ 4.966726601301221, 52.312199504105799 ], [ 4.966719101301214, 52.312197904105822 ], [ 4.966717301301211, 52.312194604105812 ], [ 4.966721701301216, 52.312190704105802 ], [ 4.966719701301216, 52.312187504105815 ], [ 4.966712301301207, 52.312185704105786 ], [ 4.966711101301207, 52.312182604105814 ], [ 4.966715201301208, 52.312178504105781 ], [ 4.966713401301209, 52.312175504105795 ], [ 4.966705901301197, 52.312173904105769 ], [ 4.966704401301198, 52.312170904105805 ], [ 4.966707801301201, 52.312166804105807 ], [ 4.966705901301198, 52.312163504105747 ], [ 4.966698801301191, 52.312162004105765 ], [ 4.96669710130119, 52.312158804105763 ], [ 4.966701201301194, 52.312154904105796 ], [ 4.966700201301194, 52.312153104105803 ], [ 4.966697501301192, 52.312152204105772 ], [ 4.966696701301191, 52.312147504105795 ], [ 4.966691901301183, 52.312145804105782 ], [ 4.966684601301178, 52.31214780410577 ], [ 4.966680501301174, 52.312145904105755 ], [ 4.966679001301171, 52.312141204105785 ], [ 4.966674801301169, 52.312139704105775 ], [ 4.966666901301158, 52.312141204105792 ], [ 4.966662401301154, 52.312139604105788 ], [ 4.966661001301151, 52.312134904105761 ], [ 4.966656501301149, 52.312133604105767 ], [ 4.96664950130114, 52.312135004105791 ], [ 4.966645101301137, 52.312133604105775 ], [ 4.966643801301136, 52.312128804105782 ], [ 4.966638901301131, 52.312127304105758 ], [ 4.966631701301123, 52.312128904105805 ], [ 4.966627201301118, 52.312127304105736 ], [ 4.966626001301116, 52.312122704105789 ], [ 4.966621801301116, 52.312121204105743 ], [ 4.966614001301104, 52.312122704105775 ], [ 4.966609601301101, 52.312121304105737 ], [ 4.966607601301097, 52.312116604105782 ], [ 4.966603001301094, 52.312115204105758 ], [ 4.966595301301086, 52.312116704105755 ], [ 4.966591501301083, 52.312115104105779 ], [ 4.966589501301081, 52.31211080410575 ], [ 4.966585201301076, 52.312109204105759 ], [ 4.966577001301068, 52.312110104105756 ], [ 4.966572801301066, 52.312108704105746 ], [ 4.966571401301063, 52.312104404105732 ], [ 4.966566301301058, 52.312102804105763 ], [ 4.966559501301048, 52.312104404105774 ], [ 4.966555001301044, 52.31210290410575 ], [ 4.966553601301045, 52.312098404105747 ], [ 4.966548501301039, 52.312096604105726 ], [ 4.96654170130103, 52.312097904105741 ], [ 4.966536701301026, 52.312096404105731 ], [ 4.966535501301025, 52.312091904105763 ], [ 4.966530701301021, 52.31209030410578 ], [ 4.966523001301013, 52.312091804105755 ], [ 4.966518501301008, 52.312090304105766 ], [ 4.966517301301008, 52.312085704105733 ], [ 4.966512701301003, 52.312084004105749 ], [ 4.966505101300993, 52.312085604105746 ], [ 4.966501001300993, 52.312083804105733 ], [ 4.966498501300988, 52.312079104105756 ], [ 4.966493801300984, 52.312077704105732 ], [ 4.966486801300976, 52.312079204105757 ], [ 4.966482101300972, 52.312078304105718 ], [ 4.96648060130097, 52.312073304105738 ], [ 4.966476301300966, 52.312071604105761 ], [ 4.966468201300957, 52.312073104105728 ], [ 4.966463901300955, 52.312071604105718 ], [ 4.966462001300951, 52.312066804105747 ], [ 4.966456801300942, 52.312065304105751 ], [ 4.966449801300937, 52.312066704105739 ], [ 4.966445601300933, 52.312065304105715 ], [ 4.966444001300932, 52.312060804105727 ], [ 4.966439201300928, 52.312059204105751 ], [ 4.966431601300921, 52.312060504105744 ], [ 4.966427501300916, 52.31205900410572 ], [ 4.966426101300915, 52.312054704105734 ], [ 4.96642070130091, 52.31205290410572 ], [ 4.966413401300903, 52.312054104105741 ], [ 4.966409101300897, 52.312052804105726 ], [ 4.966407901300898, 52.312048304105701 ], [ 4.96640210130089, 52.312046504105709 ], [ 4.966395301300885, 52.312047904105739 ], [ 4.966390701300879, 52.312046404105722 ], [ 4.966388701300877, 52.312041804105739 ], [ 4.96638400130087, 52.312040504105724 ], [ 4.966377201300864, 52.312042004105692 ], [ 4.966371801300859, 52.312040604105718 ], [ 4.966370701300858, 52.312035904105727 ], [ 4.966365801300853, 52.312034304105673 ], [ 4.966359201300845, 52.31203590410572 ], [ 4.966354101300841, 52.3120342041057 ], [ 4.966352101300838, 52.312029604105703 ], [ 4.966347401300834, 52.3120281041057 ], [ 4.966340701300829, 52.312030004105708 ], [ 4.966336001300822, 52.312028504105697 ], [ 4.966334701300821, 52.312023804105706 ], [ 4.966329701300817, 52.312022104105701 ], [ 4.966322801300812, 52.312023804105735 ], [ 4.966318701300808, 52.312021604105709 ], [ 4.966318401300803, 52.312016904105697 ], [ 4.966313801300801, 52.312015204105677 ], [ 4.966306801300796, 52.312015904105699 ], [ 4.96630260130079, 52.312013604105708 ], [ 4.96630350130079, 52.312009104105698 ], [ 4.966299801300783, 52.312006804105692 ], [ 4.966292201300778, 52.312010804105668 ], [ 4.966280601300768, 52.312001604105703 ], [ 4.966271401300754, 52.311993404105692 ], [ 4.966263601300747, 52.311984204105691 ], [ 4.966257901300742, 52.311976604105681 ], [ 4.966252701300736, 52.311967804105663 ], [ 4.966249601300736, 52.311960204105652 ], [ 4.96624680130073, 52.31195140410567 ], [ 4.966244801300727, 52.311942904105635 ], [ 4.966244101300726, 52.31193110410566 ], [ 4.966244601300726, 52.311923904105662 ], [ 4.966245901300728, 52.311916704105649 ], [ 4.966247401300728, 52.311910804105658 ], [ 4.966249801300731, 52.311903904105641 ], [ 4.966255801300737, 52.311891704105648 ], [ 4.966263901300745, 52.311880304105635 ], [ 4.966279101300759, 52.31186340410563 ], [ 4.96628980130077, 52.311852204105612 ], [ 4.966295701300774, 52.311845804105594 ], [ 4.966296401300776, 52.311844504105622 ], [ 4.966297701300778, 52.311842004105578 ], [ 4.966298601300777, 52.311839404105584 ], [ 4.966298901300776, 52.311837404105603 ], [ 4.966299001300778, 52.31183630410559 ], [ 4.966298901300777, 52.311834604105599 ], [ 4.966298601300776, 52.311833004105573 ], [ 4.966298201300776, 52.311831504105584 ], [ 4.966297401300775, 52.311829604105576 ], [ 4.966296701300774, 52.311828104105594 ], [ 4.966295701300774, 52.311826704105613 ], [ 4.966294301300773, 52.311824904105571 ], [ 4.966292501300771, 52.3118232041056 ], [ 4.96629050130077, 52.311821504105595 ], [ 4.966287301300764, 52.311819404105584 ], [ 4.966284201300763, 52.311817704105607 ], [ 4.966280801300757, 52.311816304105569 ], [ 4.966281501300758, 52.311815304105565 ], [ 4.966219601300695, 52.311793904105556 ], [ 4.965973701300447, 52.311709304105527 ], [ 4.965808101300279, 52.31165270410547 ], [ 4.965806101300275, 52.311651704105486 ], [ 4.965804401300273, 52.311650804105511 ], [ 4.965803001300273, 52.31164970410547 ], [ 4.96580180130027, 52.31164850410547 ], [ 4.965800901300269, 52.311647204105469 ], [ 4.965800201300269, 52.31164580410551 ], [ 4.96579990130027, 52.311644204105477 ], [ 4.96580010130027, 52.311642504105485 ], [ 4.965800301300271, 52.311642004105508 ], [ 4.965800701300268, 52.311640904105488 ], [ 4.965801701300268, 52.311639404105478 ], [ 4.965812401300279, 52.311627604105446 ], [ 4.965836701300302, 52.311601004105476 ], [ 4.965924301300387, 52.311504904105412 ], [ 4.965948101300409, 52.31147880410537 ], [ 4.965955301300418, 52.311470904105377 ], [ 4.965956201300417, 52.311470004105388 ], [ 4.965957301300421, 52.311469204105364 ], [ 4.965958401300419, 52.311468604105393 ], [ 4.965958701300417, 52.311468404105419 ], [ 4.965960201300423, 52.311467704105375 ], [ 4.965961901300424, 52.311467104105354 ], [ 4.965963601300425, 52.311466604105362 ], [ 4.965965801300427, 52.311466104105364 ], [ 4.965967401300428, 52.311465904105404 ], [ 4.965969501300431, 52.311465804105389 ], [ 4.965971701300432, 52.311466004105391 ], [ 4.965974001300435, 52.311466204105386 ], [ 4.965975901300439, 52.311466504105383 ], [ 4.965978001300438, 52.311467104105382 ], [ 4.966181601300645, 52.311536904105424 ], [ 4.966263501300725, 52.31144720410537 ], [ 4.966351401300813, 52.311481204105405 ], [ 4.966595101301045, 52.311253704105262 ], [ 4.966668101301121, 52.311276804105241 ], [ 4.966703101301154, 52.311233804105257 ], [ 4.966747001301194, 52.311184804105174 ], [ 4.966992401301429, 52.310962204105067 ], [ 4.96759730130201, 52.310441004104774 ], [ 4.968256501302648, 52.309939304104461 ], [ 4.968473701302865, 52.310002104104477 ], [ 4.968494101302885, 52.309979504104476 ], [ 4.968486901302879, 52.309977104104462 ], [ 4.968534601302926, 52.309921404104458 ], [ 4.968543401302933, 52.309911804104445 ], [ 4.96855170130294, 52.309902704104445 ], [ 4.968552501302939, 52.309901904104386 ], [ 4.968576501302961, 52.30987550410444 ], [ 4.96864830130303, 52.309797504104409 ] ] ] ] } },
{ "type": "Feature", "properties": { "element": "way", "id": 143923613, "addr:street": null, "leisure": "park", "name": null, "note": null, "sport": null, "wikipedia": null, "access": null, "tourism": null, "website": null, "wikidata": null, "start_date": null, "wikimedia_commons": null, "area": null, "name:nl": null, "name:ru": null, "alt_name": null, "surface": null, "old_name": null, "name:etymology:wikidata": null, "wheelchair": null, "layer": null, "name:de": null, "name:en": null, "name:ko": null, "name:zh": null, "source": null, "landuse": "forest", "barrier": null, "fence_type": null, "leaf_type": null, "description": null, "opening_hours": null, "addr:city": null, "not": null, "bicycle": null, "foot": null, "motor_vehicle": null, "operator": null, "fee": null, "lit": null, "architect": null, "ref:bag": null, "addr:postcode": null, "smoking": null, "garden:type": null, "check_date": null, "construction": null, "survey:date": null, "type": null, "heritage": null, "heritage:operator": null, "ref:rce": null, "bbq": null, "name:uk": null, "name:zh-Hans": null }, "geometry": { "type": "MultiPolygon", "coordinates": [ [ [ [ 4.818405001154951, 52.353418904130741 ], [ 4.818455901155002, 52.353410704130717 ], [ 4.818482801155029, 52.353399304130726 ], [ 4.818536401155082, 52.353379604130673 ], [ 4.818568601155111, 52.353346804130666 ], [ 4.818574001155118, 52.353328804130662 ], [ 4.818563201155106, 52.353317304130648 ], [ 4.818523001155064, 52.353314104130675 ], [ 4.818464001155008, 52.353328804130655 ], [ 4.818418401154961, 52.353345204130655 ], [ 4.818388901154933, 52.353371404130691 ], [ 4.818364701154911, 52.35340250413072 ], [ 4.818405001154951, 52.353418904130741 ] ] ] ] } },
{ "type": "Feature", "properties": { "element": "way", "id": 148606801, "addr:street": null, "leisure": "park", "name": "Brand Dirk Ochsepark", "note": null, "sport": null, "wikipedia": null, "access": null, "tourism": null, "website": null, "wikidata": null, "start_date": null, "wikimedia_commons": null, "area": null, "name:nl": null, "name:ru": null, "alt_name": null, "surface": "grass", "old_name": null, "name:etymology:wikidata": null, "wheelchair": null, "layer": null, "name:de": null, "name:en": null, "name:ko": null, "name:zh": null, "source": null, "landuse": null, "barrier": null, "fence_type": null, "leaf_type": null, "description": null, "opening_hours": null, "addr:city": null, "not": null, "bicycle": null, "foot": null, "motor_vehicle": null, "operator": null, "fee": null, "lit": null, "architect": null, "ref:bag": null, "addr:postcode": null, "smoking": null, "garden:type": null, "check_date": null, "construction": null, "survey:date": null, "type": null, "heritage": null, "heritage:operator": null, "ref:rce": null, "bbq": null, "name:uk": null, "name:zh-Hans": null }, "geometry": { "type": "MultiPolygon", "coordinates": [ [ [ [ 4.999316701335806, 52.355879704131603 ], [ 4.999951801336462, 52.356333804131836 ], [ 5.001212801337691, 52.355658104131471 ], [ 5.000588101337047, 52.35521130413121 ], [ 4.999316701335806, 52.355879704131603 ] ] ] ] } },
{ "type": "Feature", "properties": { "element": "way", "id": 157828222, "addr:street": null, "leisure": "park", "name": null, "note": null, "sport": null, "wikipedia": null, "access": null, "tourism": null, "website": null, "wikidata": null, "start_date": null, "wikimedia_commons": null, "area": null, "name:nl": null, "name:ru": null, "alt_name": null, "surface": null, "old_name": null, "name:etymology:wikidata": null, "wheelchair": null, "layer": null, "name:de": null, "name:en": null, "name:ko": null, "name:zh": null, "source": null, "landuse": null, "barrier": null, "fence_type": null, "leaf_type": null, "description": null, "opening_hours": null, "addr:city": null, "not": null, "bicycle": null, "foot": null, "motor_vehicle": null, "operator": null, "fee": null, "lit": null, "architect": null, "ref:bag": null, "addr:postcode": null, "smoking": null, "garden:type": null, "check_date": null, "construction": null, "survey:date": null, "type": null, "heritage": null, "heritage:operator": null, "ref:rce": null, "bbq": null, "name:uk": null, "name:zh-Hans": null }, "geometry": { "type": "MultiPolygon", "coordinates": [ [ [ [ 4.80568770114238, 52.356121804132293 ], [ 4.805820201142516, 52.356148604132329 ], [ 4.805853901142547, 52.356155304132379 ], [ 4.806266401142966, 52.356238504132413 ], [ 4.806299601142999, 52.356245204132435 ], [ 4.806390301143089, 52.356263504132386 ], [ 4.806422101143118, 52.356204504132407 ], [ 4.806591601143274, 52.355890004132185 ], [ 4.806329101143008, 52.355837004132155 ], [ 4.806179101142855, 52.355806604132148 ], [ 4.805897301142572, 52.355749704132094 ], [ 4.805899201142574, 52.355745904132114 ], [ 4.80588620114256, 52.355743204132104 ], [ 4.805860701142538, 52.355791804132132 ], [ 4.805779901142464, 52.355946004132257 ], [ 4.80568770114238, 52.356121804132293 ] ] ] ] } },
{ "type": "Feature", "properties": { "element": "way", "id": 158444899, "addr:street": null, "leisure": "park", "name": null, "note": null, "sport": null, "wikipedia": null, "access": null, "tourism": null, "website": null, "wikidata": null, "start_date": null, "wikimedia_commons": null, "area": null, "name:nl": null, "name:ru": null, "alt_name": null, "surface": null, "old_name": null, "name:etymology:wikidata": null, "wheelchair": null, "layer": null, "name:de": null, "name:en": null, "name:ko": null, "name:zh": null, "source": null, "landuse": null, "barrier": null, "fence_type": null, "leaf_type": null, "description": null, "opening_hours": null, "addr:city": null, "not": null, "bicycle": null, "foot": null, "motor_vehicle": null, "operator": null, "fee": null, "lit": null, "architect": null, "ref:bag": null, "addr:postcode": null, "smoking": null, "garden:type": null, "check_date": null, "construction": null, "survey:date": null, "type": null, "heritage": null, "heritage:operator": null, "ref:rce": null, "bbq": null, "name:uk": null, "name:zh-Hans": null }, "geometry": { "type": "MultiPolygon", "coordinates": [ [ [ [ 4.870229401208008, 52.380049304146326 ], [ 4.870722901208503, 52.380105804146396 ], [ 4.870756501208531, 52.379996404146354 ], [ 4.870262901208036, 52.379939904146291 ], [ 4.870229401208008, 52.380049304146326 ] ] ] ] } },
{ "type": "Feature", "properties": { "element": "way", "id": 160184129, "addr:street": null, "leisure": "park", "name": "Schellingwouderpark", "note": null, "sport": null, "wikipedia": null, "access": null, "tourism": null, "website": null, "wikidata": null, "start_date": null, "wikimedia_commons": null, "area": null, "name:nl": null, "name:ru": null, "alt_name": null, "surface": null, "old_name": null, "name:etymology:wikidata": null, "wheelchair": null, "layer": null, "name:de": null, "name:en": null, "name:ko": null, "name:zh": null, "source": null, "landuse": null, "barrier": null, "fence_type": null, "leaf_type": null, "description": null, "opening_hours": null, "addr:city": null, "not": null, "bicycle": null, "foot": null, "motor_vehicle": null, "operator": null, "fee": null, "lit": null, "architect": null, "ref:bag": null, "addr:postcode": null, "smoking": null, "garden:type": null, "check_date": null, "construction": null, "survey:date": null, "type": null, "heritage": null, "heritage:operator": null, "ref:rce": null, "bbq": null, "name:uk": null, "name:zh-Hans": null }, "geometry": { "type": "MultiPolygon", "coordinates": [ [ [ [ 4.951462701289411, 52.386060604149627 ], [ 4.951515601289458, 52.385951104149569 ], [ 4.951765001289702, 52.38584140414951 ], [ 4.95184210128976, 52.385427904149225 ], [ 4.952166501290086, 52.385470604149283 ], [ 4.953311601291238, 52.385698604149376 ], [ 4.953349901291295, 52.386051804149602 ], [ 4.953213301291167, 52.386240904149723 ], [ 4.953363601291316, 52.386277104149741 ], [ 4.953632101291587, 52.386321204149745 ], [ 4.953797101291753, 52.386250204149718 ], [ 4.954160201292113, 52.386268704149749 ], [ 4.954989001292941, 52.386255604149717 ], [ 4.955622001293571, 52.386224504149695 ], [ 4.95644550129439, 52.386152504149649 ], [ 4.956714201294658, 52.386120304149635 ], [ 4.956127001294016, 52.384955604148956 ], [ 4.956895101294771, 52.38467380414879 ], [ 4.957140201295011, 52.384581304148711 ], [ 4.959235301297074, 52.383978204148356 ], [ 4.959451401297294, 52.384050904148367 ], [ 4.960766901298585, 52.383543404148114 ], [ 4.960887201298697, 52.383412804148044 ], [ 4.960770401298575, 52.383302904148003 ], [ 4.960743801298547, 52.383276704147967 ], [ 4.960713101298514, 52.38323070414792 ], [ 4.96061330129841, 52.383149804147884 ], [ 4.96052570129832, 52.383090404147829 ], [ 4.960431901298226, 52.38303720414779 ], [ 4.96041720129821, 52.383028604147789 ], [ 4.960409901298202, 52.383025004147797 ], [ 4.960392701298185, 52.383050104147799 ], [ 4.960401101298197, 52.383054404147842 ], [ 4.960398301298193, 52.383086604147827 ], [ 4.960364101298163, 52.383154704147877 ], [ 4.96030680129811, 52.383212004147907 ], [ 4.960037401297843, 52.383312504147952 ], [ 4.959897501297706, 52.38335300414797 ], [ 4.959753001297563, 52.383378004148014 ], [ 4.95944690129726, 52.383448004148008 ], [ 4.959160301296983, 52.38358430414813 ], [ 4.957534501295375, 52.383963704148385 ], [ 4.957389401295234, 52.384029404148421 ], [ 4.957079201294928, 52.384095004148442 ], [ 4.956877101294723, 52.384102704148447 ], [ 4.956570601294422, 52.384142704148495 ], [ 4.955851801293708, 52.384259804148542 ], [ 4.955552701293411, 52.384288304148555 ], [ 4.954846601292707, 52.384321804148556 ], [ 4.95445510129232, 52.384361304148591 ], [ 4.95410700129197, 52.384340604148584 ], [ 4.953836101291696, 52.384291504148564 ], [ 4.95361980129148, 52.384251804148548 ], [ 4.953462901291324, 52.384291104148588 ], [ 4.953170901291034, 52.38428170414857 ], [ 4.952535201290393, 52.384157304148516 ], [ 4.952371601290226, 52.384096704148469 ], [ 4.951293401289143, 52.383939504148373 ], [ 4.95091490128876, 52.383888604148353 ], [ 4.95079290128864, 52.383907504148389 ], [ 4.950880901288798, 52.385377704149178 ], [ 4.950886501288807, 52.385470604149262 ], [ 4.950898001288828, 52.385663404149405 ], [ 4.95034090128827, 52.385670904149407 ], [ 4.950342801288285, 52.38588330414953 ], [ 4.950288901288231, 52.385906604149532 ], [ 4.950065901288044, 52.386647604149999 ], [ 4.949510701287533, 52.387589004150527 ], [ 4.950162401288192, 52.387745804150605 ], [ 4.950026101288065, 52.388024504150778 ], [ 4.950023101288067, 52.388056804150843 ], [ 4.9501566012882, 52.3880884041508 ], [ 4.950232601288276, 52.388103404150833 ], [ 4.950283401288329, 52.388105204150818 ], [ 4.950291901288341, 52.388175504150887 ], [ 4.950294201288344, 52.388181704150888 ], [ 4.950285101288337, 52.388220704150918 ], [ 4.950059301288129, 52.38863680415114 ], [ 4.950188401288262, 52.388676104151159 ], [ 4.950883201288961, 52.388816904151227 ], [ 4.950860401288941, 52.388857704151256 ], [ 4.950856701288934, 52.388864404151235 ], [ 4.95071910128881, 52.389110404151424 ], [ 4.950708301288801, 52.389159904151455 ], [ 4.950761701288858, 52.389213004151486 ], [ 4.950774801288872, 52.389260104151504 ], [ 4.950648001288765, 52.389651004151723 ], [ 4.951241801289363, 52.389778804151803 ], [ 4.950890101289042, 52.390426104152198 ], [ 4.95171150128987, 52.390595404152293 ], [ 4.951817501289976, 52.390605304152295 ], [ 4.951998101290159, 52.390641504152299 ], [ 4.952264201290427, 52.39071690415237 ], [ 4.952493001290657, 52.39072920415235 ], [ 4.952647701290814, 52.390763104152406 ], [ 4.952853401291021, 52.390821604152435 ], [ 4.952917501291085, 52.390838004152393 ], [ 4.95297010129114, 52.390856604152454 ], [ 4.953201501291375, 52.390923704152485 ], [ 4.9532278012914, 52.390914904152439 ], [ 4.953443301291601, 52.390633704152314 ], [ 4.953290201291447, 52.390591204152258 ], [ 4.953198401291355, 52.390562804152232 ], [ 4.953431801291569, 52.390246304152093 ], [ 4.953919201292066, 52.390367704152169 ], [ 4.954358801292509, 52.390477504152209 ], [ 4.954395301292544, 52.39047200415218 ], [ 4.95381380129195, 52.390137304152013 ], [ 4.953961201292087, 52.389931404151888 ], [ 4.953857601291982, 52.389858304151865 ], [ 4.954051701292158, 52.389522104151617 ], [ 4.954515001292625, 52.389652604151728 ], [ 4.954930201293045, 52.389769304151798 ], [ 4.954942501293056, 52.38975250415178 ], [ 4.954351201292449, 52.38938630415155 ], [ 4.954493601292583, 52.38919410415145 ], [ 4.954355201292444, 52.389153104151383 ], [ 4.954601701292671, 52.388781604151205 ], [ 4.955492701293572, 52.389022004151357 ], [ 4.954891201292956, 52.388657704151143 ], [ 4.955030801293088, 52.388468104151023 ], [ 4.954832201292884, 52.388406704150995 ], [ 4.954858401292909, 52.388368604150976 ], [ 4.955142401293173, 52.38798710415071 ], [ 4.955893901293936, 52.388196604150899 ], [ 4.956409001294456, 52.388340304150979 ], [ 4.956534701294583, 52.388361504150957 ], [ 4.957263801295318, 52.388560504151087 ], [ 4.957736701295796, 52.388689704151147 ], [ 4.95795590129602, 52.388749804151146 ], [ 4.958088501296151, 52.388786204151181 ], [ 4.95848040129655, 52.388900004151232 ], [ 4.958576501296647, 52.388928104151283 ], [ 4.958668501296739, 52.388943304151283 ], [ 4.95896510129704, 52.38902590415131 ], [ 4.959051501297129, 52.389050004151336 ], [ 4.958674101296785, 52.389834604151822 ], [ 4.958906301297021, 52.389883204151865 ], [ 4.959476601297549, 52.38898950415129 ], [ 4.956917901294963, 52.388288504150935 ], [ 4.956649901294693, 52.388213404150825 ], [ 4.956533501294571, 52.388179204150838 ], [ 4.954931301292955, 52.387746504150606 ], [ 4.954557701292575, 52.387645904150538 ], [ 4.954774901292776, 52.387304404150349 ], [ 4.954586401292585, 52.387253404150279 ], [ 4.954649501292633, 52.386974304150144 ], [ 4.953641001291619, 52.386723904150003 ], [ 4.951462701289411, 52.386060604149627 ] ] ] ] } },
{ "type": "Feature", "properties": { "element": "way", "id": 165538189, "addr:street": null, "leisure": "park", "name": "Botteskerkpark", "note": null, "sport": null, "wikipedia": null, "access": null, "tourism": null, "website": null, "wikidata": "Q119132176", "start_date": null, "wikimedia_commons": null, "area": null, "name:nl": null, "name:ru": null, "alt_name": null, "surface": null, "old_name": null, "name:etymology:wikidata": null, "wheelchair": null, "layer": null, "name:de": null, "name:en": null, "name:ko": null, "name:zh": null, "source": "3dShapes", "landuse": "forest", "barrier": null, "fence_type": null, "leaf_type": null, "description": null, "opening_hours": null, "addr:city": null, "not": null, "bicycle": null, "foot": null, "motor_vehicle": null, "operator": null, "fee": null, "lit": null, "architect": null, "ref:bag": null, "addr:postcode": null, "smoking": null, "garden:type": null, "check_date": null, "construction": null, "survey:date": null, "type": null, "heritage": null, "heritage:operator": null, "ref:rce": null, "bbq": null, "name:uk": null, "name:zh-Hans": null }, "geometry": { "type": "MultiPolygon", "coordinates": [ [ [ [ 4.797382601134274, 52.359955204134614 ], [ 4.797201901134092, 52.359925704134596 ], [ 4.796001401132878, 52.359581404134381 ], [ 4.795956101132828, 52.359532204134354 ], [ 4.794750701131616, 52.359412204134301 ], [ 4.794652101131518, 52.359384104134286 ], [ 4.794415701131275, 52.359215704134172 ], [ 4.794004201130861, 52.359181204134153 ], [ 4.793988901130851, 52.359280704134235 ], [ 4.794204001131073, 52.359426104134279 ], [ 4.794189501131063, 52.359536304134366 ], [ 4.79309570112997, 52.359493304134347 ], [ 4.793141201129995, 52.359072504134062 ], [ 4.793070301129922, 52.359040704134024 ], [ 4.793011001129859, 52.358991704134027 ], [ 4.792972201129819, 52.358931404134012 ], [ 4.791787401128628, 52.358814904133929 ], [ 4.791451901128326, 52.359437404134283 ], [ 4.795248501132154, 52.360198104134717 ], [ 4.797157701134081, 52.360581504134963 ], [ 4.797203801134125, 52.360575004134958 ], [ 4.797234401134156, 52.360548104134942 ], [ 4.797555501134449, 52.359986604134612 ], [ 4.797382601134274, 52.359955204134614 ] ] ] ] } },
{ "type": "Feature", "properties": { "element": "way", "id": 169173148, "addr:street": null, "leisure": "park", "name": "Baanakkerspark", "note": null, "sport": null, "wikipedia": null, "access": null, "tourism": null, "website": null, "wikidata": null, "start_date": null, "wikimedia_commons": null, "area": null, "name:nl": null, "name:ru": null, "alt_name": null, "surface": null, "old_name": null, "name:etymology:wikidata": null, "wheelchair": null, "layer": null, "name:de": null, "name:en": null, "name:ko": null, "name:zh": null, "source": null, "landuse": null, "barrier": null, "fence_type": null, "leaf_type": null, "description": null, "opening_hours": null, "addr:city": null, "not": null, "bicycle": null, "foot": null, "motor_vehicle": null, "operator": null, "fee": null, "lit": null, "architect": null, "ref:bag": null, "addr:postcode": null, "smoking": null, "garden:type": null, "check_date": null, "construction": null, "survey:date": null, "type": null, "heritage": null, "heritage:operator": null, "ref:rce": null, "bbq": null, "name:uk": null, "name:zh-Hans": null }, "geometry": { "type": "MultiPolygon", "coordinates": [ [ [ [ 4.941835301280246, 52.395633404155298 ], [ 4.941953301280371, 52.395741804155364 ], [ 4.942090801280506, 52.395694604155338 ], [ 4.942443201280851, 52.39557670415526 ], [ 4.942496701280905, 52.395559804155248 ], [ 4.942527601280937, 52.395588604155272 ], [ 4.942542801280952, 52.395602604155258 ], [ 4.942830801281254, 52.395870504155425 ], [ 4.94259390128102, 52.395958104155483 ], [ 4.942322601280756, 52.39605820415553 ], [ 4.942549101280989, 52.396270604155667 ], [ 4.94247790128092, 52.396295904155657 ], [ 4.942527401280974, 52.396348604155726 ], [ 4.942582901281029, 52.39640090415574 ], [ 4.942825901281282, 52.396630904155849 ], [ 4.943361201281841, 52.397134704156166 ], [ 4.943666901282159, 52.397403904156384 ], [ 4.943688001282181, 52.39741560415635 ], [ 4.943706901282199, 52.397421104156344 ], [ 4.943729501282223, 52.397421404156347 ], [ 4.94374600128224, 52.397418504156306 ], [ 4.943763901282257, 52.397412104156324 ], [ 4.943828101282323, 52.397474304156333 ], [ 4.943831301282327, 52.397477304156396 ], [ 4.943869801282365, 52.39746180415635 ], [ 4.943918701282416, 52.397510604156388 ], [ 4.943901101282398, 52.397516404156399 ], [ 4.944429901282948, 52.398016804156725 ], [ 4.94468740128322, 52.398261104156816 ], [ 4.944950901283494, 52.398508504156958 ], [ 4.944957401283499, 52.398513604156953 ], [ 4.944968501283507, 52.39851880415695 ], [ 4.944977701283518, 52.398521404156959 ], [ 4.94498780128353, 52.398522404156992 ], [ 4.944997201283541, 52.398521804156985 ], [ 4.945006901283551, 52.398520004156971 ], [ 4.945280801283818, 52.398437704156898 ], [ 4.945438801283973, 52.3983662041569 ], [ 4.94547360128401, 52.39839430415693 ], [ 4.945404701283942, 52.39842710415693 ], [ 4.945479501284021, 52.398519604156988 ], [ 4.945592101284129, 52.398485704156954 ], [ 4.945787201284324, 52.39842710415693 ], [ 4.945890101284424, 52.398396204156882 ], [ 4.946214301284745, 52.398298804156823 ], [ 4.946378701284908, 52.398249304156835 ], [ 4.946506901285042, 52.398406504156902 ], [ 4.946511001285044, 52.398411804156908 ], [ 4.946518801285053, 52.398421604156923 ], [ 4.946610401285152, 52.398537904156996 ], [ 4.946717901285259, 52.398535504156996 ], [ 4.946790901285333, 52.39860660415701 ], [ 4.946872401285418, 52.398683004157064 ], [ 4.946906201285453, 52.398714404157083 ], [ 4.946966501285514, 52.398770404157098 ], [ 4.947007901285559, 52.39880900415713 ], [ 4.947089601285644, 52.398885104157181 ], [ 4.947235801285798, 52.399021104157264 ], [ 4.947257101285821, 52.399040904157296 ], [ 4.947574701286152, 52.399336104157427 ], [ 4.947619801286197, 52.399317404157451 ], [ 4.947707601286282, 52.399280904157457 ], [ 4.947773601286348, 52.399342704157448 ], [ 4.947777501286355, 52.399346304157461 ], [ 4.947879901286455, 52.399305404157424 ], [ 4.947897001286471, 52.399298504157422 ], [ 4.947991301286563, 52.399260804157436 ], [ 4.948006201286578, 52.399254804157422 ], [ 4.948101201286669, 52.399216804157362 ], [ 4.948117901286686, 52.39921020415737 ], [ 4.949172001287787, 52.400195804157981 ], [ 4.950383101289052, 52.401441104158692 ], [ 4.951670601290315, 52.400962304158398 ], [ 4.951159501289777, 52.400370804158015 ], [ 4.951062101289676, 52.40025550415799 ], [ 4.950752701289345, 52.39985400415771 ], [ 4.951684801290265, 52.399544404157545 ], [ 4.951695601290276, 52.399541104157542 ], [ 4.951703301290282, 52.39952860415756 ], [ 4.951656701290232, 52.399470004157514 ], [ 4.951567901290136, 52.399357404157456 ], [ 4.95146490129003, 52.399226904157373 ], [ 4.951427101289992, 52.399237904157353 ], [ 4.951401701289964, 52.399204404157331 ], [ 4.951438601290002, 52.39919350415736 ], [ 4.951322501289879, 52.399047604157253 ], [ 4.950398101288967, 52.399321404157448 ], [ 4.950051701288602, 52.398875004157162 ], [ 4.95002780128858, 52.398879804157183 ], [ 4.950013301288563, 52.398881304157172 ], [ 4.94999960128855, 52.398881904157165 ], [ 4.949989301288543, 52.398881704157134 ], [ 4.94997080128852, 52.39888020415718 ], [ 4.949952001288502, 52.398877004157164 ], [ 4.949938201288488, 52.398873404157143 ], [ 4.949925101288476, 52.398868804157168 ], [ 4.949914701288467, 52.398864304157179 ], [ 4.949902401288454, 52.398857704157152 ], [ 4.94989110128844, 52.398849704157165 ], [ 4.94988170128843, 52.398841104157121 ], [ 4.949874401288421, 52.398832204157131 ], [ 4.949868301288415, 52.398821404157125 ], [ 4.949864901288414, 52.398811504157138 ], [ 4.949863601288409, 52.398799704157135 ], [ 4.949865101288415, 52.398788004157105 ], [ 4.949868301288416, 52.398778504157114 ], [ 4.949874701288418, 52.398767404157098 ], [ 4.949882501288429, 52.398758204157076 ], [ 4.949892101288437, 52.398749704157076 ], [ 4.949905001288448, 52.398740904157066 ], [ 4.949933401288476, 52.398728204157123 ], [ 4.949905201288446, 52.398693104157083 ], [ 4.949485301288003, 52.398169804156723 ], [ 4.949269601287777, 52.397908204156572 ], [ 4.949241101287745, 52.397876104156595 ], [ 4.949018301287508, 52.397582804156421 ], [ 4.948805601287285, 52.397315304156258 ], [ 4.948676801287158, 52.397350504156265 ], [ 4.94856890128704, 52.397202504156169 ], [ 4.948688401287158, 52.397168504156149 ], [ 4.948618801287088, 52.397081304156131 ], [ 4.948617101287087, 52.397079104156127 ], [ 4.94828920128674, 52.39666820415588 ], [ 4.948320201286768, 52.396659404155862 ], [ 4.948315801286766, 52.396653304155876 ], [ 4.948528701286974, 52.396593004155854 ], [ 4.94866830128711, 52.396553504155811 ], [ 4.948809801287251, 52.396512304155799 ], [ 4.949014501287452, 52.396447604155753 ], [ 4.949264801287699, 52.396373404155682 ], [ 4.949509901287939, 52.396305404155648 ], [ 4.949478801287906, 52.396266104155664 ], [ 4.949040301287434, 52.395526304155204 ], [ 4.946410001284848, 52.396369204155732 ], [ 4.946249001284682, 52.396238304155624 ], [ 4.944068001282385, 52.393686204154143 ], [ 4.941528301279884, 52.394418304154563 ], [ 4.940155201278539, 52.394975904154904 ], [ 4.93669730127503, 52.393791204154248 ], [ 4.936731601275079, 52.394088104154399 ], [ 4.939513601277909, 52.395236504155037 ], [ 4.940071201278482, 52.395567304155271 ], [ 4.940418901278834, 52.39566630415532 ], [ 4.940575501278992, 52.395711104155311 ], [ 4.940642401279059, 52.395729704155379 ], [ 4.940675601279094, 52.395737304155347 ], [ 4.940705301279123, 52.395743004155328 ], [ 4.940735301279155, 52.395747704155355 ], [ 4.940764701279185, 52.395751704155387 ], [ 4.940829801279249, 52.395759104155402 ], [ 4.940863001279283, 52.395761804155384 ], [ 4.940890701279311, 52.395763404155382 ], [ 4.940927801279347, 52.39576400415536 ], [ 4.940957601279377, 52.395763204155344 ], [ 4.940992801279411, 52.395761504155388 ], [ 4.941036101279454, 52.395757304155325 ], [ 4.941077601279495, 52.395751104155352 ], [ 4.941113001279529, 52.395744204155342 ], [ 4.941139901279557, 52.395737804155395 ], [ 4.941157301279577, 52.395731004155358 ], [ 4.941400201279813, 52.395636304155289 ], [ 4.941559201279969, 52.395575004155262 ], [ 4.94158090127999, 52.395569604155256 ], [ 4.941608301280016, 52.395564604155261 ], [ 4.94166010128007, 52.395562004155217 ], [ 4.941711401280119, 52.395567604155246 ], [ 4.941749901280158, 52.395577704155279 ], [ 4.941784201280194, 52.395592504155282 ], [ 4.941812801280224, 52.395611204155237 ], [ 4.941835301280246, 52.395633404155298 ] ] ] ] } },
{ "type": "Feature", "properties": { "element": "way", "id": 172224592, "addr:street": null, "leisure": "park", "name": "Proefeilandpark", "note": null, "sport": null, "wikipedia": null, "access": null, "tourism": null, "website": "https://proefeiland.nl/", "wikidata": null, "start_date": null, "wikimedia_commons": null, "area": null, "name:nl": null, "name:ru": null, "alt_name": null, "surface": "grass", "old_name": null, "name:etymology:wikidata": null, "wheelchair": null, "layer": null, "name:de": null, "name:en": null, "name:ko": null, "name:zh": null, "source": null, "landuse": null, "barrier": null, "fence_type": null, "leaf_type": null, "description": null, "opening_hours": null, "addr:city": null, "not": null, "bicycle": null, "foot": null, "motor_vehicle": null, "operator": null, "fee": null, "lit": null, "architect": null, "ref:bag": null, "addr:postcode": null, "smoking": null, "garden:type": null, "check_date": null, "construction": null, "survey:date": null, "type": null, "heritage": null, "heritage:operator": null, "ref:rce": null, "bbq": null, "name:uk": null, "name:zh-Hans": null }, "geometry": { "type": "MultiPolygon", "coordinates": [ [ [ [ 4.9866683013234, 52.360858504134569 ], [ 4.986633101323366, 52.360875804134601 ], [ 4.986265201323007, 52.361056704134704 ], [ 4.985738401322491, 52.361300204134892 ], [ 4.986560401323338, 52.361821904135176 ], [ 4.986793501323579, 52.361983104135255 ], [ 4.986843501323627, 52.362017704135262 ], [ 4.987386901324189, 52.362405904135485 ], [ 4.987775801324565, 52.362092604135348 ], [ 4.9880024013248, 52.362260604135379 ], [ 4.988822201325644, 52.362822804135732 ], [ 4.989019301325845, 52.362947604135805 ], [ 4.989343001326159, 52.362763104135702 ], [ 4.988731001325529, 52.362338004135452 ], [ 4.987714501324481, 52.361610704135025 ], [ 4.9866683013234, 52.360858504134569 ] ] ] ] } },
{ "type": "Feature", "properties": { "element": "way", "id": 179746484, "addr:street": null, "leisure": "park", "name": null, "note": null, "sport": null, "wikipedia": null, "access": null, "tourism": null, "website": null, "wikidata": null, "start_date": null, "wikimedia_commons": null, "area": null, "name:nl": null, "name:ru": null, "alt_name": null, "surface": null, "old_name": null, "name:etymology:wikidata": null, "wheelchair": null, "layer": null, "name:de": null, "name:en": null, "name:ko": null, "name:zh": null, "source": null, "landuse": "grass", "barrier": null, "fence_type": null, "leaf_type": null, "description": null, "opening_hours": null, "addr:city": null, "not": null, "bicycle": null, "foot": null, "motor_vehicle": null, "operator": null, "fee": null, "lit": null, "architect": null, "ref:bag": null, "addr:postcode": null, "smoking": null, "garden:type": null, "check_date": null, "construction": null, "survey:date": null, "type": null, "heritage": null, "heritage:operator": null, "ref:rce": null, "bbq": null, "name:uk": null, "name:zh-Hans": null }, "geometry": { "type": "MultiPolygon", "coordinates": [ [ [ [ 4.873871401211988, 52.38716620415056 ], [ 4.874550001212669, 52.387257904150623 ], [ 4.874824601212945, 52.387301004150615 ], [ 4.874826101212952, 52.387420404150653 ], [ 4.873801001211937, 52.387621504150793 ], [ 4.873806901211922, 52.387150504150533 ], [ 4.873871401211988, 52.38716620415056 ] ] ] ] } },
{ "type": "Feature", "properties": { "element": "way", "id": 189199526, "addr:street": null, "leisure": "park", "name": null, "note": null, "sport": null, "wikipedia": null, "access": null, "tourism": null, "website": null, "wikidata": null, "start_date": null, "wikimedia_commons": null, "area": null, "name:nl": null, "name:ru": null, "alt_name": null, "surface": null, "old_name": null, "name:etymology:wikidata": null, "wheelchair": null, "layer": null, "name:de": null, "name:en": null, "name:ko": null, "name:zh": null, "source": null, "landuse": null, "barrier": null, "fence_type": null, "leaf_type": null, "description": null, "opening_hours": null, "addr:city": null, "not": null, "bicycle": null, "foot": null, "motor_vehicle": null, "operator": null, "fee": null, "lit": null, "architect": null, "ref:bag": null, "addr:postcode": null, "smoking": null, "garden:type": null, "check_date": null, "construction": null, "survey:date": null, "type": null, "heritage": null, "heritage:operator": null, "ref:rce": null, "bbq": null, "name:uk": null, "name:zh-Hans": null }, "geometry": { "type": "MultiPolygon", "coordinates": [ [ [ [ 4.804915401141582, 52.355552004132015 ], [ 4.804734901141417, 52.355884804132174 ], [ 4.804698701141385, 52.355951604132265 ], [ 4.804604001141289, 52.355932504132191 ], [ 4.804574501141259, 52.355926504132242 ], [ 4.804090501140771, 52.355829004132097 ], [ 4.804056801140737, 52.355822204132139 ], [ 4.803996201140675, 52.355810004132145 ], [ 4.804010201140688, 52.355783504132148 ], [ 4.80420890114087, 52.355408804131926 ], [ 4.804528401141192, 52.355473604131944 ], [ 4.804558801141222, 52.355479704131987 ], [ 4.804915401141582, 52.355552004132015 ] ] ] ] } },
{ "type": "Feature", "properties": { "element": "way", "id": 189199532, "addr:street": null, "leisure": "park", "name": null, "note": null, "sport": null, "wikipedia": null, "access": null, "tourism": null, "website": null, "wikidata": null, "start_date": null, "wikimedia_commons": null, "area": null, "name:nl": null, "name:ru": null, "alt_name": null, "surface": null, "old_name": null, "name:etymology:wikidata": null, "wheelchair": null, "layer": null, "name:de": null, "name:en": null, "name:ko": null, "name:zh": null, "source": null, "landuse": null, "barrier": null, "fence_type": null, "leaf_type": null, "description": null, "opening_hours": null, "addr:city": null, "not": null, "bicycle": null, "foot": null, "motor_vehicle": null, "operator": null, "fee": null, "lit": null, "architect": null, "ref:bag": null, "addr:postcode": null, "smoking": null, "garden:type": null, "check_date": null, "construction": null, "survey:date": null, "type": null, "heritage": null, "heritage:operator": null, "ref:rce": null, "bbq": null, "name:uk": null, "name:zh-Hans": null }, "geometry": { "type": "MultiPolygon", "coordinates": [ [ [ [ 4.802530101139176, 52.355070504131703 ], [ 4.802783901139432, 52.35512180413172 ], [ 4.80282210113947, 52.355129504131746 ], [ 4.802858201139505, 52.355136704131723 ], [ 4.802875601139525, 52.355140304131758 ], [ 4.802891201139538, 52.355143404131745 ], [ 4.802922201139571, 52.355149604131761 ], [ 4.803235301139888, 52.355212804131796 ], [ 4.803205001139858, 52.355268704131838 ], [ 4.803078601139744, 52.355501304131977 ], [ 4.803073801139739, 52.355510104131966 ], [ 4.803032701139705, 52.355585904131999 ], [ 4.803017701139688, 52.355613304132 ], [ 4.802897201139567, 52.355589104132051 ], [ 4.80281040113948, 52.355571304132006 ], [ 4.80250590113917, 52.355509904131956 ], [ 4.802482201139147, 52.355505104131979 ], [ 4.802312601138977, 52.355470904131955 ], [ 4.80232760113899, 52.355443304131938 ], [ 4.802530101139176, 52.355070504131703 ] ] ] ] } },
{ "type": "Feature", "properties": { "element": "way", "id": 192526941, "addr:street": null, "leisure": "park", "name": null, "note": null, "sport": null, "wikipedia": null, "access": null, "tourism": null, "website": null, "wikidata": null, "start_date": null, "wikimedia_commons": null, "area": null, "name:nl": null, "name:ru": null, "alt_name": null, "surface": null, "old_name": null, "name:etymology:wikidata": null, "wheelchair": null, "layer": null, "name:de": null, "name:en": null, "name:ko": null, "name:zh": null, "source": null, "landuse": null, "barrier": null, "fence_type": null, "leaf_type": null, "description": null, "opening_hours": null, "addr:city": null, "not": null, "bicycle": null, "foot": null, "motor_vehicle": null, "operator": null, "fee": null, "lit": null, "architect": null, "ref:bag": null, "addr:postcode": null, "smoking": null, "garden:type": null, "check_date": null, "construction": null, "survey:date": null, "type": null, "heritage": null, "heritage:operator": null, "ref:rce": null, "bbq": null, "name:uk": null, "name:zh-Hans": null }, "geometry": { "type": "MultiPolygon", "coordinates": [ [ [ [ 4.952293901287043, 52.317640004109109 ], [ 4.952170501286923, 52.317638304109124 ], [ 4.951576401286322, 52.317440604109002 ], [ 4.951555601286297, 52.317460804109011 ], [ 4.95248060128724, 52.317787004109228 ], [ 4.95310140128787, 52.317993104109306 ], [ 4.953162901287927, 52.317938304109283 ], [ 4.952293901287043, 52.317640004109109 ] ] ] ] } },
{ "type": "Feature", "properties": { "element": "way", "id": 192528665, "addr:street": null, "leisure": "park", "name": null, "note": null, "sport": null, "wikipedia": null, "access": null, "tourism": null, "website": null, "wikidata": null, "start_date": null, "wikimedia_commons": null, "area": null, "name:nl": null, "name:ru": null, "alt_name": null, "surface": null, "old_name": null, "name:etymology:wikidata": null, "wheelchair": null, "layer": null, "name:de": null, "name:en": null, "name:ko": null, "name:zh": null, "source": "local knowledge", "landuse": null, "barrier": null, "fence_type": null, "leaf_type": null, "description": null, "opening_hours": null, "addr:city": null, "not": null, "bicycle": null, "foot": null, "motor_vehicle": null, "operator": null, "fee": null, "lit": null, "architect": null, "ref:bag": null, "addr:postcode": null, "smoking": null, "garden:type": null, "check_date": null, "construction": null, "survey:date": null, "type": null, "heritage": null, "heritage:operator": null, "ref:rce": null, "bbq": null, "name:uk": null, "name:zh-Hans": null }, "geometry": { "type": "MultiPolygon", "coordinates": [ [ [ [ 4.954926401289716, 52.318502704109605 ], [ 4.954870601289662, 52.318514104109667 ], [ 4.95479910128959, 52.318505604109617 ], [ 4.954740001289529, 52.318482604109619 ], [ 4.954544201289329, 52.318379304109541 ], [ 4.954249201289028, 52.318248204109473 ], [ 4.953911001288687, 52.318142804109414 ], [ 4.953669801288441, 52.318092404109343 ], [ 4.953533101288302, 52.318062904109325 ], [ 4.953162901287927, 52.317938304109283 ], [ 4.95310140128787, 52.317993104109306 ], [ 4.953291501288062, 52.318056204109382 ], [ 4.95340600128818, 52.318098704109403 ], [ 4.953528201288302, 52.318138404109419 ], [ 4.953767301288541, 52.318191604109451 ], [ 4.95398980128877, 52.318253604109472 ], [ 4.954127801288909, 52.318296704109514 ], [ 4.954252301289035, 52.318338804109551 ], [ 4.954364301289147, 52.318386404109567 ], [ 4.954487101289274, 52.318448804109615 ], [ 4.954938601289739, 52.318707504109753 ], [ 4.955043901289844, 52.318710804109749 ], [ 4.955084201289884, 52.318702404109736 ], [ 4.954926401289716, 52.318502704109605 ] ] ] ] } },
{ "type": "Feature", "properties": { "element": "way", "id": 192528666, "addr:street": null, "leisure": "park", "name": null, "note": null, "sport": null, "wikipedia": null, "access": null, "tourism": null, "website": null, "wikidata": null, "start_date": null, "wikimedia_commons": null, "area": null, "name:nl": null, "name:ru": null, "alt_name": null, "surface": null, "old_name": null, "name:etymology:wikidata": null, "wheelchair": null, "layer": null, "name:de": null, "name:en": null, "name:ko": null, "name:zh": null, "source": null, "landuse": null, "barrier": null, "fence_type": null, "leaf_type": null, "description": null, "opening_hours": null, "addr:city": null, "not": null, "bicycle": null, "foot": null, "motor_vehicle": null, "operator": null, "fee": null, "lit": null, "architect": null, "ref:bag": null, "addr:postcode": null, "smoking": null, "garden:type": null, "check_date": null, "construction": null, "survey:date": null, "type": null, "heritage": null, "heritage:operator": null, "ref:rce": null, "bbq": null, "name:uk": null, "name:zh-Hans": null }, "geometry": { "type": "MultiPolygon", "coordinates": [ [ [ [ 4.953952801288702, 52.317589304109084 ], [ 4.954117601288869, 52.317648004109074 ], [ 4.954514101289243, 52.317215504108816 ], [ 4.95442090128915, 52.317187104108839 ], [ 4.954373901289106, 52.31722620410887 ], [ 4.954238501288966, 52.317176904108791 ], [ 4.953935401288678, 52.317484004108991 ], [ 4.954037801288784, 52.317519904109055 ], [ 4.953952801288702, 52.317589304109084 ] ] ] ] } },
{ "type": "Feature", "properties": { "element": "way", "id": 192729488, "addr:street": null, "leisure": "park", "name": null, "note": null, "sport": null, "wikipedia": null, "access": null, "tourism": null, "website": null, "wikidata": null, "start_date": null, "wikimedia_commons": null, "area": null, "name:nl": null, "name:ru": null, "alt_name": null, "surface": null, "old_name": null, "name:etymology:wikidata": null, "wheelchair": null, "layer": null, "name:de": null, "name:en": null, "name:ko": null, "name:zh": null, "source": null, "landuse": "grass", "barrier": null, "fence_type": null, "leaf_type": null, "description": null, "opening_hours": null, "addr:city": null, "not": null, "bicycle": null, "foot": null, "motor_vehicle": null, "operator": null, "fee": null, "lit": null, "architect": null, "ref:bag": null, "addr:postcode": null, "smoking": null, "garden:type": null, "check_date": null, "construction": null, "survey:date": null, "type": null, "heritage": null, "heritage:operator": null, "ref:rce": null, "bbq": null, "name:uk": null, "name:zh-Hans": null }, "geometry": { "type": "MultiPolygon", "coordinates": [ [ [ [ 4.951451801286199, 52.317491904109062 ], [ 4.951359501286102, 52.317461804109016 ], [ 4.951391201286132, 52.317413404108983 ], [ 4.951315501286054, 52.31732590410892 ], [ 4.951284201286015, 52.31720380410885 ], [ 4.951328901286055, 52.317091004108811 ], [ 4.951435901286157, 52.316984304108729 ], [ 4.951551201286268, 52.316853304108669 ], [ 4.951591801286304, 52.316801704108627 ], [ 4.951447101286158, 52.316753804108586 ], [ 4.951110601285816, 52.316636504108516 ], [ 4.950976901285689, 52.316787104108606 ], [ 4.950730201285457, 52.317088804108799 ], [ 4.950305701285053, 52.317555304109071 ], [ 4.950152901284908, 52.317722804109202 ], [ 4.950002001284765, 52.317885704109223 ], [ 4.949780801284554, 52.318096304109368 ], [ 4.949603001284385, 52.318289304109513 ], [ 4.949392701284186, 52.318517004109665 ], [ 4.949277601284079, 52.318688804109726 ], [ 4.949321001284123, 52.31871250410979 ], [ 4.948956001283777, 52.31910050410999 ], [ 4.948896601283715, 52.31907980410999 ], [ 4.948776801283604, 52.319194504110079 ], [ 4.949028001283857, 52.319286604110097 ], [ 4.949141801283971, 52.319305704110121 ], [ 4.949239101284068, 52.319303804110099 ], [ 4.94931220128414, 52.319286504110103 ], [ 4.949435301284262, 52.319251004110093 ], [ 4.949471501284299, 52.319248104110102 ], [ 4.949494201284321, 52.319247304110085 ], [ 4.94952270128435, 52.319246304110074 ], [ 4.949569501284397, 52.319257004110078 ], [ 4.949651001284482, 52.319282704110108 ], [ 4.950338601285179, 52.31951550411025 ], [ 4.95215320128702, 52.320141204110605 ], [ 4.952986001287866, 52.320424804110779 ], [ 4.953194701288078, 52.320495504110802 ], [ 4.955040001289955, 52.32113110411121 ], [ 4.955077001289991, 52.321131804111189 ], [ 4.955107601290021, 52.321118104111193 ], [ 4.955120501290033, 52.321100704111188 ], [ 4.955134101290042, 52.321061704111138 ], [ 4.955136101290046, 52.321040104111134 ], [ 4.955099501289995, 52.320779804110941 ], [ 4.955250301290138, 52.320603004110865 ], [ 4.955166801290056, 52.32058900411085 ], [ 4.954853201289742, 52.320651804110895 ], [ 4.954494101289379, 52.32052770411083 ], [ 4.95430470128918, 52.320309104110677 ], [ 4.9538538012887, 52.319708504110338 ], [ 4.95387660128872, 52.319644304110312 ], [ 4.954279601289103, 52.319203604110065 ], [ 4.954248701289067, 52.319125104109986 ], [ 4.954073601288887, 52.318998904109897 ], [ 4.954073501288883, 52.318861404109853 ], [ 4.954138301288942, 52.318766304109772 ], [ 4.954140001288939, 52.318700604109743 ], [ 4.954146601288943, 52.318624704109688 ], [ 4.954146301288938, 52.31854260410968 ], [ 4.954132801288925, 52.318505104109661 ], [ 4.954120001288906, 52.318469604109602 ], [ 4.953305001288081, 52.318209904109466 ], [ 4.953211701287987, 52.318179804109413 ], [ 4.952603701287368, 52.317972304109304 ], [ 4.952532001287297, 52.317972104109316 ], [ 4.952456401287224, 52.317971804109305 ], [ 4.951967401286741, 52.318123804109426 ], [ 4.951451801286199, 52.317491904109062 ] ] ] ] } },
{ "type": "Feature", "properties": { "element": "way", "id": 192741234, "addr:street": null, "leisure": "park", "name": null, "note": null, "sport": null, "wikipedia": null, "access": null, "tourism": null, "website": null, "wikidata": null, "start_date": null, "wikimedia_commons": null, "area": null, "name:nl": null, "name:ru": null, "alt_name": null, "surface": null, "old_name": null, "name:etymology:wikidata": null, "wheelchair": null, "layer": null, "name:de": null, "name:en": null, "name:ko": null, "name:zh": null, "source": null, "landuse": null, "barrier": null, "fence_type": null, "leaf_type": null, "description": null, "opening_hours": null, "addr:city": null, "not": null, "bicycle": null, "foot": null, "motor_vehicle": null, "operator": null, "fee": null, "lit": null, "architect": null, "ref:bag": null, "addr:postcode": null, "smoking": null, "garden:type": null, "check_date": null, "construction": null, "survey:date": null, "type": null, "heritage": null, "heritage:operator": null, "ref:rce": null, "bbq": null, "name:uk": null, "name:zh-Hans": null }, "geometry": { "type": "MultiPolygon", "coordinates": [ [ [ [ 4.955126301289938, 52.318956204109895 ], [ 4.954809801289632, 52.31918250411001 ], [ 4.954673001289505, 52.319357904110149 ], [ 4.95461660128945, 52.319407104110169 ], [ 4.954589801289424, 52.319451404110161 ], [ 4.954587101289424, 52.3194973041102 ], [ 4.954603201289443, 52.319541504110255 ], [ 4.954584501289428, 52.319643204110299 ], [ 4.954614001289467, 52.319815304110413 ], [ 4.954670301289528, 52.31996290411049 ], [ 4.95471860128958, 52.320030104110522 ], [ 4.95452840128939, 52.320033604110527 ], [ 4.954493701289352, 52.319958904110493 ], [ 4.954451301289306, 52.319859004110441 ], [ 4.954431001289275, 52.319634304110302 ], [ 4.95445390128929, 52.319471204110208 ], [ 4.954508301289338, 52.319341104110123 ], [ 4.954595201289418, 52.319216104110033 ], [ 4.954712901289531, 52.31910060410997 ], [ 4.954852401289664, 52.318990104109922 ], [ 4.95495030128976, 52.318914704109872 ], [ 4.955126301289938, 52.318956204109895 ] ] ] ] } },
{ "type": "Feature", "properties": { "element": "way", "id": 192741238, "addr:street": null, "leisure": "park", "name": null, "note": null, "sport": null, "wikipedia": null, "access": null, "tourism": null, "website": null, "wikidata": null, "start_date": null, "wikimedia_commons": null, "area": null, "name:nl": null, "name:ru": null, "alt_name": null, "surface": null, "old_name": null, "name:etymology:wikidata": null, "wheelchair": null, "layer": null, "name:de": null, "name:en": null, "name:ko": null, "name:zh": null, "source": null, "landuse": null, "barrier": null, "fence_type": null, "leaf_type": null, "description": null, "opening_hours": null, "addr:city": null, "not": null, "bicycle": null, "foot": null, "motor_vehicle": null, "operator": null, "fee": null, "lit": null, "architect": null, "ref:bag": null, "addr:postcode": null, "smoking": null, "garden:type": null, "check_date": null, "construction": null, "survey:date": null, "type": null, "heritage": null, "heritage:operator": null, "ref:rce": null, "bbq": null, "name:uk": null, "name:zh-Hans": null }, "geometry": { "type": "MultiPolygon", "coordinates": [ [ [ [ 4.95471860128958, 52.320030104110522 ], [ 4.954871501289741, 52.320195704110624 ], [ 4.955040401289915, 52.320321904110692 ], [ 4.955206701290085, 52.320408804110762 ], [ 4.955365001290246, 52.320467804110791 ], [ 4.955326201290212, 52.320495704110826 ], [ 4.954949001289827, 52.320353504110756 ], [ 4.954773801289649, 52.320292304110723 ], [ 4.954680501289553, 52.320210904110631 ], [ 4.954587301289453, 52.320120404110575 ], [ 4.95452840128939, 52.320033604110527 ], [ 4.95471860128958, 52.320030104110522 ] ] ] ] } },
{ "type": "Feature", "properties": { "element": "way", "id": 198456939, "addr:street": null, "leisure": "park", "name": "Geuzenbos", "note": null, "sport": null, "wikipedia": "nl:Geuzenbos", "access": null, "tourism": null, "website": null, "wikidata": "Q2638599", "start_date": null, "wikimedia_commons": "Category:Geuzenbos", "area": null, "name:nl": null, "name:ru": null, "alt_name": null, "surface": null, "old_name": null, "name:etymology:wikidata": null, "wheelchair": null, "layer": null, "name:de": null, "name:en": null, "name:ko": null, "name:zh": null, "source": null, "landuse": null, "barrier": null, "fence_type": null, "leaf_type": null, "description": null, "opening_hours": null, "addr:city": null, "not": null, "bicycle": null, "foot": null, "motor_vehicle": null, "operator": null, "fee": null, "lit": null, "architect": null, "ref:bag": null, "addr:postcode": null, "smoking": null, "garden:type": null, "check_date": null, "construction": null, "survey:date": null, "type": null, "heritage": null, "heritage:operator": null, "ref:rce": null, "bbq": null, "name:uk": null, "name:zh-Hans": null }, "geometry": { "type": "MultiPolygon", "coordinates": [ [ [ [ 4.763671801102491, 52.397698004156879 ], [ 4.763657401102479, 52.397752204156895 ], [ 4.763419701102281, 52.39851510415734 ], [ 4.763058801101981, 52.399672604158027 ], [ 4.762993401101918, 52.39975870415806 ], [ 4.762903501101829, 52.399765004158091 ], [ 4.761398201100339, 52.399977004158217 ], [ 4.760769501099713, 52.400024104158241 ], [ 4.760508701099453, 52.399995804158216 ], [ 4.760477901099424, 52.400068804158238 ], [ 4.760203801099152, 52.400112804158304 ], [ 4.760024401098978, 52.400152904158332 ], [ 4.759975401098926, 52.400174604158302 ], [ 4.75981620109877, 52.400201204158307 ], [ 4.759649101098604, 52.400232104158334 ], [ 4.759419301098376, 52.400261204158376 ], [ 4.75916090109812, 52.400301104158409 ], [ 4.759008201097973, 52.400345304158407 ], [ 4.758875501097839, 52.400381704158441 ], [ 4.758794301097761, 52.40039010415844 ], [ 4.758742601097707, 52.400380304158425 ], [ 4.758714601097679, 52.400352204158423 ], [ 4.758692901097655, 52.400310904158403 ], [ 4.75815540109705, 52.398946204157554 ], [ 4.758002001096868, 52.39839050415727 ], [ 4.757697901096522, 52.397521704156759 ], [ 4.757680101096502, 52.397470804156725 ], [ 4.75766240109648, 52.397420204156681 ], [ 4.757651401096464, 52.397277204156566 ], [ 4.757633101096442, 52.3972156041566 ], [ 4.757575901096375, 52.39701910415647 ], [ 4.757554201096351, 52.39696880415643 ], [ 4.757722501096516, 52.396909804156387 ], [ 4.757844101096634, 52.396828804156343 ], [ 4.757944501096727, 52.396734504156278 ], [ 4.758007501096785, 52.396631704156228 ], [ 4.758037901096812, 52.3965187041562 ], [ 4.758071701096826, 52.396173404155938 ], [ 4.758130101096836, 52.395218104155418 ], [ 4.758150401096837, 52.394787004155155 ], [ 4.75817490109683, 52.394186004154761 ], [ 4.758186401096827, 52.393966304154667 ], [ 4.758116501096749, 52.393771804154547 ], [ 4.758109601096734, 52.393625904154462 ], [ 4.758095101096703, 52.393228304154221 ], [ 4.758137401096741, 52.393198704154209 ], [ 4.75817010109677, 52.393101004154154 ], [ 4.758176801096752, 52.39259840415388 ], [ 4.758163301096711, 52.392022304153528 ], [ 4.758214101096704, 52.390882804152845 ], [ 4.758221501096696, 52.390558504152636 ], [ 4.758200901096668, 52.390432604152608 ], [ 4.758159001096618, 52.390302404152479 ], [ 4.758093101096542, 52.390125304152399 ], [ 4.758008801096453, 52.390001304152328 ], [ 4.75788890109633, 52.389886404152271 ], [ 4.75777450109621, 52.389793104152218 ], [ 4.757625201096055, 52.38970810415212 ], [ 4.757497301095923, 52.389629704152114 ], [ 4.757335101095759, 52.389576604152104 ], [ 4.757165201095587, 52.389498604152024 ], [ 4.756989501095407, 52.389416804151999 ], [ 4.756784201095201, 52.389366404151957 ], [ 4.756413801094829, 52.38933080415196 ], [ 4.756019601094434, 52.389330704151931 ], [ 4.755677201094094, 52.389317104151942 ], [ 4.755512201093929, 52.389328004151977 ], [ 4.75537220109379, 52.389362104151957 ], [ 4.755323201093741, 52.389384104152001 ], [ 4.755285101093705, 52.389403704152009 ], [ 4.755250501093667, 52.389340504151946 ], [ 4.755185801093603, 52.389344304151926 ], [ 4.755145001093561, 52.389335704151932 ], [ 4.75512310109354, 52.389304404151886 ], [ 4.755110001093524, 52.389284604151932 ], [ 4.755089401093501, 52.389262304151899 ], [ 4.755055101093467, 52.38925180415189 ], [ 4.754917101093331, 52.389245304151878 ], [ 4.754895701093307, 52.389238204151901 ], [ 4.754878101093288, 52.389227204151894 ], [ 4.754875901093288, 52.389206104151867 ], [ 4.754895001093307, 52.389193804151866 ], [ 4.754928201093339, 52.389188704151856 ], [ 4.754966201093375, 52.389188004151869 ], [ 4.754992901093402, 52.389180304151864 ], [ 4.755017301093425, 52.389165804151872 ], [ 4.755051001093458, 52.389145004151807 ], [ 4.755075101093481, 52.389122604151801 ], [ 4.755120201093526, 52.389118104151784 ], [ 4.755249201093653, 52.389103604151821 ], [ 4.755364701093771, 52.389090604151818 ], [ 4.755843101094238, 52.389012204151776 ], [ 4.756706001095098, 52.388847004151664 ], [ 4.757627901096007, 52.38866720415156 ], [ 4.757897501096273, 52.388635104151547 ], [ 4.758155701096533, 52.388620104151528 ], [ 4.758511701096887, 52.388615304151514 ], [ 4.759276701097649, 52.3885800041515 ], [ 4.759982301098353, 52.388562504151487 ], [ 4.760695201099062, 52.388531704151475 ], [ 4.761292601099659, 52.388522604151426 ], [ 4.761429901099796, 52.388554004151473 ], [ 4.761490001099856, 52.388557504151493 ], [ 4.761515501099883, 52.388569404151518 ], [ 4.761651501100019, 52.388582804151497 ], [ 4.762267801100633, 52.388523504151458 ], [ 4.762417601100782, 52.388507904151467 ], [ 4.762706101101074, 52.388598504151524 ], [ 4.763140601101521, 52.388896104151684 ], [ 4.763157701101537, 52.38890580415169 ], [ 4.763633301102028, 52.389198604151872 ], [ 4.763605601102002, 52.38921460415186 ], [ 4.763662601102061, 52.389250404151888 ], [ 4.763690201102088, 52.389235104151879 ], [ 4.763770201102168, 52.389284404151915 ], [ 4.764264101102678, 52.389590304152065 ], [ 4.764979901103415, 52.390021004152331 ], [ 4.765465001103898, 52.390006804152364 ], [ 4.766304701104758, 52.390500704152601 ], [ 4.768771001107291, 52.391875104153456 ], [ 4.769072201107601, 52.392039104153518 ], [ 4.769170601107701, 52.392099104153608 ], [ 4.769437701107985, 52.392407704153761 ], [ 4.769489601108041, 52.392488504153789 ], [ 4.76952200110808, 52.392601504153866 ], [ 4.769630201108182, 52.392569304153824 ], [ 4.769710101108263, 52.392559304153842 ], [ 4.769728501108284, 52.392600104153857 ], [ 4.769773201108332, 52.39267460415391 ], [ 4.769801801108364, 52.392710104153927 ], [ 4.769820501108383, 52.392745204153961 ], [ 4.769860901108425, 52.392787304153948 ], [ 4.769904201108471, 52.39281080415396 ], [ 4.769947601108515, 52.392824504153992 ], [ 4.769999501108562, 52.392814704153992 ], [ 4.770040501108606, 52.392795804153984 ], [ 4.770117101108683, 52.392839804154022 ], [ 4.770184501108753, 52.392850704154043 ], [ 4.770216801108784, 52.392875104154001 ], [ 4.770318601108891, 52.392950604154045 ], [ 4.77041720110899, 52.393028904154136 ], [ 4.770546701109129, 52.393193604154192 ], [ 4.77063910110923, 52.39334670415429 ], [ 4.770851201109462, 52.393749704154551 ], [ 4.770871001109484, 52.393783304154574 ], [ 4.770934901109552, 52.393875504154622 ], [ 4.770964801109581, 52.393904604154606 ], [ 4.771083401109704, 52.393986604154684 ], [ 4.771207001109831, 52.394057104154712 ], [ 4.77128370110991, 52.394122804154748 ], [ 4.771317401109949, 52.394186604154804 ], [ 4.771317201109952, 52.39425770415486 ], [ 4.771269001109909, 52.394331304154896 ], [ 4.771157001109796, 52.394382504154912 ], [ 4.771011401109655, 52.394414404154944 ], [ 4.770302501108953, 52.394559004155042 ], [ 4.770077201108734, 52.394606604155051 ], [ 4.769922601108579, 52.39462510415504 ], [ 4.769854201108511, 52.394630604155054 ], [ 4.769392701108053, 52.394685404155084 ], [ 4.769143801107806, 52.394706904155107 ], [ 4.769056101107717, 52.394705104155086 ], [ 4.769055501107714, 52.394656804155055 ], [ 4.769039901107695, 52.394602204155071 ], [ 4.768994501107645, 52.394535104154997 ], [ 4.768928201107579, 52.394499504154986 ], [ 4.768847401107497, 52.394474304154976 ], [ 4.768761101107408, 52.394459704154926 ], [ 4.768688101107339, 52.394459404154965 ], [ 4.768644701107296, 52.394459404154958 ], [ 4.767349101106002, 52.394454604154951 ], [ 4.765749201104404, 52.394448704154954 ], [ 4.765141401103796, 52.394438504154905 ], [ 4.764966401103623, 52.394428304154964 ], [ 4.764761201103415, 52.394403904154927 ], [ 4.764545801103197, 52.394376404154904 ], [ 4.764339501102991, 52.394341904154899 ], [ 4.764073701102721, 52.394290804154842 ], [ 4.763848501102498, 52.394241604154836 ], [ 4.763718201102375, 52.39443710415496 ], [ 4.763699001102381, 52.394919204155194 ], [ 4.763691801102435, 52.396158304155939 ], [ 4.76368460110246, 52.396757204156309 ], [ 4.763684601102484, 52.397241104156599 ], [ 4.763683201102483, 52.397276904156627 ], [ 4.763671801102491, 52.397698004156879 ] ] ] ] } },
{ "type": "Feature", "properties": { "element": "way", "id": 211280649, "addr:street": null, "leisure": "park", "name": "Kruislaplantsoen", "note": null, "sport": null, "wikipedia": null, "access": null, "tourism": null, "website": null, "wikidata": null, "start_date": null, "wikimedia_commons": null, "area": null, "name:nl": null, "name:ru": null, "alt_name": null, "surface": null, "old_name": null, "name:etymology:wikidata": null, "wheelchair": null, "layer": null, "name:de": null, "name:en": null, "name:ko": null, "name:zh": null, "source": null, "landuse": null, "barrier": null, "fence_type": null, "leaf_type": null, "description": null, "opening_hours": null, "addr:city": null, "not": null, "bicycle": null, "foot": null, "motor_vehicle": null, "operator": null, "fee": null, "lit": null, "architect": null, "ref:bag": null, "addr:postcode": null, "smoking": null, "garden:type": null, "check_date": null, "construction": null, "survey:date": null, "type": null, "heritage": null, "heritage:operator": null, "ref:rce": null, "bbq": null, "name:uk": null, "name:zh-Hans": null }, "geometry": { "type": "MultiPolygon", "coordinates": [ [ [ [ 4.977272201311806, 52.313129004106329 ], [ 4.978186501312737, 52.313438204106504 ], [ 4.978352801312894, 52.313264404106398 ], [ 4.977497701312026, 52.312971004106203 ], [ 4.97723170131176, 52.312943004106195 ], [ 4.976668401311189, 52.312765904106094 ], [ 4.976520901311042, 52.31280880410614 ], [ 4.976276801310802, 52.312893804106189 ], [ 4.977027801311563, 52.313156204106335 ], [ 4.977256901311793, 52.31311080410633 ], [ 4.977272201311806, 52.313129004106329 ] ] ] ] } },
{ "type": "Feature", "properties": { "element": "way", "id": 218087104, "addr:street": null, "leisure": "park", "name": null, "note": null, "sport": null, "wikipedia": null, "access": null, "tourism": null, "website": null, "wikidata": null, "start_date": null, "wikimedia_commons": null, "area": null, "name:nl": null, "name:ru": null, "alt_name": null, "surface": null, "old_name": null, "name:etymology:wikidata": null, "wheelchair": null, "layer": null, "name:de": null, "name:en": null, "name:ko": null, "name:zh": null, "source": "local_knowledge", "landuse": null, "barrier": null, "fence_type": null, "leaf_type": null, "description": null, "opening_hours": null, "addr:city": null, "not": null, "bicycle": null, "foot": null, "motor_vehicle": null, "operator": null, "fee": null, "lit": null, "architect": null, "ref:bag": null, "addr:postcode": null, "smoking": null, "garden:type": null, "check_date": null, "construction": null, "survey:date": null, "type": null, "heritage": null, "heritage:operator": null, "ref:rce": null, "bbq": null, "name:uk": null, "name:zh-Hans": null }, "geometry": { "type": "MultiPolygon", "coordinates": [ [ [ [ 4.8608510011961, 52.327393104115174 ], [ 4.861319201196567, 52.327394404115211 ], [ 4.861327701196561, 52.327068704115014 ], [ 4.861013201196249, 52.327069204115006 ], [ 4.861014501196245, 52.327011304114954 ], [ 4.860852501196084, 52.327010804114948 ], [ 4.8608510011961, 52.327393104115174 ] ] ] ] } },
{ "type": "Feature", "properties": { "element": "way", "id": 218167105, "addr:street": null, "leisure": "park", "name": null, "note": null, "sport": null, "wikipedia": null, "access": null, "tourism": null, "website": null, "wikidata": null, "start_date": null, "wikimedia_commons": null, "area": null, "name:nl": null, "name:ru": null, "alt_name": null, "surface": null, "old_name": null, "name:etymology:wikidata": null, "wheelchair": null, "layer": null, "name:de": null, "name:en": null, "name:ko": null, "name:zh": null, "source": "local_knowledge", "landuse": null, "barrier": null, "fence_type": null, "leaf_type": null, "description": null, "opening_hours": null, "addr:city": null, "not": null, "bicycle": null, "foot": null, "motor_vehicle": null, "operator": null, "fee": null, "lit": null, "architect": null, "ref:bag": null, "addr:postcode": null, "smoking": null, "garden:type": null, "check_date": null, "construction": null, "survey:date": null, "type": null, "heritage": null, "heritage:operator": null, "ref:rce": null, "bbq": null, "name:uk": null, "name:zh-Hans": null }, "geometry": { "type": "MultiPolygon", "coordinates": [ [ [ [ 4.864653201199899, 52.327361604115183 ], [ 4.864650501199881, 52.327037104115014 ], [ 4.864812801200044, 52.327038704114983 ], [ 4.864811801200044, 52.327077804115014 ], [ 4.865095801200329, 52.327080604115025 ], [ 4.86509310120034, 52.3273649041152 ], [ 4.864653201199899, 52.327361604115183 ] ] ] ] } },
{ "type": "Feature", "properties": { "element": "way", "id": 219160281, "addr:street": null, "leisure": "park", "name": "W.H. Vliegenbos", "note": null, "sport": null, "wikipedia": "nl:Vliegenbos", "access": null, "tourism": null, "website": null, "wikidata": "Q2290261", "start_date": null, "wikimedia_commons": "Category:Vliegenbos", "area": null, "name:nl": null, "name:ru": null, "alt_name": "Vliegenbos", "surface": null, "old_name": null, "name:etymology:wikidata": null, "wheelchair": null, "layer": null, "name:de": null, "name:en": null, "name:ko": null, "name:zh": null, "source": null, "landuse": null, "barrier": null, "fence_type": null, "leaf_type": null, "description": null, "opening_hours": null, "addr:city": null, "not": null, "bicycle": null, "foot": null, "motor_vehicle": null, "operator": null, "fee": null, "lit": null, "architect": null, "ref:bag": null, "addr:postcode": null, "smoking": null, "garden:type": null, "check_date": null, "construction": null, "survey:date": null, "type": null, "heritage": null, "heritage:operator": null, "ref:rce": null, "bbq": null, "name:uk": null, "name:zh-Hans": null }, "geometry": { "type": "MultiPolygon", "coordinates": [ [ [ [ 4.937657101275662, 52.386847004150134 ], [ 4.93574730127377, 52.387156404150332 ], [ 4.933845901271885, 52.387464004150516 ], [ 4.933268401271315, 52.387564804150585 ], [ 4.932242001270296, 52.387743904150724 ], [ 4.930954501269026, 52.387976404150855 ], [ 4.928956201267051, 52.388506804151142 ], [ 4.927081401265204, 52.389001104151468 ], [ 4.927069001265194, 52.389059004151498 ], [ 4.927035801265164, 52.389128804151532 ], [ 4.926944101265073, 52.389196004151565 ], [ 4.926848001264982, 52.389266304151597 ], [ 4.926526201264664, 52.389336704151646 ], [ 4.925298801263446, 52.38945680415172 ], [ 4.925295001263467, 52.389991504152036 ], [ 4.925149201263328, 52.390155804152165 ], [ 4.926363701264549, 52.390327004152226 ], [ 4.926616201264804, 52.390351404152291 ], [ 4.926534201264736, 52.390698604152462 ], [ 4.927016901265234, 52.39097690415263 ], [ 4.928384801266607, 52.391139004152699 ], [ 4.929980901268207, 52.391274804152744 ], [ 4.93165190126988, 52.391346804152825 ], [ 4.93311340127134, 52.391405804152861 ], [ 4.933226101271427, 52.390898404152523 ], [ 4.933330701271528, 52.390801804152488 ], [ 4.933577401271772, 52.390739604152451 ], [ 4.934991001273169, 52.390495704152308 ], [ 4.936579101274744, 52.390214104152129 ], [ 4.937064301275226, 52.390132304152068 ], [ 4.938533701276678, 52.389865104151902 ], [ 4.938679101276822, 52.389841304151894 ], [ 4.93877730127692, 52.389805204151884 ], [ 4.938878401277018, 52.389732904151849 ], [ 4.93889890127703, 52.389551204151708 ], [ 4.938759701276875, 52.389212304151528 ], [ 4.938609201276706, 52.388847304151305 ], [ 4.938341301276411, 52.388217004150945 ], [ 4.938013701276049, 52.387482004150499 ], [ 4.937951301275987, 52.38749680415053 ], [ 4.93771000127572, 52.386953504150178 ], [ 4.937774201275784, 52.386940704150206 ], [ 4.937764601275773, 52.386900204150166 ], [ 4.93772670127573, 52.386859004150139 ], [ 4.937657101275662, 52.386847004150134 ] ] ] ] } },
{ "type": "Feature", "properties": { "element": "way", "id": 219166975, "addr:street": null, "leisure": "park", "name": "Flevopark", "note": null, "sport": null, "wikipedia": "nl:Flevopark", "access": null, "tourism": null, "website": null, "wikidata": "Q2335366", "start_date": null, "wikimedia_commons": "Category:Flevopark", "area": null, "name:nl": null, "name:ru": null, "alt_name": null, "surface": null, "old_name": null, "name:etymology:wikidata": null, "wheelchair": null, "layer": null, "name:de": null, "name:en": null, "name:ko": null, "name:zh": null, "source": null, "landuse": null, "barrier": null, "fence_type": null, "leaf_type": null, "description": null, "opening_hours": null, "addr:city": null, "not": null, "bicycle": null, "foot": null, "motor_vehicle": null, "operator": null, "fee": null, "lit": null, "architect": null, "ref:bag": null, "addr:postcode": null, "smoking": null, "garden:type": null, "check_date": null, "construction": null, "survey:date": null, "type": null, "heritage": null, "heritage:operator": null, "ref:rce": null, "bbq": null, "name:uk": null, "name:zh-Hans": null }, "geometry": { "type": "MultiPolygon", "coordinates": [ [ [ [ 4.951983801288722, 52.360246204134363 ], [ 4.951982101288722, 52.360233804134381 ], [ 4.951977201288716, 52.360222404134369 ], [ 4.951969101288707, 52.36021220413437 ], [ 4.9519609012887, 52.360205004134365 ], [ 4.951954501288692, 52.36020180413437 ], [ 4.9519614012887, 52.360194404134354 ], [ 4.951967701288703, 52.360194804134359 ], [ 4.951978801288716, 52.360194404134376 ], [ 4.951990101288726, 52.360192504134368 ], [ 4.952001701288739, 52.360187004134318 ], [ 4.952010401288747, 52.360181004134333 ], [ 4.952016801288753, 52.360173004134353 ], [ 4.952045101288779, 52.360117704134318 ], [ 4.952127501288857, 52.360038404134258 ], [ 4.952167601288897, 52.359998704134249 ], [ 4.952204001288932, 52.359961604134206 ], [ 4.952217701288943, 52.359949304134226 ], [ 4.952341201289066, 52.359925104134241 ], [ 4.952473301289193, 52.359852204134157 ], [ 4.952514801289235, 52.35980810413411 ], [ 4.952569001289287, 52.359775004134136 ], [ 4.952662401289377, 52.359738404134106 ], [ 4.952835001289547, 52.359672204134036 ], [ 4.952882701289592, 52.35964280413404 ], [ 4.952890201289598, 52.359620104134017 ], [ 4.952895901289603, 52.359586604133995 ], [ 4.952881701289585, 52.359489604133948 ], [ 4.952866001289564, 52.359378404133885 ], [ 4.952836401289519, 52.359062504133689 ], [ 4.952819901289487, 52.358745604133496 ], [ 4.952803001289458, 52.358448104133352 ], [ 4.952783601289425, 52.358158804133154 ], [ 4.952780701289422, 52.358111704133144 ], [ 4.952786001289426, 52.358108204133096 ], [ 4.952795201289433, 52.358104304133136 ], [ 4.952803701289443, 52.358102204133118 ], [ 4.952813601289452, 52.358101704133119 ], [ 4.952824401289462, 52.358103604133142 ], [ 4.952832201289469, 52.358105304133126 ], [ 4.952830401289467, 52.358083904133117 ], [ 4.952703401289342, 52.358089904133138 ], [ 4.952686401289326, 52.358090704133105 ], [ 4.952692601289334, 52.358149304133136 ], [ 4.952158601288799, 52.358170404133183 ], [ 4.952152901288793, 52.358116704133131 ], [ 4.952007701288649, 52.358122704133116 ], [ 4.950410501287054, 52.358193504133162 ], [ 4.949694101286342, 52.358222404133194 ], [ 4.948798801285449, 52.358259604133245 ], [ 4.948364501285015, 52.358278004133219 ], [ 4.947778901284432, 52.358302804133231 ], [ 4.947588301284241, 52.358310004133251 ], [ 4.947351201284006, 52.358313804133275 ], [ 4.946999601283652, 52.358320504133282 ], [ 4.947240701283904, 52.358529304133391 ], [ 4.947900901284667, 52.360759304134731 ], [ 4.948343001285189, 52.362422804135669 ], [ 4.947512801284368, 52.362670904135825 ], [ 4.947437001284284, 52.362448904135704 ], [ 4.946544001283383, 52.362245004135602 ], [ 4.946467601283303, 52.36219270413558 ], [ 4.945519301282197, 52.358765404133521 ], [ 4.946292501282965, 52.358699604133498 ], [ 4.946323001282983, 52.358438504133346 ], [ 4.946282301282937, 52.358346804133276 ], [ 4.946129101282787, 52.358353004133292 ], [ 4.946136701282797, 52.35840880413334 ], [ 4.945845701282506, 52.358423504133341 ], [ 4.945838201282497, 52.358367804133323 ], [ 4.94545150128211, 52.358384404133332 ], [ 4.945127501281787, 52.358405804133341 ], [ 4.944892201281554, 52.358451904133332 ], [ 4.944854401281518, 52.358489204133399 ], [ 4.944908801281581, 52.358650404133513 ], [ 4.945205701281924, 52.35968660413409 ], [ 4.94545570128221, 52.360460104134525 ], [ 4.94549580128226, 52.360636104134677 ], [ 4.945743301282543, 52.361390704135069 ], [ 4.94592100128276, 52.362215304135567 ], [ 4.945937601282778, 52.362292204135635 ], [ 4.946055601282898, 52.362313804135638 ], [ 4.946055401282898, 52.362342704135628 ], [ 4.946048701282893, 52.362397004135673 ], [ 4.946348801283196, 52.362438704135705 ], [ 4.946465301283314, 52.362454604135735 ], [ 4.946606501283454, 52.362478204135712 ], [ 4.946745701283596, 52.362515904135762 ], [ 4.946892201283747, 52.362582904135756 ], [ 4.946988901283847, 52.362656504135813 ], [ 4.9470397012839, 52.362723204135833 ], [ 4.947071501283935, 52.362784804135913 ], [ 4.947099901283965, 52.362839904135924 ], [ 4.947389801284301, 52.363810804136513 ], [ 4.947657301284599, 52.364458404136897 ], [ 4.947755501284704, 52.364621404136997 ], [ 4.947796501284747, 52.364677604137015 ], [ 4.947885601284845, 52.364813604137119 ], [ 4.947928501284887, 52.364865504137128 ], [ 4.948153101285118, 52.36497350413719 ], [ 4.948266201285232, 52.365022504137244 ], [ 4.948351301285316, 52.36496000413721 ], [ 4.948524201285488, 52.364957004137167 ], [ 4.948715801285678, 52.36493740413718 ], [ 4.949827701286791, 52.365016304137214 ], [ 4.950547701287512, 52.365023904137189 ], [ 4.951418801288384, 52.365055204137242 ], [ 4.952377201289345, 52.365142404137323 ], [ 4.952327401289305, 52.36537130413739 ], [ 4.95628630129328, 52.365724104137598 ], [ 4.956440501293408, 52.365196904137314 ], [ 4.956183001293146, 52.365176104137291 ], [ 4.955898201292864, 52.365156804137278 ], [ 4.955882701292848, 52.365139804137264 ], [ 4.955875501292838, 52.365120804137248 ], [ 4.95587650129284, 52.36510400413728 ], [ 4.955884001292846, 52.365087704137231 ], [ 4.955860901292822, 52.365091204137265 ], [ 4.955840201292801, 52.365092304137228 ], [ 4.955811901292773, 52.365090604137215 ], [ 4.955584401292547, 52.365075704137219 ], [ 4.955411501292373, 52.365064404137229 ], [ 4.955375501292338, 52.365062004137222 ], [ 4.9552398012922, 52.365053004137224 ], [ 4.955187001292146, 52.365049604137198 ], [ 4.955152101292113, 52.365045004137215 ], [ 4.955095001292055, 52.365031204137217 ], [ 4.955068201292027, 52.365020204137203 ], [ 4.955038101291996, 52.365003904137176 ], [ 4.955006401291964, 52.36498520413717 ], [ 4.954957001291914, 52.364948904137151 ], [ 4.953848201290758, 52.363942904136586 ], [ 4.953371101290262, 52.363516904136304 ], [ 4.953348501290237, 52.36344650413627 ], [ 4.953293601290179, 52.363413104136271 ], [ 4.953229101290112, 52.363374904136215 ], [ 4.953160401290043, 52.363342604136221 ], [ 4.953000901289883, 52.363300104136201 ], [ 4.952903301289785, 52.363279804136184 ], [ 4.952894801289775, 52.363293104136197 ], [ 4.952874201289754, 52.363291804136182 ], [ 4.95285870128974, 52.363287304136151 ], [ 4.952847701289727, 52.363277604136186 ], [ 4.952848001289728, 52.363269004136164 ], [ 4.952828701289708, 52.363265104136147 ], [ 4.952473201289351, 52.363218804136118 ], [ 4.95234090128922, 52.363192604136124 ], [ 4.95224630128912, 52.363130504136095 ], [ 4.951959701288826, 52.362981604135996 ], [ 4.951845401288709, 52.362904404135961 ], [ 4.951449801288298, 52.362575504135769 ], [ 4.951434301288282, 52.362557104135774 ], [ 4.951405901288253, 52.362520904135756 ], [ 4.950966901287794, 52.362076204135477 ], [ 4.950862201287685, 52.361946704135427 ], [ 4.950803901287621, 52.36188220413537 ], [ 4.951266901288077, 52.361723504135242 ], [ 4.951514201288319, 52.361651004135211 ], [ 4.951638701288447, 52.361690704135228 ], [ 4.951686001288492, 52.361641004135194 ], [ 4.951691801288499, 52.361643104135247 ], [ 4.951711901288517, 52.361622304135246 ], [ 4.951681801288488, 52.361610604135208 ], [ 4.951702101288506, 52.36158970413517 ], [ 4.951725101288528, 52.361598704135169 ], [ 4.951899601288694, 52.36141800413511 ], [ 4.951626001288417, 52.361317504135009 ], [ 4.95166090128845, 52.36128200413502 ], [ 4.95173360128852, 52.361206004134942 ], [ 4.951753601288538, 52.361181504134933 ], [ 4.951762601288547, 52.361168104134926 ], [ 4.95178730128857, 52.361098404134893 ], [ 4.951797201288574, 52.361046904134909 ], [ 4.951801201288576, 52.361001804134808 ], [ 4.951802201288577, 52.360956704134821 ], [ 4.951795801288567, 52.3609093041348 ], [ 4.951786101288556, 52.360871504134785 ], [ 4.951774101288541, 52.360841204134722 ], [ 4.951747001288513, 52.360794704134705 ], [ 4.95172720128849, 52.360748204134651 ], [ 4.95171070128847, 52.360695104134642 ], [ 4.951720101288478, 52.36067260413467 ], [ 4.951736201288496, 52.360640204134626 ], [ 4.951760701288519, 52.360604204134596 ], [ 4.951801901288555, 52.360557004134556 ], [ 4.951860201288611, 52.360488004134545 ], [ 4.951916101288664, 52.360422604134492 ], [ 4.951927401288676, 52.360409904134443 ], [ 4.951933101288677, 52.36039860413446 ], [ 4.951935601288679, 52.360387504134486 ], [ 4.951934701288681, 52.36037770413445 ], [ 4.951941301288684, 52.360346404134461 ], [ 4.951966801288708, 52.360286404134406 ], [ 4.951980901288722, 52.360256704134407 ], [ 4.951983801288722, 52.360246204134363 ] ] ] ] } },
{ "type": "Feature", "properties": { "element": "way", "id": 220732394, "addr:street": null, "leisure": "park", "name": null, "note": null, "sport": null, "wikipedia": null, "access": null, "tourism": null, "website": null, "wikidata": null, "start_date": null, "wikimedia_commons": null, "area": null, "name:nl": null, "name:ru": null, "alt_name": null, "surface": null, "old_name": null, "name:etymology:wikidata": null, "wheelchair": null, "layer": null, "name:de": null, "name:en": null, "name:ko": null, "name:zh": null, "source": null, "landuse": null, "barrier": null, "fence_type": null, "leaf_type": null, "description": null, "opening_hours": null, "addr:city": null, "not": null, "bicycle": null, "foot": null, "motor_vehicle": null, "operator": null, "fee": null, "lit": null, "architect": null, "ref:bag": null, "addr:postcode": null, "smoking": null, "garden:type": null, "check_date": null, "construction": null, "survey:date": null, "type": null, "heritage": null, "heritage:operator": null, "ref:rce": null, "bbq": null, "name:uk": null, "name:zh-Hans": null }, "geometry": { "type": "MultiPolygon", "coordinates": [ [ [ [ 4.86930770120679, 52.373846404142718 ], [ 4.869291301206773, 52.373839304142699 ], [ 4.869212401206693, 52.373790704142671 ], [ 4.869205001206683, 52.373783304142655 ], [ 4.869201701206679, 52.373773904142638 ], [ 4.869204401206682, 52.373764604142664 ], [ 4.869216501206697, 52.373756404142654 ], [ 4.869275501206752, 52.373733404142627 ], [ 4.869280701206758, 52.37373270414264 ], [ 4.86928600120676, 52.373733804142603 ], [ 4.869291801206767, 52.373737304142637 ], [ 4.869368101206845, 52.373813704142705 ], [ 4.869369201206852, 52.373818404142668 ], [ 4.869368601206848, 52.373824004142662 ], [ 4.869366901206846, 52.373830104142684 ], [ 4.869363301206842, 52.373834104142702 ], [ 4.869356001206837, 52.373839904142699 ], [ 4.869341901206823, 52.37384560414268 ], [ 4.869333101206813, 52.373847604142696 ], [ 4.869319701206802, 52.373848804142682 ], [ 4.86930770120679, 52.373846404142718 ] ] ] ] } },
{ "type": "Feature", "properties": { "element": "way", "id": 220732396, "addr:street": null, "leisure": "park", "name": null, "note": null, "sport": null, "wikipedia": null, "access": null, "tourism": null, "website": null, "wikidata": null, "start_date": null, "wikimedia_commons": null, "area": null, "name:nl": null, "name:ru": null, "alt_name": null, "surface": null, "old_name": null, "name:etymology:wikidata": null, "wheelchair": null, "layer": null, "name:de": null, "name:en": null, "name:ko": null, "name:zh": null, "source": null, "landuse": null, "barrier": null, "fence_type": null, "leaf_type": null, "description": null, "opening_hours": null, "addr:city": null, "not": null, "bicycle": null, "foot": null, "motor_vehicle": null, "operator": null, "fee": null, "lit": null, "architect": null, "ref:bag": null, "addr:postcode": null, "smoking": null, "garden:type": null, "check_date": null, "construction": null, "survey:date": null, "type": null, "heritage": null, "heritage:operator": null, "ref:rce": null, "bbq": null, "name:uk": null, "name:zh-Hans": null }, "geometry": { "type": "MultiPolygon", "coordinates": [ [ [ [ 4.869773401207283, 52.374421704143025 ], [ 4.869747901207257, 52.374411104143014 ], [ 4.869731201207237, 52.374399604143022 ], [ 4.86971510120722, 52.374385704143023 ], [ 4.869705701207213, 52.374374604142986 ], [ 4.869677501207181, 52.374337804142982 ], [ 4.869672801207177, 52.374321404142961 ], [ 4.869670101207173, 52.374304204142973 ], [ 4.869671501207175, 52.374286604142966 ], [ 4.869673501207176, 52.374272704142967 ], [ 4.869678201207181, 52.374255504142944 ], [ 4.869684201207187, 52.374242804142959 ], [ 4.869693601207193, 52.374236704142909 ], [ 4.869712401207214, 52.374230904142912 ], [ 4.869729101207228, 52.374232204142913 ], [ 4.869741901207242, 52.374239504142913 ], [ 4.869781401207284, 52.374305504142981 ], [ 4.869801601207305, 52.37434020414296 ], [ 4.869825701207331, 52.374391004143 ], [ 4.869827701207336, 52.374402904142997 ], [ 4.869824401207333, 52.374417604143048 ], [ 4.869808901207317, 52.374426204143042 ], [ 4.8697895012073, 52.374426604143039 ], [ 4.869773401207283, 52.374421704143025 ] ] ] ] } },
{ "type": "Feature", "properties": { "element": "way", "id": 220732397, "addr:street": null, "leisure": "park", "name": null, "note": null, "sport": null, "wikipedia": null, "access": null, "tourism": null, "website": null, "wikidata": null, "start_date": null, "wikimedia_commons": null, "area": null, "name:nl": null, "name:ru": null, "alt_name": null, "surface": null, "old_name": null, "name:etymology:wikidata": null, "wheelchair": null, "layer": null, "name:de": null, "name:en": null, "name:ko": null, "name:zh": null, "source": null, "landuse": null, "barrier": null, "fence_type": null, "leaf_type": null, "description": null, "opening_hours": null, "addr:city": null, "not": null, "bicycle": null, "foot": null, "motor_vehicle": null, "operator": null, "fee": null, "lit": null, "architect": null, "ref:bag": null, "addr:postcode": null, "smoking": null, "garden:type": null, "check_date": null, "construction": null, "survey:date": null, "type": null, "heritage": null, "heritage:operator": null, "ref:rce": null, "bbq": null, "name:uk": null, "name:zh-Hans": null }, "geometry": { "type": "MultiPolygon", "coordinates": [ [ [ [ 4.87011940120763, 52.374486004143058 ], [ 4.870104001207616, 52.374484304143088 ], [ 4.870091901207602, 52.374479804143064 ], [ 4.870083901207594, 52.374470404143068 ], [ 4.870043601207551, 52.374407804143019 ], [ 4.870042301207548, 52.37439550414301 ], [ 4.870041601207548, 52.374384904143007 ], [ 4.870043001207547, 52.374370504143016 ], [ 4.870048301207552, 52.374361104143041 ], [ 4.870056401207563, 52.374348004142959 ], [ 4.87006580120757, 52.374339004142968 ], [ 4.870075201207578, 52.374332104142994 ], [ 4.87020990120771, 52.374288304142915 ], [ 4.870229401207731, 52.37428870414297 ], [ 4.87024750120775, 52.374293204142973 ], [ 4.870256901207759, 52.374300104142968 ], [ 4.870263601207767, 52.374309104142981 ], [ 4.870266901207769, 52.374317304142998 ], [ 4.87023210120774, 52.374382004143008 ], [ 4.870229001207737, 52.374387404143029 ], [ 4.870223301207728, 52.374397104143036 ], [ 4.870221401207726, 52.37440040414301 ], [ 4.870187801207696, 52.374458104143052 ], [ 4.870175101207685, 52.374469204143054 ], [ 4.870163701207674, 52.374477804143069 ], [ 4.87011940120763, 52.374486004143058 ] ] ] ] } },
{ "type": "Feature", "properties": { "element": "way", "id": 220732398, "addr:street": null, "leisure": "park", "name": null, "note": null, "sport": null, "wikipedia": null, "access": null, "tourism": null, "website": null, "wikidata": null, "start_date": null, "wikimedia_commons": null, "area": null, "name:nl": null, "name:ru": null, "alt_name": null, "surface": null, "old_name": null, "name:etymology:wikidata": null, "wheelchair": null, "layer": null, "name:de": null, "name:en": null, "name:ko": null, "name:zh": null, "source": null, "landuse": null, "barrier": null, "fence_type": null, "leaf_type": null, "description": null, "opening_hours": null, "addr:city": null, "not": null, "bicycle": null, "foot": null, "motor_vehicle": null, "operator": null, "fee": null, "lit": null, "architect": null, "ref:bag": null, "addr:postcode": null, "smoking": null, "garden:type": null, "check_date": null, "construction": null, "survey:date": null, "type": null, "heritage": null, "heritage:operator": null, "ref:rce": null, "bbq": null, "name:uk": null, "name:zh-Hans": null }, "geometry": { "type": "MultiPolygon", "coordinates": [ [ [ [ 4.87034270120785, 52.374418404143043 ], [ 4.870307801207815, 52.374429904143049 ], [ 4.8702911012078, 52.374431104143028 ], [ 4.870279001207787, 52.374429904143042 ], [ 4.870265601207771, 52.374424604142995 ], [ 4.870256901207766, 52.374417604143012 ], [ 4.87025220120776, 52.374409004143033 ], [ 4.870252801207759, 52.374400804143029 ], [ 4.870257501207766, 52.374392604142997 ], [ 4.870305801207808, 52.374308704142962 ], [ 4.870313901207816, 52.374302204142957 ], [ 4.870325301207826, 52.374297704142947 ], [ 4.870341401207841, 52.374295604142972 ], [ 4.870355401207858, 52.374297704142975 ], [ 4.870366801207869, 52.374300904142949 ], [ 4.870376201207878, 52.374307104142964 ], [ 4.870387001207892, 52.374328004142974 ], [ 4.870403101207907, 52.374363604143007 ], [ 4.870405701207911, 52.374375904143001 ], [ 4.870404401207909, 52.374386104142999 ], [ 4.870401001207909, 52.374394704143022 ], [ 4.870382301207889, 52.374405704143015 ], [ 4.87034270120785, 52.374418404143043 ] ] ] ] } },
{ "type": "Feature", "properties": { "element": "way", "id": 220732400, "addr:street": null, "leisure": "park", "name": null, "note": null, "sport": null, "wikipedia": null, "access": null, "tourism": null, "website": null, "wikidata": null, "start_date": null, "wikimedia_commons": null, "area": null, "name:nl": null, "name:ru": null, "alt_name": null, "surface": null, "old_name": null, "name:etymology:wikidata": null, "wheelchair": null, "layer": null, "name:de": null, "name:en": null, "name:ko": null, "name:zh": null, "source": null, "landuse": null, "barrier": null, "fence_type": null, "leaf_type": null, "description": null, "opening_hours": null, "addr:city": null, "not": null, "bicycle": null, "foot": null, "motor_vehicle": null, "operator": null, "fee": null, "lit": null, "architect": null, "ref:bag": null, "addr:postcode": null, "smoking": null, "garden:type": null, "check_date": null, "construction": null, "survey:date": null, "type": null, "heritage": null, "heritage:operator": null, "ref:rce": null, "bbq": null, "name:uk": null, "name:zh-Hans": null }, "geometry": { "type": "MultiPolygon", "coordinates": [ [ [ [ 4.869800701207289, 52.374015504142804 ], [ 4.869736401207224, 52.373972604142772 ], [ 4.869733001207219, 52.373964004142785 ], [ 4.869733001207218, 52.373955804142767 ], [ 4.869737701207224, 52.373948904142757 ], [ 4.869761801207246, 52.373938304142776 ], [ 4.869905101207388, 52.373882304142676 ], [ 4.8699185012074, 52.373882304142732 ], [ 4.869931901207416, 52.373885504142706 ], [ 4.869939301207422, 52.373890804142725 ], [ 4.869941301207424, 52.373898204142712 ], [ 4.869942001207426, 52.373904704142731 ], [ 4.869938601207423, 52.37391290414272 ], [ 4.869846901207336, 52.374013504142795 ], [ 4.869838801207328, 52.374018804142814 ], [ 4.869825401207314, 52.374021304142801 ], [ 4.869812701207302, 52.374020404142797 ], [ 4.869800701207289, 52.374015504142804 ] ] ] ] } },
{ "type": "Feature", "properties": { "element": "way", "id": 220732401, "addr:street": null, "leisure": "park", "name": null, "note": null, "sport": null, "wikipedia": null, "access": null, "tourism": null, "website": null, "wikidata": null, "start_date": null, "wikimedia_commons": null, "area": null, "name:nl": null, "name:ru": null, "alt_name": null, "surface": null, "old_name": null, "name:etymology:wikidata": null, "wheelchair": null, "layer": null, "name:de": null, "name:en": null, "name:ko": null, "name:zh": null, "source": null, "landuse": null, "barrier": null, "fence_type": null, "leaf_type": null, "description": null, "opening_hours": null, "addr:city": null, "not": null, "bicycle": null, "foot": null, "motor_vehicle": null, "operator": null, "fee": null, "lit": null, "architect": null, "ref:bag": null, "addr:postcode": null, "smoking": null, "garden:type": null, "check_date": null, "construction": null, "survey:date": null, "type": null, "heritage": null, "heritage:operator": null, "ref:rce": null, "bbq": null, "name:uk": null, "name:zh-Hans": null }, "geometry": { "type": "MultiPolygon", "coordinates": [ [ [ [ 4.870004901207492, 52.373961604142757 ], [ 4.869991501207478, 52.373964804142751 ], [ 4.869979501207467, 52.373965204142777 ], [ 4.869966101207451, 52.373962004142776 ], [ 4.869958001207442, 52.373958704142744 ], [ 4.869951301207435, 52.373953404142775 ], [ 4.869949301207435, 52.37394680414279 ], [ 4.869950001207435, 52.373940304142742 ], [ 4.869957401207442, 52.373930504142763 ], [ 4.870014901207496, 52.373854504142699 ], [ 4.870025701207506, 52.373849104142707 ], [ 4.870038401207518, 52.373846704142657 ], [ 4.870051801207532, 52.373847104142712 ], [ 4.870061801207542, 52.37385000414271 ], [ 4.87006990120755, 52.373854004142686 ], [ 4.87007790120756, 52.37386060414272 ], [ 4.870104701207585, 52.373897004142734 ], [ 4.870104701207586, 52.37390640414273 ], [ 4.870104701207586, 52.373914104142749 ], [ 4.870102001207587, 52.3739227041427 ], [ 4.870096601207582, 52.373931704142763 ], [ 4.870087901207571, 52.373937404142758 ], [ 4.870004901207492, 52.373961604142757 ] ] ] ] } },
{ "type": "Feature", "properties": { "element": "way", "id": 220886085, "addr:street": null, "leisure": "park", "name": "Bilderdijkpark", "note": null, "sport": null, "wikipedia": null, "access": null, "tourism": null, "website": null, "wikidata": "Q2312608", "start_date": null, "wikimedia_commons": "Category:Bilderdijkpark, Amsterdam", "area": null, "name:nl": null, "name:ru": null, "alt_name": null, "surface": null, "old_name": null, "name:etymology:wikidata": null, "wheelchair": null, "layer": null, "name:de": null, "name:en": null, "name:ko": null, "name:zh": null, "source": null, "landuse": null, "barrier": null, "fence_type": null, "leaf_type": null, "description": null, "opening_hours": null, "addr:city": null, "not": null, "bicycle": null, "foot": null, "motor_vehicle": null, "operator": null, "fee": null, "lit": null, "architect": null, "ref:bag": null, "addr:postcode": null, "smoking": null, "garden:type": null, "check_date": null, "construction": null, "survey:date": null, "type": null, "heritage": null, "heritage:operator": null, "ref:rce": null, "bbq": null, "name:uk": null, "name:zh-Hans": null }, "geometry": { "type": "MultiPolygon", "coordinates": [ [ [ [ 4.870558401207934, 52.371672504141436 ], [ 4.871017201208425, 52.372375904141848 ], [ 4.870995301208401, 52.372385004141833 ], [ 4.870794301208202, 52.37234730414179 ], [ 4.870483701207887, 52.372285404141785 ], [ 4.869614601207011, 52.372114704141666 ], [ 4.869566301206963, 52.372106504141676 ], [ 4.869593001206987, 52.372056504141639 ], [ 4.869812901207204, 52.371986104141605 ], [ 4.869524201206898, 52.371658604141416 ], [ 4.869146001206516, 52.371575004141341 ], [ 4.869249701206614, 52.371399904141228 ], [ 4.870558401207934, 52.371672504141436 ] ] ] ] } },
{ "type": "Feature", "properties": { "element": "way", "id": 221028664, "addr:street": null, "leisure": "park", "name": "Frederik Hendrikplantsoen", "note": null, "sport": null, "wikipedia": null, "access": null, "tourism": null, "website": null, "wikidata": null, "start_date": null, "wikimedia_commons": null, "area": null, "name:nl": null, "name:ru": null, "alt_name": null, "surface": null, "old_name": null, "name:etymology:wikidata": null, "wheelchair": null, "layer": null, "name:de": null, "name:en": null, "name:ko": null, "name:zh": null, "source": null, "landuse": null, "barrier": null, "fence_type": null, "leaf_type": null, "description": null, "opening_hours": null, "addr:city": null, "not": null, "bicycle": null, "foot": null, "motor_vehicle": null, "operator": null, "fee": null, "lit": null, "architect": null, "ref:bag": null, "addr:postcode": null, "smoking": null, "garden:type": null, "check_date": null, "construction": null, "survey:date": null, "type": null, "heritage": null, "heritage:operator": null, "ref:rce": null, "bbq": null, "name:uk": null, "name:zh-Hans": null }, "geometry": { "type": "MultiPolygon", "coordinates": [ [ [ [ 4.876331001214045, 52.378830704145635 ], [ 4.876281501213991, 52.378826004145623 ], [ 4.876215301213927, 52.378814004145624 ], [ 4.875971801213679, 52.378731204145559 ], [ 4.875847301213553, 52.378702104145532 ], [ 4.875788901213495, 52.37868090414554 ], [ 4.875732401213437, 52.378655904145504 ], [ 4.875675501213379, 52.378629004145509 ], [ 4.875635401213338, 52.378603404145501 ], [ 4.875443501213134, 52.378365704145338 ], [ 4.87596940121365, 52.378235604145289 ], [ 4.875991901213676, 52.37823010414526 ], [ 4.876538101214213, 52.378095004145187 ], [ 4.876552601214227, 52.378091404145145 ], [ 4.877143901214811, 52.377945204145099 ], [ 4.877540901215237, 52.378548904145447 ], [ 4.877281201214982, 52.37863690414548 ], [ 4.876908201214614, 52.378728304145554 ], [ 4.87687250121458, 52.378731904145567 ], [ 4.876836401214545, 52.378731904145567 ], [ 4.876771601214476, 52.378729204145564 ], [ 4.876751601214457, 52.378730004145531 ], [ 4.876707401214414, 52.378736004145587 ], [ 4.876637901214341, 52.378631304145514 ], [ 4.87662320121432, 52.378569804145457 ], [ 4.87663400121433, 52.378527504145445 ], [ 4.876659801214354, 52.378482004145425 ], [ 4.876704801214399, 52.378453204145401 ], [ 4.876781601214474, 52.378425004145399 ], [ 4.876743901214432, 52.378366604145363 ], [ 4.876677901214365, 52.378383704145357 ], [ 4.87658760121428, 52.37842670414539 ], [ 4.876506601214202, 52.378492604145428 ], [ 4.876502401214203, 52.378569404145459 ], [ 4.876620401214329, 52.378760604145576 ], [ 4.87655180121426, 52.378796204145601 ], [ 4.876521201214231, 52.378807504145598 ], [ 4.876501501214212, 52.3788125041456 ], [ 4.876479201214192, 52.378814204145627 ], [ 4.876392401214104, 52.378816604145577 ], [ 4.876392101214105, 52.378831704145618 ], [ 4.876331001214045, 52.378830704145635 ] ] ] ] } },
{ "type": "Feature", "properties": { "element": "way", "id": 221101231, "addr:street": null, "leisure": "park", "name": "Frederik Hendrikplantsoen", "note": null, "sport": null, "wikipedia": "nl:Frederik Hendrikplantsoen", "access": null, "tourism": null, "website": null, "wikidata": "Q2550411", "start_date": null, "wikimedia_commons": "Category:Frederik Hendrikplantsoen", "area": null, "name:nl": null, "name:ru": null, "alt_name": null, "surface": null, "old_name": null, "name:etymology:wikidata": null, "wheelchair": null, "layer": null, "name:de": null, "name:en": null, "name:ko": null, "name:zh": null, "source": null, "landuse": null, "barrier": null, "fence_type": null, "leaf_type": null, "description": null, "opening_hours": null, "addr:city": null, "not": null, "bicycle": null, "foot": null, "motor_vehicle": null, "operator": null, "fee": null, "lit": null, "architect": null, "ref:bag": null, "addr:postcode": null, "smoking": null, "garden:type": null, "check_date": null, "construction": null, "survey:date": null, "type": null, "heritage": null, "heritage:operator": null, "ref:rce": null, "bbq": null, "name:uk": null, "name:zh-Hans": null }, "geometry": { "type": "MultiPolygon", "coordinates": [ [ [ [ 4.877549401215261, 52.378833704145634 ], [ 4.877435901215144, 52.378818604145621 ], [ 4.876621501214343, 52.379040004145764 ], [ 4.876595101214317, 52.379067504145752 ], [ 4.87649530121422, 52.379112104145783 ], [ 4.87642360121415, 52.379124504145814 ], [ 4.876297501214035, 52.379341104145922 ], [ 4.876330201214069, 52.379380804145939 ], [ 4.876849001214596, 52.379595704146077 ], [ 4.876822701214572, 52.379629204146042 ], [ 4.877136601214892, 52.379756304146198 ], [ 4.877179601214935, 52.379739704146147 ], [ 4.87758730121535, 52.379892404146226 ], [ 4.877562801215326, 52.379936604146266 ], [ 4.877784801215549, 52.379972504146281 ], [ 4.877943001215709, 52.379986404146287 ], [ 4.878079801215844, 52.379969204146313 ], [ 4.878276301216039, 52.379945404146262 ], [ 4.878357401216118, 52.379929904146273 ], [ 4.878372901216133, 52.379916004146224 ], [ 4.878364801216123, 52.379894704146238 ], [ 4.878283901216038, 52.37978520414616 ], [ 4.877605701215318, 52.378866504145641 ], [ 4.877549401215261, 52.378833704145634 ] ] ] ] } },
{ "type": "Feature", "properties": { "element": "way", "id": 221103198, "addr:street": null, "leisure": "park", "name": null, "note": null, "sport": null, "wikipedia": null, "access": null, "tourism": null, "website": null, "wikidata": null, "start_date": null, "wikimedia_commons": null, "area": null, "name:nl": null, "name:ru": null, "alt_name": null, "surface": null, "old_name": null, "name:etymology:wikidata": null, "wheelchair": null, "layer": null, "name:de": null, "name:en": null, "name:ko": null, "name:zh": null, "source": null, "landuse": null, "barrier": null, "fence_type": null, "leaf_type": null, "description": null, "opening_hours": null, "addr:city": null, "not": null, "bicycle": null, "foot": null, "motor_vehicle": null, "operator": null, "fee": null, "lit": null, "architect": null, "ref:bag": null, "addr:postcode": null, "smoking": null, "garden:type": null, "check_date": null, "construction": null, "survey:date": null, "type": null, "heritage": null, "heritage:operator": null, "ref:rce": null, "bbq": null, "name:uk": null, "name:zh-Hans": null }, "geometry": { "type": "MultiPolygon", "coordinates": [ [ [ [ 4.878795101216443, 52.3776083041449 ], [ 4.878815001216466, 52.377642204144898 ], [ 4.878841901216494, 52.377658604144941 ], [ 4.878880801216534, 52.377665104144938 ], [ 4.87908000121673, 52.377639204144927 ], [ 4.87901070121666, 52.377596204144893 ], [ 4.878948501216593, 52.377491904144826 ], [ 4.878841201216487, 52.377513904144806 ], [ 4.878885801216535, 52.377587904144875 ], [ 4.878795101216443, 52.3776083041449 ] ] ] ] } },
{ "type": "Feature", "properties": { "element": "way", "id": 221103199, "addr:street": null, "leisure": "park", "name": null, "note": null, "sport": null, "wikipedia": null, "access": null, "tourism": null, "website": null, "wikidata": null, "start_date": null, "wikimedia_commons": null, "area": null, "name:nl": null, "name:ru": null, "alt_name": null, "surface": null, "old_name": null, "name:etymology:wikidata": null, "wheelchair": null, "layer": null, "name:de": null, "name:en": null, "name:ko": null, "name:zh": null, "source": null, "landuse": null, "barrier": null, "fence_type": null, "leaf_type": null, "description": null, "opening_hours": null, "addr:city": null, "not": null, "bicycle": null, "foot": null, "motor_vehicle": null, "operator": null, "fee": null, "lit": null, "architect": null, "ref:bag": null, "addr:postcode": null, "smoking": null, "garden:type": null, "check_date": null, "construction": null, "survey:date": null, "type": null, "heritage": null, "heritage:operator": null, "ref:rce": null, "bbq": null, "name:uk": null, "name:zh-Hans": null }, "geometry": { "type": "MultiPolygon", "coordinates": [ [ [ [ 4.878984501216649, 52.377934904145064 ], [ 4.878953201216618, 52.377889004145068 ], [ 4.878974501216633, 52.377854504145027 ], [ 4.879039301216697, 52.377831504145007 ], [ 4.879151701216811, 52.377796904144965 ], [ 4.879187901216847, 52.377789604145001 ], [ 4.879197301216855, 52.37778630414499 ], [ 4.879155001216816, 52.377847304145 ], [ 4.879186501216848, 52.377897604145048 ], [ 4.878984501216649, 52.377934904145064 ] ] ] ] } },
{ "type": "Feature", "properties": { "element": "way", "id": 221174264, "addr:street": null, "leisure": "park", "name": "Frederik Hendrikplantsoen", "note": null, "sport": null, "wikipedia": null, "access": null, "tourism": null, "website": null, "wikidata": null, "start_date": null, "wikimedia_commons": null, "area": null, "name:nl": null, "name:ru": null, "alt_name": null, "surface": null, "old_name": null, "name:etymology:wikidata": null, "wheelchair": null, "layer": null, "name:de": null, "name:en": null, "name:ko": null, "name:zh": null, "source": null, "landuse": null, "barrier": null, "fence_type": null, "leaf_type": null, "description": null, "opening_hours": null, "addr:city": null, "not": null, "bicycle": null, "foot": null, "motor_vehicle": null, "operator": null, "fee": null, "lit": null, "architect": null, "ref:bag": null, "addr:postcode": null, "smoking": null, "garden:type": null, "check_date": null, "construction": null, "survey:date": null, "type": null, "heritage": null, "heritage:operator": null, "ref:rce": null, "bbq": null, "name:uk": null, "name:zh-Hans": null }, "geometry": { "type": "MultiPolygon", "coordinates": [ [ [ [ 4.875905201213625, 52.378961704145688 ], [ 4.876274001213997, 52.379041104145756 ], [ 4.87628880121401, 52.379061604145761 ], [ 4.876287401214012, 52.379087804145776 ], [ 4.876227101213956, 52.379172104145816 ], [ 4.876184201213913, 52.379222004145852 ], [ 4.876130501213865, 52.379272004145889 ], [ 4.876060801213796, 52.37931950414589 ], [ 4.876035401213771, 52.3793319041459 ], [ 4.875964701213704, 52.379366304145947 ], [ 4.875852901213594, 52.379388204145975 ], [ 4.875752301213494, 52.379398904145951 ], [ 4.875623601213364, 52.379389004145956 ], [ 4.875525501213264, 52.379366304145947 ], [ 4.875437201213175, 52.379321904145904 ], [ 4.875364701213099, 52.379268204145866 ], [ 4.875324501213053, 52.379204804145814 ], [ 4.875305901213033, 52.379134204145807 ], [ 4.875323201213046, 52.379059104145739 ], [ 4.875375501213095, 52.379003504145714 ], [ 4.875509601213228, 52.378891304145654 ], [ 4.875531101213247, 52.378882304145655 ], [ 4.875567301213283, 52.378885604145623 ], [ 4.875905201213625, 52.378961704145688 ] ] ] ] } },
{ "type": "Feature", "properties": { "element": "way", "id": 221261837, "addr:street": null, "leisure": "park", "name": "Bellamyplein", "note": null, "sport": null, "wikipedia": "nl:Bellamyplein", "access": null, "tourism": null, "website": null, "wikidata": "Q4328726", "start_date": null, "wikimedia_commons": "Category:Bellamyplein, Amsterdam", "area": null, "name:nl": null, "name:ru": null, "alt_name": "P.W. Janssenplantsoen", "surface": null, "old_name": null, "name:etymology:wikidata": null, "wheelchair": null, "layer": null, "name:de": null, "name:en": null, "name:ko": null, "name:zh": null, "source": null, "landuse": null, "barrier": null, "fence_type": null, "leaf_type": null, "description": null, "opening_hours": null, "addr:city": null, "not": null, "bicycle": null, "foot": null, "motor_vehicle": null, "operator": null, "fee": null, "lit": null, "architect": null, "ref:bag": null, "addr:postcode": null, "smoking": null, "garden:type": null, "check_date": null, "construction": null, "survey:date": null, "type": null, "heritage": null, "heritage:operator": null, "ref:rce": null, "bbq": null, "name:uk": null, "name:zh-Hans": null }, "geometry": { "type": "MultiPolygon", "coordinates": [ [ [ [ 4.867296601204504, 52.368170704139345 ], [ 4.867286001204497, 52.368191804139393 ], [ 4.867293901204504, 52.368213704139364 ], [ 4.867315201204526, 52.368231604139361 ], [ 4.867343201204556, 52.368241304139403 ], [ 4.867391001204604, 52.36824460413937 ], [ 4.86800810120522, 52.36822910413936 ], [ 4.868033401205243, 52.36821780413937 ], [ 4.86804940120526, 52.368201504139378 ], [ 4.868056001205264, 52.368183704139369 ], [ 4.868056001205265, 52.368166604139354 ], [ 4.868048001205256, 52.368152004139361 ], [ 4.867654501204841, 52.367701904139068 ], [ 4.867592801204782, 52.367706204139054 ], [ 4.867296601204504, 52.368170704139345 ] ] ] ] } },
{ "type": "Feature", "properties": { "element": "way", "id": 221294997, "addr:street": null, "leisure": "park", "name": null, "note": null, "sport": null, "wikipedia": null, "access": null, "tourism": null, "website": null, "wikidata": null, "start_date": null, "wikimedia_commons": null, "area": null, "name:nl": null, "name:ru": null, "alt_name": null, "surface": null, "old_name": null, "name:etymology:wikidata": null, "wheelchair": null, "layer": null, "name:de": null, "name:en": null, "name:ko": null, "name:zh": null, "source": null, "landuse": null, "barrier": null, "fence_type": null, "leaf_type": null, "description": null, "opening_hours": null, "addr:city": null, "not": null, "bicycle": null, "foot": null, "motor_vehicle": null, "operator": null, "fee": null, "lit": null, "architect": null, "ref:bag": null, "addr:postcode": null, "smoking": null, "garden:type": null, "check_date": null, "construction": null, "survey:date": null, "type": null, "heritage": null, "heritage:operator": null, "ref:rce": null, "bbq": null, "name:uk": null, "name:zh-Hans": null }, "geometry": { "type": "MultiPolygon", "coordinates": [ [ [ [ 4.870045401207642, 52.376252504144119 ], [ 4.870032601207629, 52.37625130414412 ], [ 4.870005801207602, 52.376261104144106 ], [ 4.869967201207565, 52.376265104144132 ], [ 4.869928001207533, 52.37644290414422 ], [ 4.869930701207535, 52.376450204144213 ], [ 4.869958201207566, 52.376487104144239 ], [ 4.870004501207617, 52.376543604144274 ], [ 4.87001850120763, 52.376547304144282 ], [ 4.870048001207659, 52.376538704144266 ], [ 4.870248501207854, 52.37647890414425 ], [ 4.87025390120786, 52.376474004144221 ], [ 4.870253901207861, 52.376467404144258 ], [ 4.870105201207704, 52.376271604144137 ], [ 4.870062601207659, 52.376244704144128 ], [ 4.870045401207642, 52.376252504144119 ] ] ] ] } },
{ "type": "Feature", "properties": { "element": "way", "id": 221839917, "addr:street": null, "leisure": "park", "name": null, "note": null, "sport": null, "wikipedia": null, "access": null, "tourism": null, "website": null, "wikidata": null, "start_date": null, "wikimedia_commons": null, "area": null, "name:nl": null, "name:ru": null, "alt_name": null, "surface": null, "old_name": null, "name:etymology:wikidata": null, "wheelchair": null, "layer": null, "name:de": null, "name:en": null, "name:ko": null, "name:zh": null, "source": null, "landuse": null, "barrier": null, "fence_type": null, "leaf_type": null, "description": null, "opening_hours": null, "addr:city": null, "not": null, "bicycle": null, "foot": null, "motor_vehicle": null, "operator": null, "fee": null, "lit": null, "architect": null, "ref:bag": null, "addr:postcode": null, "smoking": null, "garden:type": null, "check_date": null, "construction": null, "survey:date": null, "type": null, "heritage": null, "heritage:operator": null, "ref:rce": null, "bbq": null, "name:uk": null, "name:zh-Hans": null }, "geometry": { "type": "MultiPolygon", "coordinates": [ [ [ [ 4.865590701203663, 52.385982104149839 ], [ 4.865698201203778, 52.386138004149956 ], [ 4.865789401203865, 52.386077404149859 ], [ 4.865864501203941, 52.386084004149893 ], [ 4.865876601203943, 52.385848304149761 ], [ 4.865537101203603, 52.385842904149762 ], [ 4.865590701203663, 52.385982104149839 ] ] ] ] } },
{ "type": "Feature", "properties": { "element": "way", "id": 229295363, "addr:street": null, "leisure": "park", "name": "Ed Pelsterpark", "note": null, "sport": null, "wikipedia": null, "access": null, "tourism": null, "website": null, "wikidata": null, "start_date": null, "wikimedia_commons": null, "area": null, "name:nl": null, "name:ru": null, "alt_name": null, "surface": null, "old_name": null, "name:etymology:wikidata": null, "wheelchair": null, "layer": null, "name:de": null, "name:en": null, "name:ko": null, "name:zh": null, "source": null, "landuse": null, "barrier": null, "fence_type": null, "leaf_type": null, "description": null, "opening_hours": null, "addr:city": null, "not": null, "bicycle": null, "foot": null, "motor_vehicle": null, "operator": null, "fee": null, "lit": null, "architect": null, "ref:bag": null, "addr:postcode": null, "smoking": null, "garden:type": null, "check_date": null, "construction": null, "survey:date": null, "type": null, "heritage": null, "heritage:operator": null, "ref:rce": null, "bbq": null, "name:uk": null, "name:zh-Hans": null }, "geometry": { "type": "MultiPolygon", "coordinates": [ [ [ [ 4.995678501332208, 52.356610504132057 ], [ 4.994455901331016, 52.357260604132385 ], [ 4.9952193013318, 52.35779610413276 ], [ 4.996441901332992, 52.357145904132338 ], [ 4.995678501332208, 52.356610504132057 ] ] ] ] } },
{ "type": "Feature", "properties": { "element": "way", "id": 234875528, "addr:street": null, "leisure": "park", "name": null, "note": null, "sport": null, "wikipedia": null, "access": null, "tourism": null, "website": null, "wikidata": null, "start_date": null, "wikimedia_commons": null, "area": null, "name:nl": null, "name:ru": null, "alt_name": null, "surface": null, "old_name": null, "name:etymology:wikidata": null, "wheelchair": null, "layer": null, "name:de": null, "name:en": null, "name:ko": null, "name:zh": null, "source": null, "landuse": "recreation_ground", "barrier": null, "fence_type": null, "leaf_type": null, "description": "Postzegelpark Nicolaas Beetsstraat Jeltje de Bosch Kemperpad", "opening_hours": null, "addr:city": null, "not": null, "bicycle": null, "foot": null, "motor_vehicle": null, "operator": null, "fee": null, "lit": null, "architect": null, "ref:bag": null, "addr:postcode": null, "smoking": null, "garden:type": null, "check_date": null, "construction": null, "survey:date": null, "type": null, "heritage": null, "heritage:operator": null, "ref:rce": null, "bbq": null, "name:uk": null, "name:zh-Hans": null }, "geometry": { "type": "MultiPolygon", "coordinates": [ [ [ [ 4.867240001204207, 52.363183204136412 ], [ 4.867436401204409, 52.363227204136422 ], [ 4.868127701205051, 52.362263504135854 ], [ 4.867874501204796, 52.362200504135849 ], [ 4.867240001204207, 52.363183204136412 ] ] ] ] } },
{ "type": "Feature", "properties": { "element": "way", "id": 244424254, "addr:street": null, "leisure": "park", "name": "De Krommert", "note": "Openbaar binnenterrein.", "sport": null, "wikipedia": "nl:De Krommert", "access": null, "tourism": null, "website": null, "wikidata": "Q1892977", "start_date": null, "wikimedia_commons": null, "area": null, "name:nl": null, "name:ru": null, "alt_name": null, "surface": null, "old_name": null, "name:etymology:wikidata": null, "wheelchair": null, "layer": null, "name:de": null, "name:en": null, "name:ko": null, "name:zh": null, "source": null, "landuse": null, "barrier": null, "fence_type": null, "leaf_type": null, "description": null, "opening_hours": "sunrise-sunset", "addr:city": null, "not": null, "bicycle": null, "foot": null, "motor_vehicle": null, "operator": null, "fee": null, "lit": null, "architect": null, "ref:bag": null, "addr:postcode": null, "smoking": null, "garden:type": null, "check_date": null, "construction": null, "survey:date": null, "type": null, "heritage": null, "heritage:operator": null, "ref:rce": null, "bbq": null, "name:uk": null, "name:zh-Hans": null }, "geometry": { "type": "MultiPolygon", "coordinates": [ [ [ [ 4.860078501197473, 52.371806504141531 ], [ 4.860012301197407, 52.371819104141501 ], [ 4.859647901197047, 52.37188490414156 ], [ 4.859624901197025, 52.371908704141582 ], [ 4.859617701197021, 52.371951504141599 ], [ 4.859611001197017, 52.371990204141632 ], [ 4.859772801197175, 52.371984604141602 ], [ 4.85981570119722, 52.372018204141639 ], [ 4.859997301197401, 52.372008604141591 ], [ 4.862121201199503, 52.371601704141383 ], [ 4.862242301199624, 52.371578904141344 ], [ 4.862208901199587, 52.371509004141352 ], [ 4.862173301199547, 52.371444904141299 ], [ 4.861644501199024, 52.371541004141349 ], [ 4.860983101198367, 52.371648104141421 ], [ 4.860078501197473, 52.371806504141531 ] ] ] ] } },
{ "type": "Feature", "properties": { "element": "way", "id": 258849298, "addr:street": null, "leisure": "park", "name": "Bolwerk", "note": null, "sport": null, "wikipedia": null, "access": null, "tourism": null, "website": null, "wikidata": null, "start_date": null, "wikimedia_commons": null, "area": null, "name:nl": null, "name:ru": null, "alt_name": "Jan van Galenplantsoen", "surface": null, "old_name": null, "name:etymology:wikidata": null, "wheelchair": null, "layer": "-1", "name:de": null, "name:en": null, "name:ko": null, "name:zh": null, "source": "http://www.west.amsterdam.nl/projecten/straten_pleinen_etc/bolwerk/", "landuse": null, "barrier": null, "fence_type": null, "leaf_type": null, "description": null, "opening_hours": null, "addr:city": null, "not": null, "bicycle": null, "foot": null, "motor_vehicle": null, "operator": null, "fee": null, "lit": null, "architect": null, "ref:bag": null, "addr:postcode": null, "smoking": null, "garden:type": null, "check_date": null, "construction": null, "survey:date": null, "type": null, "heritage": null, "heritage:operator": null, "ref:rce": null, "bbq": null, "name:uk": null, "name:zh-Hans": null }, "geometry": { "type": "MultiPolygon", "coordinates": [ [ [ [ 4.86369180120129, 52.376197404144101 ], [ 4.863748901201351, 52.376207004144106 ], [ 4.86378510120139, 52.376213104144114 ], [ 4.8638008012014, 52.37617120414405 ], [ 4.863807501201409, 52.376173504144106 ], [ 4.863814801201416, 52.376172304144077 ], [ 4.86388010120148, 52.376154504144061 ], [ 4.86388750120149, 52.376150204144054 ], [ 4.86389290120149, 52.376144404144085 ], [ 4.863969801201558, 52.375940204143944 ], [ 4.863975101201564, 52.375939704143967 ], [ 4.863979101201568, 52.375938804143942 ], [ 4.86398300120157, 52.375937104143972 ], [ 4.863985501201575, 52.375935404143981 ], [ 4.863986801201575, 52.375932704143942 ], [ 4.863987101201577, 52.375930804143934 ], [ 4.863986801201576, 52.375926204143937 ], [ 4.863986001201575, 52.375922404143928 ], [ 4.863984001201572, 52.375918404143945 ], [ 4.86397960120157, 52.375913004143889 ], [ 4.864041501201622, 52.375744604143819 ], [ 4.864053901201633, 52.37574000414385 ], [ 4.864061801201641, 52.37573610414384 ], [ 4.864063901201642, 52.375734104143838 ], [ 4.864064801201645, 52.375732304143817 ], [ 4.864065401201643, 52.375730204143814 ], [ 4.864065301201643, 52.375727504143825 ], [ 4.864064401201643, 52.375725204143819 ], [ 4.864062801201641, 52.375723104143844 ], [ 4.86406010120164, 52.375721004143799 ], [ 4.864055301201634, 52.375719104143791 ], [ 4.864116401201685, 52.375544504143718 ], [ 4.86410900120168, 52.375543504143714 ], [ 4.86410050120167, 52.375542404143708 ], [ 4.864091801201661, 52.375541204143715 ], [ 4.864091201201662, 52.375542504143709 ], [ 4.863908301201477, 52.375516104143664 ], [ 4.863925801201491, 52.375466104143669 ], [ 4.863926301201491, 52.375458004143653 ], [ 4.863924701201491, 52.375452204143677 ], [ 4.863917801201485, 52.375446404143659 ], [ 4.863910001201475, 52.375441904143649 ], [ 4.863898501201462, 52.375439204143625 ], [ 4.863881801201448, 52.375436604143651 ], [ 4.863702301201267, 52.375427504143651 ], [ 4.863673001201239, 52.375426204143643 ], [ 4.86362670120119, 52.375426904143652 ], [ 4.863399201200964, 52.375413004143681 ], [ 4.863398301200964, 52.375411904143625 ], [ 4.863396001200961, 52.375410904143649 ], [ 4.863347401200912, 52.375408104143602 ], [ 4.863287301200852, 52.375402904143634 ], [ 4.863177101200739, 52.375388504143615 ], [ 4.862939901200503, 52.375357704143603 ], [ 4.862935201200498, 52.375369604143636 ], [ 4.862905401200468, 52.375365804143641 ], [ 4.862843401200407, 52.375386704143601 ], [ 4.862828401200393, 52.375381304143609 ], [ 4.862815301200377, 52.375377704143624 ], [ 4.862764201200331, 52.375464404143678 ], [ 4.862714801200286, 52.375550404143702 ], [ 4.862692101200266, 52.375598504143738 ], [ 4.862682601200259, 52.375623904143779 ], [ 4.862676501200252, 52.375647004143758 ], [ 4.862665901200245, 52.375693704143792 ], [ 4.862661401200241, 52.375723904143818 ], [ 4.862657501200238, 52.375758004143847 ], [ 4.862657601200239, 52.375775804143842 ], [ 4.862659301200243, 52.375808704143878 ], [ 4.86266400120025, 52.375841604143886 ], [ 4.862693301200282, 52.375922304143941 ], [ 4.862724601200318, 52.376008904143973 ], [ 4.862775601200377, 52.376148904144067 ], [ 4.862996001200624, 52.376759204144456 ], [ 4.863013501200645, 52.376810804144462 ], [ 4.863024301200658, 52.376852204144491 ], [ 4.863028101200661, 52.376877004144518 ], [ 4.863028601200666, 52.376898904144483 ], [ 4.863026701200665, 52.376915604144507 ], [ 4.863019601200657, 52.37695150414455 ], [ 4.863010701200654, 52.376984704144554 ], [ 4.862982801200629, 52.377094904144606 ], [ 4.863054501200701, 52.377102104144619 ], [ 4.863047401200694, 52.377120304144647 ], [ 4.863019101200665, 52.377117704144638 ], [ 4.863007801200658, 52.37716110414469 ], [ 4.862967301200618, 52.377157404144668 ], [ 4.862962801200613, 52.377168704144651 ], [ 4.862958301200608, 52.377176104144667 ], [ 4.862903101200557, 52.377268104144754 ], [ 4.862990101200643, 52.37727950414471 ], [ 4.863016301200674, 52.377282904144742 ], [ 4.863029501200685, 52.377284704144728 ], [ 4.863060401200713, 52.377199404144704 ], [ 4.863087901200736, 52.377124204144629 ], [ 4.863117101200761, 52.377042204144608 ], [ 4.863151201200791, 52.376950704144541 ], [ 4.863171001200808, 52.376895804144539 ], [ 4.86318440120082, 52.376850004144508 ], [ 4.863185301200818, 52.376838504144466 ], [ 4.863187301200819, 52.376796504144444 ], [ 4.863184901200816, 52.376770304144429 ], [ 4.863182801200812, 52.37675660414439 ], [ 4.863177701200806, 52.376737504144437 ], [ 4.863141601200765, 52.376637004144364 ], [ 4.863104501200722, 52.376535604144301 ], [ 4.863064401200678, 52.376426704144237 ], [ 4.863020801200628, 52.376305704144173 ], [ 4.862980801200584, 52.376197304144107 ], [ 4.86301700120062, 52.376208504144103 ], [ 4.863253701200856, 52.376178204144075 ], [ 4.86369180120129, 52.376197404144101 ] ] ] ] } },
{ "type": "Feature", "properties": { "element": "way", "id": 260094112, "addr:street": null, "leisure": "park", "name": null, "note": null, "sport": null, "wikipedia": null, "access": null, "tourism": null, "website": null, "wikidata": null, "start_date": null, "wikimedia_commons": null, "area": null, "name:nl": null, "name:ru": null, "alt_name": null, "surface": null, "old_name": null, "name:etymology:wikidata": null, "wheelchair": null, "layer": null, "name:de": null, "name:en": null, "name:ko": null, "name:zh": null, "source": null, "landuse": null, "barrier": null, "fence_type": null, "leaf_type": null, "description": null, "opening_hours": null, "addr:city": null, "not": null, "bicycle": null, "foot": null, "motor_vehicle": null, "operator": null, "fee": null, "lit": null, "architect": null, "ref:bag": null, "addr:postcode": null, "smoking": null, "garden:type": null, "check_date": null, "construction": null, "survey:date": null, "type": null, "heritage": null, "heritage:operator": null, "ref:rce": null, "bbq": null, "name:uk": null, "name:zh-Hans": null }, "geometry": { "type": "MultiPolygon", "coordinates": [ [ [ [ 4.905243901241575, 52.350607404128873 ], [ 4.905277501241603, 52.350530504128805 ], [ 4.905350001241677, 52.350538004128786 ], [ 4.905375401241699, 52.350474204128794 ], [ 4.905469601241794, 52.35048700412878 ], [ 4.905484501241807, 52.350444904128764 ], [ 4.905545501241868, 52.350453204128762 ], [ 4.905602801241925, 52.350461104128769 ], [ 4.905590101241915, 52.350502204128802 ], [ 4.905681501242006, 52.350516204128816 ], [ 4.905660101241988, 52.350582804128848 ], [ 4.905731401242058, 52.350592504128869 ], [ 4.905704501242035, 52.350672804128898 ], [ 4.905243901241575, 52.350607404128873 ] ] ] ] } },
{ "type": "Feature", "properties": { "element": "way", "id": 260136477, "addr:street": null, "leisure": "park", "name": null, "note": null, "sport": null, "wikipedia": null, "access": null, "tourism": null, "website": null, "wikidata": null, "start_date": null, "wikimedia_commons": null, "area": null, "name:nl": null, "name:ru": null, "alt_name": null, "surface": null, "old_name": null, "name:etymology:wikidata": null, "wheelchair": null, "layer": null, "name:de": null, "name:en": null, "name:ko": null, "name:zh": null, "source": null, "landuse": null, "barrier": null, "fence_type": null, "leaf_type": null, "description": null, "opening_hours": null, "addr:city": null, "not": null, "bicycle": null, "foot": null, "motor_vehicle": null, "operator": null, "fee": null, "lit": null, "architect": null, "ref:bag": null, "addr:postcode": null, "smoking": null, "garden:type": null, "check_date": null, "construction": null, "survey:date": null, "type": null, "heritage": null, "heritage:operator": null, "ref:rce": null, "bbq": null, "name:uk": null, "name:zh-Hans": null }, "geometry": { "type": "MultiPolygon", "coordinates": [ [ [ [ 4.894725701230744, 52.343872304124886 ], [ 4.894693501230702, 52.343660904124768 ], [ 4.894790101230799, 52.343698604124768 ], [ 4.894725701230744, 52.343872304124886 ] ] ] ] } },
{ "type": "Feature", "properties": { "element": "way", "id": 260136479, "addr:street": null, "leisure": "park", "name": null, "note": null, "sport": null, "wikipedia": null, "access": null, "tourism": null, "website": null, "wikidata": null, "start_date": null, "wikimedia_commons": null, "area": null, "name:nl": null, "name:ru": null, "alt_name": null, "surface": null, "old_name": null, "name:etymology:wikidata": null, "wheelchair": null, "layer": null, "name:de": null, "name:en": null, "name:ko": null, "name:zh": null, "source": null, "landuse": null, "barrier": null, "fence_type": null, "leaf_type": null, "description": null, "opening_hours": null, "addr:city": null, "not": null, "bicycle": null, "foot": null, "motor_vehicle": null, "operator": null, "fee": null, "lit": null, "architect": null, "ref:bag": null, "addr:postcode": null, "smoking": null, "garden:type": null, "check_date": null, "construction": null, "survey:date": null, "type": null, "heritage": null, "heritage:operator": null, "ref:rce": null, "bbq": null, "name:uk": null, "name:zh-Hans": null }, "geometry": { "type": "MultiPolygon", "coordinates": [ [ [ [ 4.894513801230535, 52.343936204124965 ], [ 4.894468201230478, 52.343660904124789 ], [ 4.894334101230348, 52.343783804124868 ], [ 4.89429120123031, 52.343903404124937 ], [ 4.894513801230535, 52.343936204124965 ] ] ] ] } },
{ "type": "Feature", "properties": { "element": "way", "id": 264902667, "addr:street": null, "leisure": "park", "name": "Wachterliedplantsoen", "note": null, "sport": null, "wikipedia": "nl:Wachterliedplantsoen", "access": null, "tourism": null, "website": null, "wikidata": "Q2620380", "start_date": null, "wikimedia_commons": null, "area": null, "name:nl": null, "name:ru": null, "alt_name": null, "surface": null, "old_name": null, "name:etymology:wikidata": null, "wheelchair": null, "layer": "-1", "name:de": null, "name:en": null, "name:ko": null, "name:zh": null, "source": null, "landuse": null, "barrier": null, "fence_type": null, "leaf_type": null, "description": null, "opening_hours": null, "addr:city": null, "not": null, "bicycle": null, "foot": null, "motor_vehicle": null, "operator": null, "fee": null, "lit": null, "architect": null, "ref:bag": null, "addr:postcode": null, "smoking": null, "garden:type": null, "check_date": null, "construction": null, "survey:date": null, "type": null, "heritage": null, "heritage:operator": null, "ref:rce": null, "bbq": null, "name:uk": null, "name:zh-Hans": null }, "geometry": { "type": "MultiPolygon", "coordinates": [ [ [ [ 4.853246001190958, 52.378119404145281 ], [ 4.853240601190954, 52.378161004145291 ], [ 4.853286201190998, 52.378192804145321 ], [ 4.853646701191363, 52.378264604145286 ], [ 4.853695101191413, 52.378260304145343 ], [ 4.853726901191441, 52.378235904145313 ], [ 4.85382400119153, 52.378073404145226 ], [ 4.853757901191462, 52.378036604145215 ], [ 4.853764901191467, 52.378003004145178 ], [ 4.853778301191476, 52.377899904145131 ], [ 4.853859001191547, 52.377731104145049 ], [ 4.854003201191695, 52.37775520414506 ], [ 4.854183301191877, 52.377785304145064 ], [ 4.854276401191966, 52.377743104145033 ], [ 4.854328401192016, 52.377728204145022 ], [ 4.854567301192218, 52.376890704144493 ], [ 4.854550901192199, 52.376860304144522 ], [ 4.854511201192157, 52.376844904144505 ], [ 4.853993701191637, 52.376785304144448 ], [ 4.853938801191584, 52.376790204144477 ], [ 4.853875601191522, 52.376858204144519 ], [ 4.853776201191432, 52.377047104144609 ], [ 4.85367340119133, 52.377030004144608 ], [ 4.853638001191293, 52.3770062041446 ], [ 4.853142501190797, 52.376995404144566 ], [ 4.853110601190766, 52.377012704144576 ], [ 4.853093001190753, 52.377058104144631 ], [ 4.852926601190583, 52.377051604144633 ], [ 4.852698501190377, 52.377468604144852 ], [ 4.852702901190384, 52.377529004144925 ], [ 4.852656801190338, 52.37753950414492 ], [ 4.85241490119012, 52.378009604145191 ], [ 4.853073101190783, 52.378149604145321 ], [ 4.853124101190834, 52.378136504145267 ], [ 4.853150901190862, 52.378107004145249 ], [ 4.853246001190958, 52.378119404145281 ] ] ] ] } },
{ "type": "Feature", "properties": { "element": "way", "id": 265941744, "addr:street": null, "leisure": "park", "name": "Helmersplantsoen", "note": null, "sport": null, "wikipedia": null, "access": null, "tourism": null, "website": null, "wikidata": null, "start_date": null, "wikimedia_commons": null, "area": null, "name:nl": null, "name:ru": null, "alt_name": null, "surface": null, "old_name": null, "name:etymology:wikidata": null, "wheelchair": null, "layer": null, "name:de": null, "name:en": null, "name:ko": null, "name:zh": null, "source": null, "landuse": null, "barrier": null, "fence_type": null, "leaf_type": null, "description": null, "opening_hours": null, "addr:city": null, "not": null, "bicycle": null, "foot": null, "motor_vehicle": null, "operator": null, "fee": null, "lit": null, "architect": null, "ref:bag": null, "addr:postcode": null, "smoking": null, "garden:type": null, "check_date": null, "construction": null, "survey:date": null, "type": null, "heritage": null, "heritage:operator": null, "ref:rce": null, "bbq": null, "name:uk": null, "name:zh-Hans": null }, "geometry": { "type": "MultiPolygon", "coordinates": [ [ [ [ 4.870249301207179, 52.362425804135967 ], [ 4.870175801207111, 52.362528404136 ], [ 4.870528201207467, 52.362618604136031 ], [ 4.870622901207563, 52.362643304136085 ], [ 4.870967601207911, 52.362737304136125 ], [ 4.871033001207974, 52.362644304136126 ], [ 4.871226701208168, 52.362695704136065 ], [ 4.871311901208246, 52.362572504136018 ], [ 4.871116901208049, 52.362523804135996 ], [ 4.870390701207315, 52.362332004135887 ], [ 4.870155601207079, 52.362273404135877 ], [ 4.870143101207065, 52.362290304135854 ], [ 4.870147401207071, 52.362309204135883 ], [ 4.870094201207023, 52.36238760413594 ], [ 4.870249301207179, 52.362425804135967 ] ] ] ] } },
{ "type": "Feature", "properties": { "element": "way", "id": 280267607, "addr:street": null, "leisure": "park", "name": "Keesje Brijdeplantsoen", "note": null, "sport": null, "wikipedia": null, "access": null, "tourism": null, "website": null, "wikidata": null, "start_date": null, "wikimedia_commons": null, "area": null, "name:nl": null, "name:ru": null, "alt_name": null, "surface": null, "old_name": null, "name:etymology:wikidata": "Q27895205", "wheelchair": null, "layer": null, "name:de": null, "name:en": null, "name:ko": null, "name:zh": null, "source": null, "landuse": null, "barrier": null, "fence_type": null, "leaf_type": null, "description": null, "opening_hours": null, "addr:city": null, "not": null, "bicycle": null, "foot": null, "motor_vehicle": null, "operator": null, "fee": null, "lit": null, "architect": null, "ref:bag": null, "addr:postcode": null, "smoking": null, "garden:type": null, "check_date": null, "construction": null, "survey:date": null, "type": null, "heritage": null, "heritage:operator": null, "ref:rce": null, "bbq": null, "name:uk": null, "name:zh-Hans": null }, "geometry": { "type": "MultiPolygon", "coordinates": [ [ [ [ 4.945373201282774, 52.374183104142659 ], [ 4.944907201282305, 52.374128904142623 ], [ 4.944635701282031, 52.374097404142589 ], [ 4.944135201281532, 52.374039204142569 ], [ 4.945027501282413, 52.37387870414247 ], [ 4.945223401282608, 52.373843504142442 ], [ 4.947481201284843, 52.373442404142182 ], [ 4.947698701285059, 52.373400804142143 ], [ 4.947896901285256, 52.373421704142196 ], [ 4.948022701285385, 52.373435004142173 ], [ 4.948701901286064, 52.373506804142259 ], [ 4.946996001284377, 52.373808104142441 ], [ 4.946023501283412, 52.373982604142491 ], [ 4.945381301282778, 52.374097904142587 ], [ 4.945373201282774, 52.374183104142659 ] ] ] ] } },
{ "type": "Feature", "properties": { "element": "way", "id": 280327189, "addr:street": null, "leisure": "park", "name": "Siegerpark", "note": null, "sport": null, "wikipedia": "nl:Siegerpark", "access": null, "tourism": null, "website": null, "wikidata": "Q2211622", "start_date": null, "wikimedia_commons": "Category:Siegerpark", "area": null, "name:nl": null, "name:ru": null, "alt_name": null, "surface": null, "old_name": null, "name:etymology:wikidata": null, "wheelchair": null, "layer": null, "name:de": null, "name:en": null, "name:ko": null, "name:zh": null, "source": null, "landuse": null, "barrier": null, "fence_type": null, "leaf_type": null, "description": null, "opening_hours": null, "addr:city": null, "not": null, "bicycle": null, "foot": null, "motor_vehicle": null, "operator": null, "fee": null, "lit": null, "architect": null, "ref:bag": null, "addr:postcode": null, "smoking": null, "garden:type": null, "check_date": null, "construction": null, "survey:date": null, "type": null, "heritage": null, "heritage:operator": null, "ref:rce": null, "bbq": null, "name:uk": null, "name:zh-Hans": null }, "geometry": { "type": "MultiPolygon", "coordinates": [ [ [ [ 4.818431601154283, 52.339233704122321 ], [ 4.818340401154234, 52.340076004122821 ], [ 4.818354401154336, 52.341870904123887 ], [ 4.81890850115489, 52.341881904123888 ], [ 4.818910401154875, 52.341543504123685 ], [ 4.821113801157081, 52.341596804123753 ], [ 4.821403401157365, 52.341485304123644 ], [ 4.821462501157399, 52.340974104123312 ], [ 4.820566601156494, 52.340823304123276 ], [ 4.819910601155835, 52.340740204123207 ], [ 4.819864301155739, 52.339767304122645 ], [ 4.819909801155769, 52.339406604122395 ], [ 4.818431601154283, 52.339233704122321 ] ] ] ] } },
{ "type": "Feature", "properties": { "element": "way", "id": 282313424, "addr:street": null, "leisure": "park", "name": "Wethouder De Vriesplantsoen", "note": null, "sport": null, "wikipedia": null, "access": null, "tourism": null, "website": null, "wikidata": null, "start_date": null, "wikimedia_commons": null, "area": null, "name:nl": null, "name:ru": null, "alt_name": null, "surface": null, "old_name": null, "name:etymology:wikidata": null, "wheelchair": null, "layer": null, "name:de": null, "name:en": null, "name:ko": null, "name:zh": null, "source": null, "landuse": null, "barrier": null, "fence_type": null, "leaf_type": null, "description": null, "opening_hours": null, "addr:city": null, "not": null, "bicycle": null, "foot": null, "motor_vehicle": null, "operator": null, "fee": null, "lit": null, "architect": null, "ref:bag": null, "addr:postcode": null, "smoking": null, "garden:type": null, "check_date": null, "construction": null, "survey:date": null, "type": null, "heritage": null, "heritage:operator": null, "ref:rce": null, "bbq": null, "name:uk": null, "name:zh-Hans": null }, "geometry": { "type": "MultiPolygon", "coordinates": [ [ [ [ 4.995995201329675, 52.294534604095105 ], [ 4.995980201329645, 52.294204404094941 ], [ 4.995515101329179, 52.294201004094944 ], [ 4.995492601329165, 52.29433200409499 ], [ 4.993529001327199, 52.294325404095012 ], [ 4.992734901326404, 52.294313104094989 ], [ 4.992730901326377, 52.293797604094713 ], [ 4.99258610132623, 52.293797204094744 ], [ 4.992568601326229, 52.294134304094911 ], [ 4.991330801324992, 52.294161404094929 ], [ 4.991328101324996, 52.294317204095044 ], [ 4.990107701323786, 52.294496004095137 ], [ 4.990178801323855, 52.294506704095134 ], [ 4.995995201329675, 52.294534604095105 ] ] ] ] } },
{ "type": "Feature", "properties": { "element": "way", "id": 288178953, "addr:street": null, "leisure": "park", "name": "Westermanplantsoen", "note": null, "sport": null, "wikipedia": null, "access": null, "tourism": null, "website": null, "wikidata": null, "start_date": null, "wikimedia_commons": null, "area": null, "name:nl": null, "name:ru": null, "alt_name": "Plantage Westermanplantsoen", "surface": null, "old_name": null, "name:etymology:wikidata": null, "wheelchair": null, "layer": null, "name:de": null, "name:en": null, "name:ko": null, "name:zh": null, "source": null, "landuse": null, "barrier": null, "fence_type": null, "leaf_type": null, "description": null, "opening_hours": null, "addr:city": null, "not": null, "bicycle": null, "foot": null, "motor_vehicle": null, "operator": null, "fee": null, "lit": null, "architect": null, "ref:bag": null, "addr:postcode": null, "smoking": null, "garden:type": null, "check_date": null, "construction": null, "survey:date": null, "type": null, "heritage": null, "heritage:operator": null, "ref:rce": null, "bbq": null, "name:uk": null, "name:zh-Hans": null }, "geometry": { "type": "MultiPolygon", "coordinates": [ [ [ [ 4.912396001249407, 52.365057704137385 ], [ 4.913117401250163, 52.365848604137867 ], [ 4.914091001251118, 52.365501304137631 ], [ 4.913559001250559, 52.364909904137306 ], [ 4.913401801250394, 52.364735104137182 ], [ 4.912396001249407, 52.365057704137385 ] ] ] ] } },
{ "type": "Feature", "properties": { "element": "way", "id": 289194550, "addr:street": null, "leisure": "park", "name": "Jan van Zutphenplantsoen", "note": null, "sport": null, "wikipedia": null, "access": null, "tourism": null, "website": null, "wikidata": "Q1820526", "start_date": null, "wikimedia_commons": "Category:Jan van Zutphenplantsoen", "area": null, "name:nl": null, "name:ru": null, "alt_name": null, "surface": null, "old_name": null, "name:etymology:wikidata": null, "wheelchair": null, "layer": null, "name:de": null, "name:en": null, "name:ko": null, "name:zh": null, "source": null, "landuse": null, "barrier": null, "fence_type": null, "leaf_type": null, "description": null, "opening_hours": null, "addr:city": "Amsterdam", "not": null, "bicycle": null, "foot": null, "motor_vehicle": null, "operator": null, "fee": null, "lit": null, "architect": null, "ref:bag": null, "addr:postcode": null, "smoking": null, "garden:type": null, "check_date": null, "construction": null, "survey:date": null, "type": null, "heritage": null, "heritage:operator": null, "ref:rce": null, "bbq": null, "name:uk": null, "name:zh-Hans": null }, "geometry": { "type": "MultiPolygon", "coordinates": [ [ [ [ 4.803123901139515, 52.349959904128696 ], [ 4.803211301139605, 52.349979804128687 ], [ 4.803264901139658, 52.350006004128694 ], [ 4.803302501139698, 52.350035504128712 ], [ 4.803341801139742, 52.350141504128786 ], [ 4.802983101139418, 52.350809604129203 ], [ 4.80274500113918, 52.350761104129177 ], [ 4.802453401138882, 52.350704304129124 ], [ 4.802374001138803, 52.350688704129112 ], [ 4.802496601138912, 52.350443004128977 ], [ 4.80247520113889, 52.350395504128954 ], [ 4.802423101138834, 52.350329904128905 ], [ 4.802158301138569, 52.350276604128879 ], [ 4.802123701138537, 52.350340804128912 ], [ 4.801225301137629, 52.350159904128802 ], [ 4.801114801137517, 52.350137204128778 ], [ 4.800918701137322, 52.350097704128807 ], [ 4.80095330113735, 52.350033704128705 ], [ 4.800671901137068, 52.349977004128682 ], [ 4.800637301137034, 52.350041004128741 ], [ 4.79973980113613, 52.349860104128659 ], [ 4.799727001136119, 52.349883804128638 ], [ 4.799592601135998, 52.350133204128802 ], [ 4.799356701135758, 52.350085604128722 ], [ 4.799299801135701, 52.350076404128757 ], [ 4.799448301135838, 52.349801404128605 ], [ 4.799482001135868, 52.349737104128565 ], [ 4.799216901135601, 52.349683604128501 ], [ 4.79918290113557, 52.349747904128577 ], [ 4.798285401134661, 52.349566904128416 ], [ 4.79817300113455, 52.349544204128435 ], [ 4.79797640113435, 52.34950460412842 ], [ 4.798011001134382, 52.349440404128373 ], [ 4.797729501134098, 52.349383604128306 ], [ 4.797695301134069, 52.349447804128388 ], [ 4.796898001133265, 52.349287104128258 ], [ 4.796752201133132, 52.34955800412844 ], [ 4.796617201132994, 52.349533704128461 ], [ 4.796555501132932, 52.349487904128409 ], [ 4.796617201132987, 52.349453504128398 ], [ 4.7964321011328, 52.349328904128299 ], [ 4.796155901132514, 52.349120904128199 ], [ 4.79605660113241, 52.349043904128166 ], [ 4.796421101132765, 52.348833204127978 ], [ 4.797254201133576, 52.348419104127792 ], [ 4.797326701133646, 52.348371004127756 ], [ 4.797312901133632, 52.348328604127701 ], [ 4.797370101133685, 52.348296004127683 ], [ 4.797426901133743, 52.348323804127723 ], [ 4.79768780113401, 52.348473404127809 ], [ 4.798009401134341, 52.348631604127853 ], [ 4.798097001134432, 52.348690504127909 ], [ 4.798497001134841, 52.348868104128037 ], [ 4.798648801134993, 52.348926204128084 ], [ 4.799046401135402, 52.349088204128151 ], [ 4.799073901135427, 52.349096604128164 ], [ 4.799537701135899, 52.349237704128264 ], [ 4.799704701136068, 52.349284004128286 ], [ 4.799813201136176, 52.349315304128297 ], [ 4.799907201136271, 52.349338804128315 ], [ 4.800031801136399, 52.349368104128338 ], [ 4.800139101136506, 52.349393304128377 ], [ 4.800350401136719, 52.349437304128344 ], [ 4.800710201137083, 52.349515704128414 ], [ 4.800763201137135, 52.349528604128459 ], [ 4.800903101137279, 52.349565304128483 ], [ 4.802333301138721, 52.349852804128602 ], [ 4.802726301139116, 52.34991260412869 ], [ 4.802989901139385, 52.349980104128697 ], [ 4.803103601139497, 52.349993304128688 ], [ 4.803123901139515, 52.349959904128696 ] ] ] ] } },
{ "type": "Feature", "properties": { "element": "way", "id": 289194556, "addr:street": null, "leisure": "park", "name": "Corfuplantsoen", "note": null, "sport": null, "wikipedia": null, "access": null, "tourism": null, "website": null, "wikidata": null, "start_date": null, "wikimedia_commons": null, "area": null, "name:nl": null, "name:ru": null, "alt_name": null, "surface": null, "old_name": null, "name:etymology:wikidata": null, "wheelchair": null, "layer": null, "name:de": null, "name:en": null, "name:ko": null, "name:zh": null, "source": null, "landuse": null, "barrier": null, "fence_type": null, "leaf_type": null, "description": null, "opening_hours": null, "addr:city": null, "not": null, "bicycle": null, "foot": null, "motor_vehicle": null, "operator": null, "fee": null, "lit": null, "architect": null, "ref:bag": null, "addr:postcode": null, "smoking": null, "garden:type": null, "check_date": null, "construction": null, "survey:date": null, "type": null, "heritage": null, "heritage:operator": null, "ref:rce": null, "bbq": null, "name:uk": null, "name:zh-Hans": null }, "geometry": { "type": "MultiPolygon", "coordinates": [ [ [ [ 4.792125401128264, 52.344580904125522 ], [ 4.791892601128019, 52.344355904125372 ], [ 4.789644901125818, 52.345239204125889 ], [ 4.78981170112599, 52.34538660412597 ], [ 4.789868101126046, 52.345362004125988 ], [ 4.789951101126134, 52.345445904125995 ], [ 4.790580001126749, 52.345190404125866 ], [ 4.791347001127501, 52.34488840412569 ], [ 4.791369001127522, 52.344880104125671 ], [ 4.792125401128264, 52.344580904125522 ] ] ] ] } },
{ "type": "Feature", "properties": { "element": "way", "id": 289208616, "addr:street": null, "leisure": "park", "name": null, "note": null, "sport": null, "wikipedia": null, "access": null, "tourism": null, "website": null, "wikidata": null, "start_date": null, "wikimedia_commons": null, "area": null, "name:nl": null, "name:ru": null, "alt_name": null, "surface": null, "old_name": null, "name:etymology:wikidata": null, "wheelchair": null, "layer": null, "name:de": null, "name:en": null, "name:ko": null, "name:zh": null, "source": null, "landuse": null, "barrier": null, "fence_type": null, "leaf_type": null, "description": null, "opening_hours": null, "addr:city": null, "not": "Jan van Zutphenplantsoen", "bicycle": null, "foot": null, "motor_vehicle": null, "operator": null, "fee": null, "lit": null, "architect": null, "ref:bag": null, "addr:postcode": null, "smoking": null, "garden:type": null, "check_date": null, "construction": null, "survey:date": null, "type": null, "heritage": null, "heritage:operator": null, "ref:rce": null, "bbq": null, "name:uk": null, "name:zh-Hans": null }, "geometry": { "type": "MultiPolygon", "coordinates": [ [ [ [ 4.802453401138882, 52.350704304129124 ], [ 4.80274500113918, 52.350761104129177 ], [ 4.802983101139418, 52.350809604129203 ], [ 4.802796201139252, 52.351182404129446 ], [ 4.80218010113869, 52.352317704130087 ], [ 4.802129901138639, 52.352307504130103 ], [ 4.801937601138444, 52.352268404130065 ], [ 4.801896601138404, 52.352261704130036 ], [ 4.801837201138342, 52.35224970413006 ], [ 4.801778801138286, 52.352240404130043 ], [ 4.801629501138134, 52.352210004129994 ], [ 4.802428901138865, 52.350832704129203 ], [ 4.802313601138749, 52.350809804129184 ], [ 4.802332501138765, 52.350776904129148 ], [ 4.802453401138882, 52.350704304129124 ] ] ] ] } },
{ "type": "Feature", "properties": { "element": "way", "id": 292575136, "addr:street": null, "leisure": "park", "name": "Lutkemeerpark", "note": null, "sport": null, "wikipedia": "nl:Lutkemeerpark", "access": null, "tourism": null, "website": null, "wikidata": "Q105732488", "start_date": null, "wikimedia_commons": "Category:Lutkemeerpark", "area": null, "name:nl": null, "name:ru": null, "alt_name": null, "surface": null, "old_name": null, "name:etymology:wikidata": null, "wheelchair": null, "layer": null, "name:de": null, "name:en": null, "name:ko": null, "name:zh": null, "source": null, "landuse": null, "barrier": null, "fence_type": null, "leaf_type": null, "description": null, "opening_hours": null, "addr:city": null, "not": null, "bicycle": null, "foot": null, "motor_vehicle": null, "operator": null, "fee": null, "lit": null, "architect": null, "ref:bag": null, "addr:postcode": null, "smoking": null, "garden:type": null, "check_date": null, "construction": null, "survey:date": null, "type": null, "heritage": null, "heritage:operator": null, "ref:rce": null, "bbq": null, "name:uk": null, "name:zh-Hans": null }, "geometry": { "type": "MultiPolygon", "coordinates": [ [ [ [ 4.760114601097032, 52.359594004134394 ], [ 4.760157201097077, 52.359626204134408 ], [ 4.760068801096992, 52.359679604134463 ], [ 4.760014201096941, 52.359767204134506 ], [ 4.760009201096938, 52.359819104134537 ], [ 4.760079901097018, 52.359997404134639 ], [ 4.760359301097315, 52.360359704134879 ], [ 4.758620701095616, 52.361124304135295 ], [ 4.75860990109561, 52.361180104135322 ], [ 4.76222330109937, 52.364249204137131 ], [ 4.763718101100928, 52.365518804137899 ], [ 4.762170501099415, 52.36616830413827 ], [ 4.758941101096265, 52.367642304139146 ], [ 4.758817801096142, 52.367665204139158 ], [ 4.758656801095977, 52.367596404139086 ], [ 4.757873601095076, 52.365192204137685 ], [ 4.758056001095222, 52.364471504137256 ], [ 4.757744901094856, 52.363406904136646 ], [ 4.757498101094601, 52.363252904136544 ], [ 4.757165501094216, 52.36217850413594 ], [ 4.757278201094318, 52.36192300413574 ], [ 4.757181601094202, 52.361559304135554 ], [ 4.757058201094068, 52.361349704135442 ], [ 4.756897301093898, 52.361156404135336 ], [ 4.756854401093846, 52.360999104135168 ], [ 4.756677301093633, 52.360278404134803 ], [ 4.756661301093602, 52.359944304134615 ], [ 4.756677301093565, 52.358925404133991 ], [ 4.756725601093595, 52.358515904133746 ], [ 4.756854401093703, 52.358112904133542 ], [ 4.757047501093871, 52.357637904133227 ], [ 4.75744980109424, 52.357002304132848 ], [ 4.75832420109507, 52.356147204132363 ], [ 4.758871401095599, 52.355757304132105 ], [ 4.759236201095953, 52.355583604132008 ], [ 4.75931990109604, 52.355650004132073 ], [ 4.760083801096835, 52.356255304132425 ], [ 4.761482301098292, 52.357476304133165 ], [ 4.761516101098329, 52.357505804133176 ], [ 4.761417001098232, 52.357552204133185 ], [ 4.761406401098222, 52.3575735041332 ], [ 4.76141420109823, 52.357594004133226 ], [ 4.761566801098389, 52.357722104133295 ], [ 4.761705001098534, 52.357835004133392 ], [ 4.761770801098602, 52.35788880413336 ], [ 4.762031201098873, 52.358110504133528 ], [ 4.762261701099113, 52.358306704133653 ], [ 4.762502201099363, 52.358511604133739 ], [ 4.762513701099376, 52.358530904133765 ], [ 4.762470901099338, 52.358597804133801 ], [ 4.760720001097627, 52.359398904134281 ], [ 4.760494301097408, 52.359495904134327 ], [ 4.760417701097327, 52.359444404134315 ], [ 4.760114601097032, 52.359594004134394 ] ] ] ] } },
{ "type": "Feature", "properties": { "element": "way", "id": 304703880, "addr:street": null, "leisure": "park", "name": null, "note": null, "sport": null, "wikipedia": null, "access": null, "tourism": null, "website": null, "wikidata": null, "start_date": null, "wikimedia_commons": null, "area": null, "name:nl": null, "name:ru": null, "alt_name": null, "surface": null, "old_name": null, "name:etymology:wikidata": null, "wheelchair": null, "layer": null, "name:de": null, "name:en": null, "name:ko": null, "name:zh": null, "source": null, "landuse": null, "barrier": null, "fence_type": null, "leaf_type": null, "description": null, "opening_hours": null, "addr:city": null, "not": null, "bicycle": null, "foot": null, "motor_vehicle": null, "operator": null, "fee": null, "lit": null, "architect": null, "ref:bag": null, "addr:postcode": null, "smoking": null, "garden:type": null, "check_date": null, "construction": null, "survey:date": null, "type": null, "heritage": null, "heritage:operator": null, "ref:rce": null, "bbq": null, "name:uk": null, "name:zh-Hans": null }, "geometry": { "type": "MultiPolygon", "coordinates": [ [ [ [ 4.902873601239078, 52.347927704127272 ], [ 4.902899401239106, 52.347966104127309 ], [ 4.902929701239136, 52.348006104127322 ], [ 4.902983901239194, 52.348077904127365 ], [ 4.903329601239544, 52.348125504127381 ], [ 4.903346201239557, 52.348084304127362 ], [ 4.903383401239592, 52.347985804127298 ], [ 4.903388001239593, 52.3479617041273 ], [ 4.903431801239632, 52.347853404127235 ], [ 4.90322890123943, 52.34788080412725 ], [ 4.902873601239078, 52.347927704127272 ] ] ] ] } },
{ "type": "Feature", "properties": { "element": "way", "id": 311450794, "addr:street": null, "leisure": "park", "name": null, "note": null, "sport": null, "wikipedia": null, "access": null, "tourism": null, "website": null, "wikidata": null, "start_date": null, "wikimedia_commons": null, "area": null, "name:nl": null, "name:ru": null, "alt_name": null, "surface": null, "old_name": null, "name:etymology:wikidata": null, "wheelchair": null, "layer": "-1", "name:de": null, "name:en": null, "name:ko": null, "name:zh": null, "source": null, "landuse": null, "barrier": null, "fence_type": null, "leaf_type": null, "description": null, "opening_hours": null, "addr:city": null, "not": null, "bicycle": null, "foot": null, "motor_vehicle": null, "operator": null, "fee": null, "lit": null, "architect": null, "ref:bag": null, "addr:postcode": null, "smoking": null, "garden:type": null, "check_date": null, "construction": null, "survey:date": null, "type": null, "heritage": null, "heritage:operator": null, "ref:rce": null, "bbq": null, "name:uk": null, "name:zh-Hans": null }, "geometry": { "type": "MultiPolygon", "coordinates": [ [ [ [ 4.781223201117559, 52.348373904127719 ], [ 4.78215490111847, 52.347989204127515 ], [ 4.782170101118485, 52.347972904127516 ], [ 4.782183401118497, 52.347951604127523 ], [ 4.78217890111849, 52.347929004127494 ], [ 4.782113301118422, 52.347866504127474 ], [ 4.782082401118392, 52.347857904127473 ], [ 4.782053701118362, 52.347860004127462 ], [ 4.782021201118332, 52.347869604127446 ], [ 4.782002901118312, 52.347853904127447 ], [ 4.781791101118106, 52.347944804127479 ], [ 4.781120901117449, 52.348209404127665 ], [ 4.781223201117559, 52.348373904127719 ] ] ] ] } },
{ "type": "Feature", "properties": { "element": "way", "id": 311450795, "addr:street": null, "leisure": "park", "name": "Iseoplantsoen", "note": null, "sport": null, "wikipedia": null, "access": null, "tourism": null, "website": null, "wikidata": null, "start_date": null, "wikimedia_commons": null, "area": null, "name:nl": null, "name:ru": null, "alt_name": null, "surface": null, "old_name": null, "name:etymology:wikidata": null, "wheelchair": null, "layer": "-1", "name:de": null, "name:en": null, "name:ko": null, "name:zh": null, "source": null, "landuse": null, "barrier": null, "fence_type": null, "leaf_type": null, "description": null, "opening_hours": null, "addr:city": null, "not": null, "bicycle": null, "foot": null, "motor_vehicle": null, "operator": null, "fee": null, "lit": null, "architect": null, "ref:bag": null, "addr:postcode": null, "smoking": null, "garden:type": null, "check_date": null, "construction": null, "survey:date": null, "type": null, "heritage": null, "heritage:operator": null, "ref:rce": null, "bbq": null, "name:uk": null, "name:zh-Hans": null }, "geometry": { "type": "MultiPolygon", "coordinates": [ [ [ [ 4.779304701115662, 52.348800104127996 ], [ 4.779369101115731, 52.348854204128024 ], [ 4.779463001115826, 52.348914804128079 ], [ 4.779508601115874, 52.348942704128078 ], [ 4.77954350111591, 52.348955804128117 ], [ 4.779583701115951, 52.348965604128111 ], [ 4.779623901115992, 52.34896070412811 ], [ 4.77968290111605, 52.348944304128096 ], [ 4.779916301116277, 52.348870604128066 ], [ 4.780085301116445, 52.348814904128005 ], [ 4.780136201116494, 52.348798504128013 ], [ 4.780354401116709, 52.348718804127969 ], [ 4.781223201117559, 52.348373904127719 ], [ 4.781120901117449, 52.348209404127665 ], [ 4.781075001117406, 52.348221704127674 ], [ 4.781029401117356, 52.348221704127688 ], [ 4.780986501117314, 52.348205404127675 ], [ 4.780938201117264, 52.348170904127635 ], [ 4.780852401117175, 52.348098904127603 ], [ 4.78079070111711, 52.348048104127557 ], [ 4.780678001116994, 52.347974304127519 ], [ 4.780627101116943, 52.347951404127507 ], [ 4.780594901116912, 52.347946504127513 ], [ 4.780543901116861, 52.347954704127524 ], [ 4.780456301116773, 52.347984904127536 ], [ 4.780061301116384, 52.348112304127589 ], [ 4.779737001116068, 52.348240604127668 ], [ 4.779484601115819, 52.348350004127724 ], [ 4.779224301115566, 52.348474104127824 ], [ 4.779157201115503, 52.348519904127855 ], [ 4.779135801115481, 52.348536304127855 ], [ 4.779135801115483, 52.348569104127847 ], [ 4.779151801115503, 52.348608404127901 ], [ 4.779218901115573, 52.34870510412798 ], [ 4.779304701115662, 52.348800104127996 ] ] ] ] } },
{ "type": "Feature", "properties": { "element": "way", "id": 311453250, "addr:street": null, "leisure": "park", "name": "Seifertplein", "note": null, "sport": null, "wikipedia": null, "access": "yes", "tourism": null, "website": null, "wikidata": null, "start_date": null, "wikimedia_commons": null, "area": "yes", "name:nl": null, "name:ru": null, "alt_name": null, "surface": null, "old_name": null, "name:etymology:wikidata": null, "wheelchair": null, "layer": null, "name:de": null, "name:en": null, "name:ko": null, "name:zh": null, "source": null, "landuse": null, "barrier": null, "fence_type": null, "leaf_type": null, "description": null, "opening_hours": null, "addr:city": null, "not": null, "bicycle": "no", "foot": "yes", "motor_vehicle": "no", "operator": null, "fee": null, "lit": null, "architect": null, "ref:bag": null, "addr:postcode": null, "smoking": null, "garden:type": null, "check_date": null, "construction": null, "survey:date": null, "type": null, "heritage": null, "heritage:operator": null, "ref:rce": null, "bbq": null, "name:uk": null, "name:zh-Hans": null }, "geometry": { "type": "MultiPolygon", "coordinates": [ [ [ [ 4.77717580111381, 52.354268604131221 ], [ 4.777871001114489, 52.353991704131062 ], [ 4.778204901114837, 52.354304404131256 ], [ 4.777509701114158, 52.354581304131422 ], [ 4.77717580111381, 52.354268604131221 ] ] ] ] } },
{ "type": "Feature", "properties": { "element": "way", "id": 311463611, "addr:street": null, "leisure": "park", "name": "Joop Woortmanplein", "note": null, "sport": null, "wikipedia": null, "access": null, "tourism": null, "website": null, "wikidata": null, "start_date": null, "wikimedia_commons": null, "area": null, "name:nl": null, "name:ru": null, "alt_name": null, "surface": null, "old_name": null, "name:etymology:wikidata": null, "wheelchair": null, "layer": "-1", "name:de": null, "name:en": null, "name:ko": null, "name:zh": null, "source": null, "landuse": null, "barrier": null, "fence_type": null, "leaf_type": null, "description": null, "opening_hours": null, "addr:city": null, "not": null, "bicycle": null, "foot": null, "motor_vehicle": null, "operator": null, "fee": null, "lit": null, "architect": null, "ref:bag": null, "addr:postcode": null, "smoking": null, "garden:type": null, "check_date": null, "construction": null, "survey:date": null, "type": null, "heritage": null, "heritage:operator": null, "ref:rce": null, "bbq": null, "name:uk": null, "name:zh-Hans": null }, "geometry": { "type": "MultiPolygon", "coordinates": [ [ [ [ 4.784592801121092, 52.351738904129732 ], [ 4.784281701120769, 52.351445604129609 ], [ 4.783248801119755, 52.351854504129811 ], [ 4.78356000112008, 52.352147804129999 ], [ 4.784592801121092, 52.351738904129732 ] ] ] ] } },
{ "type": "Feature", "properties": { "element": "way", "id": 330805354, "addr:street": null, "leisure": "park", "name": "Picknickheuvel en evenemententerrein", "note": null, "sport": null, "wikipedia": null, "access": null, "tourism": "picnic_site", "website": null, "wikidata": null, "start_date": null, "wikimedia_commons": null, "area": null, "name:nl": null, "name:ru": null, "alt_name": null, "surface": null, "old_name": null, "name:etymology:wikidata": null, "wheelchair": null, "layer": null, "name:de": null, "name:en": null, "name:ko": null, "name:zh": null, "source": null, "landuse": "grass", "barrier": null, "fence_type": null, "leaf_type": null, "description": null, "opening_hours": null, "addr:city": null, "not": null, "bicycle": null, "foot": null, "motor_vehicle": null, "operator": "Tuinen van West", "fee": null, "lit": null, "architect": null, "ref:bag": null, "addr:postcode": null, "smoking": null, "garden:type": null, "check_date": null, "construction": null, "survey:date": null, "type": null, "heritage": null, "heritage:operator": null, "ref:rce": null, "bbq": null, "name:uk": null, "name:zh-Hans": null }, "geometry": { "type": "MultiPolygon", "coordinates": [ [ [ [ 4.776468401114286, 52.37810850414531 ], [ 4.777739501115557, 52.378117004145359 ], [ 4.779085601116903, 52.378135604145328 ], [ 4.7804848011183, 52.378139604145353 ], [ 4.780541101118357, 52.378163904145332 ], [ 4.780570601118388, 52.378180104145351 ], [ 4.780607201118426, 52.378177204145359 ], [ 4.780636201118451, 52.378139204145342 ], [ 4.780973801118789, 52.378135004145356 ], [ 4.781071601118885, 52.378133804145342 ], [ 4.781138301118953, 52.378135204145387 ], [ 4.781210301119023, 52.378127104145307 ], [ 4.781437601119253, 52.378133004145333 ], [ 4.781702501119518, 52.378146704145351 ], [ 4.781719701119536, 52.378176304145363 ], [ 4.781728801119549, 52.378241904145412 ], [ 4.781705001119557, 52.37890100414581 ], [ 4.78170520111956, 52.378971704145833 ], [ 4.781696201119571, 52.379339904146065 ], [ 4.781698001119585, 52.379649904146206 ], [ 4.781749601119642, 52.379724704146263 ], [ 4.781774101119709, 52.380543404146749 ], [ 4.781793401119757, 52.381190304147154 ], [ 4.780479601118447, 52.381201404147163 ], [ 4.780143701118112, 52.381200404147123 ], [ 4.777452901115426, 52.381179704147144 ], [ 4.777065801115038, 52.381171804147151 ], [ 4.776795201114767, 52.381167604147144 ], [ 4.776793001114759, 52.381066804147082 ], [ 4.776786701114752, 52.38102980414704 ], [ 4.776755801114669, 52.380016504146433 ], [ 4.77677260111466, 52.379435704146083 ], [ 4.776766201114649, 52.379341204146087 ], [ 4.776829501114674, 52.37863170414564 ], [ 4.776447601114295, 52.378627104145643 ], [ 4.776451501114294, 52.378568604145642 ], [ 4.776539601114383, 52.37856890414561 ], [ 4.776791301114635, 52.378570004145601 ], [ 4.776787301114622, 52.378395404145515 ], [ 4.776534901114368, 52.378394604145484 ], [ 4.776451101114287, 52.378395904145513 ], [ 4.776468401114286, 52.37810850414531 ] ] ] ] } },
{ "type": "Feature", "properties": { "element": "way", "id": 336232404, "addr:street": null, "leisure": "park", "name": "Gaasperpark", "note": "Location of the 1982 Floriade", "sport": null, "wikipedia": "nl:Gaasperpark", "access": null, "tourism": null, "website": null, "wikidata": "Q2681897", "start_date": null, "wikimedia_commons": "Category:Gaasperpark", "area": null, "name:nl": null, "name:ru": null, "alt_name": null, "surface": null, "old_name": null, "name:etymology:wikidata": null, "wheelchair": null, "layer": null, "name:de": null, "name:en": null, "name:ko": null, "name:zh": null, "source": null, "landuse": null, "barrier": null, "fence_type": null, "leaf_type": null, "description": null, "opening_hours": null, "addr:city": null, "not": null, "bicycle": null, "foot": null, "motor_vehicle": null, "operator": null, "fee": null, "lit": null, "architect": null, "ref:bag": null, "addr:postcode": null, "smoking": null, "garden:type": null, "check_date": null, "construction": null, "survey:date": null, "type": null, "heritage": null, "heritage:operator": null, "ref:rce": null, "bbq": null, "name:uk": null, "name:zh-Hans": null }, "geometry": { "type": "MultiPolygon", "coordinates": [ [ [ [ 4.988209001322684, 52.311786804105481 ], [ 4.98821870132269, 52.311799604105481 ], [ 4.988293301322768, 52.311857904105509 ], [ 4.988293701322769, 52.311861604105516 ], [ 4.988297201322774, 52.311866104105505 ], [ 4.988311801322788, 52.311877604105511 ], [ 4.988332801322809, 52.31189660410552 ], [ 4.988353101322832, 52.311917804105541 ], [ 4.988369801322847, 52.31193990410555 ], [ 4.988377401322858, 52.311952404105533 ], [ 4.988383001322862, 52.311963404105569 ], [ 4.988393201322872, 52.311984204105563 ], [ 4.988400001322883, 52.311995404105595 ], [ 4.988406601322889, 52.312004904105578 ], [ 4.988420301322904, 52.312021104105604 ], [ 4.988432801322916, 52.312032904105607 ], [ 4.988445801322928, 52.312042504105619 ], [ 4.988476401322962, 52.312062704105649 ], [ 4.988517201323002, 52.312082904105658 ], [ 4.98859380132308, 52.312121804105644 ], [ 4.98945210132396, 52.312555404105922 ], [ 4.989623901324133, 52.312642304105971 ], [ 4.989730401324243, 52.312695304106008 ], [ 4.989832301324349, 52.312742304106003 ], [ 4.989882801324399, 52.312764504106021 ], [ 4.989930901324448, 52.312783504106058 ], [ 4.990057301324575, 52.312831404106078 ], [ 4.990180401324702, 52.312874804106094 ], [ 4.990218301324742, 52.31288790410612 ], [ 4.990300601324823, 52.312916504106127 ], [ 4.990393001324918, 52.312950904106145 ], [ 4.990425101324949, 52.31296690410614 ], [ 4.990454801324981, 52.312983904106147 ], [ 4.990478401325006, 52.313000604106179 ], [ 4.990497801325025, 52.313014004106186 ], [ 4.990516901325044, 52.313026204106201 ], [ 4.990538401325066, 52.313038704106198 ], [ 4.990555301325084, 52.313046804106193 ], [ 4.990574601325105, 52.313053804106204 ], [ 4.990590701325122, 52.313059304106176 ], [ 4.990625401325158, 52.313070004106216 ], [ 4.990688501325221, 52.313092904106242 ], [ 4.990741401325274, 52.313113204106251 ], [ 4.990770801325303, 52.313125304106244 ], [ 4.990814001325348, 52.313143204106261 ], [ 4.990881401325415, 52.313172604106285 ], [ 4.990959501325494, 52.313208104106259 ], [ 4.991026601325564, 52.313240304106301 ], [ 4.991082801325625, 52.313268504106361 ], [ 4.991135601325675, 52.31329650410634 ], [ 4.991185901325728, 52.313324604106377 ], [ 4.991239801325785, 52.313355804106386 ], [ 4.991297901325843, 52.31339190410641 ], [ 4.9913519013259, 52.313427104106424 ], [ 4.991408001325957, 52.313465604106447 ], [ 4.991456801326008, 52.313501104106479 ], [ 4.991520901326074, 52.313550504106502 ], [ 4.991586001326142, 52.313604204106547 ], [ 4.99165110132621, 52.313660004106531 ], [ 4.99169970132626, 52.313700804106553 ], [ 4.991789001326351, 52.313781504106615 ], [ 4.991841901326406, 52.313835804106688 ], [ 4.991893701326461, 52.31389230410668 ], [ 4.991943701326513, 52.313956404106719 ], [ 4.99194890132652, 52.313954304106744 ], [ 4.991980501326553, 52.313996204106758 ], [ 4.991989501326564, 52.31400370410676 ], [ 4.991991101326565, 52.314005104106762 ], [ 4.992028001326604, 52.314036604106775 ], [ 4.992040901326616, 52.314031404106757 ], [ 4.992209901326783, 52.313963904106728 ], [ 4.992310701326879, 52.313920804106729 ], [ 4.992457501327025, 52.313858604106692 ], [ 4.992537801327102, 52.313824304106674 ], [ 4.992642401327205, 52.313779004106642 ], [ 4.992746901327308, 52.313734904106624 ], [ 4.99291200132747, 52.313663904106548 ], [ 4.992981501327537, 52.313639104106549 ], [ 4.993121901327675, 52.313595404106486 ], [ 4.99358290132813, 52.313453104106408 ], [ 4.993839601328383, 52.313372504106376 ], [ 4.993872601328417, 52.313361204106357 ], [ 4.99391700132846, 52.313342304106378 ], [ 4.993945001328484, 52.313328204106334 ], [ 4.993965701328507, 52.313316804106393 ], [ 4.99401710132856, 52.313368204106375 ], [ 4.994021901328564, 52.313377004106364 ], [ 4.994025201328568, 52.313380604106392 ], [ 4.99406510132861, 52.313417904106387 ], [ 4.99411280132866, 52.313462604106448 ], [ 4.99441090132897, 52.313691604106559 ], [ 4.994613301329178, 52.313850004106648 ], [ 4.994745701329318, 52.313947904106747 ], [ 4.994824801329398, 52.313993004106727 ], [ 4.995028401329602, 52.314052704106771 ], [ 4.995288001329864, 52.314098904106785 ], [ 4.995354601329931, 52.314098504106802 ], [ 4.995368601329945, 52.314085804106796 ], [ 4.995383301329959, 52.314060704106772 ], [ 4.995432901330005, 52.313975804106732 ], [ 4.995539501330103, 52.313827104106615 ], [ 4.995638101330197, 52.313714504106585 ], [ 4.995798501330351, 52.313572004106511 ], [ 4.995853801330405, 52.313524004106462 ], [ 4.995987101330534, 52.313426704106391 ], [ 4.996152901330692, 52.313301804106331 ], [ 4.996397301330931, 52.313146504106221 ], [ 4.99660160133113, 52.313030704106168 ], [ 4.996849401331373, 52.312881004106067 ], [ 4.996782201331301, 52.312830204106035 ], [ 4.99683420133135, 52.312784004105993 ], [ 4.996697901331211, 52.312705704105987 ], [ 4.996649401331162, 52.312729904106 ], [ 4.996419401330927, 52.312611104105905 ], [ 4.996408601330912, 52.312519404105878 ], [ 4.99624260133074, 52.312398504105765 ], [ 4.996991601331473, 52.312000704105557 ], [ 4.997649801332112, 52.311647004105318 ], [ 4.998247301332728, 52.311996904105548 ], [ 4.998789101333255, 52.311673304105341 ], [ 4.998213701332662, 52.31129250410509 ], [ 4.998858301333291, 52.310951704104902 ], [ 4.999013401333441, 52.310867204104852 ], [ 4.99962050133403, 52.310539404104681 ], [ 4.99981050133422, 52.310438804104599 ], [ 4.999937401334344, 52.310369904104569 ], [ 5.000456901334861, 52.310346804104533 ], [ 5.000611001335015, 52.310346504104515 ], [ 5.000675501335079, 52.310365304104586 ], [ 5.000774601335181, 52.310407504104589 ], [ 5.000830701335238, 52.310449804104607 ], [ 5.00091380133532, 52.310414104104552 ], [ 5.00104660133545, 52.310333504104541 ], [ 5.001182201335584, 52.31026770410454 ], [ 5.001338001335735, 52.310203504104415 ], [ 5.001433001335829, 52.310201704104465 ], [ 5.001454301335849, 52.310120404104396 ], [ 5.001442801335831, 52.309998004104358 ], [ 5.001425701335808, 52.309868004104246 ], [ 5.001500701335877, 52.309735504104175 ], [ 5.001850901336211, 52.309378904103923 ], [ 5.00214750133649, 52.309007304103723 ], [ 5.001809501336148, 52.3089397041037 ], [ 5.001505001335844, 52.308916704103694 ], [ 5.001094701335434, 52.308909704103662 ], [ 5.000817301335151, 52.308846904103639 ], [ 5.000649101334981, 52.308775604103587 ], [ 5.00046040133479, 52.308744204103583 ], [ 5.000261001334591, 52.308736804103553 ], [ 4.999036801333343, 52.308219304103254 ], [ 4.998695501333004, 52.308228504103283 ], [ 4.997797001332123, 52.308634704103518 ], [ 4.997275801331615, 52.30892610410374 ], [ 4.997105501331452, 52.30907030410377 ], [ 4.996852301331197, 52.309066404103781 ], [ 4.996627701330977, 52.30914220410385 ], [ 4.99632580133067, 52.309058804103778 ], [ 4.996203101330543, 52.308985004103739 ], [ 4.996150401330488, 52.308887404103672 ], [ 4.99604470133038, 52.308851204103675 ], [ 4.99584720133018, 52.308801104103637 ], [ 4.995630901329964, 52.30876930410362 ], [ 4.995280201329609, 52.308660504103578 ], [ 4.994911001329234, 52.308554704103493 ], [ 4.994457601328766, 52.308322104103368 ], [ 4.994030501328349, 52.308495604103463 ], [ 4.993992001328308, 52.308374704103407 ], [ 4.994020501328325, 52.308159504103266 ], [ 4.99367910132797, 52.307869904103057 ], [ 4.993582101327868, 52.307737704102991 ], [ 4.993583501327866, 52.307649804102979 ], [ 4.993671201327948, 52.307563704102904 ], [ 4.993821101328092, 52.307422704102827 ], [ 4.993937601328205, 52.307341104102797 ], [ 4.993871401328136, 52.307247204102744 ], [ 4.993577601327836, 52.307147104102697 ], [ 4.993488101327744, 52.307098104102622 ], [ 4.993790701328042, 52.306960904102546 ], [ 4.993727001327961, 52.30663320410234 ], [ 4.992857301327076, 52.306305704102137 ], [ 4.992575801326794, 52.306298704102161 ], [ 4.99240680132663, 52.306369304102191 ], [ 4.992299401326529, 52.306544104102315 ], [ 4.992349401326587, 52.306710004102413 ], [ 4.992264401326505, 52.306743204102425 ], [ 4.992179601326418, 52.30671400410241 ], [ 4.992104001326328, 52.306439404102257 ], [ 4.991877601326095, 52.306257004102129 ], [ 4.991568301325786, 52.30624590410217 ], [ 4.991312701325534, 52.306361404102198 ], [ 4.991246601325471, 52.30646490410227 ], [ 4.990406701324633, 52.306401904102231 ], [ 4.990103601324329, 52.30643910410226 ], [ 4.989984701324212, 52.306501904102312 ], [ 4.989736901323964, 52.306489604102289 ], [ 4.989306501323524, 52.306279604102158 ], [ 4.989000601323219, 52.306271504102163 ], [ 4.988688301322909, 52.306322104102236 ], [ 4.988340401322561, 52.306309304102214 ], [ 4.987882201322103, 52.306322004102192 ], [ 4.987264101321487, 52.306361504102249 ], [ 4.987077001321312, 52.30660500410238 ], [ 4.986792101321038, 52.30691010410257 ], [ 4.986286501320562, 52.307455704102892 ], [ 4.986116901320391, 52.307495904102936 ], [ 4.986010601320307, 52.307952504103234 ], [ 4.98663050132093, 52.30801050410323 ], [ 4.986612801320915, 52.308083604103246 ], [ 4.986404701320719, 52.308357504103427 ], [ 4.987073701321398, 52.308592004103566 ], [ 4.985812301320204, 52.30999200410443 ], [ 4.985538301319939, 52.310206204104531 ], [ 4.985357601319764, 52.310365004104618 ], [ 4.985190001319603, 52.31052900410473 ], [ 4.985353401319772, 52.310585204104747 ], [ 4.985409501319827, 52.310601704104755 ], [ 4.985901501320327, 52.310778404104866 ], [ 4.986163101320592, 52.310868704104919 ], [ 4.986212801320643, 52.310886704104924 ], [ 4.986271601320703, 52.310908004104959 ], [ 4.986292401320724, 52.310915504104983 ], [ 4.986644701321083, 52.311042504105032 ], [ 4.98672970132117, 52.311074504105036 ], [ 4.986761201321201, 52.311110004105082 ], [ 4.98683340132128, 52.311191404105102 ], [ 4.986850401321296, 52.311210604105121 ], [ 4.986867601321316, 52.311230204105122 ], [ 4.98686350132131, 52.311233204105157 ], [ 4.98688280132133, 52.311246204105153 ], [ 4.986914401321363, 52.311281604105147 ], [ 4.986925301321373, 52.311296104105182 ], [ 4.986938501321391, 52.311308204105195 ], [ 4.986950301321401, 52.311315704105176 ], [ 4.986965101321416, 52.311322904105225 ], [ 4.987024301321477, 52.311342804105202 ], [ 4.987061101321514, 52.311359204105194 ], [ 4.987571901322032, 52.311534204105307 ], [ 4.987859501322324, 52.311632804105358 ], [ 4.98794350132241, 52.311660504105383 ], [ 4.988063301322532, 52.311691704105378 ], [ 4.988070801322538, 52.311694504105404 ], [ 4.988111801322581, 52.311712204105419 ], [ 4.988145101322615, 52.311730404105383 ], [ 4.988173001322643, 52.311745904105457 ], [ 4.988164001322636, 52.311781504105461 ], [ 4.988171801322645, 52.311784904105465 ], [ 4.988185201322658, 52.311787704105456 ], [ 4.988198401322669, 52.311788104105467 ], [ 4.988209001322684, 52.311786804105481 ] ] ] ] } },
{ "type": "Feature", "properties": { "element": "way", "id": 337162781, "addr:street": null, "leisure": "park", "name": "Karspelplantsoen", "note": null, "sport": null, "wikipedia": null, "access": null, "tourism": null, "website": null, "wikidata": null, "start_date": null, "wikimedia_commons": null, "area": null, "name:nl": null, "name:ru": null, "alt_name": null, "surface": null, "old_name": null, "name:etymology:wikidata": null, "wheelchair": null, "layer": null, "name:de": null, "name:en": null, "name:ko": null, "name:zh": null, "source": null, "landuse": null, "barrier": null, "fence_type": null, "leaf_type": null, "description": null, "opening_hours": null, "addr:city": null, "not": null, "bicycle": null, "foot": null, "motor_vehicle": null, "operator": null, "fee": null, "lit": null, "architect": null, "ref:bag": null, "addr:postcode": null, "smoking": null, "garden:type": null, "check_date": null, "construction": null, "survey:date": null, "type": null, "heritage": null, "heritage:operator": null, "ref:rce": null, "bbq": null, "name:uk": null, "name:zh-Hans": null }, "geometry": { "type": "MultiPolygon", "coordinates": [ [ [ [ 4.986216101320833, 52.314936004107352 ], [ 4.98623110132085, 52.314945904107361 ], [ 4.985847501320485, 52.31535750410761 ], [ 4.985447901320081, 52.31523120410754 ], [ 4.984990701319647, 52.315726404107835 ], [ 4.985221501319877, 52.315798504107882 ], [ 4.984822901319504, 52.316242904108144 ], [ 4.984978501319659, 52.316295404108146 ], [ 4.984511801319217, 52.316800404108463 ], [ 4.984393901319097, 52.316817404108463 ], [ 4.984342801319048, 52.316806904108475 ], [ 4.983666901318363, 52.316593804108358 ], [ 4.983681401318375, 52.316579004108355 ], [ 4.984207701318873, 52.315993104107946 ], [ 4.983578701318234, 52.315778104107885 ], [ 4.983944301318582, 52.315380304107627 ], [ 4.984427401319073, 52.315546704107689 ], [ 4.984842401319465, 52.315090604107418 ], [ 4.985124101319753, 52.315186204107498 ], [ 4.985196301319822, 52.315109004107441 ], [ 4.985302001319922, 52.314996004107392 ], [ 4.985548201320155, 52.314732704107264 ], [ 4.986216101320833, 52.314936004107352 ] ] ] ] } },
{ "type": "Feature", "properties": { "element": "way", "id": 338649319, "addr:street": null, "leisure": "park", "name": "Park de Schinkeleilanden", "note": null, "sport": null, "wikipedia": null, "access": null, "tourism": null, "website": null, "wikidata": "Q21170398", "start_date": null, "wikimedia_commons": "Category:Park Schinkeleilanden", "area": null, "name:nl": null, "name:ru": null, "alt_name": null, "surface": null, "old_name": null, "name:etymology:wikidata": null, "wheelchair": null, "layer": null, "name:de": null, "name:en": null, "name:ko": null, "name:zh": null, "source": null, "landuse": null, "barrier": null, "fence_type": null, "leaf_type": null, "description": null, "opening_hours": null, "addr:city": null, "not": null, "bicycle": null, "foot": null, "motor_vehicle": null, "operator": null, "fee": null, "lit": null, "architect": null, "ref:bag": null, "addr:postcode": null, "smoking": null, "garden:type": null, "check_date": null, "construction": null, "survey:date": null, "type": null, "heritage": null, "heritage:operator": null, "ref:rce": null, "bbq": null, "name:uk": null, "name:zh-Hans": null }, "geometry": { "type": "MultiPolygon", "coordinates": [ [ [ [ 4.849199501184997, 52.33860630412191 ], [ 4.848743501184629, 52.340372904122916 ], [ 4.849784201185678, 52.34060890412308 ], [ 4.849565501185491, 52.34123160412345 ], [ 4.849530401185477, 52.341648604123712 ], [ 4.849306701185317, 52.34299150412452 ], [ 4.849762701185825, 52.344046804125092 ], [ 4.850030901186116, 52.344576504125406 ], [ 4.850524501186668, 52.345760804126137 ], [ 4.850740401186906, 52.346207604126398 ], [ 4.850876601187041, 52.346231904126412 ], [ 4.851103401187274, 52.346284804126462 ], [ 4.851362401187529, 52.346235404126411 ], [ 4.851277701187438, 52.346102204126318 ], [ 4.851490701187649, 52.346087604126311 ], [ 4.851308401187455, 52.345875504126198 ], [ 4.851184901187327, 52.345700104126081 ], [ 4.850952001187067, 52.345142204125722 ], [ 4.851198601187297, 52.344865104125596 ], [ 4.851656401187689, 52.343456904124771 ], [ 4.851381201187396, 52.343103804124546 ], [ 4.85218780118811, 52.341159504123389 ], [ 4.852541501188405, 52.340028704122723 ], [ 4.85277210118858, 52.338822604122022 ], [ 4.849211501185009, 52.338569404121856 ], [ 4.849199501184997, 52.33860630412191 ] ] ] ] } },
{ "type": "Feature", "properties": { "element": "way", "id": 338752113, "addr:street": null, "leisure": "park", "name": "Park Frankendael", "note": null, "sport": null, "wikipedia": null, "access": null, "tourism": null, "website": null, "wikidata": "Q2195300", "start_date": null, "wikimedia_commons": "Category:Park Frankendael", "area": null, "name:nl": null, "name:ru": null, "alt_name": "Frankendaelpark", "surface": null, "old_name": null, "name:etymology:wikidata": null, "wheelchair": null, "layer": null, "name:de": null, "name:en": null, "name:ko": null, "name:zh": null, "source": null, "landuse": null, "barrier": null, "fence_type": null, "leaf_type": null, "description": null, "opening_hours": null, "addr:city": null, "not": null, "bicycle": null, "foot": null, "motor_vehicle": null, "operator": null, "fee": null, "lit": null, "architect": null, "ref:bag": null, "addr:postcode": null, "smoking": null, "garden:type": null, "check_date": null, "construction": null, "survey:date": null, "type": null, "heritage": null, "heritage:operator": null, "ref:rce": null, "bbq": null, "name:uk": null, "name:zh-Hans": null }, "geometry": { "type": "MultiPolygon", "coordinates": [ [ [ [ 4.933906401270209, 52.350567904128759 ], [ 4.933963901270269, 52.350602704128796 ], [ 4.934053901270362, 52.350657304128802 ], [ 4.934112001270422, 52.350694304128815 ], [ 4.934117601270428, 52.350697704128805 ], [ 4.934159101270469, 52.350722604128826 ], [ 4.934165001270476, 52.350726204128819 ], [ 4.934206501270517, 52.350751104128818 ], [ 4.934211901270525, 52.350754404128821 ], [ 4.934253601270565, 52.350779704128868 ], [ 4.934259401270571, 52.350783204128867 ], [ 4.934301101270615, 52.350808304128861 ], [ 4.934306401270619, 52.350811404128891 ], [ 4.934347401270661, 52.350836504128885 ], [ 4.934353301270669, 52.350840104128878 ], [ 4.93439450127071, 52.350864704128909 ], [ 4.934557101270878, 52.350963804128959 ], [ 4.934485001270806, 52.351006904128973 ], [ 4.934347601270675, 52.351092904129068 ], [ 4.933945001270284, 52.351345704129194 ], [ 4.933944001270283, 52.351355104129198 ], [ 4.93393880127028, 52.351365604129207 ], [ 4.933932401270273, 52.351374804129208 ], [ 4.933923601270266, 52.351384104129231 ], [ 4.933914001270256, 52.351391604129226 ], [ 4.933902001270244, 52.351399604129256 ], [ 4.933884801270228, 52.351407904129232 ], [ 4.933867001270209, 52.351414304129236 ], [ 4.933842801270186, 52.35141920412925 ], [ 4.933824301270168, 52.35142100412925 ], [ 4.933476601269828, 52.351641504129361 ], [ 4.933419101269774, 52.351674104129373 ], [ 4.933383001269739, 52.3516971041294 ], [ 4.933334701269692, 52.351728304129445 ], [ 4.933258301269619, 52.351761704129451 ], [ 4.932969201269334, 52.351863104129556 ], [ 4.932099701268491, 52.352403604129819 ], [ 4.931076701267499, 52.35303960413021 ], [ 4.930928701267356, 52.353132304130291 ], [ 4.930886401267314, 52.353158804130295 ], [ 4.930857601267284, 52.353142904130252 ], [ 4.930846901267275, 52.353135004130252 ], [ 4.93084350126727, 52.353129004130281 ], [ 4.930844801267271, 52.353122504130241 ], [ 4.93085170126728, 52.353117304130251 ], [ 4.930877101267302, 52.353102404130247 ], [ 4.930878101267303, 52.353100204130214 ], [ 4.930878001267302, 52.353097604130262 ], [ 4.930876601267302, 52.353094804130265 ], [ 4.930873501267298, 52.353091404130232 ], [ 4.930518101266933, 52.352880804130109 ], [ 4.930293001266701, 52.352748204129966 ], [ 4.930266101266676, 52.352733204130018 ], [ 4.930251701266659, 52.352729304130037 ], [ 4.930239001266647, 52.352729304130037 ], [ 4.930228201266637, 52.352731204130031 ], [ 4.930218601266626, 52.352735604130061 ], [ 4.930128901266539, 52.352790504130056 ], [ 4.930040201266454, 52.352845004130117 ], [ 4.929948601266364, 52.352906304130173 ], [ 4.929973901266392, 52.352921204130141 ], [ 4.929824501266244, 52.353017104130195 ], [ 4.929842701266264, 52.353027704130199 ], [ 4.929768601266193, 52.353075304130236 ], [ 4.929776301266203, 52.353079804130225 ], [ 4.929739901266165, 52.353101504130237 ], [ 4.929674901266097, 52.353048304130212 ], [ 4.929426101265837, 52.352832904130089 ], [ 4.929261801265668, 52.352692404130018 ], [ 4.928813901265205, 52.352313104129792 ], [ 4.928720701265108, 52.35223610412973 ], [ 4.928604001264987, 52.352149304129668 ], [ 4.928515501264894, 52.352086204129655 ], [ 4.92841390126479, 52.352019504129643 ], [ 4.928332101264704, 52.351968304129599 ], [ 4.928195401264564, 52.351884604129545 ], [ 4.927117301263457, 52.351235204129182 ], [ 4.92676160126309, 52.351020904129015 ], [ 4.926407401262729, 52.35080770412889 ], [ 4.926366101262686, 52.350781004128905 ], [ 4.92591370126222, 52.350510104128766 ], [ 4.925935701262242, 52.350496504128728 ], [ 4.925892501262197, 52.350470604128709 ], [ 4.925870401262175, 52.350484504128737 ], [ 4.925451401261745, 52.350231504128544 ], [ 4.925461101261757, 52.350225704128583 ], [ 4.925431301261724, 52.350206004128559 ], [ 4.925421801261714, 52.35021140412853 ], [ 4.925310901261604, 52.350137504128512 ], [ 4.925303501261594, 52.350129004128512 ], [ 4.925297801261587, 52.35012160412851 ], [ 4.925295801261587, 52.350112604128533 ], [ 4.925296501261585, 52.350105504128493 ], [ 4.925303201261591, 52.350096004128488 ], [ 4.925572401261854, 52.349922904128405 ], [ 4.925575601261855, 52.349924704128398 ], [ 4.925688301261966, 52.34985790412837 ], [ 4.925747901262022, 52.349822504128319 ], [ 4.925744901262021, 52.349820604128304 ], [ 4.925779101262052, 52.349800004128312 ], [ 4.926097801262368, 52.349702604128233 ], [ 4.927986601264201, 52.348578104127554 ], [ 4.928029801264241, 52.34855240412756 ], [ 4.928413001264614, 52.348323904127426 ], [ 4.928468401264671, 52.348290104127365 ], [ 4.928557801264756, 52.348237204127379 ], [ 4.928749301264938, 52.348041504127274 ], [ 4.928756601264941, 52.348034604127257 ], [ 4.928774401264961, 52.348017104127258 ], [ 4.928821501265008, 52.347989704127222 ], [ 4.928971701265155, 52.347899604127193 ], [ 4.929188401265364, 52.347770304127103 ], [ 4.929326501265503, 52.347763704127125 ], [ 4.929334901265509, 52.347763904127078 ], [ 4.929343901265519, 52.347768404127109 ], [ 4.930834701267049, 52.348599104127594 ], [ 4.930844301267058, 52.348604504127572 ], [ 4.931142401267362, 52.348770604127687 ], [ 4.931122101267345, 52.348784104127688 ], [ 4.931198401267423, 52.348826704127731 ], [ 4.931218701267441, 52.348813104127707 ], [ 4.931704101267937, 52.349084804127877 ], [ 4.931731901267968, 52.349100404127874 ], [ 4.932965801269233, 52.34979140412829 ], [ 4.933225801269498, 52.349934204128353 ], [ 4.93335150126963, 52.35000770412843 ], [ 4.933366301269643, 52.350039004128398 ], [ 4.933425701269704, 52.350072804128423 ], [ 4.933465501269744, 52.350074304128434 ], [ 4.933474201269755, 52.350074604128437 ], [ 4.933704201269989, 52.350207904128546 ], [ 4.93383990127013, 52.350286504128562 ], [ 4.933955501270248, 52.350329104128598 ], [ 4.933988801270281, 52.350341404128613 ], [ 4.934043801270339, 52.350361604128601 ], [ 4.934138601270434, 52.350419404128665 ], [ 4.934127401270425, 52.350426604128636 ], [ 4.934030101270329, 52.350488804128645 ], [ 4.933906401270209, 52.350567904128759 ] ] ] ] } },
{ "type": "Feature", "properties": { "element": "way", "id": 366160689, "addr:street": null, "leisure": "park", "name": null, "note": null, "sport": null, "wikipedia": null, "access": null, "tourism": null, "website": null, "wikidata": null, "start_date": null, "wikimedia_commons": null, "area": null, "name:nl": null, "name:ru": null, "alt_name": null, "surface": null, "old_name": null, "name:etymology:wikidata": null, "wheelchair": null, "layer": null, "name:de": null, "name:en": null, "name:ko": null, "name:zh": null, "source": null, "landuse": null, "barrier": null, "fence_type": null, "leaf_type": null, "description": null, "opening_hours": null, "addr:city": null, "not": null, "bicycle": null, "foot": null, "motor_vehicle": null, "operator": null, "fee": "no", "lit": null, "architect": null, "ref:bag": null, "addr:postcode": null, "smoking": null, "garden:type": null, "check_date": null, "construction": null, "survey:date": null, "type": null, "heritage": null, "heritage:operator": null, "ref:rce": null, "bbq": null, "name:uk": null, "name:zh-Hans": null }, "geometry": { "type": "MultiPolygon", "coordinates": [ [ [ [ 4.885193701221976, 52.359662204134288 ], [ 4.885135201221915, 52.359622704134253 ], [ 4.885097301221876, 52.359608004134252 ], [ 4.885057801221835, 52.359600204134246 ], [ 4.885017901221796, 52.359601004134234 ], [ 4.884964801221741, 52.359608004134223 ], [ 4.884921101221699, 52.359622404134264 ], [ 4.884874601221651, 52.359589204134259 ], [ 4.884863901221641, 52.359579204134249 ], [ 4.884386001221149, 52.359227004134048 ], [ 4.884339901221099, 52.359192804134018 ], [ 4.884421801221179, 52.359153104133995 ], [ 4.884909801221662, 52.359085104133918 ], [ 4.885278401222028, 52.359035304133876 ], [ 4.886073501222818, 52.35892640413384 ], [ 4.886155901222899, 52.358915104133835 ], [ 4.886254301223004, 52.358995104133911 ], [ 4.886295201223064, 52.359396604134119 ], [ 4.886318801223096, 52.359630404134279 ], [ 4.886324501223106, 52.359665004134264 ], [ 4.88633020122311, 52.359698404134271 ], [ 4.886346201223131, 52.359745104134319 ], [ 4.886362201223148, 52.359779604134332 ], [ 4.886383801223171, 52.359819004134359 ], [ 4.886424101223215, 52.359878804134411 ], [ 4.886473401223265, 52.359935104134422 ], [ 4.886508401223304, 52.35997090413445 ], [ 4.886537101223332, 52.360005104134501 ], [ 4.886548001223345, 52.360030204134496 ], [ 4.886555901223353, 52.360057104134484 ], [ 4.886555601223355, 52.360081504134527 ], [ 4.886549901223352, 52.360100504134522 ], [ 4.886540101223341, 52.360119104134512 ], [ 4.886523501223325, 52.360144204134542 ], [ 4.88650470122331, 52.360166104134571 ], [ 4.886485801223292, 52.360180504134597 ], [ 4.886447201223251, 52.360201004134609 ], [ 4.886417101223222, 52.360220004134575 ], [ 4.886210201223023, 52.360324404134651 ], [ 4.886123301222936, 52.36036820413473 ], [ 4.885971701222779, 52.360254204134627 ], [ 4.885986101222797, 52.360240304134642 ], [ 4.885994401222803, 52.360227104134637 ], [ 4.885998601222805, 52.360213304134597 ], [ 4.885998201222804, 52.360197204134614 ], [ 4.885993301222797, 52.3601832041346 ], [ 4.885986701222793, 52.360173104134574 ], [ 4.885971701222775, 52.360158104134563 ], [ 4.885911701222712, 52.36011050413456 ], [ 4.885844101222649, 52.360144104134584 ], [ 4.885801201222604, 52.360112804134552 ], [ 4.886117901222911, 52.35995210413445 ], [ 4.886122101222915, 52.359951904134427 ], [ 4.886136301222933, 52.359962504134437 ], [ 4.886345101223135, 52.359856404134376 ], [ 4.886229701223015, 52.359772304134339 ], [ 4.886229701223017, 52.35976930413436 ], [ 4.886242801223028, 52.359762804134334 ], [ 4.886169801222953, 52.359708604134333 ], [ 4.886099901222885, 52.359744404134325 ], [ 4.88609600122288, 52.35974640413432 ], [ 4.886090501222873, 52.359746104134338 ], [ 4.885730901222503, 52.359479504134178 ], [ 4.885731501222503, 52.359476904134155 ], [ 4.885805501222576, 52.359440204134167 ], [ 4.885725801222493, 52.359382604134147 ], [ 4.88550580122228, 52.359494604134177 ], [ 4.885563801222339, 52.359537304134207 ], [ 4.885563301222337, 52.359540104134219 ], [ 4.885245201222028, 52.359700004134304 ], [ 4.885193701221976, 52.359662204134288 ] ] ] ] } },
{ "type": "Feature", "properties": { "element": "way", "id": 370750889, "addr:street": null, "leisure": "park", "name": "Ruige Riet", "note": null, "sport": null, "wikipedia": null, "access": null, "tourism": null, "website": null, "wikidata": null, "start_date": null, "wikimedia_commons": null, "area": null, "name:nl": null, "name:ru": null, "alt_name": null, "surface": null, "old_name": null, "name:etymology:wikidata": null, "wheelchair": null, "layer": "-2", "name:de": null, "name:en": null, "name:ko": null, "name:zh": null, "source": null, "landuse": null, "barrier": null, "fence_type": null, "leaf_type": null, "description": null, "opening_hours": null, "addr:city": null, "not": null, "bicycle": null, "foot": null, "motor_vehicle": null, "operator": null, "fee": null, "lit": null, "architect": null, "ref:bag": null, "addr:postcode": null, "smoking": null, "garden:type": null, "check_date": null, "construction": null, "survey:date": null, "type": null, "heritage": null, "heritage:operator": null, "ref:rce": null, "bbq": null, "name:uk": null, "name:zh-Hans": null }, "geometry": { "type": "MultiPolygon", "coordinates": [ [ [ [ 4.807814201145304, 52.372363704141925 ], [ 4.807682701145168, 52.372295004141883 ], [ 4.807500301144959, 52.37174640414154 ], [ 4.807291101144737, 52.371448304141381 ], [ 4.806872701144303, 52.371101204141169 ], [ 4.806400601143817, 52.370842404141008 ], [ 4.806111001143521, 52.37069500414092 ], [ 4.805987601143389, 52.370511604140866 ], [ 4.80597150114336, 52.370259404140697 ], [ 4.807183801144461, 52.368009304139356 ], [ 4.807961701145247, 52.368218904139454 ], [ 4.808659001145953, 52.368415404139618 ], [ 4.809367201146665, 52.368516904139668 ], [ 4.809903601147203, 52.368526804139663 ], [ 4.810622401147921, 52.368539904139652 ], [ 4.810987201148289, 52.368605404139707 ], [ 4.810901401148213, 52.368795404139817 ], [ 4.811126701148452, 52.369113104140027 ], [ 4.811362701148695, 52.369217904140093 ], [ 4.811765001149096, 52.369208004140063 ], [ 4.81176500114911, 52.369460204140225 ], [ 4.811223201148572, 52.369591304140293 ], [ 4.811110601148484, 52.370043304140538 ], [ 4.811175001148557, 52.370229904140658 ], [ 4.811346601148733, 52.370318404140704 ], [ 4.811309101148711, 52.370681904140952 ], [ 4.811346601148758, 52.370829304141012 ], [ 4.811153501148579, 52.37111100414117 ], [ 4.810654601148079, 52.37109460414117 ], [ 4.810611701148043, 52.371222304141263 ], [ 4.810922801148354, 52.371258404141273 ], [ 4.811156201148597, 52.371379104141319 ], [ 4.811126801148568, 52.371454904141395 ], [ 4.811166901148612, 52.37152940414142 ], [ 4.811255401148703, 52.371569504141441 ], [ 4.811378801148837, 52.371766004141541 ], [ 4.811250101148713, 52.371877404141657 ], [ 4.810617101148087, 52.372060804141739 ], [ 4.807814201145304, 52.372363704141925 ] ] ] ] } },
{ "type": "Feature", "properties": { "element": "way", "id": 376982166, "addr:street": null, "leisure": "park", "name": null, "note": null, "sport": null, "wikipedia": null, "access": null, "tourism": null, "website": null, "wikidata": null, "start_date": null, "wikimedia_commons": null, "area": null, "name:nl": null, "name:ru": null, "alt_name": null, "surface": null, "old_name": null, "name:etymology:wikidata": null, "wheelchair": null, "layer": null, "name:de": null, "name:en": null, "name:ko": null, "name:zh": null, "source": null, "landuse": null, "barrier": null, "fence_type": null, "leaf_type": null, "description": null, "opening_hours": null, "addr:city": null, "not": null, "bicycle": null, "foot": null, "motor_vehicle": null, "operator": null, "fee": null, "lit": null, "architect": null, "ref:bag": null, "addr:postcode": null, "smoking": null, "garden:type": null, "check_date": null, "construction": null, "survey:date": null, "type": null, "heritage": null, "heritage:operator": null, "ref:rce": null, "bbq": null, "name:uk": null, "name:zh-Hans": null }, "geometry": { "type": "MultiPolygon", "coordinates": [ [ [ [ 4.955444501291903, 52.354283604130863 ], [ 4.955459601291916, 52.35427040413083 ], [ 4.955479401291936, 52.354259704130783 ], [ 4.955507001291963, 52.354251104130803 ], [ 4.955537401291995, 52.35424730413083 ], [ 4.955590701292049, 52.354267804130849 ], [ 4.955597801292054, 52.354272204130844 ], [ 4.955601501292059, 52.354277904130839 ], [ 4.955598201292054, 52.354288804130853 ], [ 4.955523701291985, 52.354365404130903 ], [ 4.955517501291978, 52.354369504130901 ], [ 4.955509601291969, 52.35437210413091 ], [ 4.955493001291956, 52.354372404130913 ], [ 4.955460001291921, 52.3543603041309 ], [ 4.955451501291914, 52.354354504130896 ], [ 4.955448701291908, 52.354346104130876 ], [ 4.955444501291903, 52.354283604130863 ] ] ] ] } },
{ "type": "Feature", "properties": { "element": "way", "id": 376982167, "addr:street": null, "leisure": "park", "name": null, "note": null, "sport": null, "wikipedia": null, "access": null, "tourism": null, "website": null, "wikidata": null, "start_date": null, "wikimedia_commons": null, "area": null, "name:nl": null, "name:ru": null, "alt_name": null, "surface": null, "old_name": null, "name:etymology:wikidata": null, "wheelchair": null, "layer": null, "name:de": null, "name:en": null, "name:ko": null, "name:zh": null, "source": null, "landuse": null, "barrier": null, "fence_type": null, "leaf_type": null, "description": null, "opening_hours": null, "addr:city": null, "not": null, "bicycle": null, "foot": null, "motor_vehicle": null, "operator": null, "fee": null, "lit": null, "architect": null, "ref:bag": null, "addr:postcode": null, "smoking": null, "garden:type": null, "check_date": null, "construction": null, "survey:date": null, "type": null, "heritage": null, "heritage:operator": null, "ref:rce": null, "bbq": null, "name:uk": null, "name:zh-Hans": null }, "geometry": { "type": "MultiPolygon", "coordinates": [ [ [ [ 4.955349701291803, 52.354219304130794 ], [ 4.95536240129182, 52.354226904130819 ], [ 4.95537440129183, 52.354228304130821 ], [ 4.955392401291847, 52.354226704130795 ], [ 4.95540530129186, 52.354221404130776 ], [ 4.955412401291868, 52.35421410413084 ], [ 4.955413901291868, 52.354205604130797 ], [ 4.955409601291865, 52.354197504130767 ], [ 4.955332701291785, 52.354166404130773 ], [ 4.955328501291781, 52.354162704130779 ], [ 4.955324701291777, 52.354153204130796 ], [ 4.955305801291753, 52.354107904130736 ], [ 4.95530110129175, 52.354102504130708 ], [ 4.955295901291747, 52.354099604130717 ], [ 4.955288401291738, 52.354097804130724 ], [ 4.955213601291665, 52.35408880413074 ], [ 4.955199501291649, 52.354089704130736 ], [ 4.955188101291637, 52.354094804130774 ], [ 4.955183401291634, 52.354100504130727 ], [ 4.955182501291633, 52.354106804130744 ], [ 4.955184401291636, 52.354111504130771 ], [ 4.955188401291638, 52.354114804130752 ], [ 4.955349701291803, 52.354219304130794 ] ] ] ] } },
{ "type": "Feature", "properties": { "element": "way", "id": 378141759, "addr:street": null, "leisure": "park", "name": "Carel Willinkplantsoen", "note": null, "sport": null, "wikipedia": null, "access": null, "tourism": null, "website": null, "wikidata": "Q21292171", "start_date": null, "wikimedia_commons": "Category:Carel Willinkplantsoen", "area": null, "name:nl": null, "name:ru": null, "alt_name": null, "surface": "grass", "old_name": null, "name:etymology:wikidata": null, "wheelchair": null, "layer": null, "name:de": null, "name:en": null, "name:ko": null, "name:zh": null, "source": "3dShapes", "landuse": "grass", "barrier": null, "fence_type": null, "leaf_type": null, "description": null, "opening_hours": null, "addr:city": null, "not": null, "bicycle": null, "foot": null, "motor_vehicle": null, "operator": null, "fee": null, "lit": null, "architect": null, "ref:bag": null, "addr:postcode": null, "smoking": null, "garden:type": null, "check_date": null, "construction": null, "survey:date": null, "type": null, "heritage": null, "heritage:operator": null, "ref:rce": null, "bbq": null, "name:uk": null, "name:zh-Hans": null }, "geometry": { "type": "MultiPolygon", "coordinates": [ [ [ [ 4.887109701223896, 52.359781904134337 ], [ 4.88717540122396, 52.359752804134324 ], [ 4.887159701223942, 52.359716404134318 ], [ 4.88728960122407, 52.359685104134279 ], [ 4.887329901224112, 52.359690604134322 ], [ 4.887408501224188, 52.359645204134289 ], [ 4.887419901224196, 52.359603904134246 ], [ 4.887546701224319, 52.359531204134193 ], [ 4.887422001224193, 52.359513304134182 ], [ 4.887328501224101, 52.359560904134206 ], [ 4.887272901224046, 52.359553704134214 ], [ 4.887230201224002, 52.359492404134144 ], [ 4.8871338012239, 52.359436804134113 ], [ 4.88710020122387, 52.359437004134158 ], [ 4.887037601223806, 52.359398704134136 ], [ 4.887049101223821, 52.35952480413421 ], [ 4.887037701223814, 52.359613204134241 ], [ 4.887102701223881, 52.359651904134289 ], [ 4.887104701223882, 52.359644104134262 ], [ 4.887110901223888, 52.359637204134302 ], [ 4.887120601223899, 52.359632004134269 ], [ 4.887132601223911, 52.359629104134271 ], [ 4.887140001223915, 52.359628704134231 ], [ 4.887152701223929, 52.359630104134254 ], [ 4.887163801223942, 52.35963400413425 ], [ 4.887172101223951, 52.359640104134257 ], [ 4.887176901223955, 52.359649504134268 ], [ 4.887175701223956, 52.359657404134254 ], [ 4.88716980122395, 52.359664704134282 ], [ 4.887160701223939, 52.359670204134297 ], [ 4.887143901223923, 52.359674004134284 ], [ 4.887131101223912, 52.359673404134298 ], [ 4.887120001223899, 52.359670504134286 ], [ 4.887070601223851, 52.359681904134291 ], [ 4.887109701223896, 52.359781904134337 ] ] ] ] } },
{ "type": "Feature", "properties": { "element": "way", "id": 386901440, "addr:street": null, "leisure": "park", "name": null, "note": null, "sport": null, "wikipedia": null, "access": null, "tourism": null, "website": null, "wikidata": null, "start_date": null, "wikimedia_commons": null, "area": null, "name:nl": null, "name:ru": null, "alt_name": null, "surface": null, "old_name": null, "name:etymology:wikidata": null, "wheelchair": null, "layer": null, "name:de": null, "name:en": null, "name:ko": null, "name:zh": null, "source": null, "landuse": null, "barrier": null, "fence_type": null, "leaf_type": null, "description": null, "opening_hours": null, "addr:city": null, "not": null, "bicycle": null, "foot": null, "motor_vehicle": null, "operator": null, "fee": null, "lit": null, "architect": null, "ref:bag": null, "addr:postcode": null, "smoking": null, "garden:type": null, "check_date": null, "construction": null, "survey:date": null, "type": null, "heritage": null, "heritage:operator": null, "ref:rce": null, "bbq": null, "name:uk": null, "name:zh-Hans": null }, "geometry": { "type": "MultiPolygon", "coordinates": [ [ [ [ 4.884712001220976, 52.348816204127871 ], [ 4.884801701221062, 52.348828404127843 ], [ 4.884865301221126, 52.348820404127871 ], [ 4.884912001221172, 52.348803904127841 ], [ 4.884955201221215, 52.348774304127829 ], [ 4.88497060122123, 52.348755504127844 ], [ 4.884982701221239, 52.348705904127804 ], [ 4.884969501221224, 52.348671504127793 ], [ 4.884939401221193, 52.348640904127762 ], [ 4.884868701221119, 52.348609004127738 ], [ 4.884799401221048, 52.348600104127719 ], [ 4.884735301220986, 52.348606404127729 ], [ 4.884698801220952, 52.348616904127766 ], [ 4.884643801220897, 52.348648204127748 ], [ 4.884633401220888, 52.348662704127783 ], [ 4.884613701220871, 52.348690004127839 ], [ 4.884613201220874, 52.348737204127815 ], [ 4.884640901220902, 52.348777704127833 ], [ 4.884712001220976, 52.348816204127871 ] ] ] ] } },
{ "type": "Feature", "properties": { "element": "way", "id": 388105856, "addr:street": null, "leisure": "park", "name": "Stenen Hoofd", "note": null, "sport": null, "wikipedia": null, "access": null, "tourism": null, "website": "http://www.stenenhoofd.nl", "wikidata": null, "start_date": null, "wikimedia_commons": null, "area": null, "name:nl": null, "name:ru": null, "alt_name": null, "surface": null, "old_name": null, "name:etymology:wikidata": null, "wheelchair": null, "layer": null, "name:de": null, "name:en": null, "name:ko": null, "name:zh": null, "source": null, "landuse": null, "barrier": null, "fence_type": null, "leaf_type": null, "description": null, "opening_hours": null, "addr:city": null, "not": null, "bicycle": null, "foot": null, "motor_vehicle": null, "operator": null, "fee": null, "lit": null, "architect": null, "ref:bag": null, "addr:postcode": null, "smoking": null, "garden:type": null, "check_date": null, "construction": null, "survey:date": null, "type": null, "heritage": null, "heritage:operator": null, "ref:rce": null, "bbq": null, "name:uk": null, "name:zh-Hans": null }, "geometry": { "type": "MultiPolygon", "coordinates": [ [ [ [ 4.891931201230112, 52.38911180415159 ], [ 4.891941401230123, 52.389093504151631 ], [ 4.892115601230278, 52.388715004151422 ], [ 4.892249401230395, 52.388401504151219 ], [ 4.892307001230449, 52.388266504151112 ], [ 4.892355201230509, 52.388534304151328 ], [ 4.892487401230652, 52.388749104151408 ], [ 4.893317201231524, 52.389619904151949 ], [ 4.893697901231921, 52.390007604152125 ], [ 4.893461501231708, 52.390559804152502 ], [ 4.89338190123163, 52.390548204152495 ], [ 4.892738201230956, 52.38989580415209 ], [ 4.892523801230733, 52.389690504151986 ], [ 4.89197580123016, 52.389119204151633 ], [ 4.891931201230112, 52.38911180415159 ] ] ] ] } },
{ "type": "Feature", "properties": { "element": "way", "id": 399509800, "addr:street": null, "leisure": "park", "name": "Touwbaanpark", "note": null, "sport": null, "wikipedia": null, "access": null, "tourism": null, "website": null, "wikidata": null, "start_date": null, "wikimedia_commons": null, "area": null, "name:nl": null, "name:ru": null, "alt_name": null, "surface": null, "old_name": null, "name:etymology:wikidata": null, "wheelchair": null, "layer": null, "name:de": null, "name:en": null, "name:ko": null, "name:zh": null, "source": "Inrichtingsplan Touwbaanpark e.o., Amsterdam, 2016", "landuse": null, "barrier": null, "fence_type": null, "leaf_type": null, "description": null, "opening_hours": null, "addr:city": null, "not": null, "bicycle": null, "foot": null, "motor_vehicle": null, "operator": null, "fee": null, "lit": null, "architect": null, "ref:bag": null, "addr:postcode": null, "smoking": null, "garden:type": null, "check_date": null, "construction": null, "survey:date": null, "type": null, "heritage": null, "heritage:operator": null, "ref:rce": null, "bbq": null, "name:uk": null, "name:zh-Hans": null }, "geometry": { "type": "MultiPolygon", "coordinates": [ [ [ [ 4.923009501260217, 52.369516504139987 ], [ 4.922416701259642, 52.369867904140193 ], [ 4.922895501260133, 52.370145104140349 ], [ 4.923483801260701, 52.369779704140157 ], [ 4.923009501260217, 52.369516504139987 ] ] ] ] } },
{ "type": "Feature", "properties": { "element": "way", "id": 403847003, "addr:street": null, "leisure": "park", "name": "Stadspark Osdorp", "note": null, "sport": null, "wikipedia": null, "access": null, "tourism": null, "website": null, "wikidata": "Q2189238", "start_date": null, "wikimedia_commons": "Category:Stadspark Osdorp", "area": null, "name:nl": null, "name:ru": null, "alt_name": null, "surface": null, "old_name": null, "name:etymology:wikidata": null, "wheelchair": null, "layer": null, "name:de": null, "name:en": null, "name:ko": null, "name:zh": null, "source": null, "landuse": null, "barrier": null, "fence_type": null, "leaf_type": null, "description": null, "opening_hours": null, "addr:city": null, "not": null, "bicycle": null, "foot": null, "motor_vehicle": null, "operator": null, "fee": null, "lit": null, "architect": null, "ref:bag": null, "addr:postcode": null, "smoking": null, "garden:type": null, "check_date": null, "construction": null, "survey:date": null, "type": null, "heritage": null, "heritage:operator": null, "ref:rce": null, "bbq": null, "name:uk": null, "name:zh-Hans": null }, "geometry": { "type": "MultiPolygon", "coordinates": [ [ [ [ 4.799087401135872, 52.357803004133295 ], [ 4.797369501134138, 52.357462504133125 ], [ 4.798982001135599, 52.354458404131357 ], [ 4.799822301136452, 52.354641404131449 ], [ 4.800494001137067, 52.353593904130825 ], [ 4.800696701137251, 52.353196504130594 ], [ 4.801672801138195, 52.352580604130267 ], [ 4.801971601138495, 52.35261650413026 ], [ 4.800632401137279, 52.35505100413171 ], [ 4.799087401135872, 52.357803004133295 ] ] ] ] } },
{ "type": "Feature", "properties": { "element": "way", "id": 424113114, "addr:street": null, "leisure": "park", "name": "De Groene Zoom", "note": null, "sport": null, "wikipedia": null, "access": null, "tourism": null, "website": null, "wikidata": null, "start_date": null, "wikimedia_commons": null, "area": null, "name:nl": null, "name:ru": null, "alt_name": null, "surface": null, "old_name": null, "name:etymology:wikidata": null, "wheelchair": null, "layer": null, "name:de": null, "name:en": null, "name:ko": null, "name:zh": null, "source": null, "landuse": null, "barrier": null, "fence_type": null, "leaf_type": null, "description": null, "opening_hours": null, "addr:city": null, "not": null, "bicycle": null, "foot": null, "motor_vehicle": null, "operator": null, "fee": null, "lit": null, "architect": null, "ref:bag": null, "addr:postcode": null, "smoking": null, "garden:type": null, "check_date": null, "construction": null, "survey:date": null, "type": null, "heritage": null, "heritage:operator": null, "ref:rce": null, "bbq": null, "name:uk": null, "name:zh-Hans": null }, "geometry": { "type": "MultiPolygon", "coordinates": [ [ [ [ 4.950502101288905, 52.395761704155348 ], [ 4.950366701288765, 52.395627304155219 ], [ 4.950170601288556, 52.395363104155095 ], [ 4.951827701290187, 52.394848004154753 ], [ 4.951533501289873, 52.394441704154538 ], [ 4.952096101290427, 52.394276404154439 ], [ 4.952886901291207, 52.394041604154296 ], [ 4.952977301291294, 52.394026004154306 ], [ 4.952898801291212, 52.393930204154231 ], [ 4.953643601291946, 52.393720104154085 ], [ 4.953745401292048, 52.393721404154093 ], [ 4.953935301292219, 52.393320404153854 ], [ 4.953795801292062, 52.392960904153675 ], [ 4.953482501291731, 52.392558704153437 ], [ 4.953590001291836, 52.392514904153408 ], [ 4.9540306012923, 52.392996504153693 ], [ 4.953984201292258, 52.393156604153781 ], [ 4.954241101292526, 52.39337740415391 ], [ 4.953992301292301, 52.393796504154167 ], [ 4.953693001292019, 52.394231104154422 ], [ 4.953665301291993, 52.394271404154438 ], [ 4.953208501291569, 52.394936504154835 ], [ 4.952875601291256, 52.395350904155087 ], [ 4.95255130129093, 52.395331304155114 ], [ 4.95135290128975, 52.395691404155244 ], [ 4.951240601289641, 52.395725104155311 ], [ 4.951080101289483, 52.395772604155304 ], [ 4.950628801289041, 52.395906304155403 ], [ 4.950502101288905, 52.395761704155348 ] ] ] ] } },
{ "type": "Feature", "properties": { "element": "way", "id": 433291433, "addr:street": null, "leisure": "park", "name": "Papaverplantsoen", "note": null, "sport": null, "wikipedia": null, "access": null, "tourism": null, "website": null, "wikidata": null, "start_date": null, "wikimedia_commons": null, "area": null, "name:nl": null, "name:ru": null, "alt_name": null, "surface": null, "old_name": null, "name:etymology:wikidata": null, "wheelchair": null, "layer": null, "name:de": null, "name:en": null, "name:ko": null, "name:zh": null, "source": "gemeentelijk naamgevingsbesluit, Zie https://www.amsterdam.nl/bestuur-organisatie/college/nieuws-uit-b-w/2016/nieuws-5-juli-2016/", "landuse": null, "barrier": null, "fence_type": null, "leaf_type": null, "description": null, "opening_hours": null, "addr:city": null, "not": null, "bicycle": null, "foot": null, "motor_vehicle": null, "operator": null, "fee": null, "lit": null, "architect": null, "ref:bag": null, "addr:postcode": null, "smoking": null, "garden:type": null, "check_date": null, "construction": null, "survey:date": null, "type": null, "heritage": null, "heritage:operator": null, "ref:rce": null, "bbq": null, "name:uk": null, "name:zh-Hans": null }, "geometry": { "type": "MultiPolygon", "coordinates": [ [ [ [ 4.90576620124434, 52.397777104156688 ], [ 4.905125301243708, 52.398003104156814 ], [ 4.904208301242815, 52.398378204157062 ], [ 4.90431810124293, 52.398484204157121 ], [ 4.90441440124303, 52.398577104157148 ], [ 4.904472801243091, 52.398633504157203 ], [ 4.904941601243548, 52.398452604157093 ], [ 4.905730801244321, 52.398148104156895 ], [ 4.906030801244615, 52.39803240415683 ], [ 4.90576620124434, 52.397777104156688 ] ] ] ] } },
{ "type": "Feature", "properties": { "element": "way", "id": 435121578, "addr:street": null, "leisure": "park", "name": "Eendrachtspark", "note": null, "sport": null, "wikipedia": null, "access": null, "tourism": null, "website": null, "wikidata": "Q2409341", "start_date": null, "wikimedia_commons": "Category:Eendrachtspark", "area": null, "name:nl": null, "name:ru": null, "alt_name": null, "surface": null, "old_name": null, "name:etymology:wikidata": null, "wheelchair": null, "layer": null, "name:de": null, "name:en": null, "name:ko": null, "name:zh": null, "source": null, "landuse": null, "barrier": null, "fence_type": null, "leaf_type": null, "description": null, "opening_hours": null, "addr:city": null, "not": null, "bicycle": null, "foot": null, "motor_vehicle": null, "operator": null, "fee": null, "lit": null, "architect": null, "ref:bag": null, "addr:postcode": null, "smoking": null, "garden:type": null, "check_date": null, "construction": null, "survey:date": null, "type": null, "heritage": null, "heritage:operator": null, "ref:rce": null, "bbq": null, "name:uk": null, "name:zh-Hans": null }, "geometry": { "type": "MultiPolygon", "coordinates": [ [ [ [ 4.808269001146168, 52.380666804146827 ], [ 4.812093801149992, 52.380696204146837 ], [ 4.811900701149862, 52.382045304147631 ], [ 4.811880601149888, 52.382981804148152 ], [ 4.811667801149677, 52.383007204148193 ], [ 4.811585601149596, 52.383033404148186 ], [ 4.81145600114947, 52.383074304148252 ], [ 4.811350901149366, 52.383135804148274 ], [ 4.81123250114925, 52.383160904148269 ], [ 4.81112140114914, 52.3831672041483 ], [ 4.808038001146037, 52.382651204148011 ], [ 4.808097401146064, 52.381986404147604 ], [ 4.808269001146168, 52.380666804146827 ] ] ] ] } },
{ "type": "Feature", "properties": { "element": "way", "id": 435183172, "addr:street": null, "leisure": "park", "name": null, "note": null, "sport": null, "wikipedia": null, "access": null, "tourism": null, "website": null, "wikidata": null, "start_date": null, "wikimedia_commons": null, "area": null, "name:nl": null, "name:ru": null, "alt_name": null, "surface": null, "old_name": null, "name:etymology:wikidata": null, "wheelchair": null, "layer": null, "name:de": null, "name:en": null, "name:ko": null, "name:zh": null, "source": null, "landuse": null, "barrier": null, "fence_type": null, "leaf_type": null, "description": null, "opening_hours": null, "addr:city": null, "not": null, "bicycle": null, "foot": null, "motor_vehicle": null, "operator": null, "fee": null, "lit": null, "architect": null, "ref:bag": null, "addr:postcode": null, "smoking": null, "garden:type": null, "check_date": null, "construction": null, "survey:date": null, "type": null, "heritage": null, "heritage:operator": null, "ref:rce": null, "bbq": null, "name:uk": null, "name:zh-Hans": null }, "geometry": { "type": "MultiPolygon", "coordinates": [ [ [ [ 4.806317301144271, 52.381711204147422 ], [ 4.802759501140715, 52.38164960414742 ], [ 4.802785501140716, 52.381124604147075 ], [ 4.806339101144268, 52.381188804147115 ], [ 4.806317301144271, 52.381711204147422 ] ] ] ] } },
{ "type": "Feature", "properties": { "element": "way", "id": 440337408, "addr:street": null, "leisure": "park", "name": "Willem Augustinpark", "note": null, "sport": null, "wikipedia": null, "access": null, "tourism": null, "website": null, "wikidata": null, "start_date": null, "wikimedia_commons": null, "area": null, "name:nl": null, "name:ru": null, "alt_name": null, "surface": null, "old_name": null, "name:etymology:wikidata": null, "wheelchair": null, "layer": null, "name:de": null, "name:en": null, "name:ko": null, "name:zh": null, "source": null, "landuse": null, "barrier": null, "fence_type": null, "leaf_type": null, "description": null, "opening_hours": null, "addr:city": null, "not": null, "bicycle": null, "foot": null, "motor_vehicle": null, "operator": null, "fee": null, "lit": null, "architect": null, "ref:bag": null, "addr:postcode": null, "smoking": null, "garden:type": null, "check_date": null, "construction": null, "survey:date": null, "type": null, "heritage": null, "heritage:operator": null, "ref:rce": null, "bbq": null, "name:uk": null, "name:zh-Hans": null }, "geometry": { "type": "MultiPolygon", "coordinates": [ [ [ [ 4.837317401174944, 52.375940904143974 ], [ 4.837280601174899, 52.375843604143938 ], [ 4.8394975011771, 52.375483304143728 ], [ 4.841355201178938, 52.375183204143553 ], [ 4.841374001178962, 52.375307704143644 ], [ 4.839474901177082, 52.375602404143805 ], [ 4.837317401174944, 52.375940904143974 ] ] ] ] } },
{ "type": "Feature", "properties": { "element": "way", "id": 444134496, "addr:street": null, "leisure": "park", "name": null, "note": null, "sport": null, "wikipedia": null, "access": null, "tourism": null, "website": null, "wikidata": null, "start_date": null, "wikimedia_commons": null, "area": null, "name:nl": null, "name:ru": null, "alt_name": null, "surface": null, "old_name": null, "name:etymology:wikidata": null, "wheelchair": null, "layer": null, "name:de": null, "name:en": null, "name:ko": null, "name:zh": null, "source": null, "landuse": null, "barrier": null, "fence_type": null, "leaf_type": null, "description": null, "opening_hours": null, "addr:city": null, "not": null, "bicycle": null, "foot": null, "motor_vehicle": null, "operator": null, "fee": null, "lit": "yes", "architect": null, "ref:bag": null, "addr:postcode": null, "smoking": null, "garden:type": null, "check_date": null, "construction": null, "survey:date": null, "type": null, "heritage": null, "heritage:operator": null, "ref:rce": null, "bbq": null, "name:uk": null, "name:zh-Hans": null }, "geometry": { "type": "MultiPolygon", "coordinates": [ [ [ [ 4.900998701238352, 52.372058704141551 ], [ 4.901127101238483, 52.372112704141593 ], [ 4.901381601238732, 52.371973304141477 ], [ 4.901117701238462, 52.371870804141437 ], [ 4.900998701238352, 52.372058704141551 ] ] ] ] } },
{ "type": "Feature", "properties": { "element": "way", "id": 460768880, "addr:street": null, "leisure": "park", "name": null, "note": null, "sport": null, "wikipedia": null, "access": null, "tourism": null, "website": null, "wikidata": null, "start_date": null, "wikimedia_commons": null, "area": null, "name:nl": null, "name:ru": null, "alt_name": null, "surface": null, "old_name": null, "name:etymology:wikidata": null, "wheelchair": null, "layer": null, "name:de": null, "name:en": null, "name:ko": null, "name:zh": null, "source": null, "landuse": null, "barrier": null, "fence_type": null, "leaf_type": null, "description": null, "opening_hours": null, "addr:city": null, "not": null, "bicycle": null, "foot": null, "motor_vehicle": null, "operator": null, "fee": null, "lit": null, "architect": null, "ref:bag": null, "addr:postcode": null, "smoking": null, "garden:type": null, "check_date": null, "construction": null, "survey:date": null, "type": null, "heritage": null, "heritage:operator": null, "ref:rce": null, "bbq": null, "name:uk": null, "name:zh-Hans": null }, "geometry": { "type": "MultiPolygon", "coordinates": [ [ [ [ 4.930078401268664, 52.398887704157261 ], [ 4.930073101268658, 52.398891204157316 ], [ 4.930101801268686, 52.398913104157288 ], [ 4.930223501268811, 52.398922304157267 ], [ 4.93022340126881, 52.398917804157286 ], [ 4.930317801268902, 52.398924204157268 ], [ 4.930317001268902, 52.398928804157279 ], [ 4.930367601268953, 52.398939604157292 ], [ 4.930415401269002, 52.398943304157278 ], [ 4.930468401269054, 52.398940604157254 ], [ 4.930468201269055, 52.398936104157279 ], [ 4.930562401269146, 52.398941804157289 ], [ 4.93056360126915, 52.398947204157309 ], [ 4.930610901269199, 52.398958004157329 ], [ 4.930661301269248, 52.39896170415728 ], [ 4.930713601269299, 52.398959004157298 ], [ 4.930713701269299, 52.398954404157294 ], [ 4.930808801269396, 52.398960004157317 ], [ 4.930808201269396, 52.398965304157286 ], [ 4.930929701269516, 52.398974004157303 ], [ 4.930965901269554, 52.398956704157307 ], [ 4.930961001269549, 52.398952704157303 ], [ 4.931035101269619, 52.398917604157276 ], [ 4.931039801269624, 52.398921504157286 ], [ 4.931093801269676, 52.398904604157252 ], [ 4.930940001269517, 52.398784704157194 ], [ 4.93085260126943, 52.398716604157144 ], [ 4.930559001269123, 52.398487804157007 ], [ 4.930334101268903, 52.398593404157097 ], [ 4.930339501268912, 52.398599304157095 ], [ 4.930375201268945, 52.398591004157055 ], [ 4.930386201268957, 52.398598104157045 ], [ 4.930528201269095, 52.398536904157055 ], [ 4.930724301269297, 52.398688004157144 ], [ 4.930474701269054, 52.398806204157196 ], [ 4.930305701268879, 52.398675104157107 ], [ 4.930249501268825, 52.398630304157116 ], [ 4.929869301268452, 52.398813504157197 ], [ 4.929911301268493, 52.398848804157197 ], [ 4.929967401268548, 52.398821304157224 ], [ 4.930013101268595, 52.398845404157235 ], [ 4.930021101268603, 52.398841504157218 ], [ 4.930078401268664, 52.398887704157261 ] ] ] ] } },
{ "type": "Feature", "properties": { "element": "way", "id": 462667232, "addr:street": null, "leisure": "park", "name": null, "note": null, "sport": null, "wikipedia": null, "access": null, "tourism": null, "website": null, "wikidata": null, "start_date": null, "wikimedia_commons": null, "area": null, "name:nl": null, "name:ru": null, "alt_name": null, "surface": null, "old_name": null, "name:etymology:wikidata": null, "wheelchair": null, "layer": null, "name:de": null, "name:en": null, "name:ko": null, "name:zh": null, "source": null, "landuse": null, "barrier": null, "fence_type": null, "leaf_type": null, "description": null, "opening_hours": null, "addr:city": null, "not": null, "bicycle": null, "foot": null, "motor_vehicle": null, "operator": null, "fee": null, "lit": null, "architect": null, "ref:bag": null, "addr:postcode": null, "smoking": null, "garden:type": null, "check_date": null, "construction": null, "survey:date": null, "type": null, "heritage": null, "heritage:operator": null, "ref:rce": null, "bbq": null, "name:uk": null, "name:zh-Hans": null }, "geometry": { "type": "MultiPolygon", "coordinates": [ [ [ [ 4.886320201224379, 52.38635060415001 ], [ 4.886624801224682, 52.386328404149999 ], [ 4.886629401224689, 52.386356504150022 ], [ 4.886638301224701, 52.386411704150063 ], [ 4.886652601224715, 52.386496804150092 ], [ 4.886661401224734, 52.386648104150204 ], [ 4.886492701224564, 52.386638204150174 ], [ 4.886426901224498, 52.386632904150161 ], [ 4.886367101224437, 52.386599204150201 ], [ 4.886353401224421, 52.386545804150145 ], [ 4.886324801224386, 52.386377704150014 ], [ 4.886320201224379, 52.38635060415001 ] ] ] ] } },
{ "type": "Feature", "properties": { "element": "way", "id": 464614555, "addr:street": null, "leisure": "park", "name": null, "note": null, "sport": null, "wikipedia": null, "access": null, "tourism": null, "website": null, "wikidata": null, "start_date": null, "wikimedia_commons": null, "area": null, "name:nl": null, "name:ru": null, "alt_name": null, "surface": null, "old_name": null, "name:etymology:wikidata": null, "wheelchair": null, "layer": null, "name:de": null, "name:en": null, "name:ko": null, "name:zh": null, "source": null, "landuse": null, "barrier": null, "fence_type": null, "leaf_type": null, "description": null, "opening_hours": null, "addr:city": null, "not": null, "bicycle": null, "foot": null, "motor_vehicle": null, "operator": null, "fee": null, "lit": null, "architect": null, "ref:bag": null, "addr:postcode": null, "smoking": null, "garden:type": null, "check_date": null, "construction": null, "survey:date": null, "type": null, "heritage": null, "heritage:operator": null, "ref:rce": null, "bbq": null, "name:uk": null, "name:zh-Hans": null }, "geometry": { "type": "MultiPolygon", "coordinates": [ [ [ [ 4.87234790120855, 52.34730820412701 ], [ 4.872592001208794, 52.347316404126992 ], [ 4.872610801208806, 52.347160804126901 ], [ 4.872369401208562, 52.347149304126908 ], [ 4.87234790120855, 52.34730820412701 ] ] ] ] } },
{ "type": "Feature", "properties": { "element": "way", "id": 469717931, "addr:street": null, "leisure": "park", "name": null, "note": "Botteskerkpark", "sport": null, "wikipedia": null, "access": null, "tourism": null, "website": null, "wikidata": null, "start_date": null, "wikimedia_commons": null, "area": null, "name:nl": null, "name:ru": null, "alt_name": null, "surface": null, "old_name": null, "name:etymology:wikidata": null, "wheelchair": null, "layer": null, "name:de": null, "name:en": null, "name:ko": null, "name:zh": null, "source": null, "landuse": "forest", "barrier": null, "fence_type": null, "leaf_type": "broadleaved", "description": null, "opening_hours": null, "addr:city": null, "not": null, "bicycle": null, "foot": null, "motor_vehicle": null, "operator": null, "fee": null, "lit": null, "architect": null, "ref:bag": null, "addr:postcode": null, "smoking": null, "garden:type": null, "check_date": null, "construction": null, "survey:date": null, "type": null, "heritage": null, "heritage:operator": null, "ref:rce": null, "bbq": null, "name:uk": null, "name:zh-Hans": null }, "geometry": { "type": "MultiPolygon", "coordinates": [ [ [ [ 4.797555501134449, 52.359986604134612 ], [ 4.798001901134852, 52.359140204134086 ], [ 4.79810850113495, 52.358938004134011 ], [ 4.798435301135246, 52.358318304133647 ], [ 4.798560601135359, 52.358080804133508 ], [ 4.798405401135202, 52.35805070413349 ], [ 4.79816180113498, 52.358492204133725 ], [ 4.797382601134274, 52.359955204134614 ], [ 4.797555501134449, 52.359986604134612 ] ] ] ] } },
{ "type": "Feature", "properties": { "element": "way", "id": 471111446, "addr:street": null, "leisure": "park", "name": "Caspar Flickhof", "note": null, "sport": null, "wikipedia": null, "access": null, "tourism": null, "website": null, "wikidata": null, "start_date": null, "wikimedia_commons": null, "area": null, "name:nl": null, "name:ru": null, "alt_name": null, "surface": null, "old_name": null, "name:etymology:wikidata": null, "wheelchair": null, "layer": null, "name:de": null, "name:en": null, "name:ko": null, "name:zh": null, "source": null, "landuse": null, "barrier": null, "fence_type": null, "leaf_type": null, "description": null, "opening_hours": null, "addr:city": null, "not": null, "bicycle": null, "foot": null, "motor_vehicle": null, "operator": null, "fee": null, "lit": null, "architect": null, "ref:bag": null, "addr:postcode": null, "smoking": null, "garden:type": null, "check_date": null, "construction": null, "survey:date": null, "type": null, "heritage": null, "heritage:operator": null, "ref:rce": null, "bbq": null, "name:uk": null, "name:zh-Hans": null }, "geometry": { "type": "MultiPolygon", "coordinates": [ [ [ [ 4.86356490120068, 52.366120004138125 ], [ 4.863405401200533, 52.366367104138263 ], [ 4.863639501200768, 52.366423404138352 ], [ 4.863798901200918, 52.366176304138172 ], [ 4.86356490120068, 52.366120004138125 ] ] ] ] } },
{ "type": "Feature", "properties": { "element": "way", "id": 487473058, "addr:street": null, "leisure": "park", "name": "Sloterpark", "note": null, "sport": null, "wikipedia": "nl:Sloterpark", "access": null, "tourism": null, "website": null, "wikidata": "Q2660476", "start_date": null, "wikimedia_commons": "Category:Sloterpark", "area": null, "name:nl": null, "name:ru": null, "alt_name": null, "surface": null, "old_name": null, "name:etymology:wikidata": null, "wheelchair": "limited", "layer": null, "name:de": null, "name:en": null, "name:ko": null, "name:zh": null, "source": null, "landuse": null, "barrier": null, "fence_type": null, "leaf_type": null, "description": null, "opening_hours": null, "addr:city": null, "not": null, "bicycle": null, "foot": null, "motor_vehicle": null, "operator": null, "fee": null, "lit": null, "architect": null, "ref:bag": null, "addr:postcode": null, "smoking": null, "garden:type": null, "check_date": null, "construction": null, "survey:date": null, "type": null, "heritage": null, "heritage:operator": null, "ref:rce": null, "bbq": null, "name:uk": null, "name:zh-Hans": null }, "geometry": { "type": "MultiPolygon", "coordinates": [ [ [ [ 4.828416701165653, 52.367770004139182 ], [ 4.828448301165687, 52.367808104139165 ], [ 4.828564101165812, 52.367947904139257 ], [ 4.8291220011664, 52.368623204139688 ], [ 4.829126201166408, 52.368628304139719 ], [ 4.829230801166517, 52.368749304139776 ], [ 4.829971401167301, 52.369644804140279 ], [ 4.830427401167781, 52.370195104140649 ], [ 4.830241701167613, 52.370502904140793 ], [ 4.830208801167584, 52.370597104140842 ], [ 4.826588001164093, 52.373141404142395 ], [ 4.826089501163598, 52.373217804142399 ], [ 4.822294301159835, 52.373799304142736 ], [ 4.821836301159329, 52.372775404142139 ], [ 4.821676901159138, 52.372166404141815 ], [ 4.821421801158872, 52.371877404141635 ], [ 4.820570601158022, 52.371893104141634 ], [ 4.819230101156678, 52.371849904141634 ], [ 4.818247201155706, 52.371995304141663 ], [ 4.817603401155064, 52.372053004141733 ], [ 4.816959701154427, 52.37217870414181 ], [ 4.816441501153911, 52.372156804141838 ], [ 4.813855401151341, 52.372418804141958 ], [ 4.813698101151155, 52.371832904141591 ], [ 4.811680201149148, 52.372027604141742 ], [ 4.81069650114817, 52.372121704141776 ], [ 4.807866201145359, 52.372409804141959 ], [ 4.807628501145119, 52.37238270414197 ], [ 4.807532501145018, 52.372286804141886 ], [ 4.807448801144909, 52.371772304141558 ], [ 4.80724280114469, 52.371473604141386 ], [ 4.806770701144204, 52.37114870414122 ], [ 4.805903801143321, 52.370813404141018 ], [ 4.805757901143155, 52.370373204140797 ], [ 4.809248001146313, 52.363768704136874 ], [ 4.810192201147242, 52.363454204136652 ], [ 4.810793801147795, 52.36247210413606 ], [ 4.81361400115066, 52.36341920413664 ], [ 4.823101601160496, 52.370858204141001 ], [ 4.825589701163001, 52.371245004141237 ], [ 4.827175901164623, 52.372005104141721 ], [ 4.829096601166466, 52.370462104140763 ], [ 4.829835301167185, 52.370020904140517 ], [ 4.828209801165474, 52.368298504139482 ], [ 4.824704901161926, 52.367309504138909 ], [ 4.820326501157385, 52.363876104136885 ], [ 4.817980801154937, 52.36176120413564 ], [ 4.81650700115342, 52.3608486041351 ], [ 4.815228701152168, 52.36137540413543 ], [ 4.81114100114799, 52.359422804134248 ], [ 4.809901301146717, 52.358700804133868 ], [ 4.808440001145319, 52.359983704134621 ], [ 4.809271301146186, 52.360714004135033 ], [ 4.808734001145671, 52.361076204135273 ], [ 4.80860500114554, 52.361090804135259 ], [ 4.808322701145255, 52.361111104135269 ], [ 4.807224301144148, 52.360872704135147 ], [ 4.80726900114419, 52.360793104135091 ], [ 4.807332401144248, 52.360679504135007 ], [ 4.807353401144272, 52.360683704135056 ], [ 4.807411101144328, 52.360695504135037 ], [ 4.807387301144307, 52.36073870413508 ], [ 4.807397601144316, 52.360740804135091 ], [ 4.807400001144319, 52.360737104135062 ], [ 4.807400501144317, 52.360739404135046 ], [ 4.807402201144321, 52.360740604135067 ], [ 4.807605001144527, 52.360779304135107 ], [ 4.807631901144553, 52.360783604135065 ], [ 4.807659101144581, 52.360785904135057 ], [ 4.807688501144609, 52.360785704135097 ], [ 4.807716001144636, 52.360783104135109 ], [ 4.807741001144662, 52.360779204135099 ], [ 4.807765901144686, 52.360773304135087 ], [ 4.80779100114471, 52.360765404135023 ], [ 4.80781180114473, 52.360756704135056 ], [ 4.807831101144749, 52.360746804135061 ], [ 4.80784980114477, 52.360734004135054 ], [ 4.807863701144782, 52.360721804135032 ], [ 4.80787550114479, 52.360708804135044 ], [ 4.807893601144808, 52.360679304135019 ], [ 4.807927101144839, 52.360616004134982 ], [ 4.80793800114485, 52.360595304134975 ], [ 4.80793800114485, 52.360593704134985 ], [ 4.807936701144847, 52.360592704134966 ], [ 4.807940601144852, 52.360586504134972 ], [ 4.807873601144782, 52.360572904134962 ], [ 4.807885201144794, 52.360545604134927 ], [ 4.807919501144826, 52.360481904134915 ], [ 4.807543001144446, 52.360406504134872 ], [ 4.807512001144414, 52.360400304134849 ], [ 4.807465301144368, 52.360390704134844 ], [ 4.807446601144347, 52.360386804134805 ], [ 4.807675801144557, 52.359959304134613 ], [ 4.807687601144567, 52.359938404134567 ], [ 4.807702101144581, 52.359912504134542 ], [ 4.807945101144802, 52.359463004134319 ], [ 4.807950701144807, 52.359452704134291 ], [ 4.80795620114481, 52.359442504134279 ], [ 4.807984901144838, 52.359388204134277 ], [ 4.807993601144843, 52.359370604134256 ], [ 4.808000201144851, 52.359354104134255 ], [ 4.808024601144873, 52.359307004134209 ], [ 4.808030001144874, 52.359295904134207 ], [ 4.808035401144882, 52.359284904134192 ], [ 4.808307201145128, 52.358782504133906 ], [ 4.808311901145133, 52.358773504133893 ], [ 4.808391401145204, 52.358622504133798 ], [ 4.809210301145947, 52.357101404132905 ], [ 4.809291901146027, 52.357030804132862 ], [ 4.809305901146039, 52.357003804132837 ], [ 4.80933710114607, 52.357009804132858 ], [ 4.809442201146165, 52.356817204132739 ], [ 4.809465401146191, 52.356821504132753 ], [ 4.809531601146253, 52.356802404132743 ], [ 4.809600701146317, 52.356663604132656 ], [ 4.80967010114638, 52.356536404132584 ], [ 4.810856101147578, 52.35677340413271 ], [ 4.81091860114764, 52.356785004132718 ], [ 4.811010301147731, 52.356798404132704 ], [ 4.811067201147789, 52.356804604132726 ], [ 4.811130801147852, 52.356811404132728 ], [ 4.811202301147922, 52.356818304132766 ], [ 4.811293301148016, 52.356825504132701 ], [ 4.811358401148082, 52.356828904132726 ], [ 4.811482401148205, 52.356836304132749 ], [ 4.811582401148304, 52.356844804132784 ], [ 4.81166630114839, 52.356853604132738 ], [ 4.81175710114848, 52.356865504132784 ], [ 4.811849801148573, 52.356879804132767 ], [ 4.811937101148662, 52.356895204132748 ], [ 4.812088001148813, 52.356924804132809 ], [ 4.813115101149851, 52.35713250413292 ], [ 4.813095301149835, 52.357168904132926 ], [ 4.813510501150251, 52.357252804132969 ], [ 4.813517901150258, 52.357239904132996 ], [ 4.813783201150522, 52.357266904132985 ], [ 4.81447290115122, 52.357406204133085 ], [ 4.814634501151382, 52.357438104133138 ], [ 4.814945601151695, 52.35749620413312 ], [ 4.815070201151822, 52.357518704133142 ], [ 4.815220901151975, 52.357546904133166 ], [ 4.815290701152045, 52.357559804133132 ], [ 4.815365201152119, 52.357572504133188 ], [ 4.815465201152222, 52.357589204133198 ], [ 4.815574201152328, 52.357606804133205 ], [ 4.815685901152444, 52.357623804133247 ], [ 4.815799101152556, 52.357640804133219 ], [ 4.815894901152652, 52.357654304133227 ], [ 4.815998601152759, 52.357668404133236 ], [ 4.816103801152862, 52.35768190413323 ], [ 4.81621890115298, 52.35769610413324 ], [ 4.816330201153089, 52.357709004133248 ], [ 4.816455601153216, 52.357723104133264 ], [ 4.816605101153367, 52.357738404133293 ], [ 4.816751801153512, 52.357752204133305 ], [ 4.816880101153641, 52.357763704133305 ], [ 4.816981501153744, 52.357771804133314 ], [ 4.817117401153882, 52.357781604133308 ], [ 4.817282301154045, 52.357792804133339 ], [ 4.817400001154163, 52.357799704133328 ], [ 4.81741560115418, 52.357802004133298 ], [ 4.817433201154197, 52.357806104133296 ], [ 4.817522101154287, 52.357832804133331 ], [ 4.8175344011543, 52.357835704133329 ], [ 4.81754680115431, 52.357837304133362 ], [ 4.817842901154608, 52.357849004133342 ], [ 4.818141601154906, 52.35785490413334 ], [ 4.818270701155035, 52.357862904133306 ], [ 4.818298201155062, 52.357863704133351 ], [ 4.818308601155074, 52.357863804133345 ], [ 4.818306701155078, 52.357942204133408 ], [ 4.818340001155109, 52.357941604133401 ], [ 4.818361701155131, 52.357941204133397 ], [ 4.818431301155201, 52.35794120413339 ], [ 4.81867380115544, 52.357958504133386 ], [ 4.818759601155579, 52.358984204134011 ], [ 4.819004501155841, 52.35935500413418 ], [ 4.819034801155877, 52.359411604134245 ], [ 4.81907420115592, 52.359479104134309 ], [ 4.81910540115595, 52.359532204134318 ], [ 4.819131101155978, 52.359568504134337 ], [ 4.819149901156002, 52.359592104134364 ], [ 4.81916960115602, 52.359616404134393 ], [ 4.819188601156042, 52.359637504134376 ], [ 4.819220201156075, 52.359669704134383 ], [ 4.819282201156139, 52.359731104134461 ], [ 4.819521801156389, 52.359963804134594 ], [ 4.819646801156519, 52.360087604134669 ], [ 4.819723401156601, 52.360162804134717 ], [ 4.819799801156678, 52.360237604134774 ], [ 4.819858501156741, 52.360294704134795 ], [ 4.819918901156806, 52.360353904134797 ], [ 4.820109201157003, 52.360540004134933 ], [ 4.820144301157041, 52.360574704134947 ], [ 4.820876601157807, 52.361292204135388 ], [ 4.820834401157767, 52.361300704135395 ], [ 4.820904201157838, 52.361367904135435 ], [ 4.820933901157868, 52.361347504135409 ], [ 4.822237701159231, 52.36262350413616 ], [ 4.822280401159278, 52.362665104136205 ], [ 4.822959901159988, 52.363330304136582 ], [ 4.822981501160011, 52.363351504136546 ], [ 4.823027301160058, 52.363396204136599 ], [ 4.82305600116009, 52.363424404136644 ], [ 4.823286001160328, 52.363648604136714 ], [ 4.82330700116035, 52.363669104136775 ], [ 4.823349701160393, 52.363710704136814 ], [ 4.823379901160427, 52.363737204136811 ], [ 4.823414101160461, 52.363764304136822 ], [ 4.823456001160507, 52.363794704136851 ], [ 4.823491601160541, 52.363817704136835 ], [ 4.823533601160588, 52.363842804136866 ], [ 4.823569701160624, 52.363862504136918 ], [ 4.823618001160671, 52.363886404136878 ], [ 4.823669001160724, 52.363909104136916 ], [ 4.823717801160774, 52.363929104136901 ], [ 4.823762601160819, 52.363944204136935 ], [ 4.823798901160856, 52.363955104136956 ], [ 4.823874101160931, 52.36397640413697 ], [ 4.823933501160992, 52.363989504136974 ], [ 4.824009901161068, 52.36400360413699 ], [ 4.824071501161129, 52.364012404136965 ], [ 4.824133001161194, 52.364018704136953 ], [ 4.824180401161239, 52.364022904136974 ], [ 4.824230901161292, 52.364025804136986 ], [ 4.824301201161362, 52.364028804136986 ], [ 4.824356101161417, 52.364029404136986 ], [ 4.824421201161481, 52.364030104136994 ], [ 4.826744801163805, 52.364053004137006 ], [ 4.826763701163824, 52.364056504136997 ], [ 4.826778101163838, 52.36406250413696 ], [ 4.826786501163848, 52.364068804137013 ], [ 4.826797201163859, 52.364085704136983 ], [ 4.82680730116387, 52.364163704137084 ], [ 4.826809401163878, 52.36420980413709 ], [ 4.826809101163878, 52.364259304137128 ], [ 4.826792601163889, 52.364798004137441 ], [ 4.826778801163896, 52.365273904137702 ], [ 4.826779301163901, 52.365330204137734 ], [ 4.82678490116391, 52.365393304137804 ], [ 4.826790801163917, 52.365430104137829 ], [ 4.826804701163936, 52.365495904137845 ], [ 4.826818901163952, 52.365553804137868 ], [ 4.826844301163979, 52.365642104137947 ], [ 4.826877701164018, 52.365743304138007 ], [ 4.826891401164035, 52.365780804138026 ], [ 4.826919801164066, 52.365852304138052 ], [ 4.826940701164089, 52.365898704138132 ], [ 4.826980801164133, 52.365978704138129 ], [ 4.827020501164178, 52.366048604138157 ], [ 4.827078101164239, 52.366136204138215 ], [ 4.827138001164303, 52.366219304138269 ], [ 4.827175901164343, 52.366267504138271 ], [ 4.827546601164733, 52.366718104138585 ], [ 4.828416701165653, 52.367770004139182 ] ] ] ] } },
{ "type": "Feature", "properties": { "element": "way", "id": 492870448, "addr:street": null, "leisure": "park", "name": "Voorlandpark", "note": null, "sport": null, "wikipedia": null, "access": null, "tourism": null, "website": null, "wikidata": null, "start_date": null, "wikimedia_commons": null, "area": null, "name:nl": null, "name:ru": null, "alt_name": null, "surface": null, "old_name": null, "name:etymology:wikidata": null, "wheelchair": null, "layer": null, "name:de": null, "name:en": null, "name:ko": null, "name:zh": null, "source": null, "landuse": null, "barrier": null, "fence_type": null, "leaf_type": null, "description": null, "opening_hours": null, "addr:city": null, "not": null, "bicycle": null, "foot": null, "motor_vehicle": null, "operator": null, "fee": null, "lit": null, "architect": null, "ref:bag": null, "addr:postcode": null, "smoking": null, "garden:type": null, "check_date": null, "construction": null, "survey:date": null, "type": null, "heritage": null, "heritage:operator": null, "ref:rce": null, "bbq": null, "name:uk": null, "name:zh-Hans": null }, "geometry": { "type": "MultiPolygon", "coordinates": [ [ [ [ 4.953679601289616, 52.343100404124215 ], [ 4.953373101289309, 52.343012104124185 ], [ 4.953157101289087, 52.342943704124146 ], [ 4.952961201288889, 52.34288290412411 ], [ 4.952888001288815, 52.342857904124095 ], [ 4.952810501288735, 52.342831404124098 ], [ 4.952677301288602, 52.342781104124036 ], [ 4.952577001288499, 52.342741304124004 ], [ 4.952492601288412, 52.342707204123997 ], [ 4.952419101288336, 52.342676104123989 ], [ 4.952381301288299, 52.342656204123962 ], [ 4.952251201288166, 52.342591604123925 ], [ 4.952144101288054, 52.342535704123868 ], [ 4.952047701287954, 52.342483604123835 ], [ 4.951955001287863, 52.34242830412385 ], [ 4.951883101287788, 52.342383004123825 ], [ 4.951822001287727, 52.342344304123799 ], [ 4.95178660128769, 52.342320804123794 ], [ 4.951700501287601, 52.342260604123766 ], [ 4.951615701287512, 52.342196204123709 ], [ 4.951580101287477, 52.342163504123711 ], [ 4.951531701287426, 52.342119004123639 ], [ 4.951506201287397, 52.342092204123638 ], [ 4.951458401287349, 52.342035704123617 ], [ 4.9514140012873, 52.341974304123553 ], [ 4.951380301287264, 52.341920904123555 ], [ 4.951353901287237, 52.34187290412352 ], [ 4.951319401287197, 52.341802904123476 ], [ 4.951119601286999, 52.341807604123474 ], [ 4.951118301286999, 52.341835904123514 ], [ 4.95109900128698, 52.341835404123508 ], [ 4.951073501286953, 52.341863404123494 ], [ 4.951048901286931, 52.341890504123526 ], [ 4.950900001286792, 52.342054104123648 ], [ 4.95072360128662, 52.3421662041237 ], [ 4.950721201286618, 52.342164904123706 ], [ 4.9507031012866, 52.342176604123694 ], [ 4.950685401286582, 52.342188104123686 ], [ 4.950765201286664, 52.342239504123739 ], [ 4.950783801286684, 52.342251404123779 ], [ 4.95105140128696, 52.34242290412385 ], [ 4.951238601287151, 52.342541904123912 ], [ 4.951271601287188, 52.342564404123927 ], [ 4.951298001287214, 52.342586304123934 ], [ 4.951331001287247, 52.342618304123953 ], [ 4.95135080128727, 52.342639904123978 ], [ 4.951366301287286, 52.342660504123955 ], [ 4.951382001287303, 52.342685404123984 ], [ 4.951399401287318, 52.342716804124024 ], [ 4.951406801287327, 52.342730604124036 ], [ 4.951484301287414, 52.34289810412411 ], [ 4.951523501287458, 52.342981604124148 ], [ 4.951526801287461, 52.342988404124192 ], [ 4.9515619012875, 52.343060104124227 ], [ 4.951565301287506, 52.343067204124225 ], [ 4.951568401287506, 52.343073404124233 ], [ 4.951579301287517, 52.34309310412425 ], [ 4.95159090128753, 52.343112304124247 ], [ 4.951604601287547, 52.343130404124295 ], [ 4.951620801287564, 52.343148904124313 ], [ 4.951635901287578, 52.343163704124279 ], [ 4.951648901287592, 52.343175004124269 ], [ 4.951661601287605, 52.343186104124257 ], [ 4.951679301287625, 52.343199704124316 ], [ 4.951697501287641, 52.343213604124287 ], [ 4.951712301287658, 52.343223804124342 ], [ 4.951738301287683, 52.343241104124345 ], [ 4.951784801287731, 52.34326850412436 ], [ 4.952241501288201, 52.343540404124546 ], [ 4.952258601288219, 52.343550604124523 ], [ 4.952510801288478, 52.343701904124615 ], [ 4.952619501288591, 52.343768204124636 ], [ 4.952648701288621, 52.34378320412462 ], [ 4.952666701288637, 52.343790104124587 ], [ 4.95267700128865, 52.343781604124651 ], [ 4.952711801288683, 52.34378070412464 ], [ 4.952718301288687, 52.343787004124643 ], [ 4.952724001288694, 52.343791004124654 ], [ 4.953100101289079, 52.343948904124751 ], [ 4.953452801289437, 52.344095104124811 ], [ 4.953471701289456, 52.344102904124846 ], [ 4.953619801289608, 52.344164704124843 ], [ 4.953684901289674, 52.344195804124894 ], [ 4.953742201289734, 52.344226504124904 ], [ 4.953796601289788, 52.344258604124938 ], [ 4.953841901289835, 52.344288504124954 ], [ 4.953936201289934, 52.344359004124946 ], [ 4.954016701290016, 52.344422204125017 ], [ 4.954040901290042, 52.344441204125019 ], [ 4.954047901290046, 52.344444104125017 ], [ 4.954053801290055, 52.344445604125049 ], [ 4.95406130129006, 52.344446404125037 ], [ 4.954074401290076, 52.344444704125031 ], [ 4.954083201290083, 52.344440904125037 ], [ 4.954105601290107, 52.34445220412502 ], [ 4.954371101290364, 52.344263004124919 ], [ 4.954394701290382, 52.344248204124909 ], [ 4.95441820129041, 52.344234704124901 ], [ 4.954446101290436, 52.344220304124875 ], [ 4.954470801290459, 52.344209904124895 ], [ 4.954499001290487, 52.344199304124864 ], [ 4.954666001290652, 52.344150704124836 ], [ 4.954731201290718, 52.344131804124849 ], [ 4.954729001290715, 52.344128904124844 ], [ 4.954726301290711, 52.344125404124853 ], [ 4.954796601290781, 52.344105004124835 ], [ 4.954803501290786, 52.344103004124818 ], [ 4.95487480129086, 52.344081104124797 ], [ 4.954913001290898, 52.344069304124822 ], [ 4.954848801290828, 52.344005704124761 ], [ 4.95479290129077, 52.343950304124718 ], [ 4.95473710129071, 52.343894604124728 ], [ 4.954666301290637, 52.343824404124661 ], [ 4.954594001290562, 52.343754304124616 ], [ 4.954537401290502, 52.343699704124603 ], [ 4.954588001290551, 52.343650704124535 ], [ 4.954628101290589, 52.343617804124527 ], [ 4.95440790129036, 52.34344980412444 ], [ 4.954277201290227, 52.343369704124413 ], [ 4.954143801290093, 52.343296304124323 ], [ 4.953994301289938, 52.343220204124307 ], [ 4.95379900128974, 52.343142704124283 ], [ 4.953679601289616, 52.343100404124215 ] ] ] ] } },
{ "type": "Feature", "properties": { "element": "way", "id": 510750366, "addr:street": null, "leisure": "park", "name": "De Stadstuin", "note": null, "sport": null, "wikipedia": null, "access": "yes", "tourism": null, "website": null, "wikidata": null, "start_date": null, "wikimedia_commons": null, "area": null, "name:nl": null, "name:ru": null, "alt_name": null, "surface": "grass", "old_name": null, "name:etymology:wikidata": null, "wheelchair": null, "layer": null, "name:de": null, "name:en": null, "name:ko": null, "name:zh": null, "source": null, "landuse": null, "barrier": null, "fence_type": null, "leaf_type": null, "description": null, "opening_hours": "08:00-20:00", "addr:city": null, "not": null, "bicycle": null, "foot": null, "motor_vehicle": null, "operator": null, "fee": null, "lit": null, "architect": null, "ref:bag": null, "addr:postcode": null, "smoking": null, "garden:type": null, "check_date": null, "construction": null, "survey:date": null, "type": null, "heritage": null, "heritage:operator": null, "ref:rce": null, "bbq": null, "name:uk": null, "name:zh-Hans": null }, "geometry": { "type": "MultiPolygon", "coordinates": [ [ [ [ 4.905357301242207, 52.361511104135332 ], [ 4.905392001242236, 52.36145010413528 ], [ 4.905683201242532, 52.36151520413533 ], [ 4.905678201242525, 52.361524604135333 ], [ 4.905650601242498, 52.361520004135315 ], [ 4.905618701242469, 52.361578804135334 ], [ 4.905645701242494, 52.361583304135365 ], [ 4.905639701242491, 52.36159400413537 ], [ 4.905612501242465, 52.361590204135375 ], [ 4.905584501242438, 52.361641904135375 ], [ 4.905611601242467, 52.361646704135403 ], [ 4.905580401242435, 52.361703704135387 ], [ 4.905452501242309, 52.361677004135409 ], [ 4.905439101242293, 52.361699804135441 ], [ 4.905275601242132, 52.361666404135356 ], [ 4.905357301242207, 52.361511104135332 ] ] ] ] } },
{ "type": "Feature", "properties": { "element": "way", "id": 526096116, "addr:street": null, "leisure": "park", "name": "Schegpark", "note": null, "sport": null, "wikipedia": null, "access": null, "tourism": null, "website": null, "wikidata": null, "start_date": null, "wikimedia_commons": null, "area": null, "name:nl": null, "name:ru": null, "alt_name": null, "surface": null, "old_name": null, "name:etymology:wikidata": null, "wheelchair": null, "layer": null, "name:de": null, "name:en": null, "name:ko": null, "name:zh": null, "source": null, "landuse": null, "barrier": null, "fence_type": null, "leaf_type": null, "description": null, "opening_hours": null, "addr:city": null, "not": null, "bicycle": null, "foot": null, "motor_vehicle": null, "operator": null, "fee": null, "lit": null, "architect": null, "ref:bag": null, "addr:postcode": null, "smoking": null, "garden:type": null, "check_date": null, "construction": null, "survey:date": null, "type": null, "heritage": null, "heritage:operator": null, "ref:rce": null, "bbq": null, "name:uk": null, "name:zh-Hans": null }, "geometry": { "type": "MultiPolygon", "coordinates": [ [ [ [ 4.903124201241132, 52.385811204149675 ], [ 4.900540701238527, 52.385331504149349 ], [ 4.900470401238458, 52.385317204149366 ], [ 4.900437701238428, 52.385332004149383 ], [ 4.900293101238272, 52.385152804149278 ], [ 4.900486101238459, 52.385031804149193 ], [ 4.900529601238503, 52.38499880414917 ], [ 4.900703201238668, 52.384893704149107 ], [ 4.901401301239347, 52.384465904148875 ], [ 4.901542101239485, 52.384379604148833 ], [ 4.901557601239499, 52.384370204148823 ], [ 4.901591201239531, 52.384349604148802 ], [ 4.901708201239645, 52.38427790414876 ], [ 4.901752501239689, 52.384298004148768 ], [ 4.901885901239824, 52.384358204148832 ], [ 4.902073001240016, 52.38443780414886 ], [ 4.902100601240044, 52.384449504148876 ], [ 4.902131101240075, 52.384462704148845 ], [ 4.902240601240186, 52.384510004148886 ], [ 4.902341101240288, 52.384550304148952 ], [ 4.902251401240203, 52.384627604148974 ], [ 4.90286660124083, 52.384904104149122 ], [ 4.902943401240903, 52.384839804149095 ], [ 4.902948301240909, 52.38483570414904 ], [ 4.903160601241123, 52.384914204149148 ], [ 4.903226801241193, 52.384938704149114 ], [ 4.903299201241266, 52.384965504149172 ], [ 4.903837601241815, 52.385212104149282 ], [ 4.904392701242383, 52.385466404149447 ], [ 4.904294801242289, 52.385542104149515 ], [ 4.904767701242771, 52.385749004149609 ], [ 4.904430001242444, 52.386022304149762 ], [ 4.903124201241132, 52.385811204149675 ] ] ] ] } },
{ "type": "Feature", "properties": { "element": "way", "id": 533397113, "addr:street": null, "leisure": "park", "name": "Steigerpark", "note": null, "sport": null, "wikipedia": null, "access": null, "tourism": null, "website": null, "wikidata": null, "start_date": null, "wikimedia_commons": null, "area": null, "name:nl": null, "name:ru": null, "alt_name": null, "surface": "grass", "old_name": null, "name:etymology:wikidata": null, "wheelchair": null, "layer": null, "name:de": null, "name:en": null, "name:ko": null, "name:zh": null, "source": null, "landuse": null, "barrier": null, "fence_type": null, "leaf_type": null, "description": null, "opening_hours": null, "addr:city": null, "not": null, "bicycle": null, "foot": null, "motor_vehicle": null, "operator": null, "fee": null, "lit": null, "architect": null, "ref:bag": null, "addr:postcode": null, "smoking": null, "garden:type": null, "check_date": null, "construction": null, "survey:date": null, "type": null, "heritage": null, "heritage:operator": null, "ref:rce": null, "bbq": null, "name:uk": null, "name:zh-Hans": null }, "geometry": { "type": "MultiPolygon", "coordinates": [ [ [ [ 4.983052801319793, 52.360935104134683 ], [ 4.983120701319855, 52.360858104134635 ], [ 4.982998001319734, 52.360814004134589 ], [ 4.983618901320324, 52.360258104134275 ], [ 4.983662001320369, 52.360241804134219 ], [ 4.983947501320659, 52.360347804134307 ], [ 4.98441040132113, 52.360519304134421 ], [ 4.984461601321191, 52.360705504134543 ], [ 4.983606801320358, 52.361160904134785 ], [ 4.983321101320065, 52.361042804134733 ], [ 4.983052801319793, 52.360935104134683 ] ] ] ] } },
{ "type": "Feature", "properties": { "element": "way", "id": 536787142, "addr:street": null, "leisure": "park", "name": "Piet Wiedijkpark", "note": null, "sport": null, "wikipedia": null, "access": null, "tourism": null, "website": null, "wikidata": "Q2119692", "start_date": null, "wikimedia_commons": "Category:Piet Wiedijkpark", "area": null, "name:nl": null, "name:ru": null, "alt_name": null, "surface": null, "old_name": null, "name:etymology:wikidata": null, "wheelchair": null, "layer": null, "name:de": null, "name:en": null, "name:ko": null, "name:zh": null, "source": null, "landuse": null, "barrier": null, "fence_type": null, "leaf_type": null, "description": null, "opening_hours": null, "addr:city": null, "not": null, "bicycle": null, "foot": null, "motor_vehicle": null, "operator": null, "fee": null, "lit": null, "architect": null, "ref:bag": null, "addr:postcode": null, "smoking": null, "garden:type": null, "check_date": null, "construction": null, "survey:date": null, "type": null, "heritage": null, "heritage:operator": null, "ref:rce": null, "bbq": null, "name:uk": null, "name:zh-Hans": null }, "geometry": { "type": "MultiPolygon", "coordinates": [ [ [ [ 4.817171801153913, 52.357355004133041 ], [ 4.818455201155201, 52.357461704133122 ], [ 4.818462901155162, 52.356530104132524 ], [ 4.817942601154631, 52.356304004132454 ], [ 4.818366401155012, 52.35538660413188 ], [ 4.818913501155507, 52.354387304131272 ], [ 4.819605501156137, 52.353125904130543 ], [ 4.820199001156682, 52.352184104129961 ], [ 4.82022240115669, 52.351867604129794 ], [ 4.817835301154305, 52.351838104129769 ], [ 4.817854401154336, 52.352087604129913 ], [ 4.818189301154679, 52.352211704129992 ], [ 4.817685101154225, 52.353256904130625 ], [ 4.817475901154012, 52.353220904130602 ], [ 4.816864301153458, 52.354380804131296 ], [ 4.816242101152897, 52.355540604131967 ], [ 4.815694901152399, 52.356556304132575 ], [ 4.817457701154177, 52.356858704132733 ], [ 4.817171801153913, 52.357355004133041 ] ] ] ] } },
{ "type": "Feature", "properties": { "element": "way", "id": 545029841, "addr:street": null, "leisure": "park", "name": "Darwinplantsoen", "note": null, "sport": null, "wikipedia": null, "access": null, "tourism": null, "website": null, "wikidata": "Q31942374", "start_date": "1963", "wikimedia_commons": "Category:Darwinplantsoen, Amsterdam", "area": null, "name:nl": null, "name:ru": null, "alt_name": null, "surface": null, "old_name": null, "name:etymology:wikidata": null, "wheelchair": null, "layer": null, "name:de": null, "name:en": null, "name:ko": null, "name:zh": null, "source": null, "landuse": null, "barrier": null, "fence_type": null, "leaf_type": null, "description": null, "opening_hours": null, "addr:city": null, "not": null, "bicycle": null, "foot": null, "motor_vehicle": null, "operator": null, "fee": null, "lit": null, "architect": "Hans Warnau; Henny Hofman-Kuper", "ref:bag": null, "addr:postcode": null, "smoking": null, "garden:type": null, "check_date": null, "construction": null, "survey:date": null, "type": null, "heritage": null, "heritage:operator": null, "ref:rce": null, "bbq": null, "name:uk": null, "name:zh-Hans": null }, "geometry": { "type": "MultiPolygon", "coordinates": [ [ [ [ 4.931354001267419, 52.345473304125733 ], [ 4.931294501267361, 52.345510304125753 ], [ 4.931251201267318, 52.345484604125765 ], [ 4.931245901267311, 52.345481404125735 ], [ 4.931225901267296, 52.345493804125724 ], [ 4.931231001267298, 52.345496804125744 ], [ 4.931198401267268, 52.345517404125765 ], [ 4.931154401267222, 52.345545204125777 ], [ 4.931170201267239, 52.345554504125765 ], [ 4.931182701267252, 52.345561804125794 ], [ 4.931187501267258, 52.345564604125798 ], [ 4.931192401267264, 52.345567604125804 ], [ 4.931198601267267, 52.345571204125797 ], [ 4.931191901267262, 52.345575304125774 ], [ 4.930766901266848, 52.345837704125913 ], [ 4.930430901266524, 52.346046804126068 ], [ 4.930016801266123, 52.346304004126232 ], [ 4.930010401266116, 52.346300204126202 ], [ 4.930005301266112, 52.346297104126229 ], [ 4.930000801266107, 52.346294404126219 ], [ 4.92995690126606, 52.346268004126216 ], [ 4.929919801266026, 52.346291004126215 ], [ 4.929973301266079, 52.346323204126264 ], [ 4.929979801266087, 52.34632710412621 ], [ 4.929976201266082, 52.346329304126265 ], [ 4.929966501266072, 52.346323404126224 ], [ 4.929947601266053, 52.34633520412627 ], [ 4.929928201266035, 52.346347304126233 ], [ 4.929938201266046, 52.346353304126289 ], [ 4.929780601265894, 52.346451204126318 ], [ 4.929526301265647, 52.346610304126429 ], [ 4.929249901265378, 52.346783304126504 ], [ 4.929033601265168, 52.346915504126599 ], [ 4.929013201265149, 52.34692920412661 ], [ 4.929005501265142, 52.346939404126623 ], [ 4.929001501265137, 52.346949804126609 ], [ 4.929001301265136, 52.346957304126626 ], [ 4.929004001265143, 52.346971504126628 ], [ 4.929007001265146, 52.346983004126599 ], [ 4.929016701265156, 52.347000804126623 ], [ 4.929071401265213, 52.347098904126682 ], [ 4.929053401265197, 52.34710180412673 ], [ 4.929044801265189, 52.347103304126719 ], [ 4.92903650126518, 52.34710460412672 ], [ 4.929029101265173, 52.34710580412667 ], [ 4.9290534012652, 52.347161404126659 ], [ 4.929075501265222, 52.347157804126724 ], [ 4.929133301265287, 52.347289804126824 ], [ 4.929135401265287, 52.347297404126806 ], [ 4.92913800126529, 52.347310504126824 ], [ 4.929137201265291, 52.347313404126822 ], [ 4.929134701265288, 52.347315804126815 ], [ 4.929130801265286, 52.347317904126804 ], [ 4.929125301265279, 52.347318404126817 ], [ 4.929119401265271, 52.34731810412687 ], [ 4.929114401265269, 52.347316304126849 ], [ 4.929100701265256, 52.347307804126835 ], [ 4.929043001265196, 52.347276004126797 ], [ 4.928934401265084, 52.347215504126787 ], [ 4.928717301264862, 52.347094204126719 ], [ 4.928500301264638, 52.346973804126627 ], [ 4.928251401264382, 52.346835404126544 ], [ 4.928219801264353, 52.346819504126572 ], [ 4.928025601264153, 52.346711604126497 ], [ 4.927819601263942, 52.346578304126396 ], [ 4.927827101263945, 52.346574004126389 ], [ 4.927817601263938, 52.346569104126374 ], [ 4.927838801263957, 52.346554304126393 ], [ 4.927876101263994, 52.346529504126359 ], [ 4.927905401264023, 52.346509704126376 ], [ 4.927901601264018, 52.34650760412638 ], [ 4.927984401264097, 52.346451904126312 ], [ 4.928045101264158, 52.346411104126304 ], [ 4.928172501264279, 52.346324904126227 ], [ 4.928281501264387, 52.346251204126219 ], [ 4.928349501264455, 52.346205704126191 ], [ 4.928464201264564, 52.346136704126152 ], [ 4.928567401264663, 52.346073404126102 ], [ 4.928670401264762, 52.346004604126065 ], [ 4.928911101264992, 52.345851204125943 ], [ 4.929066301265145, 52.345753104125912 ], [ 4.929211201265287, 52.345663204125835 ], [ 4.929355001265426, 52.345568104125775 ], [ 4.929480401265547, 52.345485404125732 ], [ 4.929561501265629, 52.345430904125678 ], [ 4.929654101265716, 52.345371104125682 ], [ 4.929838501265896, 52.345256404125614 ], [ 4.930181101266226, 52.345022904125436 ], [ 4.930651501266681, 52.344701904125252 ], [ 4.930804701266831, 52.344597904125209 ], [ 4.930956301266977, 52.344500604125166 ], [ 4.931081701267098, 52.344420904125116 ], [ 4.931249001267259, 52.344314804125077 ], [ 4.931417301267422, 52.344213004124967 ], [ 4.931575501267576, 52.344115704124917 ], [ 4.931708301267706, 52.344034604124879 ], [ 4.931806501267802, 52.343976204124829 ], [ 4.931887001267879, 52.343928704124814 ], [ 4.93194800126794, 52.343896804124796 ], [ 4.932117701268103, 52.34380810412474 ], [ 4.932282601268263, 52.3437147041247 ], [ 4.932415101268392, 52.343647104124663 ], [ 4.932514301268489, 52.343590304124604 ], [ 4.932610901268587, 52.343542004124593 ], [ 4.932651401268624, 52.343520104124565 ], [ 4.932812001268781, 52.34341750412451 ], [ 4.932911501268875, 52.343355104124484 ], [ 4.932942801268909, 52.343374204124494 ], [ 4.932973101268938, 52.343355704124455 ], [ 4.932984701268949, 52.343351804124445 ], [ 4.933002101268967, 52.34334720412447 ], [ 4.933020201268984, 52.343343904124424 ], [ 4.933038201269001, 52.343341404124466 ], [ 4.93305530126902, 52.34334040412444 ], [ 4.933071001269036, 52.343340104124451 ], [ 4.933084301269047, 52.343340104124465 ], [ 4.933099001269064, 52.343342104124453 ], [ 4.933111801269075, 52.343344104124455 ], [ 4.933124901269091, 52.34334950412449 ], [ 4.933134601269099, 52.343356004124466 ], [ 4.933141301269108, 52.343364004124496 ], [ 4.933145601269112, 52.343374004124485 ], [ 4.93314560126911, 52.343389604124475 ], [ 4.933145301269112, 52.343419904124495 ], [ 4.933148001269117, 52.34344880412452 ], [ 4.933153701269124, 52.343475404124533 ], [ 4.933159701269132, 52.343501404124559 ], [ 4.933169101269142, 52.343527904124571 ], [ 4.933180801269154, 52.343553704124581 ], [ 4.933193901269168, 52.34357870412461 ], [ 4.933210001269186, 52.343602004124591 ], [ 4.933224401269201, 52.34362270412462 ], [ 4.933239201269219, 52.343641304124631 ], [ 4.933254901269231, 52.34365870412465 ], [ 4.933266001269244, 52.343671804124668 ], [ 4.933283401269264, 52.343689204124672 ], [ 4.93332730126931, 52.343725804124702 ], [ 4.933363801269349, 52.343750504124685 ], [ 4.933367701269352, 52.34375310412468 ], [ 4.933493201269479, 52.343829304124753 ], [ 4.933490601269475, 52.343830904124736 ], [ 4.933484701269472, 52.343834604124751 ], [ 4.933553001269542, 52.343875504124789 ], [ 4.933565801269556, 52.343883204124801 ], [ 4.933599901269588, 52.343903604124783 ], [ 4.933614301269606, 52.34391220412477 ], [ 4.933664101269655, 52.34394200412482 ], [ 4.933670201269662, 52.343945604124805 ], [ 4.933674801269667, 52.343948404124824 ], [ 4.933681701269673, 52.343952604124794 ], [ 4.933687601269678, 52.343948904124829 ], [ 4.933704201269697, 52.343957804124834 ], [ 4.933701301269693, 52.343959804124829 ], [ 4.933707101269699, 52.34396290412483 ], [ 4.933712801269708, 52.343967204124844 ], [ 4.933715401269707, 52.343972104124845 ], [ 4.933716601269712, 52.343976004124812 ], [ 4.933716601269712, 52.343984104124836 ], [ 4.933715101269708, 52.34399090412483 ], [ 4.933711901269707, 52.343996304124794 ], [ 4.933706101269701, 52.344001104124843 ], [ 4.93369520126969, 52.34400760412484 ], [ 4.933574801269573, 52.344079304124904 ], [ 4.933550401269549, 52.344063904124866 ], [ 4.933432601269432, 52.344136804124915 ], [ 4.933468201269468, 52.344158304124946 ], [ 4.933300501269306, 52.344262104125008 ], [ 4.932912001268932, 52.344504504125148 ], [ 4.932631001268657, 52.344678004125278 ], [ 4.932567201268593, 52.344640404125265 ], [ 4.932561601268588, 52.344637904125243 ], [ 4.932542801268571, 52.344649404125221 ], [ 4.93252320126855, 52.344661504125256 ], [ 4.932528601268556, 52.344664804125237 ], [ 4.932591101268619, 52.344702604125274 ], [ 4.932309301268345, 52.344879204125377 ], [ 4.932132101268174, 52.344988904125437 ], [ 4.932113601268156, 52.345000504125409 ], [ 4.931917201267964, 52.345123204125528 ], [ 4.931412601267476, 52.34543660412573 ], [ 4.931354001267419, 52.345473304125733 ] ] ] ] } },
{ "type": "Feature", "properties": { "element": "way", "id": 545030634, "addr:street": null, "leisure": "park", "name": "Galileïplantsoen", "note": null, "sport": null, "wikipedia": null, "access": null, "tourism": null, "website": null, "wikidata": null, "start_date": null, "wikimedia_commons": null, "area": null, "name:nl": null, "name:ru": null, "alt_name": null, "surface": null, "old_name": null, "name:etymology:wikidata": "Q307", "wheelchair": null, "layer": null, "name:de": null, "name:en": null, "name:ko": null, "name:zh": null, "source": null, "landuse": null, "barrier": null, "fence_type": null, "leaf_type": null, "description": null, "opening_hours": null, "addr:city": null, "not": null, "bicycle": null, "foot": null, "motor_vehicle": null, "operator": null, "fee": null, "lit": null, "architect": null, "ref:bag": null, "addr:postcode": null, "smoking": null, "garden:type": null, "check_date": null, "construction": null, "survey:date": null, "type": null, "heritage": null, "heritage:operator": null, "ref:rce": null, "bbq": null, "name:uk": null, "name:zh-Hans": null }, "geometry": { "type": "MultiPolygon", "coordinates": [ [ [ [ 4.936632601273026, 52.352534104129887 ], [ 4.937170701273549, 52.352205604129701 ], [ 4.940376401276834, 52.353992904130727 ], [ 4.941063101277539, 52.354409004130979 ], [ 4.941224301277709, 52.354530004131057 ], [ 4.941197401277686, 52.354654504131133 ], [ 4.940698501277202, 52.354969104131293 ], [ 4.93765670127408, 52.353190104130263 ], [ 4.936632601273026, 52.352534104129887 ] ] ] ] } },
{ "type": "Feature", "properties": { "element": "way", "id": 545032852, "addr:street": null, "leisure": "park", "name": "Hortusplantsoen", "note": null, "sport": null, "wikipedia": "nl:Hortusplantsoen", "access": null, "tourism": null, "website": null, "wikidata": "Q7476523", "start_date": null, "wikimedia_commons": "Category:Hortusplantsoen, Amsterdam", "area": null, "name:nl": null, "name:ru": null, "alt_name": null, "surface": null, "old_name": null, "name:etymology:wikidata": null, "wheelchair": null, "layer": null, "name:de": null, "name:en": null, "name:ko": null, "name:zh": null, "source": null, "landuse": null, "barrier": null, "fence_type": null, "leaf_type": null, "description": null, "opening_hours": null, "addr:city": null, "not": null, "bicycle": null, "foot": null, "motor_vehicle": null, "operator": null, "fee": null, "lit": null, "architect": null, "ref:bag": null, "addr:postcode": null, "smoking": null, "garden:type": null, "check_date": null, "construction": null, "survey:date": null, "type": null, "heritage": null, "heritage:operator": null, "ref:rce": null, "bbq": null, "name:uk": null, "name:zh-Hans": null }, "geometry": { "type": "MultiPolygon", "coordinates": [ [ [ [ 4.907817501244876, 52.366014204137919 ], [ 4.90756330124463, 52.366164004138064 ], [ 4.907300501244373, 52.366263904138115 ], [ 4.907047001244123, 52.366340604138173 ], [ 4.906972601244051, 52.366363104138209 ], [ 4.906552101243635, 52.366465404138253 ], [ 4.906320801243405, 52.366515304138268 ], [ 4.906254701243341, 52.366507004138263 ], [ 4.905573701242655, 52.366421804138206 ], [ 4.905571101242653, 52.366390204138206 ], [ 4.906208801243283, 52.366331104138162 ], [ 4.90679500124387, 52.366326704138146 ], [ 4.90703390124411, 52.366297304138115 ], [ 4.90755800124462, 52.366098504138002 ], [ 4.907817501244876, 52.366014204137919 ] ] ] ] } },
{ "type": "Feature", "properties": { "element": "way", "id": 545208783, "addr:street": null, "leisure": "park", "name": "Prins Bernhardpark", "note": null, "sport": null, "wikipedia": null, "access": null, "tourism": null, "website": null, "wikidata": null, "start_date": null, "wikimedia_commons": null, "area": null, "name:nl": null, "name:ru": null, "alt_name": null, "surface": null, "old_name": null, "name:etymology:wikidata": null, "wheelchair": null, "layer": null, "name:de": null, "name:en": null, "name:ko": null, "name:zh": null, "source": null, "landuse": null, "barrier": null, "fence_type": null, "leaf_type": null, "description": null, "opening_hours": null, "addr:city": null, "not": null, "bicycle": null, "foot": null, "motor_vehicle": null, "operator": null, "fee": null, "lit": null, "architect": null, "ref:bag": null, "addr:postcode": null, "smoking": null, "garden:type": null, "check_date": null, "construction": null, "survey:date": null, "type": null, "heritage": null, "heritage:operator": null, "ref:rce": null, "bbq": null, "name:uk": null, "name:zh-Hans": null }, "geometry": { "type": "MultiPolygon", "coordinates": [ [ [ [ 4.926377401262558, 52.347829904127153 ], [ 4.926358001262537, 52.34784030412716 ], [ 4.926334801262517, 52.347848704127159 ], [ 4.926311401262494, 52.347856504127115 ], [ 4.92628860126247, 52.34786240412717 ], [ 4.926264401262445, 52.347866304127159 ], [ 4.926240601262421, 52.347869204127143 ], [ 4.926128601262312, 52.347874704127165 ], [ 4.92600760126219, 52.347879404127163 ], [ 4.92598850126217, 52.347881504127152 ], [ 4.925969401262153, 52.3478850041272 ], [ 4.925951301262136, 52.347891504127183 ], [ 4.925932201262115, 52.34790180412719 ], [ 4.925876901262063, 52.347939004127227 ], [ 4.925871801262057, 52.347936204127194 ], [ 4.925740401261931, 52.348021804127235 ], [ 4.925575101261767, 52.3481283041273 ], [ 4.92538800126159, 52.348248504127376 ], [ 4.925316901261522, 52.348292504127414 ], [ 4.925238801261443, 52.348336804127428 ], [ 4.925156001261363, 52.348382004127494 ], [ 4.925069501261277, 52.348427104127488 ], [ 4.924981001261194, 52.348469704127524 ], [ 4.924897201261111, 52.34850570412754 ], [ 4.924837801261052, 52.348528504127557 ], [ 4.924769801260987, 52.34855260412759 ], [ 4.924659101260877, 52.348591404127617 ], [ 4.924518701260739, 52.348635804127653 ], [ 4.924371501260595, 52.348678804127658 ], [ 4.924250801260474, 52.348710804127684 ], [ 4.924089201260313, 52.348744704127647 ], [ 4.923975801260203, 52.348764004127716 ], [ 4.924017301260246, 52.348790204127717 ], [ 4.924055301260283, 52.348814204127741 ], [ 4.92397970126021, 52.34884320412776 ], [ 4.9241599012604, 52.34902270412789 ], [ 4.924185601260427, 52.34904960412787 ], [ 4.924198901260438, 52.349063504127869 ], [ 4.924291001260537, 52.349159904127951 ], [ 4.924376801260626, 52.349249804127979 ], [ 4.924435201260686, 52.34930830412803 ], [ 4.924444001260696, 52.349317204128042 ], [ 4.924466301260719, 52.349339504128061 ], [ 4.924556201260813, 52.34942880412811 ], [ 4.924648701260912, 52.349519504128168 ], [ 4.924741901261008, 52.349608404128205 ], [ 4.924836201261107, 52.349702604128275 ], [ 4.924882401261155, 52.349748104128281 ], [ 4.924962201261238, 52.349825704128335 ], [ 4.925038301261316, 52.349899204128377 ], [ 4.925049101261329, 52.349903704128401 ], [ 4.925060501261339, 52.349905604128367 ], [ 4.92507150126135, 52.349905804128369 ], [ 4.925080901261361, 52.349904104128377 ], [ 4.92509060126137, 52.349901104128378 ], [ 4.925100401261379, 52.349896104128376 ], [ 4.925241801261516, 52.349814804128322 ], [ 4.925332901261606, 52.349773904128313 ], [ 4.925331201261605, 52.349772504128303 ], [ 4.925391701261662, 52.349737404128284 ], [ 4.925444701261714, 52.349705704128276 ], [ 4.925504401261772, 52.349669904128234 ], [ 4.925500901261771, 52.349667704128251 ], [ 4.925551901261821, 52.349637104128227 ], [ 4.925565101261833, 52.349629204128206 ], [ 4.925645201261911, 52.349581204128192 ], [ 4.925574001261835, 52.349536404128166 ], [ 4.92553040126179, 52.34950890412815 ], [ 4.925015301261261, 52.34918470412795 ], [ 4.924959101261203, 52.349159604127941 ], [ 4.9248597012611, 52.34906080412788 ], [ 4.924885301261126, 52.349051104127838 ], [ 4.924837801261074, 52.348999304127837 ], [ 4.924887101261124, 52.348982504127832 ], [ 4.92503730126127, 52.348927604127766 ], [ 4.925166701261398, 52.348875004127805 ], [ 4.925263301261492, 52.348835504127749 ], [ 4.9253756012616, 52.348782604127678 ], [ 4.92551780126174, 52.348710804127698 ], [ 4.925662901261882, 52.348632904127619 ], [ 4.925798101262015, 52.348551604127564 ], [ 4.925942601262153, 52.348459304127537 ], [ 4.926089101262295, 52.348361104127477 ], [ 4.926241601262442, 52.348259004127428 ], [ 4.926398201262595, 52.348152904127346 ], [ 4.926556101262745, 52.34804640412726 ], [ 4.92656970126276, 52.348037104127272 ], [ 4.926715401262901, 52.347938004127208 ], [ 4.926875001263056, 52.34782910412715 ], [ 4.927003401263176, 52.347740604127104 ], [ 4.927036901263212, 52.34773200412706 ], [ 4.927061401263237, 52.347732604127067 ], [ 4.927096301263271, 52.34773550412713 ], [ 4.927132501263308, 52.347740804127064 ], [ 4.927169001263345, 52.347746304127078 ], [ 4.927197201263373, 52.347750604127107 ], [ 4.9272237012634, 52.347759404127103 ], [ 4.927250501263429, 52.347770904127124 ], [ 4.927284301263463, 52.3477871041271 ], [ 4.927310801263489, 52.347800804127097 ], [ 4.927354401263535, 52.347831704127152 ], [ 4.927361101263541, 52.347846704127143 ], [ 4.927367501263549, 52.347867204127184 ], [ 4.927369801263552, 52.347882304127189 ], [ 4.927363501263545, 52.347885604127157 ], [ 4.927422101263606, 52.347924504127192 ], [ 4.927472101263658, 52.347959304127215 ], [ 4.927480601263664, 52.347955604127236 ], [ 4.927491901263678, 52.347953504127219 ], [ 4.927503301263688, 52.347953104127214 ], [ 4.927514801263701, 52.347954404127222 ], [ 4.927524901263711, 52.347957504127223 ], [ 4.927531901263719, 52.347961704127229 ], [ 4.927536301263722, 52.347965804127213 ], [ 4.927540201263724, 52.347970104127221 ], [ 4.927542201263729, 52.347974304127213 ], [ 4.927542501263731, 52.347978804127223 ], [ 4.927542001263729, 52.347983204127225 ], [ 4.927541001263728, 52.347987604127226 ], [ 4.927539501263728, 52.347990704127241 ], [ 4.927529901263715, 52.347998404127267 ], [ 4.927535101263724, 52.348003804127224 ], [ 4.927545501263733, 52.348017804127259 ], [ 4.927565301263757, 52.34804670412727 ], [ 4.927594501263787, 52.348090604127293 ], [ 4.927596301263789, 52.348098504127307 ], [ 4.927594601263787, 52.3481052041273 ], [ 4.927589601263781, 52.348110104127315 ], [ 4.927578701263771, 52.348117704127311 ], [ 4.927543801263737, 52.348143804127311 ], [ 4.927535501263732, 52.348155904127339 ], [ 4.927529401263726, 52.348170104127334 ], [ 4.927529101263725, 52.348179104127347 ], [ 4.927569701263769, 52.348220204127365 ], [ 4.927562901263759, 52.348221904127378 ], [ 4.927604801263803, 52.348247904127398 ], [ 4.927707901263906, 52.348265404127382 ], [ 4.927695101263898, 52.348292204127432 ], [ 4.927659201263863, 52.348313004127448 ], [ 4.92765650126386, 52.348317104127425 ], [ 4.927656201263861, 52.348321804127458 ], [ 4.927659501263862, 52.348325104127433 ], [ 4.927685201263889, 52.348341404127432 ], [ 4.92770440126391, 52.348353604127468 ], [ 4.927737201263941, 52.348334104127453 ], [ 4.927865401264063, 52.348257704127413 ], [ 4.927915701264114, 52.348228404127362 ], [ 4.927932401264131, 52.348209004127362 ], [ 4.927957201264154, 52.348185804127347 ], [ 4.927976701264174, 52.348171304127348 ], [ 4.928000201264194, 52.348155904127324 ], [ 4.92814770126434, 52.348064004127274 ], [ 4.928304301264489, 52.347969804127231 ], [ 4.928427601264608, 52.34789690412719 ], [ 4.928457801264639, 52.347879904127169 ], [ 4.92847860126466, 52.347871704127165 ], [ 4.928502401264683, 52.347863504127176 ], [ 4.928528601264708, 52.347855704127156 ], [ 4.928556401264736, 52.347848904127098 ], [ 4.928582701264762, 52.347841304127137 ], [ 4.928580201264759, 52.347839904127177 ], [ 4.928629301264808, 52.347810404127124 ], [ 4.928585901264762, 52.347783204127118 ], [ 4.928573801264749, 52.347778104127144 ], [ 4.928557601264733, 52.34777290412709 ], [ 4.928537301264713, 52.347766404127107 ], [ 4.928516301264692, 52.347757504127088 ], [ 4.92849490126467, 52.347748104127106 ], [ 4.928478101264652, 52.347740104127112 ], [ 4.92845610126463, 52.347728504127062 ], [ 4.928383501264556, 52.347686504127054 ], [ 4.92827940126445, 52.347626404127013 ], [ 4.928171501264338, 52.347565004126977 ], [ 4.928062001264227, 52.347504104126955 ], [ 4.927950501264113, 52.347441404126904 ], [ 4.927862701264021, 52.347392204126884 ], [ 4.927838401263997, 52.347378604126874 ], [ 4.92778130126394, 52.347346304126845 ], [ 4.927727201263881, 52.347315704126849 ], [ 4.927703801263857, 52.347302904126821 ], [ 4.927615501263766, 52.347252304126805 ], [ 4.927667201263819, 52.347217504126768 ], [ 4.92770110126385, 52.347195104126804 ], [ 4.927706301263855, 52.347190804126768 ], [ 4.927709301263859, 52.347186304126751 ], [ 4.927710301263859, 52.347180704126778 ], [ 4.927708101263858, 52.347175404126716 ], [ 4.927703901263852, 52.347170204126733 ], [ 4.927629201263778, 52.347128304126727 ], [ 4.927535101263679, 52.347075804126703 ], [ 4.92742730126357, 52.347016704126666 ], [ 4.927291101263429, 52.346943704126602 ], [ 4.927277501263415, 52.346936204126649 ], [ 4.927135501263277, 52.347032504126702 ], [ 4.927030701263177, 52.347102804126727 ], [ 4.927011801263158, 52.347115504126748 ], [ 4.927001001263148, 52.347128604126723 ], [ 4.926993001263143, 52.347141504126753 ], [ 4.926989301263135, 52.347154604126743 ], [ 4.926989001263137, 52.34716770412674 ], [ 4.926993301263143, 52.347191504126762 ], [ 4.927002001263153, 52.347248204126807 ], [ 4.927015501263173, 52.347328904126861 ], [ 4.927017801263174, 52.347353704126888 ], [ 4.927014801263173, 52.347372304126885 ], [ 4.927007701263168, 52.347389704126883 ], [ 4.926996001263156, 52.347407404126898 ], [ 4.926979901263139, 52.347424604126914 ], [ 4.926955801263115, 52.347442804126906 ], [ 4.92690620126307, 52.347475604126942 ], [ 4.926737201262904, 52.347590704126986 ], [ 4.926552101262726, 52.34771420412708 ], [ 4.926377401262558, 52.347829904127153 ] ] ] ] } },
{ "type": "Feature", "properties": { "element": "way", "id": 545209964, "addr:street": null, "leisure": "park", "name": "Snodenhoekpark", "note": null, "sport": null, "wikipedia": "nl:Snodenhoekpark", "access": null, "tourism": null, "website": null, "wikidata": "Q4035885", "start_date": null, "wikimedia_commons": null, "area": null, "name:nl": null, "name:ru": null, "alt_name": null, "surface": null, "old_name": null, "name:etymology:wikidata": null, "wheelchair": null, "layer": null, "name:de": null, "name:en": null, "name:ko": null, "name:zh": null, "source": null, "landuse": null, "barrier": null, "fence_type": null, "leaf_type": null, "description": null, "opening_hours": null, "addr:city": null, "not": null, "bicycle": null, "foot": null, "motor_vehicle": null, "operator": null, "fee": null, "lit": null, "architect": null, "ref:bag": null, "addr:postcode": null, "smoking": null, "garden:type": null, "check_date": null, "construction": null, "survey:date": null, "type": null, "heritage": null, "heritage:operator": null, "ref:rce": null, "bbq": null, "name:uk": null, "name:zh-Hans": null }, "geometry": { "type": "MultiPolygon", "coordinates": [ [ [ [ 4.975229001308686, 52.289742604092396 ], [ 4.975241901308713, 52.290070304092552 ], [ 4.975302301308776, 52.290113004092603 ], [ 4.975285301308782, 52.290605704092854 ], [ 4.975245601308777, 52.291384904093356 ], [ 4.974891601308424, 52.291368704093337 ], [ 4.974854101308408, 52.291831304093627 ], [ 4.974862801308423, 52.291958004093708 ], [ 4.974795101308358, 52.292057704093764 ], [ 4.974694801308262, 52.292157104093796 ], [ 4.974550401308121, 52.292193304093843 ], [ 4.974288401307856, 52.292174004093816 ], [ 4.974166301307732, 52.29211500409378 ], [ 4.97407070130763, 52.29202610409375 ], [ 4.97405270130761, 52.291933104093687 ], [ 4.974411901307939, 52.291282704093305 ], [ 4.974056401307582, 52.291203904093237 ], [ 4.975113301308578, 52.289887504092491 ], [ 4.975229001308686, 52.289742604092396 ] ] ] ] } },
{ "type": "Feature", "properties": { "element": "way", "id": 582364321, "addr:street": null, "leisure": "park", "name": null, "note": null, "sport": null, "wikipedia": null, "access": null, "tourism": null, "website": null, "wikidata": null, "start_date": null, "wikimedia_commons": null, "area": null, "name:nl": null, "name:ru": null, "alt_name": null, "surface": null, "old_name": null, "name:etymology:wikidata": null, "wheelchair": null, "layer": null, "name:de": null, "name:en": null, "name:ko": null, "name:zh": null, "source": null, "landuse": null, "barrier": null, "fence_type": null, "leaf_type": null, "description": null, "opening_hours": null, "addr:city": null, "not": null, "bicycle": null, "foot": null, "motor_vehicle": null, "operator": null, "fee": null, "lit": null, "architect": null, "ref:bag": null, "addr:postcode": null, "smoking": null, "garden:type": null, "check_date": null, "construction": null, "survey:date": null, "type": null, "heritage": null, "heritage:operator": null, "ref:rce": null, "bbq": null, "name:uk": null, "name:zh-Hans": null }, "geometry": { "type": "MultiPolygon", "coordinates": [ [ [ [ 4.917523701255447, 52.384496404148841 ], [ 4.917772401255657, 52.383728204148383 ], [ 4.918016101255905, 52.383757104148408 ], [ 4.917934301255833, 52.38400700414855 ], [ 4.917795901255696, 52.384015204148554 ], [ 4.917641001255563, 52.384512804148855 ], [ 4.917523701255447, 52.384496404148841 ] ] ] ] } },
{ "type": "Feature", "properties": { "element": "way", "id": 593859668, "addr:street": null, "leisure": "park", "name": null, "note": null, "sport": null, "wikipedia": null, "access": null, "tourism": null, "website": null, "wikidata": null, "start_date": null, "wikimedia_commons": null, "area": null, "name:nl": null, "name:ru": null, "alt_name": null, "surface": null, "old_name": null, "name:etymology:wikidata": null, "wheelchair": null, "layer": null, "name:de": null, "name:en": null, "name:ko": null, "name:zh": null, "source": null, "landuse": null, "barrier": null, "fence_type": null, "leaf_type": null, "description": null, "opening_hours": null, "addr:city": null, "not": null, "bicycle": null, "foot": null, "motor_vehicle": null, "operator": null, "fee": null, "lit": null, "architect": null, "ref:bag": null, "addr:postcode": null, "smoking": null, "garden:type": null, "check_date": null, "construction": null, "survey:date": null, "type": null, "heritage": null, "heritage:operator": null, "ref:rce": null, "bbq": null, "name:uk": null, "name:zh-Hans": null }, "geometry": { "type": "MultiPolygon", "coordinates": [ [ [ [ 4.986536601323139, 52.358028604132933 ], [ 4.986650301323189, 52.356645504132089 ], [ 4.988871701325354, 52.355457404131393 ], [ 4.989451001325922, 52.355219804131238 ], [ 4.990224801326702, 52.355434604131361 ], [ 4.990311601326797, 52.355525604131437 ], [ 4.990237201326723, 52.355563504131432 ], [ 4.99043580132693, 52.355742304131518 ], [ 4.989167901325694, 52.356450204131967 ], [ 4.990026101326582, 52.357092404132345 ], [ 4.98943850132601, 52.357402104132568 ], [ 4.989064401325631, 52.357300204132471 ], [ 4.988828001325396, 52.357342204132507 ], [ 4.987358501323968, 52.358175304132999 ], [ 4.986536601323139, 52.358028604132933 ] ] ] ] } },
{ "type": "Feature", "properties": { "element": "way", "id": 604753359, "addr:street": null, "leisure": "park", "name": "Noorderpark", "note": null, "sport": null, "wikipedia": "nl:Noorderpark (Amsterdam)", "access": null, "tourism": null, "website": null, "wikidata": "Q2480678", "start_date": null, "wikimedia_commons": "Category:Noorderpark", "area": null, "name:nl": null, "name:ru": null, "alt_name": null, "surface": null, "old_name": null, "name:etymology:wikidata": null, "wheelchair": null, "layer": null, "name:de": null, "name:en": null, "name:ko": null, "name:zh": null, "source": null, "landuse": null, "barrier": null, "fence_type": null, "leaf_type": null, "description": null, "opening_hours": null, "addr:city": null, "not": null, "bicycle": null, "foot": null, "motor_vehicle": null, "operator": null, "fee": null, "lit": null, "architect": null, "ref:bag": null, "addr:postcode": null, "smoking": null, "garden:type": null, "check_date": null, "construction": null, "survey:date": null, "type": null, "heritage": null, "heritage:operator": null, "ref:rce": null, "bbq": null, "name:uk": null, "name:zh-Hans": null }, "geometry": { "type": "MultiPolygon", "coordinates": [ [ [ [ 4.918731101257325, 52.39866300415715 ], [ 4.917342601255916, 52.3982227041569 ], [ 4.917795401256345, 52.397710704156587 ], [ 4.918346401256834, 52.396394204155875 ], [ 4.918365101256828, 52.395909704155535 ], [ 4.918075601256503, 52.395140304155092 ], [ 4.917898101256279, 52.394131504154522 ], [ 4.91766930125602, 52.393490304154142 ], [ 4.9174685012558, 52.393097004153873 ], [ 4.91727230125559, 52.392837704153692 ], [ 4.917277001255561, 52.392079604153267 ], [ 4.916954801255206, 52.391409904152894 ], [ 4.916172601254392, 52.39066060415248 ], [ 4.916183701254401, 52.390656304152465 ], [ 4.916183101254399, 52.390654004152445 ], [ 4.916288301254501, 52.390613804152444 ], [ 4.916298901254517, 52.390613504152469 ], [ 4.916310101254524, 52.390612704152403 ], [ 4.916318501254533, 52.390611004152433 ], [ 4.916325901254541, 52.390608404152417 ], [ 4.916364401254578, 52.390590304152418 ], [ 4.916404701254617, 52.390571904152416 ], [ 4.916465001254676, 52.390546004152412 ], [ 4.91654850125476, 52.390513504152395 ], [ 4.916749401254956, 52.390435504152329 ], [ 4.916924301255126, 52.390368604152293 ], [ 4.917001701255203, 52.390339404152314 ], [ 4.917093001255291, 52.390291504152266 ], [ 4.91727660125547, 52.390195704152219 ], [ 4.917373501255565, 52.390146104152159 ], [ 4.917469301255657, 52.390100904152149 ], [ 4.917598601255786, 52.390043604152098 ], [ 4.917678901255862, 52.390012704152063 ], [ 4.917970801256151, 52.389898404152 ], [ 4.918187101256359, 52.389815704151978 ], [ 4.918297401256471, 52.389774404151922 ], [ 4.918355401256528, 52.389751804151899 ], [ 4.918406101256577, 52.389735004151923 ], [ 4.918454201256624, 52.389720304151872 ], [ 4.918479501256649, 52.38971310415188 ], [ 4.918504201256672, 52.389707204151918 ], [ 4.918549001256717, 52.38969620415191 ], [ 4.918608301256777, 52.389684204151891 ], [ 4.918635601256802, 52.389679804151882 ], [ 4.91867280125684, 52.389673904151906 ], [ 4.918714301256886, 52.389668304151847 ], [ 4.918741001256907, 52.389665004151901 ], [ 4.918764101256929, 52.389664704151883 ], [ 4.91879120125696, 52.389667204151884 ], [ 4.918806301256973, 52.389669504151868 ], [ 4.918827101256993, 52.389673904151863 ], [ 4.918849201257016, 52.389680704151864 ], [ 4.918859101257026, 52.389683704151892 ], [ 4.918876801257042, 52.389689604151847 ], [ 4.918899501257069, 52.38969880415187 ], [ 4.918917801257085, 52.389708504151926 ], [ 4.918932001257101, 52.389717204151914 ], [ 4.918952301257121, 52.389731504151932 ], [ 4.919005601257179, 52.389776404151945 ], [ 4.919055101257228, 52.389818404151939 ], [ 4.919110001257285, 52.38986390415198 ], [ 4.919313501257498, 52.390034004152056 ], [ 4.91943070125762, 52.390132004152157 ], [ 4.919646501257841, 52.390313504152253 ], [ 4.91972930125793, 52.390384004152303 ], [ 4.919766501257967, 52.390414804152329 ], [ 4.919820001258023, 52.390466704152345 ], [ 4.919850901258056, 52.39053020415237 ], [ 4.919908101258117, 52.390647304152459 ], [ 4.920134101258361, 52.390976904152659 ], [ 4.920150601258379, 52.390999604152661 ], [ 4.920195601258423, 52.390988204152649 ], [ 4.920198801258426, 52.390987704152671 ], [ 4.920227501258455, 52.391023904152675 ], [ 4.920242701258474, 52.391040004152643 ], [ 4.920267901258497, 52.391061804152692 ], [ 4.920296901258529, 52.391083104152671 ], [ 4.920326201258558, 52.39110190415272 ], [ 4.920359201258594, 52.3911197041527 ], [ 4.920386801258621, 52.391131904152729 ], [ 4.920373201258609, 52.391143804152726 ], [ 4.920366901258602, 52.391148204152742 ], [ 4.920417101258654, 52.391174104152761 ], [ 4.920444501258681, 52.391182404152765 ], [ 4.92059140125883, 52.391227804152813 ], [ 4.920645401258884, 52.391240904152831 ], [ 4.920842301259081, 52.391270004152815 ], [ 4.921018401259258, 52.391301504152793 ], [ 4.92130600125955, 52.391404804152891 ], [ 4.921418501259666, 52.39144680415292 ], [ 4.921538001259786, 52.39149830415294 ], [ 4.921625601259877, 52.391552704153 ], [ 4.921679801259935, 52.391608204153002 ], [ 4.921703501259957, 52.391608404152983 ], [ 4.921932601260186, 52.39160280415301 ], [ 4.921967001260218, 52.391602104153002 ], [ 4.92200650126026, 52.391600704152992 ], [ 4.922076101260329, 52.391597304152953 ], [ 4.922150901260403, 52.391591204152974 ], [ 4.92221790126047, 52.39158350415299 ], [ 4.922267801260521, 52.391576404152964 ], [ 4.92231910126057, 52.391567004152961 ], [ 4.922211501260454, 52.391408004152872 ], [ 4.92198320126021, 52.391066704152713 ], [ 4.921869701260089, 52.390896104152588 ], [ 4.921756801259968, 52.390724204152491 ], [ 4.921725101259933, 52.390664004152455 ], [ 4.921703201259907, 52.390585304152388 ], [ 4.921694501259896, 52.390500304152333 ], [ 4.921698601259894, 52.390396804152296 ], [ 4.921701901259894, 52.390284104152229 ], [ 4.921704001259892, 52.390226504152196 ], [ 4.921722201259907, 52.390154904152133 ], [ 4.921718101259901, 52.390154904152141 ], [ 4.921746601259928, 52.390090104152115 ], [ 4.921775901259957, 52.390019804152082 ], [ 4.921802201259977, 52.389955904151982 ], [ 4.921812201259988, 52.389929204152033 ], [ 4.921817401259991, 52.389903304152035 ], [ 4.921819201259993, 52.389889604151975 ], [ 4.92181800125999, 52.389872704152012 ], [ 4.921815901259986, 52.389853704151982 ], [ 4.921811401259981, 52.389828304151955 ], [ 4.921800201259967, 52.389799804151913 ], [ 4.921793301259958, 52.389786804151932 ], [ 4.921779601259947, 52.38976560415194 ], [ 4.92176270125993, 52.389743104151904 ], [ 4.921852501260017, 52.389716804151917 ], [ 4.92185590126002, 52.389718604151902 ], [ 4.921859301260024, 52.389720104151905 ], [ 4.921864601260029, 52.389721704151903 ], [ 4.921869801260033, 52.389723104151891 ], [ 4.921875701260042, 52.38972410415191 ], [ 4.921883101260046, 52.389724504151907 ], [ 4.921890101260056, 52.389724204151889 ], [ 4.921897201260061, 52.389723504151902 ], [ 4.921903801260069, 52.3897221041519 ], [ 4.921910101260073, 52.389720004151876 ], [ 4.92191600126008, 52.389717004151883 ], [ 4.921992801260151, 52.389652604151848 ], [ 4.92203060126019, 52.389669304151852 ], [ 4.922027901260189, 52.38967160415185 ], [ 4.922032601260192, 52.389673704151861 ], [ 4.922028401260191, 52.389677104151886 ], [ 4.922199301260365, 52.389753704151929 ], [ 4.922413701260584, 52.389849704151963 ], [ 4.922394601260564, 52.389865504151985 ], [ 4.922441901260612, 52.389886704151998 ], [ 4.922460901260631, 52.389870904151984 ], [ 4.922938101261117, 52.390084704152116 ], [ 4.922900501261082, 52.390115904152125 ], [ 4.922984601261168, 52.390153604152125 ], [ 4.923022101261204, 52.390122504152131 ], [ 4.923238201261424, 52.390220504152168 ], [ 4.923516101261707, 52.390346004152235 ], [ 4.923520401261712, 52.390342404152257 ], [ 4.923566001261758, 52.390363004152242 ], [ 4.923561201261754, 52.390366904152287 ], [ 4.923653701261849, 52.390408404152289 ], [ 4.923621301261817, 52.390437604152304 ], [ 4.923679401261876, 52.390465604152304 ], [ 4.923692401261889, 52.390454304152286 ], [ 4.923858401262058, 52.390528704152374 ], [ 4.923987501262189, 52.390586304152372 ], [ 4.924099101262303, 52.390636204152401 ], [ 4.924119601262324, 52.3906191041524 ], [ 4.924210401262416, 52.390660104152403 ], [ 4.924211801262417, 52.390660804152432 ], [ 4.924217201262422, 52.390656304152436 ], [ 4.924244401262451, 52.390669804152431 ], [ 4.924248401262452, 52.390671804152426 ], [ 4.924251501262457, 52.390675804152437 ], [ 4.924252901262459, 52.390679304152457 ], [ 4.924252801262459, 52.390683804152438 ], [ 4.92422340126244, 52.390888904152582 ], [ 4.924242301262457, 52.390882504152557 ], [ 4.924330601262549, 52.390975704152638 ], [ 4.92430920126253, 52.390982904152658 ], [ 4.92432880126255, 52.390990604152563 ], [ 4.92462600126285, 52.39110680415272 ], [ 4.924620701262846, 52.391115304152706 ], [ 4.924614101262841, 52.391124304152704 ], [ 4.924610001262836, 52.391131304152708 ], [ 4.92460520126283, 52.391141104152723 ], [ 4.924601601262828, 52.391152504152707 ], [ 4.92460020126283, 52.391163304152741 ], [ 4.924600501262829, 52.391174104152746 ], [ 4.924604201262833, 52.391184504152719 ], [ 4.924618001262849, 52.391215604152769 ], [ 4.924631601262862, 52.391248104152787 ], [ 4.924644901262877, 52.391280604152804 ], [ 4.924654501262888, 52.391302904152795 ], [ 4.92465540126289, 52.391308604152819 ], [ 4.924655401262891, 52.391315104152795 ], [ 4.92465430126289, 52.391318704152837 ], [ 4.924650901262888, 52.391321204152788 ], [ 4.924644801262882, 52.391323904152834 ], [ 4.924629101262866, 52.391330704152836 ], [ 4.924623801262859, 52.391333204152843 ], [ 4.92462110126286, 52.391336104152842 ], [ 4.924620001262856, 52.391339804152842 ], [ 4.924614801262853, 52.391362104152847 ], [ 4.924613801262852, 52.391366604152815 ], [ 4.924593301262832, 52.391391204152889 ], [ 4.924560001262805, 52.391529204152953 ], [ 4.924537101262783, 52.391527104152956 ], [ 4.924521601262771, 52.39159140415299 ], [ 4.924544501262791, 52.391593504153008 ], [ 4.924414301262689, 52.392159804153316 ], [ 4.924400101262675, 52.392158304153334 ], [ 4.924386901262665, 52.392213704153328 ], [ 4.924401401262678, 52.392214904153349 ], [ 4.924288801262588, 52.392677904153608 ], [ 4.924288101262588, 52.392681204153625 ], [ 4.924287901262589, 52.392681604153665 ], [ 4.924292401262593, 52.392682004153627 ], [ 4.924289201262591, 52.392695404153642 ], [ 4.92428600126259, 52.392709004153637 ], [ 4.924281401262581, 52.392708704153677 ], [ 4.924280701262583, 52.392712104153631 ], [ 4.924277701262579, 52.392711904153636 ], [ 4.924216401262529, 52.392962504153793 ], [ 4.924199101262518, 52.393033004153835 ], [ 4.924145001262473, 52.393263804153982 ], [ 4.924168401262499, 52.393277304153969 ], [ 4.924180601262511, 52.393284304153987 ], [ 4.92417960126251, 52.393290004153975 ], [ 4.924178401262506, 52.393296304153992 ], [ 4.924174201262505, 52.393319904154026 ], [ 4.924172301262505, 52.393331704154029 ], [ 4.924170201262504, 52.393344204154005 ], [ 4.924169801262503, 52.393363104154027 ], [ 4.924172801262507, 52.393392104154039 ], [ 4.92418200126252, 52.393440304154062 ], [ 4.924188601262527, 52.393468104154067 ], [ 4.924202301262541, 52.393501504154109 ], [ 4.924218301262558, 52.393535204154134 ], [ 4.924263101262607, 52.393616304154186 ], [ 4.924311501262661, 52.393704404154214 ], [ 4.924336701262688, 52.393750604154263 ], [ 4.924430301262789, 52.393924704154358 ], [ 4.924432901262792, 52.393928504154367 ], [ 4.924446401262806, 52.393948604154382 ], [ 4.924464801262825, 52.39397350415436 ], [ 4.924462201262823, 52.393972404154397 ], [ 4.924460101262821, 52.393972104154351 ], [ 4.92445710126282, 52.393972404154376 ], [ 4.924439501262801, 52.393975104154379 ], [ 4.9244361012628, 52.393976604154375 ], [ 4.924433301262796, 52.393978804154386 ], [ 4.924432001262796, 52.393982004154374 ], [ 4.924365901262727, 52.39399100415438 ], [ 4.924539101262922, 52.394435604154651 ], [ 4.924577701262964, 52.394532104154713 ], [ 4.924606901262999, 52.394601404154763 ], [ 4.924617801263011, 52.394621304154761 ], [ 4.924628901263022, 52.394638904154782 ], [ 4.924646101263039, 52.394662204154756 ], [ 4.924658801263051, 52.394678604154812 ], [ 4.924677901263074, 52.394695704154827 ], [ 4.924696101263094, 52.394712004154798 ], [ 4.924722501263119, 52.394731504154798 ], [ 4.924755301263153, 52.394752104154833 ], [ 4.924806201263206, 52.394777004154889 ], [ 4.924871901263273, 52.394809004154894 ], [ 4.92495810126336, 52.394851104154924 ], [ 4.925001501263404, 52.394873504154901 ], [ 4.925031401263436, 52.394894704154964 ], [ 4.925051401263457, 52.394919604154936 ], [ 4.925087501263495, 52.394971504154952 ], [ 4.925096701263505, 52.39498480415498 ], [ 4.924739001263153, 52.395075704155033 ], [ 4.924700601263113, 52.395024504154982 ], [ 4.924661201263072, 52.395033804154991 ], [ 4.924322301262713, 52.394596004154756 ], [ 4.924309001262701, 52.394578704154753 ], [ 4.924343501262732, 52.394569404154751 ], [ 4.924344201262734, 52.394569204154742 ], [ 4.924286201262671, 52.394488304154692 ], [ 4.924251801262638, 52.3944975041547 ], [ 4.924041401262414, 52.394199804154546 ], [ 4.923855301262259, 52.394844104154892 ], [ 4.923836101262244, 52.394911704154943 ], [ 4.923827501262236, 52.394910804154939 ], [ 4.923803401262215, 52.394995704154965 ], [ 4.92379770126221, 52.395015804155001 ], [ 4.923764001262182, 52.39513420415507 ], [ 4.923703301262131, 52.395354304155184 ], [ 4.923679701262112, 52.395440004155247 ], [ 4.923685801262121, 52.395440704155263 ], [ 4.923682201262115, 52.395453804155252 ], [ 4.923612501262045, 52.395447404155263 ], [ 4.923601501262037, 52.39549110415529 ], [ 4.923546301261988, 52.39563230415537 ], [ 4.923532401261973, 52.395629004155381 ], [ 4.923515601261959, 52.395626804155377 ], [ 4.92349720126194, 52.395626504155331 ], [ 4.923480001261921, 52.395627504155371 ], [ 4.923463301261904, 52.395630304155318 ], [ 4.923441801261883, 52.395636004155385 ], [ 4.923428401261869, 52.395641604155379 ], [ 4.923416401261859, 52.395648804155407 ], [ 4.923406401261849, 52.395656804155415 ], [ 4.923398401261841, 52.395666204155376 ], [ 4.923393701261839, 52.395675204155395 ], [ 4.923391601261837, 52.395682104155412 ], [ 4.923439001261889, 52.395795304155463 ], [ 4.923478801261932, 52.395890904155515 ], [ 4.923479301261933, 52.395900904155532 ], [ 4.92347550126193, 52.395911704155516 ], [ 4.923431901261894, 52.396044504155604 ], [ 4.923351701261823, 52.396267304155714 ], [ 4.923280501261766, 52.396453804155868 ], [ 4.92318570126168, 52.396707604155999 ], [ 4.92316260126166, 52.396761704156035 ], [ 4.923149901261649, 52.396788404156048 ], [ 4.923139301261638, 52.396784604156032 ], [ 4.923131601261628, 52.396776404156029 ], [ 4.922990901261487, 52.39672970415603 ], [ 4.92295700126145, 52.396717704155996 ], [ 4.922952501261446, 52.396722304156022 ], [ 4.922949301261443, 52.396727904156002 ], [ 4.922946301261443, 52.396733804156021 ], [ 4.922941801261436, 52.39673880415603 ], [ 4.922936701261432, 52.396744304156037 ], [ 4.922929101261425, 52.396750304156022 ], [ 4.922920601261418, 52.396753504155996 ], [ 4.922913401261411, 52.396756404156065 ], [ 4.922901901261396, 52.396759404156022 ], [ 4.922891101261388, 52.396760504156028 ], [ 4.92288200126138, 52.396761004156062 ], [ 4.922869701261367, 52.396760404156019 ], [ 4.922854501261352, 52.396758304156037 ], [ 4.922839901261336, 52.396754104156052 ], [ 4.922825501261321, 52.396748504156029 ], [ 4.922812901261307, 52.396741804156036 ], [ 4.922798501261292, 52.396733504155996 ], [ 4.922779201261273, 52.396719804155993 ], [ 4.922759701261254, 52.396700804156012 ], [ 4.922558201261037, 52.396392704155822 ], [ 4.922242101260693, 52.395777204155493 ], [ 4.922194501260641, 52.395713004155418 ], [ 4.922205301260649, 52.395681104155393 ], [ 4.922242301260686, 52.395666904155362 ], [ 4.922277001260723, 52.395652004155366 ], [ 4.922201401260639, 52.395506004155266 ], [ 4.922188201260624, 52.395505904155328 ], [ 4.922173201260607, 52.395505204155263 ], [ 4.922117801260556, 52.395492304155276 ], [ 4.922085001260522, 52.395480404155286 ], [ 4.922056101260491, 52.395459604155292 ], [ 4.922040201260477, 52.395440504155268 ], [ 4.921986701260417, 52.395330304155209 ], [ 4.921933401260358, 52.395218204155128 ], [ 4.921675401260075, 52.394690404154829 ], [ 4.921581501259973, 52.394504804154685 ], [ 4.921330201259698, 52.394007304154385 ], [ 4.921008501259348, 52.393418104154037 ], [ 4.92083460125916, 52.39306880415387 ], [ 4.920730901259047, 52.39287310415375 ], [ 4.920600101258903, 52.392630004153588 ], [ 4.920476501258771, 52.392384804153473 ], [ 4.92034870125863, 52.392140804153307 ], [ 4.920228201258499, 52.391893604153161 ], [ 4.920149701258411, 52.391735504153061 ], [ 4.92006390125832, 52.391578704153005 ], [ 4.919890301258131, 52.391261304152806 ], [ 4.919805001258038, 52.391092604152711 ], [ 4.919718501257943, 52.390925204152609 ], [ 4.919579801257792, 52.390643604152437 ], [ 4.919577101257786, 52.390644004152442 ], [ 4.919565601257777, 52.39064530415245 ], [ 4.918896601257078, 52.389992104152064 ], [ 4.918638201256808, 52.38974040415188 ], [ 4.918639301256809, 52.389738604151937 ], [ 4.918594401256765, 52.389747404151926 ], [ 4.918547201256719, 52.389758604151908 ], [ 4.91850750125668, 52.389768604151961 ], [ 4.91847860125665, 52.389776504151975 ], [ 4.918419101256593, 52.389796004151947 ], [ 4.918364301256539, 52.389817104151973 ], [ 4.918362401256537, 52.389813904151971 ], [ 4.918167301256347, 52.38988900415201 ], [ 4.918171201256349, 52.389892504152016 ], [ 4.918028301256208, 52.389947804152008 ], [ 4.918247401256438, 52.390159204152155 ], [ 4.918355901256551, 52.390270404152247 ], [ 4.918715201256929, 52.390650104152499 ], [ 4.919072601257308, 52.391079404152705 ], [ 4.919338601257588, 52.391463004152925 ], [ 4.919470101257731, 52.391664304153011 ], [ 4.920632701258993, 52.393834704154322 ], [ 4.920929701259317, 52.394393604154672 ], [ 4.921068601259469, 52.394665704154818 ], [ 4.921307801259733, 52.395211104155138 ], [ 4.921433001259869, 52.395448304155252 ], [ 4.921851201260325, 52.396250104155754 ], [ 4.921912101260395, 52.396448904155854 ], [ 4.921936601260428, 52.396592004155934 ], [ 4.921912901260407, 52.396725604155975 ], [ 4.921855901260359, 52.396868304156122 ], [ 4.921754301260263, 52.396999604156164 ], [ 4.92120520125974, 52.397481204156463 ], [ 4.921019701259561, 52.397643804156523 ], [ 4.920845701259394, 52.397818004156626 ], [ 4.920639401259198, 52.398016404156778 ], [ 4.920629601259188, 52.398027604156788 ], [ 4.920447801259018, 52.398235704156917 ], [ 4.920331601258908, 52.39840000415699 ], [ 4.920262901258848, 52.398550404157106 ], [ 4.92021620125881, 52.398717604157198 ], [ 4.920225001258824, 52.398809704157273 ], [ 4.920292001258896, 52.398923404157287 ], [ 4.920396201259003, 52.398991004157331 ], [ 4.920449601259056, 52.399010404157359 ], [ 4.92053170125914, 52.399032904157394 ], [ 4.920591101259198, 52.3990413041574 ], [ 4.920648901259257, 52.399056404157356 ], [ 4.920761601259369, 52.39909200415741 ], [ 4.920881201259494, 52.399121704157409 ], [ 4.92099430125961, 52.399142504157453 ], [ 4.921090401259703, 52.399105504157411 ], [ 4.92122210125983, 52.399050804157362 ], [ 4.92128290125989, 52.399068704157372 ], [ 4.921256201259866, 52.399098904157427 ], [ 4.921283901259894, 52.399108004157419 ], [ 4.9212915012599, 52.399102704157421 ], [ 4.921371101259981, 52.399128104157406 ], [ 4.921354901259966, 52.399154304157427 ], [ 4.921377201259989, 52.399193504157466 ], [ 4.921307801259923, 52.399232704157491 ], [ 4.921235801259853, 52.399281604157508 ], [ 4.9211811012598, 52.399318604157529 ], [ 4.921083001259704, 52.399337804157582 ], [ 4.920975201259597, 52.399328304157549 ], [ 4.92081960125944, 52.399334104157539 ], [ 4.920752301259374, 52.399347104157563 ], [ 4.920614201259239, 52.399423404157623 ], [ 4.9205723012592, 52.39944400415763 ], [ 4.92044050125907, 52.399517304157655 ], [ 4.920371201259, 52.399534604157679 ], [ 4.920215001258843, 52.399416704157602 ], [ 4.920112101258737, 52.399362604157574 ], [ 4.919940001258561, 52.399290104157522 ], [ 4.919777701258395, 52.39923330415747 ], [ 4.919445601258061, 52.399121804157424 ], [ 4.919181501257794, 52.399039504157393 ], [ 4.91888340125749, 52.398947704157301 ], [ 4.918577601257178, 52.398853404157265 ], [ 4.918573601257175, 52.398852204157265 ], [ 4.918731101257325, 52.39866300415715 ] ] ] ] } },
{ "type": "Feature", "properties": { "element": "way", "id": 611837444, "addr:street": null, "leisure": "park", "name": null, "note": null, "sport": null, "wikipedia": null, "access": null, "tourism": null, "website": null, "wikidata": null, "start_date": null, "wikimedia_commons": null, "area": null, "name:nl": null, "name:ru": null, "alt_name": null, "surface": null, "old_name": null, "name:etymology:wikidata": null, "wheelchair": "yes", "layer": null, "name:de": null, "name:en": null, "name:ko": null, "name:zh": null, "source": null, "landuse": null, "barrier": null, "fence_type": null, "leaf_type": null, "description": null, "opening_hours": null, "addr:city": null, "not": null, "bicycle": null, "foot": null, "motor_vehicle": null, "operator": null, "fee": null, "lit": null, "architect": null, "ref:bag": null, "addr:postcode": null, "smoking": null, "garden:type": null, "check_date": null, "construction": null, "survey:date": null, "type": null, "heritage": null, "heritage:operator": null, "ref:rce": null, "bbq": null, "name:uk": null, "name:zh-Hans": null }, "geometry": { "type": "MultiPolygon", "coordinates": [ [ [ [ 4.85809260119413, 52.343696004124894 ], [ 4.858147601194185, 52.343703104124891 ], [ 4.858335301194375, 52.343727204124875 ], [ 4.85844580119447, 52.343389704124746 ], [ 4.858417701194444, 52.343386304124721 ], [ 4.858373401194394, 52.343381004124673 ], [ 4.858216101194237, 52.3433620041247 ], [ 4.85809260119413, 52.343696004124894 ] ] ] ] } },
{ "type": "Feature", "properties": { "element": "way", "id": 612004384, "addr:street": null, "leisure": "park", "name": "Tweede Weteringplantsoen", "note": null, "sport": null, "wikipedia": null, "access": null, "tourism": null, "website": null, "wikidata": null, "start_date": null, "wikimedia_commons": null, "area": null, "name:nl": null, "name:ru": null, "alt_name": null, "surface": null, "old_name": null, "name:etymology:wikidata": null, "wheelchair": null, "layer": null, "name:de": null, "name:en": null, "name:ko": null, "name:zh": null, "source": null, "landuse": null, "barrier": null, "fence_type": null, "leaf_type": null, "description": null, "opening_hours": null, "addr:city": null, "not": null, "bicycle": null, "foot": null, "motor_vehicle": null, "operator": null, "fee": null, "lit": null, "architect": null, "ref:bag": null, "addr:postcode": null, "smoking": null, "garden:type": null, "check_date": null, "construction": null, "survey:date": null, "type": null, "heritage": null, "heritage:operator": null, "ref:rce": null, "bbq": null, "name:uk": null, "name:zh-Hans": null }, "geometry": { "type": "MultiPolygon", "coordinates": [ [ [ [ 4.891464301228194, 52.3587150041337 ], [ 4.891456401228181, 52.358646904133671 ], [ 4.89144870122817, 52.358581004133619 ], [ 4.891443901228167, 52.358539604133604 ], [ 4.891437201228157, 52.35844740413355 ], [ 4.892767601229478, 52.358370504133504 ], [ 4.89289940122966, 52.3593974041341 ], [ 4.892103001228863, 52.359380604134074 ], [ 4.891969801228728, 52.359375804134061 ], [ 4.891802801228563, 52.3593743041341 ], [ 4.891743301228503, 52.359374504134088 ], [ 4.891713601228475, 52.359378104134088 ], [ 4.891659601228418, 52.359342104134051 ], [ 4.89163470122839, 52.359327904134005 ], [ 4.891629101228386, 52.359316304134033 ], [ 4.891621801228378, 52.359290504134044 ], [ 4.891625401228383, 52.359262604134045 ], [ 4.891619401228374, 52.359210804133994 ], [ 4.891612801228363, 52.359175404133964 ], [ 4.891592301228342, 52.359138404133951 ], [ 4.891572001228319, 52.359106504133898 ], [ 4.891528401228275, 52.359059604133883 ], [ 4.891445401228187, 52.359000204133871 ], [ 4.891535901228274, 52.358948804133846 ], [ 4.891563501228304, 52.358925004133837 ], [ 4.89162960122837, 52.358926204133816 ], [ 4.891642501228382, 52.358900104133795 ], [ 4.891884701228618, 52.358791504133762 ], [ 4.89184910122858, 52.35875590413373 ], [ 4.891464301228194, 52.3587150041337 ] ] ] ] } },
{ "type": "Feature", "properties": { "element": "way", "id": 618322110, "addr:street": null, "leisure": "park", "name": "Heemtuin", "note": null, "sport": null, "wikipedia": null, "access": null, "tourism": null, "website": null, "wikidata": null, "start_date": null, "wikimedia_commons": null, "area": null, "name:nl": null, "name:ru": null, "alt_name": null, "surface": null, "old_name": null, "name:etymology:wikidata": null, "wheelchair": null, "layer": null, "name:de": null, "name:en": null, "name:ko": null, "name:zh": null, "source": null, "landuse": null, "barrier": null, "fence_type": null, "leaf_type": null, "description": null, "opening_hours": null, "addr:city": null, "not": null, "bicycle": null, "foot": null, "motor_vehicle": null, "operator": null, "fee": null, "lit": null, "architect": null, "ref:bag": null, "addr:postcode": null, "smoking": null, "garden:type": null, "check_date": null, "construction": null, "survey:date": null, "type": null, "heritage": null, "heritage:operator": null, "ref:rce": null, "bbq": null, "name:uk": null, "name:zh-Hans": null }, "geometry": { "type": "MultiPolygon", "coordinates": [ [ [ [ 4.799098901134791, 52.335693604120202 ], [ 4.798735401134433, 52.335778404120269 ], [ 4.798561801134251, 52.335628504120194 ], [ 4.799309501134982, 52.335311604120008 ], [ 4.799379001135051, 52.335296104120012 ], [ 4.799462301135136, 52.335308804120025 ], [ 4.799860501135546, 52.335533704120117 ], [ 4.799798001135485, 52.335577604120139 ], [ 4.79917070113486, 52.335627104120178 ], [ 4.799188001134881, 52.33568650412024 ], [ 4.799098901134791, 52.335693604120202 ] ] ] ] } },
{ "type": "Feature", "properties": { "element": "way", "id": 671264366, "addr:street": null, "leisure": "park", "name": "Houthavenpark", "note": null, "sport": null, "wikipedia": "nl:Houthavenpark", "access": null, "tourism": null, "website": null, "wikidata": "Q106730240", "start_date": null, "wikimedia_commons": null, "area": null, "name:nl": null, "name:ru": null, "alt_name": null, "surface": null, "old_name": null, "name:etymology:wikidata": null, "wheelchair": null, "layer": null, "name:de": null, "name:en": null, "name:ko": null, "name:zh": null, "source": null, "landuse": null, "barrier": null, "fence_type": null, "leaf_type": null, "description": null, "opening_hours": null, "addr:city": null, "not": null, "bicycle": null, "foot": null, "motor_vehicle": null, "operator": null, "fee": null, "lit": null, "architect": null, "ref:bag": "0363300011952159", "addr:postcode": null, "smoking": null, "garden:type": null, "check_date": null, "construction": null, "survey:date": null, "type": null, "heritage": null, "heritage:operator": null, "ref:rce": null, "bbq": null, "name:uk": null, "name:zh-Hans": null }, "geometry": { "type": "MultiPolygon", "coordinates": [ [ [ [ 4.879209601217561, 52.392196204153507 ], [ 4.879427901217774, 52.392112104153433 ], [ 4.879662501218004, 52.392031904153392 ], [ 4.880014201218351, 52.391943004153333 ], [ 4.880479301218828, 52.392200704153488 ], [ 4.880665401218994, 52.391778004153231 ], [ 4.880719401219046, 52.391729204153179 ], [ 4.881092801219427, 52.391933404153328 ], [ 4.881301001219628, 52.391791104153214 ], [ 4.881253001219573, 52.391635704153153 ], [ 4.881233401219551, 52.391588704153129 ], [ 4.880819701219131, 52.391442104153008 ], [ 4.880608701218918, 52.391381904153015 ], [ 4.880505601218814, 52.391384804153013 ], [ 4.880098701218411, 52.391433404153027 ], [ 4.879501901217819, 52.391510504153089 ], [ 4.879481501217795, 52.391471904153065 ], [ 4.878399801216722, 52.391634104153134 ], [ 4.878183701216512, 52.391726004153206 ], [ 4.878215901216549, 52.391848204153284 ], [ 4.878035301216373, 52.391917704153329 ], [ 4.877506701215863, 52.392318604153544 ], [ 4.877339901215707, 52.39246090415363 ], [ 4.877220201215589, 52.392559304153707 ], [ 4.877048101215424, 52.392675104153746 ], [ 4.876881901215262, 52.392759604153767 ], [ 4.876752701215135, 52.392805804153831 ], [ 4.876536001214922, 52.392874304153906 ], [ 4.876299301214689, 52.392927604153897 ], [ 4.876227701214617, 52.392938604153947 ], [ 4.876152501214545, 52.392944104153962 ], [ 4.876042001214431, 52.392948104153952 ], [ 4.875755601214148, 52.392951204153945 ], [ 4.87575620121415, 52.392983704153949 ], [ 4.875538401213933, 52.392982404153969 ], [ 4.875536601213931, 52.393005404153968 ], [ 4.875537101213935, 52.393043004153995 ], [ 4.875557801213986, 52.393731504154374 ], [ 4.876411501214839, 52.393719104154393 ], [ 4.875991801214403, 52.393350904154126 ], [ 4.87636140121477, 52.393266304154118 ], [ 4.876692601215094, 52.393179504154062 ], [ 4.877218301215612, 52.393035604153994 ], [ 4.877779701216165, 52.392844604153858 ], [ 4.877689501216069, 52.392778004153833 ], [ 4.877755901216136, 52.392740404153805 ], [ 4.878613801216972, 52.392341504153549 ], [ 4.878787701217144, 52.39227420415348 ], [ 4.878909601217265, 52.392337904153557 ], [ 4.87903610121739, 52.392275204153556 ], [ 4.879209601217561, 52.392196204153507 ] ] ] ] } },
{ "type": "Feature", "properties": { "element": "way", "id": 674714104, "addr:street": null, "leisure": "park", "name": "Meerpark", "note": null, "sport": null, "wikipedia": null, "access": null, "tourism": null, "website": null, "wikidata": null, "start_date": null, "wikimedia_commons": null, "area": null, "name:nl": null, "name:ru": null, "alt_name": null, "surface": null, "old_name": null, "name:etymology:wikidata": null, "wheelchair": null, "layer": null, "name:de": null, "name:en": null, "name:ko": null, "name:zh": null, "source": null, "landuse": null, "barrier": null, "fence_type": null, "leaf_type": null, "description": null, "opening_hours": null, "addr:city": null, "not": null, "bicycle": null, "foot": null, "motor_vehicle": null, "operator": null, "fee": null, "lit": null, "architect": null, "ref:bag": null, "addr:postcode": null, "smoking": null, "garden:type": null, "check_date": null, "construction": null, "survey:date": null, "type": null, "heritage": null, "heritage:operator": null, "ref:rce": null, "bbq": null, "name:uk": null, "name:zh-Hans": null }, "geometry": { "type": "MultiPolygon", "coordinates": [ [ [ [ 4.950050901286182, 52.347191604126635 ], [ 4.950086701286218, 52.347172904126623 ], [ 4.950096901286227, 52.347169504126633 ], [ 4.950113401286245, 52.347167004126661 ], [ 4.950124601286253, 52.347166604126649 ], [ 4.950137101286266, 52.347166804126651 ], [ 4.950167001286295, 52.347147704126648 ], [ 4.950185101286313, 52.347135804126623 ], [ 4.95021280128634, 52.347118104126622 ], [ 4.950058801286182, 52.347024704126511 ], [ 4.950036001286159, 52.347011204126559 ], [ 4.949993301286116, 52.346989704126564 ], [ 4.949931601286053, 52.346951504126558 ], [ 4.949935801286055, 52.34694190412651 ], [ 4.949938201286058, 52.346934804126491 ], [ 4.949937001286057, 52.346928604126504 ], [ 4.94993080128605, 52.346924004126507 ], [ 4.949921201286038, 52.346918204126517 ], [ 4.949902001286019, 52.346906604126488 ], [ 4.949879201285996, 52.346892904126506 ], [ 4.949795301285911, 52.346838704126455 ], [ 4.949759401285875, 52.346816304126442 ], [ 4.949719601285832, 52.346793204126435 ], [ 4.949688401285801, 52.346774904126441 ], [ 4.94965750128577, 52.346756904126401 ], [ 4.949505601285614, 52.346667604126374 ], [ 4.949411701285521, 52.34672430412634 ], [ 4.949410701285523, 52.346729704126403 ], [ 4.949408501285518, 52.346734004126411 ], [ 4.949399601285511, 52.346751404126429 ], [ 4.949379301285491, 52.346775104126422 ], [ 4.949351901285467, 52.346797204126418 ], [ 4.949255901285373, 52.346854904126495 ], [ 4.949060701285183, 52.34697500412652 ], [ 4.948589701284725, 52.347273404126724 ], [ 4.948590201284726, 52.347278904126739 ], [ 4.948512201284652, 52.347355704126798 ], [ 4.948506101284647, 52.347359304126776 ], [ 4.94849730128464, 52.347364404126793 ], [ 4.948371101284515, 52.347413504126827 ], [ 4.948373101284516, 52.347415404126814 ], [ 4.948361401284504, 52.347417104126791 ], [ 4.948156501284307, 52.347544404126907 ], [ 4.948032301284184, 52.347622504126953 ], [ 4.947435001283606, 52.347996104127162 ], [ 4.947383401283555, 52.34802840412717 ], [ 4.946999501283186, 52.348265404127339 ], [ 4.94672990128292, 52.348431804127387 ], [ 4.946838801283036, 52.348498704127437 ], [ 4.947092401283295, 52.348653204127565 ], [ 4.9471933012834, 52.348711804127575 ], [ 4.947721101283911, 52.348378604127383 ], [ 4.948252101284426, 52.348043104127193 ], [ 4.948627701284789, 52.347808204127027 ], [ 4.948776701284934, 52.34771360412698 ], [ 4.948803501284959, 52.347696704126975 ], [ 4.948818801284974, 52.347684904126972 ], [ 4.948832201284985, 52.34767320412697 ], [ 4.948838401284994, 52.347663004126979 ], [ 4.948840001284991, 52.34765760412693 ], [ 4.948840001284991, 52.347644704126871 ], [ 4.948836501284991, 52.347636004126969 ], [ 4.948803401284955, 52.347589704126918 ], [ 4.948802301284953, 52.347581404126906 ], [ 4.948804601284956, 52.347575504126901 ], [ 4.948828001284976, 52.347560704126899 ], [ 4.948837301284987, 52.347554404126917 ], [ 4.948849001284998, 52.347546304126915 ], [ 4.948858601285008, 52.347541504126902 ], [ 4.948867301285016, 52.347537104126829 ], [ 4.948878201285027, 52.347535604126875 ], [ 4.948897101285045, 52.347536704126924 ], [ 4.948922301285071, 52.347540804126872 ], [ 4.948943201285093, 52.347547704126896 ], [ 4.948977701285128, 52.347562804126888 ], [ 4.948992501285143, 52.347573904126882 ], [ 4.949002601285153, 52.347586804126927 ], [ 4.949059301285213, 52.347622404126945 ], [ 4.949080501285232, 52.347636404126895 ], [ 4.948934001285092, 52.347724704126968 ], [ 4.948969101285128, 52.347768304127001 ], [ 4.94904990128521, 52.347814004127081 ], [ 4.949158601285323, 52.347876904127091 ], [ 4.949221801285389, 52.347913504127099 ], [ 4.950136701286274, 52.347339004126773 ], [ 4.950238201286374, 52.347275304126711 ], [ 4.950234401286369, 52.347273004126706 ], [ 4.950222501286357, 52.347265904126701 ], [ 4.950211601286348, 52.347261604126722 ], [ 4.950202301286336, 52.347258804126703 ], [ 4.950189501286324, 52.347255504126728 ], [ 4.950175301286307, 52.347252904126677 ], [ 4.950162901286297, 52.347251404126716 ], [ 4.950050901286182, 52.347191604126635 ] ] ] ] } },
{ "type": "Feature", "properties": { "element": "way", "id": 690334469, "addr:street": null, "leisure": "park", "name": null, "note": null, "sport": null, "wikipedia": null, "access": null, "tourism": null, "website": null, "wikidata": null, "start_date": null, "wikimedia_commons": null, "area": null, "name:nl": null, "name:ru": null, "alt_name": null, "surface": null, "old_name": null, "name:etymology:wikidata": null, "wheelchair": null, "layer": null, "name:de": null, "name:en": null, "name:ko": null, "name:zh": null, "source": null, "landuse": null, "barrier": null, "fence_type": null, "leaf_type": null, "description": null, "opening_hours": null, "addr:city": null, "not": null, "bicycle": null, "foot": null, "motor_vehicle": null, "operator": null, "fee": null, "lit": null, "architect": null, "ref:bag": null, "addr:postcode": null, "smoking": null, "garden:type": null, "check_date": null, "construction": null, "survey:date": null, "type": null, "heritage": null, "heritage:operator": null, "ref:rce": null, "bbq": null, "name:uk": null, "name:zh-Hans": null }, "geometry": { "type": "MultiPolygon", "coordinates": [ [ [ [ 5.013343701349644, 52.351971504129203 ], [ 5.013879301350186, 52.35214040412928 ], [ 5.014154101350444, 52.351811704129091 ], [ 5.013617101349904, 52.351643104129003 ], [ 5.013343701349644, 52.351971504129203 ] ] ] ] } },
{ "type": "Feature", "properties": { "element": "way", "id": 730278583, "addr:street": null, "leisure": "park", "name": null, "note": null, "sport": null, "wikipedia": null, "access": null, "tourism": null, "website": null, "wikidata": null, "start_date": null, "wikimedia_commons": null, "area": null, "name:nl": null, "name:ru": null, "alt_name": null, "surface": null, "old_name": null, "name:etymology:wikidata": null, "wheelchair": null, "layer": null, "name:de": null, "name:en": null, "name:ko": null, "name:zh": null, "source": null, "landuse": null, "barrier": null, "fence_type": null, "leaf_type": null, "description": null, "opening_hours": null, "addr:city": null, "not": null, "bicycle": null, "foot": null, "motor_vehicle": null, "operator": null, "fee": null, "lit": null, "architect": null, "ref:bag": null, "addr:postcode": null, "smoking": null, "garden:type": null, "check_date": null, "construction": null, "survey:date": null, "type": null, "heritage": null, "heritage:operator": null, "ref:rce": null, "bbq": null, "name:uk": null, "name:zh-Hans": null }, "geometry": { "type": "MultiPolygon", "coordinates": [ [ [ [ 4.915782301252685, 52.362935504136111 ], [ 4.91617230125308, 52.363013904136182 ], [ 4.916156601253064, 52.363051604136182 ], [ 4.915786101252701, 52.363176504136241 ], [ 4.915760901252675, 52.363175804136269 ], [ 4.915665801252579, 52.363156804136253 ], [ 4.915782301252685, 52.362935504136111 ] ] ] ] } },
{ "type": "Feature", "properties": { "element": "way", "id": 737341484, "addr:street": null, "leisure": "park", "name": "Mien Ruysplantsoen", "note": null, "sport": null, "wikipedia": "nl:Mien Ruysplantsoen", "access": null, "tourism": null, "website": null, "wikidata": "Q66981243", "start_date": null, "wikimedia_commons": "Category:Mien Ruysplantsoen, Amsterdam", "area": null, "name:nl": null, "name:ru": null, "alt_name": null, "surface": null, "old_name": null, "name:etymology:wikidata": null, "wheelchair": null, "layer": null, "name:de": null, "name:en": null, "name:ko": null, "name:zh": null, "source": null, "landuse": null, "barrier": null, "fence_type": null, "leaf_type": null, "description": null, "opening_hours": null, "addr:city": null, "not": null, "bicycle": null, "foot": null, "motor_vehicle": null, "operator": null, "fee": null, "lit": null, "architect": null, "ref:bag": null, "addr:postcode": null, "smoking": null, "garden:type": null, "check_date": null, "construction": null, "survey:date": null, "type": null, "heritage": null, "heritage:operator": null, "ref:rce": null, "bbq": null, "name:uk": null, "name:zh-Hans": null }, "geometry": { "type": "MultiPolygon", "coordinates": [ [ [ [ 4.93822630127576, 52.376874104144264 ], [ 4.938244401275769, 52.376666904144138 ], [ 4.938248101275771, 52.376624904144123 ], [ 4.938260901275776, 52.37647750414402 ], [ 4.938511701276028, 52.376485704144038 ], [ 4.939337601276856, 52.376512504144067 ], [ 4.939436601276952, 52.376515704144026 ], [ 4.939402101276937, 52.376912204144311 ], [ 4.938530901276065, 52.376884004144266 ], [ 4.93822630127576, 52.376874104144264 ] ] ] ] } },
{ "type": "Feature", "properties": { "element": "way", "id": 737380719, "addr:street": null, "leisure": "park", "name": "Rietlandpark", "note": null, "sport": null, "wikipedia": "nl:Rietlandpark", "access": null, "tourism": null, "website": null, "wikidata": "Q1938287", "start_date": null, "wikimedia_commons": "Category:Rietlandpark", "area": null, "name:nl": null, "name:ru": null, "alt_name": null, "surface": null, "old_name": null, "name:etymology:wikidata": null, "wheelchair": null, "layer": null, "name:de": null, "name:en": null, "name:ko": null, "name:zh": null, "source": null, "landuse": null, "barrier": null, "fence_type": null, "leaf_type": null, "description": null, "opening_hours": null, "addr:city": null, "not": null, "bicycle": null, "foot": null, "motor_vehicle": null, "operator": null, "fee": null, "lit": null, "architect": null, "ref:bag": null, "addr:postcode": null, "smoking": null, "garden:type": null, "check_date": null, "construction": null, "survey:date": null, "type": null, "heritage": null, "heritage:operator": null, "ref:rce": null, "bbq": null, "name:uk": null, "name:zh-Hans": null }, "geometry": { "type": "MultiPolygon", "coordinates": [ [ [ [ 4.930857001268299, 52.374665604142933 ], [ 4.93081460126825, 52.374552204142915 ], [ 4.931193301268619, 52.374381504142818 ], [ 4.931493701268916, 52.374272204142763 ], [ 4.931686001269105, 52.374183404142698 ], [ 4.932106301269513, 52.373997704142596 ], [ 4.931844801269246, 52.373838904142509 ], [ 4.931678501269072, 52.373683304142403 ], [ 4.932233701269606, 52.373241204142147 ], [ 4.932496501269855, 52.372984104141956 ], [ 4.932953101270284, 52.372397804141642 ], [ 4.933632001270984, 52.372880404141917 ], [ 4.933939701271282, 52.372637804141775 ], [ 4.934166201271491, 52.372304004141576 ], [ 4.934458201271751, 52.371651404141154 ], [ 4.937252401274557, 52.371920304141355 ], [ 4.937747901275054, 52.3719679041414 ], [ 4.937769101275066, 52.37182750414128 ], [ 4.93822210127552, 52.371831804141245 ], [ 4.938204401275526, 52.372356904141611 ], [ 4.936976101274311, 52.372571904141736 ], [ 4.936751901274098, 52.372836204141898 ], [ 4.936637901274001, 52.373196404142078 ], [ 4.938010501275381, 52.373351004142172 ], [ 4.937962701275343, 52.373566304142322 ], [ 4.933010801270434, 52.37437500414282 ], [ 4.932792101270219, 52.374410804142826 ], [ 4.931921101269356, 52.374553004142946 ], [ 4.931913401269347, 52.374534604142916 ], [ 4.931892701269325, 52.374484704142873 ], [ 4.930857001268299, 52.374665604142933 ] ] ] ] } },
{ "type": "Feature", "properties": { "element": "way", "id": 739167373, "addr:street": null, "leisure": "park", "name": null, "note": null, "sport": null, "wikipedia": null, "access": null, "tourism": null, "website": null, "wikidata": null, "start_date": null, "wikimedia_commons": null, "area": null, "name:nl": null, "name:ru": null, "alt_name": null, "surface": null, "old_name": null, "name:etymology:wikidata": null, "wheelchair": null, "layer": null, "name:de": null, "name:en": null, "name:ko": null, "name:zh": null, "source": null, "landuse": null, "barrier": null, "fence_type": null, "leaf_type": null, "description": null, "opening_hours": null, "addr:city": null, "not": null, "bicycle": null, "foot": null, "motor_vehicle": null, "operator": null, "fee": null, "lit": null, "architect": null, "ref:bag": null, "addr:postcode": null, "smoking": null, "garden:type": null, "check_date": null, "construction": null, "survey:date": null, "type": null, "heritage": null, "heritage:operator": null, "ref:rce": null, "bbq": null, "name:uk": null, "name:zh-Hans": null }, "geometry": { "type": "MultiPolygon", "coordinates": [ [ [ [ 4.890509301229375, 52.403326504160013 ], [ 4.891147201230034, 52.403802804160271 ], [ 4.89158410123046, 52.403588504160147 ], [ 4.892013701230878, 52.40337940416002 ], [ 4.891699601230551, 52.403118104159851 ], [ 4.891324401230185, 52.403295904159982 ], [ 4.891040401229891, 52.403078304159862 ], [ 4.890509301229375, 52.403326504160013 ] ] ] ] } },
{ "type": "Feature", "properties": { "element": "way", "id": 791431471, "addr:street": null, "leisure": "park", "name": "Havenpark", "note": "festival grounds / evenemententerrein.", "sport": null, "wikipedia": null, "access": null, "tourism": null, "website": null, "wikidata": null, "start_date": null, "wikimedia_commons": null, "area": null, "name:nl": null, "name:ru": null, "alt_name": null, "surface": null, "old_name": "N1", "name:etymology:wikidata": null, "wheelchair": null, "layer": null, "name:de": null, "name:en": null, "name:ko": null, "name:zh": null, "source": null, "landuse": null, "barrier": null, "fence_type": null, "leaf_type": null, "description": null, "opening_hours": null, "addr:city": null, "not": null, "bicycle": null, "foot": null, "motor_vehicle": null, "operator": null, "fee": null, "lit": null, "architect": null, "ref:bag": null, "addr:postcode": null, "smoking": null, "garden:type": null, "check_date": null, "construction": null, "survey:date": null, "type": null, "heritage": null, "heritage:operator": null, "ref:rce": null, "bbq": null, "name:uk": null, "name:zh-Hans": null }, "geometry": { "type": "MultiPolygon", "coordinates": [ [ [ [ 4.77366120111223, 52.39302880415412 ], [ 4.773683301112254, 52.393073004154147 ], [ 4.773875601112447, 52.393080504154177 ], [ 4.773974501112543, 52.393076904154157 ], [ 4.773956901112524, 52.393026304154112 ], [ 4.774284801112852, 52.393044104154129 ], [ 4.774550101113116, 52.393024404154119 ], [ 4.774711201113277, 52.393012404154113 ], [ 4.775359601113932, 52.393168804154186 ], [ 4.775556801114134, 52.393233304154272 ], [ 4.775658701114235, 52.393268204154253 ], [ 4.775872601114454, 52.393341704154302 ], [ 4.776583201115169, 52.393497004154383 ], [ 4.777424001116019, 52.393661104154504 ], [ 4.777482801116078, 52.393733304154544 ], [ 4.777465701116093, 52.394364904154877 ], [ 4.77748830111612, 52.394441604154963 ], [ 4.777517201116154, 52.39453990415501 ], [ 4.777459101116116, 52.394929604155223 ], [ 4.777485601116147, 52.395005204155289 ], [ 4.777489501116151, 52.395016604155266 ], [ 4.777509401116196, 52.395553404155621 ], [ 4.777508301116197, 52.395569004155632 ], [ 4.777510101116204, 52.39565940415563 ], [ 4.777614001116309, 52.395705204155711 ], [ 4.778009101116705, 52.395748404155697 ], [ 4.77804990111676, 52.396054704155894 ], [ 4.778049901116761, 52.396064504155888 ], [ 4.778052001116808, 52.396888904156413 ], [ 4.778053101116828, 52.397339804156637 ], [ 4.777830301116608, 52.39735500415663 ], [ 4.777534001116314, 52.397368304156672 ], [ 4.776661301115443, 52.397385404156701 ], [ 4.776578501115362, 52.397387704156706 ], [ 4.776191201114976, 52.397415404156746 ], [ 4.775846401114631, 52.397458904156728 ], [ 4.775434901114226, 52.397540804156762 ], [ 4.775304601114097, 52.397566804156781 ], [ 4.775056301113853, 52.397621304156807 ], [ 4.7749021011137, 52.397628404156833 ], [ 4.774533801113292, 52.396860304156355 ], [ 4.774258301112992, 52.396332004156058 ], [ 4.774030401112745, 52.395943504155809 ], [ 4.773645001112324, 52.395191704155394 ], [ 4.773358701112019, 52.394841004155168 ], [ 4.773326201111982, 52.394730104155109 ], [ 4.773233601111883, 52.394595404155041 ], [ 4.773218901111864, 52.394542504155012 ], [ 4.773162801111806, 52.394491804154981 ], [ 4.773157001111798, 52.394443504154935 ], [ 4.773144601111778, 52.3943389041549 ], [ 4.773056301111683, 52.394183304154815 ], [ 4.773019301111644, 52.394091304154756 ], [ 4.772849101111457, 52.393807904154563 ], [ 4.772589601111175, 52.393330704154316 ], [ 4.772588901111174, 52.393284004154232 ], [ 4.772622901111197, 52.393104104154148 ], [ 4.77270910111129, 52.393232104154244 ], [ 4.772788101111364, 52.393178504154235 ], [ 4.77277700111135, 52.393083804154124 ], [ 4.772894801111465, 52.393035404154112 ], [ 4.773079101111651, 52.393033804154122 ], [ 4.773106701111678, 52.393084704154148 ], [ 4.773402201111974, 52.393068704154118 ], [ 4.773411301111982, 52.393031004154103 ], [ 4.77366120111223, 52.39302880415412 ] ] ] ] } },
{ "type": "Feature", "properties": { "element": "way", "id": 812982275, "addr:street": null, "leisure": "park", "name": "'t Kleine Loopveld", "note": null, "sport": null, "wikipedia": "nl:'t Kleine Loopveld", "access": null, "tourism": null, "website": null, "wikidata": "Q2744224", "start_date": null, "wikimedia_commons": "Category:'t Kleine Loopveld", "area": null, "name:nl": null, "name:ru": null, "alt_name": null, "surface": null, "old_name": null, "name:etymology:wikidata": null, "wheelchair": null, "layer": null, "name:de": null, "name:en": null, "name:ko": null, "name:zh": null, "source": null, "landuse": null, "barrier": null, "fence_type": null, "leaf_type": null, "description": null, "opening_hours": null, "addr:city": null, "not": null, "bicycle": null, "foot": null, "motor_vehicle": null, "operator": null, "fee": null, "lit": null, "architect": null, "ref:bag": null, "addr:postcode": null, "smoking": null, "garden:type": null, "check_date": null, "construction": null, "survey:date": null, "type": null, "heritage": null, "heritage:operator": null, "ref:rce": null, "bbq": null, "name:uk": null, "name:zh-Hans": null }, "geometry": { "type": "MultiPolygon", "coordinates": [ [ [ [ 4.892588501227563, 52.321951204111862 ], [ 4.880685501215654, 52.321702604111792 ], [ 4.880516901215487, 52.321753404111796 ], [ 4.878399501213371, 52.321758904111796 ], [ 4.878365801213332, 52.321683404111759 ], [ 4.878138801213106, 52.321686104111777 ], [ 4.878100601213086, 52.322084604112021 ], [ 4.873211701208195, 52.321988404111984 ], [ 4.870361601205343, 52.321938904111938 ], [ 4.870357101205333, 52.32178920411183 ], [ 4.869957001204919, 52.321546004111703 ], [ 4.869494001204461, 52.321577604111731 ], [ 4.869527701204506, 52.321823504111883 ], [ 4.868605201203588, 52.321869604111903 ], [ 4.864137001199117, 52.321810104111897 ], [ 4.861681001196661, 52.321773004111897 ], [ 4.861704701196689, 52.321896204111951 ], [ 4.861715001196702, 52.321949604111978 ], [ 4.861716901196704, 52.321959704111947 ], [ 4.86276170119775, 52.321976704111975 ], [ 4.862703301197715, 52.322453704112284 ], [ 4.862443401197461, 52.322570204112331 ], [ 4.862077301197093, 52.32256340411233 ], [ 4.862045601197074, 52.322803504112485 ], [ 4.861925901196957, 52.322863504112519 ], [ 4.861897901196961, 52.323493104112863 ], [ 4.861987201197049, 52.323493804112893 ], [ 4.862723101197786, 52.323503204112882 ], [ 4.862718001197755, 52.322952004112572 ], [ 4.863820701198852, 52.322887204112497 ], [ 4.865214601200244, 52.32287210411252 ], [ 4.86571270120074, 52.322831004112508 ], [ 4.866325201201341, 52.322577804112363 ], [ 4.866668601201686, 52.322632804112374 ], [ 4.866765401201786, 52.322683204112387 ], [ 4.866946301201964, 52.322641404112382 ], [ 4.867229901202242, 52.322527204112298 ], [ 4.867605101202625, 52.322658604112384 ], [ 4.86859130120361, 52.322652504112341 ], [ 4.869485001204507, 52.322683604112392 ], [ 4.87259810120762, 52.32273030411239 ], [ 4.873764701208786, 52.322775604112451 ], [ 4.876358601211381, 52.322829204112459 ], [ 4.877898301212921, 52.322856704112453 ], [ 4.878561301213585, 52.322845704112467 ], [ 4.881575601216602, 52.322882804112474 ], [ 4.884005401219031, 52.322932204112519 ], [ 4.884968301219993, 52.322935004112466 ], [ 4.885099401220122, 52.322935304112477 ], [ 4.885208601220233, 52.322938204112525 ], [ 4.885264801220289, 52.322960004112531 ], [ 4.885296901220322, 52.32296030411252 ], [ 4.885331901220357, 52.322960604112531 ], [ 4.889730301224757, 52.323042104112595 ], [ 4.889793301224788, 52.322377204112151 ], [ 4.892456801227454, 52.322403304112157 ], [ 4.892494101227483, 52.322169504112004 ], [ 4.892588501227563, 52.321951204111862 ] ] ] ] } },
{ "type": "Feature", "properties": { "element": "way", "id": 817343463, "addr:street": null, "leisure": "park", "name": "Bijlmerweide", "note": null, "sport": null, "wikipedia": "nl:Bijlmerweide", "access": null, "tourism": null, "website": null, "wikidata": "Q2396981", "start_date": null, "wikimedia_commons": "Category:Bijlmerweide", "area": null, "name:nl": null, "name:ru": null, "alt_name": null, "surface": null, "old_name": null, "name:etymology:wikidata": null, "wheelchair": null, "layer": null, "name:de": null, "name:en": null, "name:ko": null, "name:zh": null, "source": null, "landuse": null, "barrier": null, "fence_type": null, "leaf_type": null, "description": null, "opening_hours": null, "addr:city": null, "not": null, "bicycle": null, "foot": null, "motor_vehicle": null, "operator": null, "fee": null, "lit": null, "architect": null, "ref:bag": null, "addr:postcode": null, "smoking": null, "garden:type": null, "check_date": null, "construction": null, "survey:date": null, "type": null, "heritage": null, "heritage:operator": null, "ref:rce": null, "bbq": null, "name:uk": null, "name:zh-Hans": null }, "geometry": { "type": "MultiPolygon", "coordinates": [ [ [ [ 4.97080310130591, 52.325447704113699 ], [ 4.970728801305835, 52.325424204113688 ], [ 4.970760301305864, 52.325386204113627 ], [ 4.970778301305884, 52.325392404113629 ], [ 4.970798701305905, 52.325399304113667 ], [ 4.970895101306001, 52.325399704113657 ], [ 4.970908501306013, 52.325404104113645 ], [ 4.970916301306021, 52.325395404113642 ], [ 4.970899301306003, 52.32538960411366 ], [ 4.970812501305914, 52.325360104113614 ], [ 4.970811101305912, 52.325359604113622 ], [ 4.970919001306016, 52.32524310411354 ], [ 4.971491901306599, 52.325439104113642 ], [ 4.971573201306682, 52.325466704113673 ], [ 4.971645801306755, 52.325492104113707 ], [ 4.972301201307423, 52.325715604113839 ], [ 4.972363501307485, 52.325746904113849 ], [ 4.972411101307535, 52.325778304113861 ], [ 4.97254270130767, 52.325865804113924 ], [ 4.972551001307679, 52.32587130411391 ], [ 4.972589601307718, 52.325897204113907 ], [ 4.972608001307735, 52.325909704113961 ], [ 4.972646101307775, 52.325935304113955 ], [ 4.972655501307784, 52.325940704113961 ], [ 4.972667701307796, 52.325945704113934 ], [ 4.972682901307813, 52.325950104113943 ], [ 4.972747801307877, 52.32596370411401 ], [ 4.972825201307955, 52.325979204113956 ], [ 4.972917601308048, 52.325998804113993 ], [ 4.973013501308147, 52.326019104113975 ], [ 4.973249601308387, 52.326095704114053 ], [ 4.973366901308506, 52.326132604114072 ], [ 4.973482401308622, 52.326170504114096 ], [ 4.973506301308647, 52.326178604114112 ], [ 4.973527901308666, 52.326188004114137 ], [ 4.973574901308716, 52.326215204114114 ], [ 4.973633901308777, 52.326249504114159 ], [ 4.973716001308861, 52.32629800411415 ], [ 4.973810201308958, 52.326353804114184 ], [ 4.973907301309059, 52.326409504114245 ], [ 4.973931701309082, 52.326416304114225 ], [ 4.974041301309194, 52.326454104114248 ], [ 4.974145301309302, 52.326490504114282 ], [ 4.974368101309527, 52.326569404114302 ], [ 4.974673801309838, 52.326677404114399 ], [ 4.974798701309962, 52.326721204114421 ], [ 4.974816201309982, 52.326727404114429 ], [ 4.974828301309993, 52.326730504114458 ], [ 4.974837901310003, 52.326732104114456 ], [ 4.974848101310013, 52.326733104114396 ], [ 4.974859901310024, 52.326733104114417 ], [ 4.974874101310039, 52.326731704114394 ], [ 4.974881101310047, 52.326730804114426 ], [ 4.974890401310056, 52.326728504114421 ], [ 4.974911401310076, 52.32672200411443 ], [ 4.974976101310141, 52.326702204114383 ], [ 4.97504540131021, 52.326664004114399 ], [ 4.975043801310205, 52.326663504114414 ], [ 4.975059601310222, 52.326646404114356 ], [ 4.975169201310332, 52.326684404114367 ], [ 4.975306401310473, 52.326732004114433 ], [ 4.97547390131064, 52.326790004114464 ], [ 4.975458701310626, 52.326806504114479 ], [ 4.975451801310619, 52.326804204114481 ], [ 4.975445201310615, 52.326814804114449 ], [ 4.975437701310606, 52.32682750411449 ], [ 4.975427401310597, 52.326848504114473 ], [ 4.975423501310595, 52.326857304114483 ], [ 4.975420501310594, 52.326865004114509 ], [ 4.975418201310591, 52.326873104114497 ], [ 4.975416901310587, 52.326880304114546 ], [ 4.975416001310587, 52.326891204114553 ], [ 4.975416501310587, 52.326900704114543 ], [ 4.975417801310592, 52.326905704114488 ], [ 4.975419901310592, 52.326909404114538 ], [ 4.975421801310594, 52.326912504114517 ], [ 4.975424701310598, 52.32691600411453 ], [ 4.9754288013106, 52.3269195041145 ], [ 4.975433101310607, 52.326922604114571 ], [ 4.975438701310613, 52.326925704114537 ], [ 4.975445101310621, 52.326928304114539 ], [ 4.975719401310899, 52.327016404114602 ], [ 4.975772801310951, 52.327025504114623 ], [ 4.975883601311061, 52.32702950411462 ], [ 4.975964201311143, 52.327057204114581 ], [ 4.975986901311169, 52.327074504114627 ], [ 4.976177301311365, 52.327197404114663 ], [ 4.976197201311385, 52.327221204114743 ], [ 4.976208501311397, 52.32725260411469 ], [ 4.976232101311429, 52.327449704114834 ], [ 4.976233401311431, 52.327460504114832 ], [ 4.976243201311447, 52.327540004114915 ], [ 4.976253801311461, 52.327633204114953 ], [ 4.976291801311501, 52.327659304114974 ], [ 4.976410801311621, 52.327722604114975 ], [ 4.976488701311703, 52.32775850411501 ], [ 4.976543201311757, 52.32775710411503 ], [ 4.976601401311811, 52.327743204115031 ], [ 4.976685301311895, 52.327695904115025 ], [ 4.976719601311927, 52.327711504114987 ], [ 4.977041201312259, 52.327857804115084 ], [ 4.977012101312233, 52.327957304115145 ], [ 4.977055301312277, 52.328001304115126 ], [ 4.977264701312495, 52.328163104115269 ], [ 4.977479001312719, 52.328323804115399 ], [ 4.977527701312773, 52.328449804115408 ], [ 4.977525501312769, 52.328465904115411 ], [ 4.977906701313158, 52.328605604115523 ], [ 4.977946901313197, 52.328586104115516 ], [ 4.978017401313265, 52.328561204115495 ], [ 4.978130801313378, 52.328519104115465 ], [ 4.97820490131345, 52.328491004115428 ], [ 4.978217401313464, 52.328486204115485 ], [ 4.978325101313568, 52.328432204115437 ], [ 4.978710001313963, 52.328600104115502 ], [ 4.978684501313938, 52.328700704115583 ], [ 4.978886001314157, 52.329091004115803 ], [ 4.978890601314163, 52.329109104115815 ], [ 4.978880701314157, 52.32914100411584 ], [ 4.978850001314128, 52.329174904115831 ], [ 4.978899301314177, 52.329193504115878 ], [ 4.978941101314216, 52.329161804115849 ], [ 4.978963701314238, 52.329145404115835 ], [ 4.979002001314275, 52.329121204115822 ], [ 4.979056801314329, 52.329103504115807 ], [ 4.979413101314682, 52.329017404115731 ], [ 4.979472601314739, 52.329018904115784 ], [ 4.97951080131478, 52.329031604115791 ], [ 4.979784501315057, 52.329149104115864 ], [ 4.980071801315352, 52.329273704115877 ], [ 4.980101201315384, 52.329294804115868 ], [ 4.980096001315379, 52.329321204115928 ], [ 4.98008520131537, 52.329344904115977 ], [ 4.980299201315587, 52.329460804116017 ], [ 4.980327601315615, 52.329469304116003 ], [ 4.980971701316274, 52.329745604116177 ], [ 4.981001101316302, 52.329747804116209 ], [ 4.981036901316339, 52.329745204116186 ], [ 4.981434401316735, 52.329716604116172 ], [ 4.981419401316711, 52.329597904116085 ], [ 4.981432101316725, 52.329563604116053 ], [ 4.981741501317018, 52.329191504115869 ], [ 4.98178540131706, 52.329167604115838 ], [ 4.981813701317089, 52.32915720411583 ], [ 4.981869801317143, 52.329147104115819 ], [ 4.981975001317243, 52.329040404115737 ], [ 4.981861801317124, 52.328908304115693 ], [ 4.981805501317067, 52.328873604115664 ], [ 4.982086801317336, 52.328637604115514 ], [ 4.982093801317346, 52.328633004115524 ], [ 4.982226401317477, 52.328663504115525 ], [ 4.982260801317512, 52.328663804115536 ], [ 4.982284301317534, 52.328656204115553 ], [ 4.982707101317947, 52.328413904115401 ], [ 4.983087701318315, 52.328193704115257 ], [ 4.983135201318363, 52.32817030411524 ], [ 4.983220101318439, 52.327995104115104 ], [ 4.983227101318443, 52.327948404115119 ], [ 4.983230201318449, 52.327931104115066 ], [ 4.983260101318471, 52.327839604115027 ], [ 4.983262101318477, 52.327834404115052 ], [ 4.983252301318463, 52.327815404115022 ], [ 4.983222101318432, 52.327764604114982 ], [ 4.983215101318424, 52.327754004114979 ], [ 4.983195101318403, 52.32773640411498 ], [ 4.983168701318377, 52.327714004114931 ], [ 4.983203101318407, 52.327686004114874 ], [ 4.983461001318658, 52.32747550411483 ], [ 4.983549001318745, 52.327490304114818 ], [ 4.98362400131882, 52.32750180411486 ], [ 4.983643301318838, 52.327503804114869 ], [ 4.98365200131885, 52.327505104114842 ], [ 4.983659601318857, 52.327505904114822 ], [ 4.98366500131886, 52.327505704114849 ], [ 4.983674801318873, 52.327503304114828 ], [ 4.983961901319155, 52.32742040411479 ], [ 4.984053401319241, 52.327332804114732 ], [ 4.984040201319227, 52.32727390411474 ], [ 4.984038701319223, 52.327215204114658 ], [ 4.984056301319236, 52.327166504114615 ], [ 4.98408190131926, 52.32714110411461 ], [ 4.98415430131933, 52.327079104114567 ], [ 4.984662801319821, 52.326657204114298 ], [ 4.984792901319945, 52.326548804114275 ], [ 4.984875601320025, 52.326481604114214 ], [ 4.985173901320312, 52.326231104114058 ], [ 4.985489001320621, 52.326094504113996 ], [ 4.985533301320664, 52.326083004113997 ], [ 4.985583801320711, 52.326015204113915 ], [ 4.985586601320713, 52.325983304113926 ], [ 4.985691401320809, 52.325791504113809 ], [ 4.985681401320798, 52.325760004113839 ], [ 4.985600301320712, 52.325684504113759 ], [ 4.985634801320744, 52.325655104113729 ], [ 4.985904001321005, 52.325425804113586 ], [ 4.986246401321346, 52.325459204113599 ], [ 4.98646520132157, 52.325498404113659 ], [ 4.986518101321623, 52.325523804113629 ], [ 4.986560501321664, 52.325490904113636 ], [ 4.986483201321585, 52.325453504113604 ], [ 4.986464301321565, 52.325399304113589 ], [ 4.986461501321557, 52.325350904113549 ], [ 4.986552001321637, 52.325099504113403 ], [ 4.986596301321678, 52.325037304113344 ], [ 4.98681420132189, 52.324864904113291 ], [ 4.986890601321962, 52.324827404113243 ], [ 4.987250401322321, 52.324758904113196 ], [ 4.987678201322737, 52.324516704113044 ], [ 4.987442401322492, 52.324357004112954 ], [ 4.987367901322422, 52.324409504112985 ], [ 4.987334301322385, 52.324412904112968 ], [ 4.987289601322343, 52.324417504112986 ], [ 4.986838801321889, 52.324376504112955 ], [ 4.986780201321833, 52.32436540411296 ], [ 4.986701301321752, 52.324339704112973 ], [ 4.986397801321441, 52.324204604112857 ], [ 4.986358301321401, 52.324186504112845 ], [ 4.986341701321384, 52.324176304112832 ], [ 4.986325201321368, 52.324164704112839 ], [ 4.98631760132136, 52.324157004112863 ], [ 4.986302101321342, 52.324138204112835 ], [ 4.986273201321313, 52.324107504112796 ], [ 4.986231801321265, 52.323973904112719 ], [ 4.98621810132125, 52.323955504112703 ], [ 4.986168101321199, 52.323913704112684 ], [ 4.985780901320804, 52.323740404112598 ], [ 4.985043401320051, 52.323416104112411 ], [ 4.985021301320027, 52.323409904112388 ], [ 4.985006201320014, 52.323407004112418 ], [ 4.984987201319995, 52.323407104112356 ], [ 4.984945701319954, 52.323413904112392 ], [ 4.984896801319904, 52.323429504112404 ], [ 4.984837001319848, 52.323458704112419 ], [ 4.984667701319673, 52.323380604112401 ], [ 4.984620501319625, 52.32335880411236 ], [ 4.984448301319449, 52.32327940411232 ], [ 4.984469401319469, 52.323201804112287 ], [ 4.98447270131947, 52.32319170411229 ], [ 4.984472101319469, 52.323186404112256 ], [ 4.984467501319463, 52.323174604112253 ], [ 4.984459901319455, 52.323161904112283 ], [ 4.984450701319448, 52.323150104112237 ], [ 4.98443650131943, 52.323139204112231 ], [ 4.98442390131942, 52.323129904112236 ], [ 4.98356570131854, 52.322660304111942 ], [ 4.983277801318243, 52.322500504111865 ], [ 4.983216801318182, 52.322457404111866 ], [ 4.983202601318166, 52.322426804111814 ], [ 4.983192201318154, 52.322381304111808 ], [ 4.983336501318288, 52.322203804111687 ], [ 4.983813001318743, 52.321716204111375 ], [ 4.983797801318725, 52.32169520411135 ], [ 4.983796801318724, 52.321668104111367 ], [ 4.983814301318739, 52.321574604111298 ], [ 4.983868601318785, 52.321391404111196 ], [ 4.9838880013188, 52.321354804111181 ], [ 4.98394870131886, 52.321324004111148 ], [ 4.984126001319035, 52.321283604111123 ], [ 4.984225101319135, 52.321264004111143 ], [ 4.984323101319231, 52.321254504111131 ], [ 4.984502301319411, 52.32129450411113 ], [ 4.984770301319686, 52.321360904111188 ], [ 4.985065501319982, 52.32143930411123 ], [ 4.985869201320793, 52.321627204111316 ], [ 4.986013401320935, 52.321556304111297 ], [ 4.986243801321168, 52.321607504111299 ], [ 4.986294401321219, 52.321618704111337 ], [ 4.986470001321396, 52.321657704111367 ], [ 4.986439801321371, 52.321748904111402 ], [ 4.986475601321409, 52.321782304111416 ], [ 4.987254701322195, 52.321984104111486 ], [ 4.987336301322278, 52.321989004111543 ], [ 4.987429701322372, 52.321972804111532 ], [ 4.987457801322397, 52.321965204111514 ], [ 4.987546901322488, 52.321943404111529 ], [ 4.987598101322537, 52.321936804111516 ], [ 4.987636301322574, 52.321933404111512 ], [ 4.987677801322618, 52.321932504111516 ], [ 4.98780890132275, 52.321962204111514 ], [ 4.98787720132282, 52.321988704111547 ], [ 4.98822940132318, 52.322250204111683 ], [ 4.988403101323362, 52.322383804111759 ], [ 4.988403101323366, 52.322401604111775 ], [ 4.988386601323347, 52.322435804111819 ], [ 4.988377401323339, 52.322451904111809 ], [ 4.988366901323327, 52.322470504111784 ], [ 4.988491701323456, 52.322502204111856 ], [ 4.988506701323471, 52.322481204111853 ], [ 4.988542201323508, 52.322462304111816 ], [ 4.988583501323546, 52.322450004111829 ], [ 4.988847901323808, 52.322430304111812 ], [ 4.988904401323865, 52.322412704111763 ], [ 4.989413601324364, 52.322183404111662 ], [ 4.989446801324396, 52.322175504111641 ], [ 4.989488301324438, 52.322174304111627 ], [ 4.989684501324634, 52.322221004111654 ], [ 4.990035401324991, 52.322323704111739 ], [ 4.990099501325056, 52.322311004111718 ], [ 4.990147601325104, 52.322304104111701 ], [ 4.990225901325182, 52.322311604111704 ], [ 4.990291001325247, 52.322325404111695 ], [ 4.990380601325337, 52.322350804111757 ], [ 4.990542801325488, 52.322120104111583 ], [ 4.990418301325364, 52.322093604111565 ], [ 4.990377801325321, 52.322068304111561 ], [ 4.990362601325305, 52.322044604111561 ], [ 4.9901863013251, 52.321421404111192 ], [ 4.989785001324688, 52.321168004111044 ], [ 4.989869101324766, 52.321029204110957 ], [ 4.989932101324824, 52.320925304110879 ], [ 4.989989101324879, 52.32093080411088 ], [ 4.990164601325053, 52.320900804110899 ], [ 4.990304201325191, 52.320821204110842 ], [ 4.990355101325241, 52.32081200411082 ], [ 4.990395701325275, 52.320659204110726 ], [ 4.990399501325274, 52.320576204110665 ], [ 4.990869101325714, 52.319906404110291 ], [ 4.99098570132583, 52.319871104110284 ], [ 4.991315001326156, 52.319818604110218 ], [ 4.991254001326083, 52.319565504110081 ], [ 4.991389801326209, 52.31937810410998 ], [ 4.991489401326296, 52.319101704109784 ], [ 4.991313301326107, 52.318841104109644 ], [ 4.991417401326204, 52.318651504109553 ], [ 4.991442201326227, 52.318606404109531 ], [ 4.991499401326284, 52.318622304109532 ], [ 4.99153670132632, 52.318584004109496 ], [ 4.991772801326555, 52.318573204109477 ], [ 4.992108601326889, 52.31848750410942 ], [ 4.992236901327007, 52.318294204109314 ], [ 4.99222080132699, 52.318246304109302 ], [ 4.992219401326984, 52.318201104109249 ], [ 4.992224601326988, 52.318177704109225 ], [ 4.992246801327011, 52.31813680410923 ], [ 4.992335001327094, 52.317995504109149 ], [ 4.992482701327228, 52.317754004108977 ], [ 4.992474501327218, 52.31769890410893 ], [ 4.992320801327055, 52.317506204108852 ], [ 4.992316101327047, 52.317468504108795 ], [ 4.99236090132709, 52.317363604108735 ], [ 4.992411401327136, 52.317324704108742 ], [ 4.992635801327356, 52.317226604108676 ], [ 4.992964801327663, 52.316715704108397 ], [ 4.993151801327834, 52.316424904108203 ], [ 4.993112801327789, 52.31628160410812 ], [ 4.990989001325629, 52.315498904107635 ], [ 4.990905001325547, 52.315497704107663 ], [ 4.99081640132546, 52.315539204107701 ], [ 4.990763501325409, 52.315566904107705 ], [ 4.990608901325249, 52.31550690410765 ], [ 4.990835801325469, 52.315255304107524 ], [ 4.991707401326352, 52.315568704107676 ], [ 4.993170301327839, 52.316130604108025 ], [ 4.993580301328255, 52.316261804108109 ], [ 4.993976801328663, 52.316469304108232 ], [ 4.994491401329196, 52.316880504108461 ], [ 4.995432201330159, 52.317402104108787 ], [ 4.995659801330394, 52.317475704108823 ], [ 4.995895201330627, 52.317508004108809 ], [ 4.99592400133066, 52.317549804108864 ], [ 4.995885301330631, 52.317781604108994 ], [ 4.995834301330587, 52.317944804109096 ], [ 4.995741901330504, 52.318156904109273 ], [ 4.995674001330443, 52.318256104109295 ], [ 4.995643801330416, 52.318311504109303 ], [ 4.995556301330331, 52.318423104109399 ], [ 4.994912101329724, 52.31924320410986 ], [ 4.994693001329503, 52.319195904109826 ], [ 4.994693001329499, 52.31915210410984 ], [ 4.994704401329511, 52.319097904109817 ], [ 4.994668501329473, 52.319059904109722 ], [ 4.994618401329425, 52.319052004109757 ], [ 4.994267801329068, 52.318947404109693 ], [ 4.994130901328933, 52.318941104109648 ], [ 4.993674301328483, 52.319146304109793 ], [ 4.993695301328506, 52.319153204109782 ], [ 4.993776201328586, 52.319179804109829 ], [ 4.994110101328938, 52.319520004110046 ], [ 4.994147901328974, 52.319544204110016 ], [ 4.994253501329081, 52.319539604110027 ], [ 4.994351601329177, 52.319502704110008 ], [ 4.994489301329315, 52.319552204110053 ], [ 4.994517601329346, 52.319562604110054 ], [ 4.994525101329355, 52.319609904110102 ], [ 4.994444001329279, 52.31973210411013 ], [ 4.994430801329268, 52.319777104110173 ], [ 4.994455301329296, 52.319830104110217 ], [ 4.994094301328957, 52.32030570411051 ], [ 4.993638001328526, 52.320854704110793 ], [ 4.993228201328142, 52.321395104111154 ], [ 4.992287601327255, 52.32258080411188 ], [ 4.991978401326966, 52.322973404112119 ], [ 4.991861501326847, 52.322943404112095 ], [ 4.991897301326879, 52.322889204112045 ], [ 4.991594901326571, 52.322787204111997 ], [ 4.991451701326427, 52.322763804111943 ], [ 4.991338901326317, 52.322812004112009 ], [ 4.991272901326248, 52.322802704112 ], [ 4.990804701325784, 52.322798804111997 ], [ 4.990754101325734, 52.322836204112022 ], [ 4.99083330132583, 52.323224804112236 ], [ 4.990835501325835, 52.323264404112294 ], [ 4.990643801325656, 52.323522804112436 ], [ 4.990429601325451, 52.323780504112598 ], [ 4.990389101325413, 52.323797204112616 ], [ 4.990125001325151, 52.323863504112644 ], [ 4.989680701324732, 52.324396204112951 ], [ 4.989632101324688, 52.324452404112989 ], [ 4.989621801324679, 52.324491004112978 ], [ 4.989627401324684, 52.324521604113023 ], [ 4.989686801324753, 52.324665404113126 ], [ 4.989703401324766, 52.324673204113097 ], [ 4.989787801324851, 52.324678704113133 ], [ 4.989972601325039, 52.324681604113117 ], [ 4.989960901325026, 52.324715604113123 ], [ 4.990230601325298, 52.324752204113153 ], [ 4.990291501325358, 52.324765204113163 ], [ 4.990323501325388, 52.324714404113138 ], [ 4.990823201325894, 52.324859804113245 ], [ 4.990412501325528, 52.325792704113802 ], [ 4.990168401325282, 52.325752104113761 ], [ 4.989410901324521, 52.325707204113712 ], [ 4.989347801324451, 52.32554280411366 ], [ 4.989263801324369, 52.325570504113664 ], [ 4.988756301323864, 52.325685204113718 ], [ 4.988674301323786, 52.325740504113753 ], [ 4.988228901323365, 52.326243804114078 ], [ 4.988231801323372, 52.326260004114083 ], [ 4.988160401323302, 52.326324904114109 ], [ 4.988139501323278, 52.326339004114139 ], [ 4.988066801323207, 52.326307804114137 ], [ 4.988029101323169, 52.326306704114096 ], [ 4.987784301322926, 52.326362304114134 ], [ 4.987543401322688, 52.326422004114185 ], [ 4.987516001322661, 52.326447604114215 ], [ 4.98751220132266, 52.326477304114213 ], [ 4.98757350132273, 52.326660604114309 ], [ 4.987614601322778, 52.326783104114384 ], [ 4.987666401322836, 52.326907304114471 ], [ 4.987705101322875, 52.326971904114494 ], [ 4.987752301322926, 52.327028604114517 ], [ 4.987849001323026, 52.327125204114594 ], [ 4.988018701323202, 52.327249804114665 ], [ 4.988218701323407, 52.327365104114705 ], [ 4.988433801323627, 52.32746190411482 ], [ 4.988652601323847, 52.327528804114827 ], [ 4.988707301323902, 52.32752940411482 ], [ 4.988409201323613, 52.327700504114915 ], [ 4.988000001323216, 52.327979604115093 ], [ 4.987905601323125, 52.328060204115118 ], [ 4.987796201323022, 52.328135404115194 ], [ 4.987566001322796, 52.328298904115286 ], [ 4.986719201321975, 52.32879930411557 ], [ 4.98662200132188, 52.328856604115629 ], [ 4.986518701321779, 52.328915004115672 ], [ 4.986360001321625, 52.329001104115683 ], [ 4.986318501321585, 52.329021704115718 ], [ 4.986303701321568, 52.329022904115767 ], [ 4.986290701321558, 52.329025504115727 ], [ 4.986221001321488, 52.329067004115757 ], [ 4.986212201321479, 52.329084904115732 ], [ 4.986189401321457, 52.329100404115778 ], [ 4.985904501321182, 52.329275204115859 ], [ 4.985613901320899, 52.329449804115981 ], [ 4.985358901320651, 52.329602704116112 ], [ 4.985162701320463, 52.329710304116119 ], [ 4.985066401320368, 52.329759804116158 ], [ 4.984843301320146, 52.32986740411625 ], [ 4.984677401319988, 52.329931704116284 ], [ 4.984543401319855, 52.32998490411633 ], [ 4.984424601319736, 52.330032304116337 ], [ 4.984283101319599, 52.330078304116377 ], [ 4.984172801319491, 52.33011350411639 ], [ 4.984076101319395, 52.330142904116393 ], [ 4.983952201319269, 52.330174904116419 ], [ 4.983678501319001, 52.330236304116482 ], [ 4.983469601318795, 52.330278904116476 ], [ 4.983376201318703, 52.330294704116504 ], [ 4.983197901318525, 52.330321304116509 ], [ 4.983115801318444, 52.330333704116512 ], [ 4.983065701318393, 52.330338204116529 ], [ 4.982976701318303, 52.330348304116491 ], [ 4.982833801318162, 52.330359304116556 ], [ 4.982626001317956, 52.330372904116537 ], [ 4.982625301317953, 52.330370604116546 ], [ 4.98254190131787, 52.330374104116544 ], [ 4.982534101317862, 52.330338804116529 ], [ 4.982520801317845, 52.330292304116483 ], [ 4.982489401317805, 52.330050304116355 ], [ 4.982484901317799, 52.330015904116323 ], [ 4.982192501317506, 52.33002240411637 ], [ 4.982189001317502, 52.330001704116334 ], [ 4.982161901317468, 52.329839004116245 ], [ 4.982159701317464, 52.329821804116207 ], [ 4.981789601317097, 52.329833904116228 ], [ 4.981613701316916, 52.329842004116237 ], [ 4.981337801316646, 52.329860404116239 ], [ 4.981198701316508, 52.329869704116248 ], [ 4.981077401316384, 52.329874304116252 ], [ 4.981030301316336, 52.329875904116243 ], [ 4.981002501316313, 52.329875304116264 ], [ 4.980976101316283, 52.329874304116224 ], [ 4.980932501316238, 52.329870304116263 ], [ 4.980882501316189, 52.329863804116236 ], [ 4.980848501316153, 52.32985680411624 ], [ 4.980812201316118, 52.329848204116239 ], [ 4.980778001316082, 52.329837704116244 ], [ 4.980683001315987, 52.329804004116205 ], [ 4.980627601315932, 52.329785104116219 ], [ 4.980580401315884, 52.329771104116212 ], [ 4.980541001315842, 52.329760604116196 ], [ 4.980502801315806, 52.329751904116158 ], [ 4.980468801315771, 52.329744604116179 ], [ 4.980422201315721, 52.329738404116156 ], [ 4.980402101315704, 52.329736904116189 ], [ 4.980375701315677, 52.329735204116162 ], [ 4.980342701315643, 52.329734804116164 ], [ 4.980313001315615, 52.329735604116166 ], [ 4.980259001315562, 52.329738804116218 ], [ 4.980152901315456, 52.3297446041162 ], [ 4.979959801315263, 52.329755004116194 ], [ 4.979904601315207, 52.32975960411617 ], [ 4.979852301315153, 52.329766404116192 ], [ 4.979800601315103, 52.329775404116191 ], [ 4.979755601315059, 52.329785504116209 ], [ 4.979623901314933, 52.329815804116286 ], [ 4.97957350131488, 52.32982640411624 ], [ 4.979479901314786, 52.329844004116246 ], [ 4.979421001314728, 52.329853804116262 ], [ 4.979366001314673, 52.329862004116272 ], [ 4.979316701314626, 52.329867304116277 ], [ 4.979230901314542, 52.329873704116281 ], [ 4.979208401314515, 52.329874504116262 ], [ 4.979172901314481, 52.329876104116266 ], [ 4.979150801314458, 52.329877004116284 ], [ 4.979122601314431, 52.329879204116274 ], [ 4.979106101314414, 52.329882804116323 ], [ 4.979095401314405, 52.329886404116252 ], [ 4.979087301314395, 52.329891404116289 ], [ 4.979076901314385, 52.32990010411627 ], [ 4.979066201314378, 52.329911304116308 ], [ 4.97905990131437, 52.329919704116286 ], [ 4.979052401314364, 52.32993480411632 ], [ 4.979048601314362, 52.329949704116324 ], [ 4.979047201314359, 52.329959204116292 ], [ 4.979065601314378, 52.329971704116318 ], [ 4.979079201314391, 52.329982704116318 ], [ 4.97909690131441, 52.329998204116343 ], [ 4.979116301314432, 52.330016804116376 ], [ 4.979134901314448, 52.330037304116324 ], [ 4.979145501314461, 52.330050204116347 ], [ 4.979161301314482, 52.330075504116401 ], [ 4.979178801314498, 52.330108304116443 ], [ 4.979191701314513, 52.33013730411642 ], [ 4.97920740131453, 52.330174504116435 ], [ 4.979221101314545, 52.330207104116468 ], [ 4.979242701314568, 52.330256504116491 ], [ 4.979263701314592, 52.330307304116488 ], [ 4.979269101314597, 52.330324604116505 ], [ 4.979273801314604, 52.330342204116526 ], [ 4.979276501314606, 52.330355004116527 ], [ 4.979278801314611, 52.330370204116555 ], [ 4.979280801314614, 52.330389304116579 ], [ 4.979281401314616, 52.330401104116568 ], [ 4.979280801314614, 52.330413704116594 ], [ 4.979281101314614, 52.330429804116584 ], [ 4.979282401314619, 52.330445404116588 ], [ 4.979284501314617, 52.330459704116628 ], [ 4.97928690131462, 52.330470204116615 ], [ 4.979291301314629, 52.330487104116642 ], [ 4.979294201314633, 52.33049580411663 ], [ 4.979297201314636, 52.330503804116638 ], [ 4.979299301314636, 52.330506504116634 ], [ 4.979301001314639, 52.330508504116644 ], [ 4.979305201314643, 52.330511904116648 ], [ 4.979308301314646, 52.330513804116634 ], [ 4.979311101314648, 52.330515204116651 ], [ 4.979314901314654, 52.330516804116648 ], [ 4.979318701314657, 52.330518104116663 ], [ 4.97932330131466, 52.330519204116662 ], [ 4.979327801314666, 52.330520004116671 ], [ 4.979332101314671, 52.330520404116648 ], [ 4.979338401314677, 52.330520504116649 ], [ 4.979277001314615, 52.330527104116641 ], [ 4.979231401314569, 52.330531504116621 ], [ 4.978881001314221, 52.330564104116654 ], [ 4.978603201313947, 52.3305899041167 ], [ 4.978526101313869, 52.330596004116707 ], [ 4.978454001313797, 52.330600304116707 ], [ 4.978385801313726, 52.33060500411667 ], [ 4.978037901313381, 52.330612804116697 ], [ 4.977875701313218, 52.330615404116749 ], [ 4.977804201313148, 52.330619404116732 ], [ 4.977624301312969, 52.330628304116708 ], [ 4.977588201312932, 52.330629104116703 ], [ 4.977457101312802, 52.33063350411674 ], [ 4.977184601312531, 52.330643004116723 ], [ 4.976981301312327, 52.330645404116723 ], [ 4.976952301312295, 52.330645604116711 ], [ 4.976875501312222, 52.330646204116732 ], [ 4.976762701312108, 52.330647004116763 ], [ 4.976339801311686, 52.330651004116746 ], [ 4.976215901311561, 52.330652004116743 ], [ 4.976148001311495, 52.330649104116752 ], [ 4.97604370131139, 52.330645204116728 ], [ 4.976025401311372, 52.330643704116746 ], [ 4.975958201311303, 52.330638004116722 ], [ 4.975765001311109, 52.330621504116728 ], [ 4.975688601311033, 52.330616604116699 ], [ 4.975630101310975, 52.330615204116718 ], [ 4.975562401310906, 52.33061500411673 ], [ 4.975495401310838, 52.330616904116752 ], [ 4.975464801310811, 52.330618004116708 ], [ 4.97542470131077, 52.330620404116729 ], [ 4.975340801310688, 52.330629904116726 ], [ 4.97530980131065, 52.330558204116713 ], [ 4.975305601310647, 52.330559004116701 ], [ 4.975224201310557, 52.330344504116532 ], [ 4.975201301310531, 52.330287204116516 ], [ 4.975177701310507, 52.330229404116501 ], [ 4.975151701310474, 52.330171604116451 ], [ 4.975123801310445, 52.330113304116473 ], [ 4.975089001310407, 52.330044404116407 ], [ 4.975052301310368, 52.329974704116296 ], [ 4.975007401310319, 52.329899104116308 ], [ 4.974930801310236, 52.329784204116237 ], [ 4.974848001310148, 52.329669004116163 ], [ 4.97476510131006, 52.329559204116102 ], [ 4.974721201310015, 52.32950640411606 ], [ 4.974669901309959, 52.329447604116019 ], [ 4.974595301309881, 52.329366704116005 ], [ 4.974513401309797, 52.329283004115929 ], [ 4.974466101309747, 52.329237304115949 ], [ 4.974416701309695, 52.329190704115881 ], [ 4.974360801309638, 52.329139404115857 ], [ 4.974300301309575, 52.329087004115785 ], [ 4.974239801309513, 52.329035604115788 ], [ 4.974176901309448, 52.328984404115758 ], [ 4.974114501309382, 52.328935404115732 ], [ 4.974050801309315, 52.328887304115689 ], [ 4.973997201309261, 52.328847704115695 ], [ 4.973941701309206, 52.328807904115656 ], [ 4.973886401309146, 52.328770104115662 ], [ 4.973858601309118, 52.328751304115634 ], [ 4.97382970130909, 52.328732504115635 ], [ 4.973827001309083, 52.328734004115617 ], [ 4.97375390130901, 52.328686704115604 ], [ 4.973311501308556, 52.328400904115419 ], [ 4.973276901308518, 52.328378604115414 ], [ 4.973252701308494, 52.328362704115385 ], [ 4.973225701308466, 52.328343304115378 ], [ 4.973175001308415, 52.328305904115339 ], [ 4.973050401308286, 52.32820960411528 ], [ 4.972956801308189, 52.328137504115276 ], [ 4.972924701308156, 52.328114404115233 ], [ 4.972862801308088, 52.328069504115206 ], [ 4.972797401308021, 52.328024004115193 ], [ 4.972818801308044, 52.328011004115204 ], [ 4.972741301307966, 52.327960804115172 ], [ 4.972754501307976, 52.32795310411516 ], [ 4.972723601307947, 52.32793330411517 ], [ 4.972695101307916, 52.327915004115134 ], [ 4.972683301307905, 52.327922804115133 ], [ 4.972598501307817, 52.327868804115091 ], [ 4.972541301307759, 52.327832504115108 ], [ 4.972517501307735, 52.327847204115066 ], [ 4.972499501307717, 52.327833104115065 ], [ 4.972419001307633, 52.327781604115074 ], [ 4.972316601307528, 52.327716404115023 ], [ 4.972207301307414, 52.327646604114967 ], [ 4.972020201307225, 52.327529004114901 ], [ 4.971952801307153, 52.327485604114919 ], [ 4.971884601307084, 52.327439804114874 ], [ 4.971819101307015, 52.327391604114815 ], [ 4.971753901306948, 52.327339104114785 ], [ 4.971713001306907, 52.327304204114782 ], [ 4.971671701306863, 52.32726660411474 ], [ 4.971645101306833, 52.32723980411474 ], [ 4.971617101306804, 52.327210304114722 ], [ 4.971592401306782, 52.327183204114696 ], [ 4.971568001306754, 52.327154404114701 ], [ 4.971550501306734, 52.327133104114672 ], [ 4.971533201306721, 52.327110604114637 ], [ 4.971503601306686, 52.327069304114602 ], [ 4.971440001306619, 52.326982604114605 ], [ 4.971404801306581, 52.326934904114566 ], [ 4.97138720130656, 52.326911004114557 ], [ 4.971369801306544, 52.326884104114527 ], [ 4.97133860130651, 52.326840404114513 ], [ 4.971322701306491, 52.32681940411446 ], [ 4.971304401306474, 52.326797404114458 ], [ 4.971286501306453, 52.326775404114464 ], [ 4.971266201306432, 52.326753104114438 ], [ 4.971246601306412, 52.32673170411443 ], [ 4.97122380130639, 52.326708604114422 ], [ 4.971177201306342, 52.326663904114405 ], [ 4.971126401306288, 52.326620204114406 ], [ 4.971095001306257, 52.326595804114369 ], [ 4.971061301306221, 52.326571004114342 ], [ 4.971029001306187, 52.326548904114318 ], [ 4.970994501306154, 52.326526504114312 ], [ 4.970962901306121, 52.326507204114321 ], [ 4.970928401306084, 52.32648760411427 ], [ 4.970911501306065, 52.326478004114257 ], [ 4.970886501306039, 52.326465004114304 ], [ 4.970839601305991, 52.326441204114275 ], [ 4.970780701305932, 52.32641660411425 ], [ 4.970742201305895, 52.326400104114256 ], [ 4.97070860130586, 52.326386704114228 ], [ 4.970555901305703, 52.326323804114203 ], [ 4.970544301305693, 52.326319004114197 ], [ 4.970529801305679, 52.326312804114167 ], [ 4.970427801305575, 52.326269004114174 ], [ 4.970327101305471, 52.326225704114144 ], [ 4.970194001305337, 52.326168504114129 ], [ 4.970182801305324, 52.326162104114061 ], [ 4.970172201305313, 52.326149304114082 ], [ 4.970166801305306, 52.326139004114111 ], [ 4.970160801305299, 52.326117404114079 ], [ 4.970160301305299, 52.326101304114012 ], [ 4.970164101305301, 52.326080204114035 ], [ 4.970169201305306, 52.326066104114041 ], [ 4.970187101305322, 52.326020204114052 ], [ 4.970213901305345, 52.325948904113979 ], [ 4.970227701305357, 52.325914604113976 ], [ 4.970259001305386, 52.325852704113885 ], [ 4.970345501305472, 52.325882204113945 ], [ 4.970309701305439, 52.325921504113964 ], [ 4.970484501305616, 52.325981204114001 ], [ 4.970508201305638, 52.325955004113979 ], [ 4.970539401305669, 52.32592030411395 ], [ 4.970520001305649, 52.325913804113952 ], [ 4.970411901305541, 52.325877004113934 ], [ 4.97080310130591, 52.325447704113699 ] ] ] ] } },
{ "type": "Feature", "properties": { "element": "way", "id": 817343465, "addr:street": "Ganzenhoefpad", "leisure": "park", "name": "Professor Joop van Stigtpark", "note": null, "sport": null, "wikipedia": "nl:Professor Joop van Stigtpark", "access": null, "tourism": null, "website": null, "wikidata": "Q108700630", "start_date": null, "wikimedia_commons": "Category:Professor Joop van Stigtpark, Amsterdam", "area": null, "name:nl": null, "name:ru": null, "alt_name": null, "surface": null, "old_name": null, "name:etymology:wikidata": null, "wheelchair": null, "layer": null, "name:de": null, "name:en": null, "name:ko": null, "name:zh": null, "source": null, "landuse": null, "barrier": null, "fence_type": null, "leaf_type": null, "description": null, "opening_hours": null, "addr:city": "Amsterdam", "not": null, "bicycle": null, "foot": null, "motor_vehicle": null, "operator": null, "fee": null, "lit": null, "architect": null, "ref:bag": null, "addr:postcode": "1103LB", "smoking": null, "garden:type": null, "check_date": null, "construction": null, "survey:date": null, "type": null, "heritage": null, "heritage:operator": null, "ref:rce": null, "bbq": null, "name:uk": null, "name:zh-Hans": null }, "geometry": { "type": "MultiPolygon", "coordinates": [ [ [ [ 4.974119201309109, 52.322948104112164 ], [ 4.974169301309161, 52.322941704112154 ], [ 4.974185201309175, 52.322940304112159 ], [ 4.974200501309189, 52.32293930411219 ], [ 4.974216501309205, 52.322938704112183 ], [ 4.974234001309223, 52.322938604112174 ], [ 4.974249801309242, 52.322939204112188 ], [ 4.974265301309255, 52.322940004112155 ], [ 4.974272001309262, 52.32294070411217 ], [ 4.97428040130927, 52.322942304112168 ], [ 4.974286501309278, 52.322943804112164 ], [ 4.974302801309293, 52.322949304112193 ], [ 4.975041701310044, 52.323204304112323 ], [ 4.97526490131027, 52.323282204112338 ], [ 4.976101501311121, 52.323567604112547 ], [ 4.976290801311312, 52.323632504112581 ], [ 4.976316301311338, 52.32364180411259 ], [ 4.976307001311332, 52.323696004112612 ], [ 4.976309701311333, 52.32371540411264 ], [ 4.976313401311338, 52.323723204112646 ], [ 4.976318901311346, 52.323729604112657 ], [ 4.976328101311354, 52.323736104112619 ], [ 4.976335201311362, 52.323738504112647 ], [ 4.976345301311371, 52.323740304112626 ], [ 4.976362001311388, 52.323741604112641 ], [ 4.976373401311401, 52.323742504112637 ], [ 4.976395601311423, 52.32374210411264 ], [ 4.976406101311433, 52.323742604112638 ], [ 4.976421201311449, 52.323744804112643 ], [ 4.976431101311457, 52.323747104112627 ], [ 4.976458301311486, 52.323755104112635 ], [ 4.976451201311479, 52.323762704112667 ], [ 4.976526001311557, 52.323790804112683 ], [ 4.976652801311683, 52.323835104112682 ], [ 4.976731901311763, 52.323861904112718 ], [ 4.97673950131177, 52.323854404112701 ], [ 4.976781301311814, 52.323873304112745 ], [ 4.97689630131193, 52.323891404112743 ], [ 4.977119801312156, 52.323970704112796 ], [ 4.977325601312364, 52.324008404112767 ], [ 4.977483501312524, 52.324061904112824 ], [ 4.977590601312633, 52.324098504112861 ], [ 4.977718801312764, 52.32414000411287 ], [ 4.977792401312838, 52.324160704112849 ], [ 4.977865601312914, 52.32417890411287 ], [ 4.977935801312982, 52.324195004112894 ], [ 4.978010801313061, 52.324209704112882 ], [ 4.978088601313135, 52.32422240411293 ], [ 4.978176701313223, 52.324235204112945 ], [ 4.978246101313293, 52.324244004112941 ], [ 4.978302701313353, 52.324249704112944 ], [ 4.978386701313433, 52.324256704112926 ], [ 4.978477601313527, 52.324261604112941 ], [ 4.978626201313676, 52.32426250411293 ], [ 4.978726201313776, 52.324259304112985 ], [ 4.978815101313863, 52.324253904112922 ], [ 4.978981901314031, 52.324237404112921 ], [ 4.979118501314165, 52.324217004112903 ], [ 4.97926260131431, 52.324188204112858 ], [ 4.979296301314343, 52.324198204112889 ], [ 4.979461101314504, 52.324160204112871 ], [ 4.979530601314575, 52.324136004112809 ], [ 4.979606701314649, 52.324113004112839 ], [ 4.979686601314727, 52.32408480411285 ], [ 4.979690101314731, 52.324069204112782 ], [ 4.979746201314786, 52.324048004112832 ], [ 4.979940701314986, 52.324152704112869 ], [ 4.979936801314982, 52.324155804112877 ], [ 4.979985301315029, 52.324182404112875 ], [ 4.97999250131504, 52.324186404112865 ], [ 4.98004510131509, 52.324216504112911 ], [ 4.980107601315156, 52.324255804112951 ], [ 4.980157801315205, 52.324238304112882 ], [ 4.980336801315383, 52.324199504112883 ], [ 4.980587201315639, 52.324306604112955 ], [ 4.98082450131588, 52.324411804113005 ], [ 4.980865001315922, 52.324445504113051 ], [ 4.980872601315925, 52.324394804112984 ], [ 4.980911001315964, 52.324370104112965 ], [ 4.981000201316057, 52.324410104113028 ], [ 4.981073901316127, 52.324348704112964 ], [ 4.981074101316124, 52.324344604112973 ], [ 4.981055301316107, 52.324336204112974 ], [ 4.981343401316384, 52.324094204112832 ], [ 4.981306901316346, 52.324077904112826 ], [ 4.981375501316413, 52.324020704112769 ], [ 4.981418101316454, 52.323986904112751 ], [ 4.981409701316444, 52.323969904112737 ], [ 4.981359101316392, 52.323947104112754 ], [ 4.981333101316367, 52.323953504112758 ], [ 4.981235701316268, 52.323909904112703 ], [ 4.981245401316277, 52.323903004112701 ], [ 4.981243501316274, 52.32388640411267 ], [ 4.98121310131624, 52.32387350411269 ], [ 4.981190201316219, 52.32387520411266 ], [ 4.981179101316211, 52.323884104112693 ], [ 4.98104210131607, 52.323823704112684 ], [ 4.981090901316117, 52.323781704112626 ], [ 4.981009601316035, 52.323745704112646 ], [ 4.981007901316032, 52.323747204112614 ], [ 4.980890401315912, 52.32369650411259 ], [ 4.980996701316015, 52.323608304112518 ], [ 4.981013701316032, 52.323593004112489 ], [ 4.98074670131576, 52.323482304112474 ], [ 4.980793901315804, 52.323439704112417 ], [ 4.981148901316168, 52.323599504112529 ], [ 4.981157801316177, 52.323603504112526 ], [ 4.981622401316652, 52.323812804112684 ], [ 4.981850301316882, 52.323916404112694 ], [ 4.981978001317011, 52.323974504112762 ], [ 4.982226601317265, 52.324086104112794 ], [ 4.98230580131735, 52.324121804112849 ], [ 4.982619401317667, 52.324263004112915 ], [ 4.982680301317731, 52.324290504112923 ], [ 4.982807201317859, 52.324347604112965 ], [ 4.982877901317931, 52.324379504112983 ], [ 4.982883601317937, 52.324382104113006 ], [ 4.982928201317982, 52.324402704113012 ], [ 4.982921201317975, 52.324408304112978 ], [ 4.982937801317996, 52.324418704113022 ], [ 4.982952401318008, 52.324430804113021 ], [ 4.982962501318017, 52.32444410411302 ], [ 4.982967201318024, 52.324455404113046 ], [ 4.982969801318028, 52.324467404113051 ], [ 4.982969401318027, 52.324477404113061 ], [ 4.982967701318026, 52.32448410411304 ], [ 4.982964901318024, 52.324493204113011 ], [ 4.982959501318018, 52.324501704113068 ], [ 4.982957101318017, 52.324507004113052 ], [ 4.982966301318024, 52.324509804113049 ], [ 4.982931601317992, 52.324542904113045 ], [ 4.982870801317933, 52.324603504113128 ], [ 4.982828801317896, 52.324647304113135 ], [ 4.982811001317875, 52.324668104113179 ], [ 4.982796801317864, 52.324684704113153 ], [ 4.982773601317843, 52.32471210411321 ], [ 4.982711401317784, 52.324795404113239 ], [ 4.982630301317707, 52.324887704113259 ], [ 4.982530301317611, 52.324985104113317 ], [ 4.982467101317554, 52.325040404113373 ], [ 4.982415601317498, 52.325018504113345 ], [ 4.98227090131736, 52.325142204113448 ], [ 4.982245001317335, 52.325162704113467 ], [ 4.982070501317165, 52.325295204113495 ], [ 4.981959701317058, 52.325375304113578 ], [ 4.98201020131711, 52.325402204113573 ], [ 4.981965501317067, 52.325433604113584 ], [ 4.981931301317036, 52.325459804113642 ], [ 4.981917701317022, 52.3254702041136 ], [ 4.981738901316847, 52.325608004113697 ], [ 4.981733701316845, 52.325608804113699 ], [ 4.981712801316822, 52.325610304113731 ], [ 4.981700501316809, 52.325611204113713 ], [ 4.981696101316806, 52.325614004113724 ], [ 4.981690801316801, 52.325617504113758 ], [ 4.981567101316683, 52.325719604113786 ], [ 4.981565601316682, 52.325721804113797 ], [ 4.98156500131668, 52.325724204113797 ], [ 4.981571901316689, 52.325742804113823 ], [ 4.981571301316686, 52.325745704113828 ], [ 4.981569401316689, 52.325748204113815 ], [ 4.981471101316593, 52.325832604113856 ], [ 4.981468201316588, 52.325835104113864 ], [ 4.981286401316417, 52.325989504113956 ], [ 4.981272001316399, 52.326001704113942 ], [ 4.981184901316317, 52.326075504114002 ], [ 4.981077601316215, 52.326166404114055 ], [ 4.981063301316201, 52.326178504114075 ], [ 4.981054801316191, 52.326185704114074 ], [ 4.980908501316051, 52.326309704114152 ], [ 4.980878101316021, 52.32633540411414 ], [ 4.980826301315973, 52.326379304114184 ], [ 4.980816901315965, 52.326388904114204 ], [ 4.980808001315954, 52.326397204114187 ], [ 4.980787201315936, 52.326416804114196 ], [ 4.980766401315917, 52.32643290411422 ], [ 4.980749001315898, 52.326437504114203 ], [ 4.980736801315884, 52.326438504114201 ], [ 4.980719301315869, 52.326436704114229 ], [ 4.980702801315854, 52.326429504114245 ], [ 4.9806504013158, 52.326405504114156 ], [ 4.980585801315732, 52.32638390411423 ], [ 4.980536301315681, 52.326350504114139 ], [ 4.980471701315616, 52.326321704114143 ], [ 4.980206201315345, 52.326203204114087 ], [ 4.980152801315291, 52.326179804114062 ], [ 4.980145501315283, 52.326176704114054 ], [ 4.980040201315176, 52.326130604114056 ], [ 4.98000440131514, 52.326114404114016 ], [ 4.979317201314438, 52.325802104113841 ], [ 4.978852601313963, 52.325594404113744 ], [ 4.978779101313889, 52.325560704113741 ], [ 4.978705001313814, 52.325526304113694 ], [ 4.978556701313662, 52.32545770411366 ], [ 4.97852390131363, 52.325442404113637 ], [ 4.978473301313578, 52.325477704113673 ], [ 4.978390201313499, 52.325537504113697 ], [ 4.978430901313538, 52.325551304113709 ], [ 4.978434701313544, 52.325548704113679 ], [ 4.978451401313559, 52.325553804113703 ], [ 4.9784905013136, 52.325565904113709 ], [ 4.978483201313593, 52.325572104113718 ], [ 4.978408301313521, 52.325635204113745 ], [ 4.978373401313483, 52.32561970411372 ], [ 4.978303701313417, 52.325678404113788 ], [ 4.978299401313415, 52.325682104113774 ], [ 4.978295101313408, 52.325685704113774 ], [ 4.978281201313396, 52.325697404113797 ], [ 4.978247401313364, 52.32572590411381 ], [ 4.978239101313356, 52.325732804113784 ], [ 4.978232201313349, 52.325738604113809 ], [ 4.978219501313338, 52.325732904113799 ], [ 4.978210101313329, 52.325740804113863 ], [ 4.97820190131332, 52.325747704113816 ], [ 4.978173001313293, 52.325772004113816 ], [ 4.978185801313307, 52.325777704113804 ], [ 4.978143701313266, 52.325813204113864 ], [ 4.978092601313216, 52.325856204113869 ], [ 4.978127101313251, 52.325871404113897 ], [ 4.978121201313246, 52.325876304113891 ], [ 4.978080301313206, 52.32591080411391 ], [ 4.978032201313159, 52.32595130411395 ], [ 4.978015501313145, 52.325966404113949 ], [ 4.977968301313095, 52.325945204113957 ], [ 4.977918701313048, 52.325986604113965 ], [ 4.977906101313036, 52.325981004113942 ], [ 4.977876101313007, 52.325967604113963 ], [ 4.977829201312958, 52.326006904113967 ], [ 4.977781901312914, 52.326046404113981 ], [ 4.977811401312943, 52.326059504113999 ], [ 4.977764801312899, 52.326098504114036 ], [ 4.977740901312877, 52.326118504114056 ], [ 4.977717101312853, 52.326138404114033 ], [ 4.977760801312898, 52.326156504114074 ], [ 4.977769501312907, 52.326160104114081 ], [ 4.977777401312914, 52.326163404114062 ], [ 4.977731101312869, 52.326203704114093 ], [ 4.977659301312802, 52.326266304114121 ], [ 4.97772650131287, 52.326296504114154 ], [ 4.977906701313056, 52.326376004114202 ], [ 4.977937301313087, 52.326389504114196 ], [ 4.977890801313039, 52.326424304114241 ], [ 4.977859401313012, 52.32644140411427 ], [ 4.977798701312949, 52.326443004114225 ], [ 4.977757601312908, 52.326444104114245 ], [ 4.977630801312783, 52.326456504114233 ], [ 4.977617701312767, 52.326450404114262 ], [ 4.977603801312756, 52.326444104114238 ], [ 4.977561801312712, 52.326438804114247 ], [ 4.977523901312674, 52.326446904114242 ], [ 4.977463601312613, 52.326464104114251 ], [ 4.97742660131258, 52.326477804114276 ], [ 4.977379601312536, 52.326521204114293 ], [ 4.97739340131255, 52.326527704114284 ], [ 4.977368501312524, 52.326549704114321 ], [ 4.977441601312599, 52.326585104114329 ], [ 4.977291501312452, 52.326714504114378 ], [ 4.977128401312293, 52.326730204114398 ], [ 4.977000901312167, 52.326742204114375 ], [ 4.976889401312054, 52.32675280411442 ], [ 4.976830601311998, 52.326801804114424 ], [ 4.976716101311888, 52.326897504114505 ], [ 4.976740201311918, 52.326996004114534 ], [ 4.97668340131186, 52.3270023041146 ], [ 4.976675801311851, 52.32700310411456 ], [ 4.976621601311797, 52.327006804114575 ], [ 4.976518501311696, 52.327028704114582 ], [ 4.976506301311683, 52.327005204114599 ], [ 4.976491701311669, 52.326989804114582 ], [ 4.97636440131154, 52.326948504114576 ], [ 4.976312601311486, 52.326930504114543 ], [ 4.976215201311385, 52.326895504114525 ], [ 4.976083301311252, 52.326851104114482 ], [ 4.97569550131086, 52.326718604114411 ], [ 4.97567540131084, 52.326714104114401 ], [ 4.975664401310831, 52.326711904114433 ], [ 4.975651701310816, 52.326710304114407 ], [ 4.975632501310795, 52.326709004114441 ], [ 4.975611301310775, 52.326708404114427 ], [ 4.975587601310751, 52.326709404114418 ], [ 4.975574801310739, 52.326711904114362 ], [ 4.975564701310728, 52.326714204114431 ], [ 4.975556701310721, 52.32671730411441 ], [ 4.975550701310715, 52.326720304114374 ], [ 4.975541801310706, 52.326726204114351 ], [ 4.975487301310655, 52.326768004114427 ], [ 4.975492601310659, 52.326769804114441 ], [ 4.97547390131064, 52.326790004114464 ], [ 4.975306401310473, 52.326732004114433 ], [ 4.975169201310332, 52.326684404114367 ], [ 4.975059601310222, 52.326646404114356 ], [ 4.975077801310237, 52.326626704114354 ], [ 4.975082901310244, 52.326628504114375 ], [ 4.975099201310257, 52.326577804114336 ], [ 4.975098801310256, 52.32657130411431 ], [ 4.975097101310254, 52.326565604114286 ], [ 4.975093801310249, 52.326559704114324 ], [ 4.975089401310247, 52.326555004114304 ], [ 4.975085001310241, 52.32655120411431 ], [ 4.975079301310235, 52.326547704114283 ], [ 4.975071301310225, 52.326543804114294 ], [ 4.975065201310221, 52.326541804114321 ], [ 4.975009601310164, 52.326527204114292 ], [ 4.974913701310068, 52.326490004114277 ], [ 4.974893201310046, 52.326471104114269 ], [ 4.974871001310021, 52.326388404114233 ], [ 4.97484580130999, 52.326313204114179 ], [ 4.974813701309958, 52.326243004114112 ], [ 4.974802501309944, 52.326225704114144 ], [ 4.974781401309922, 52.326175804114101 ], [ 4.97473220130987, 52.326146304114062 ], [ 4.974719401309857, 52.326136304114058 ], [ 4.974660001309798, 52.326099404114039 ], [ 4.974595601309729, 52.326063804114021 ], [ 4.974564701309699, 52.326045704114037 ], [ 4.974535301309668, 52.326027504113988 ], [ 4.974518601309652, 52.326022104114017 ], [ 4.974498501309632, 52.326018504114018 ], [ 4.974474401309608, 52.326013104113997 ], [ 4.974451601309584, 52.326006204113988 ], [ 4.974434001309566, 52.325999304113992 ], [ 4.974410701309544, 52.325991504113979 ], [ 4.974385201309517, 52.325982904113978 ], [ 4.974332501309463, 52.325969404113962 ], [ 4.974313901309445, 52.325965004113982 ], [ 4.97430130130943, 52.325962404113945 ], [ 4.974286801309416, 52.325959104113977 ], [ 4.974278101309408, 52.325956604113948 ], [ 4.97426090130939, 52.325954304113992 ], [ 4.974236901309368, 52.325951304113971 ], [ 4.974222101309352, 52.325949404113956 ], [ 4.9741727013093, 52.325944104113958 ], [ 4.974137401309268, 52.325942504113939 ], [ 4.97410080130923, 52.325936104113964 ], [ 4.97406130130919, 52.325939604113941 ], [ 4.973938101309067, 52.325940704113982 ], [ 4.973907501309036, 52.325939204113958 ], [ 4.973868101308995, 52.325935004113951 ], [ 4.973798301308927, 52.325921004113923 ], [ 4.973671201308798, 52.325877204113908 ], [ 4.973607901308734, 52.325856404113892 ], [ 4.973541801308666, 52.325835704113878 ], [ 4.973337301308459, 52.325776704113842 ], [ 4.973312601308434, 52.325772904113855 ], [ 4.973296401308417, 52.325771204113842 ], [ 4.973254301308374, 52.325769404113842 ], [ 4.97303920130816, 52.325758504113814 ], [ 4.972904401308023, 52.325724504113836 ], [ 4.972764001307882, 52.325686404113824 ], [ 4.972755001307873, 52.325683904113809 ], [ 4.972730501307847, 52.32569150411382 ], [ 4.972671701307791, 52.325693704113831 ], [ 4.972610101307728, 52.325688804113817 ], [ 4.972560601307682, 52.325678804113835 ], [ 4.972479001307594, 52.325650104113784 ], [ 4.972353801307468, 52.32559660411377 ], [ 4.972267601307379, 52.325542604113721 ], [ 4.972226001307338, 52.325523004113712 ], [ 4.97218150130729, 52.32551210411372 ], [ 4.97202330130713, 52.325458004113656 ], [ 4.971604101306705, 52.325311304113605 ], [ 4.971033101306125, 52.325116904113479 ], [ 4.97102470130612, 52.325114004113487 ], [ 4.971038001306128, 52.32509950411346 ], [ 4.971059201306151, 52.325083704113467 ], [ 4.971064401306155, 52.325079804113464 ], [ 4.971075301306167, 52.325068404113416 ], [ 4.971098501306187, 52.325045604113434 ], [ 4.971140301306227, 52.324999904113412 ], [ 4.971228701306318, 52.325030304113433 ], [ 4.971245301306333, 52.325036004113421 ], [ 4.971253401306342, 52.3250275041134 ], [ 4.97124020130633, 52.325022804113459 ], [ 4.971189601306274, 52.324972504113383 ], [ 4.971169101306255, 52.324965504113365 ], [ 4.971169901306254, 52.324964604113397 ], [ 4.971161601306248, 52.324960804113374 ], [ 4.971154101306237, 52.324957404113341 ], [ 4.971165401306249, 52.324944404113388 ], [ 4.971188301306271, 52.324918004113336 ], [ 4.971114701306197, 52.324891904113343 ], [ 4.971321201306393, 52.324665304113203 ], [ 4.97140280130647, 52.324577004113138 ], [ 4.971689301306744, 52.324322804112981 ], [ 4.971736601306789, 52.324271704112952 ], [ 4.971770801306821, 52.324234704112925 ], [ 4.972053201307092, 52.323927304112765 ], [ 4.972202001307232, 52.323765704112667 ], [ 4.972255601307285, 52.323732004112649 ], [ 4.972276701307305, 52.323716904112651 ], [ 4.972299101307325, 52.323702404112623 ], [ 4.972322601307349, 52.32368870411262 ], [ 4.972347101307371, 52.323675704112588 ], [ 4.972372701307399, 52.323663404112594 ], [ 4.972399201307423, 52.323651904112602 ], [ 4.972426601307451, 52.32364120411259 ], [ 4.972454801307479, 52.323631404112596 ], [ 4.972483801307506, 52.323622404112584 ], [ 4.972513401307536, 52.323614304112567 ], [ 4.972540301307564, 52.323608104112587 ], [ 4.972682801307702, 52.323575004112541 ], [ 4.972749601307768, 52.323562204112513 ], [ 4.972769501307788, 52.323557904112533 ], [ 4.972786001307805, 52.323553704112499 ], [ 4.97280220130782, 52.323549104112544 ], [ 4.972818001307836, 52.323544004112549 ], [ 4.972833401307854, 52.323538504112527 ], [ 4.972848301307866, 52.323532604112522 ], [ 4.972856801307874, 52.323528404112515 ], [ 4.972865001307881, 52.323525004112518 ], [ 4.97287290130789, 52.323521304112518 ], [ 4.972880601307899, 52.323517504112523 ], [ 4.972887901307906, 52.323513404112532 ], [ 4.972895001307911, 52.323509204112526 ], [ 4.972901701307919, 52.323504704112501 ], [ 4.972911901307926, 52.323498804112518 ], [ 4.972918101307934, 52.323495504112529 ], [ 4.972948601307966, 52.323505404112524 ], [ 4.972959601307979, 52.323508504112532 ], [ 4.972971101307988, 52.323511004112511 ], [ 4.972983001307998, 52.323512704112531 ], [ 4.972995001308012, 52.323513804112508 ], [ 4.973000701308018, 52.323513904112488 ], [ 4.973108201308126, 52.323515604112494 ], [ 4.973123301308141, 52.323515704112481 ], [ 4.973129701308146, 52.323515904112547 ], [ 4.973138901308155, 52.323516604112505 ], [ 4.973150101308169, 52.323517904112556 ], [ 4.973162401308179, 52.323520104112504 ], [ 4.97317410130819, 52.323523104112546 ], [ 4.973179801308197, 52.323524404112483 ], [ 4.97327130130829, 52.323555904112553 ], [ 4.973298501308316, 52.323525804112478 ], [ 4.97331090130833, 52.323530004112534 ], [ 4.973325601308343, 52.323535004112529 ], [ 4.973415301308434, 52.323565504112509 ], [ 4.973507201308527, 52.323596504112572 ], [ 4.973541901308559, 52.323557304112505 ], [ 4.973970601308968, 52.323084704112254 ], [ 4.974036701309034, 52.323106304112272 ], [ 4.97412760130912, 52.323006404112206 ], [ 4.974124201309115, 52.322983804112177 ], [ 4.974119201309109, 52.322948104112164 ] ] ] ] } },
{ "type": "Feature", "properties": { "element": "way", "id": 848463671, "addr:street": null, "leisure": "park", "name": null, "note": null, "sport": null, "wikipedia": null, "access": null, "tourism": null, "website": null, "wikidata": null, "start_date": null, "wikimedia_commons": null, "area": null, "name:nl": null, "name:ru": null, "alt_name": null, "surface": null, "old_name": null, "name:etymology:wikidata": null, "wheelchair": null, "layer": null, "name:de": null, "name:en": null, "name:ko": null, "name:zh": null, "source": null, "landuse": null, "barrier": null, "fence_type": null, "leaf_type": null, "description": null, "opening_hours": null, "addr:city": null, "not": null, "bicycle": null, "foot": null, "motor_vehicle": null, "operator": null, "fee": null, "lit": null, "architect": null, "ref:bag": null, "addr:postcode": null, "smoking": null, "garden:type": null, "check_date": null, "construction": null, "survey:date": null, "type": null, "heritage": null, "heritage:operator": null, "ref:rce": null, "bbq": null, "name:uk": null, "name:zh-Hans": null }, "geometry": { "type": "MultiPolygon", "coordinates": [ [ [ [ 4.874788101213553, 52.400619304158454 ], [ 4.874699301213461, 52.400604304158414 ], [ 4.87481000121356, 52.400363204158296 ], [ 4.874831901213582, 52.400322804158293 ], [ 4.874887801213637, 52.400332704158288 ], [ 4.874921901213672, 52.400338804158267 ], [ 4.874912501213661, 52.40035850415827 ], [ 4.874788101213553, 52.400619304158454 ] ] ] ] } },
{ "type": "Feature", "properties": { "element": "way", "id": 865395733, "addr:street": null, "leisure": "park", "name": null, "note": null, "sport": null, "wikipedia": null, "access": null, "tourism": null, "website": null, "wikidata": null, "start_date": null, "wikimedia_commons": null, "area": null, "name:nl": null, "name:ru": null, "alt_name": null, "surface": null, "old_name": null, "name:etymology:wikidata": null, "wheelchair": null, "layer": null, "name:de": null, "name:en": null, "name:ko": null, "name:zh": null, "source": null, "landuse": null, "barrier": null, "fence_type": null, "leaf_type": null, "description": null, "opening_hours": null, "addr:city": null, "not": null, "bicycle": null, "foot": null, "motor_vehicle": null, "operator": null, "fee": null, "lit": null, "architect": null, "ref:bag": null, "addr:postcode": null, "smoking": null, "garden:type": null, "check_date": null, "construction": null, "survey:date": null, "type": null, "heritage": null, "heritage:operator": null, "ref:rce": null, "bbq": null, "name:uk": null, "name:zh-Hans": null }, "geometry": { "type": "MultiPolygon", "coordinates": [ [ [ [ 4.876140601213245, 52.366161604138156 ], [ 4.876166101213268, 52.366125604138126 ], [ 4.876184901213285, 52.366086304138108 ], [ 4.876186201213284, 52.366064204138084 ], [ 4.876173501213271, 52.366047804138077 ], [ 4.876140601213237, 52.366047004138082 ], [ 4.876109801213207, 52.366054404138076 ], [ 4.876077601213177, 52.366069904138072 ], [ 4.876054801213152, 52.366094504138104 ], [ 4.876033401213134, 52.366127204138131 ], [ 4.876140601213245, 52.366161604138156 ] ] ] ] } },
{ "type": "Feature", "properties": { "element": "way", "id": 876458480, "addr:street": null, "leisure": "park", "name": null, "note": null, "sport": null, "wikipedia": null, "access": null, "tourism": null, "website": null, "wikidata": null, "start_date": null, "wikimedia_commons": null, "area": null, "name:nl": null, "name:ru": null, "alt_name": null, "surface": null, "old_name": null, "name:etymology:wikidata": null, "wheelchair": null, "layer": null, "name:de": null, "name:en": null, "name:ko": null, "name:zh": null, "source": null, "landuse": null, "barrier": null, "fence_type": null, "leaf_type": null, "description": null, "opening_hours": null, "addr:city": null, "not": null, "bicycle": null, "foot": null, "motor_vehicle": null, "operator": null, "fee": null, "lit": null, "architect": null, "ref:bag": null, "addr:postcode": null, "smoking": null, "garden:type": null, "check_date": null, "construction": null, "survey:date": null, "type": null, "heritage": null, "heritage:operator": null, "ref:rce": null, "bbq": null, "name:uk": null, "name:zh-Hans": null }, "geometry": { "type": "MultiPolygon", "coordinates": [ [ [ [ 4.903496501242497, 52.406641904161901 ], [ 4.903463001242458, 52.406526604161833 ], [ 4.904180501243164, 52.406315504161704 ], [ 4.904615001243608, 52.406533104161817 ], [ 4.903496501242497, 52.406641904161901 ] ] ] ] } },
{ "type": "Feature", "properties": { "element": "way", "id": 884695966, "addr:street": null, "leisure": "park", "name": null, "note": null, "sport": null, "wikipedia": null, "access": null, "tourism": null, "website": null, "wikidata": null, "start_date": null, "wikimedia_commons": null, "area": null, "name:nl": null, "name:ru": null, "alt_name": null, "surface": null, "old_name": null, "name:etymology:wikidata": null, "wheelchair": null, "layer": null, "name:de": null, "name:en": null, "name:ko": null, "name:zh": null, "source": null, "landuse": null, "barrier": null, "fence_type": null, "leaf_type": null, "description": null, "opening_hours": null, "addr:city": null, "not": null, "bicycle": null, "foot": null, "motor_vehicle": null, "operator": null, "fee": null, "lit": null, "architect": null, "ref:bag": null, "addr:postcode": null, "smoking": null, "garden:type": null, "check_date": null, "construction": null, "survey:date": null, "type": null, "heritage": null, "heritage:operator": null, "ref:rce": null, "bbq": null, "name:uk": null, "name:zh-Hans": null }, "geometry": { "type": "MultiPolygon", "coordinates": [ [ [ [ 4.836557001175005, 52.392783704153914 ], [ 4.836604001175054, 52.392784004153938 ], [ 4.836784101175234, 52.392783704153885 ], [ 4.836808601175265, 52.392925304154012 ], [ 4.836810701175271, 52.393019904154052 ], [ 4.836785001175253, 52.393157604154148 ], [ 4.836895301175363, 52.393165404154132 ], [ 4.836895301175361, 52.393166304154128 ], [ 4.83704790117552, 52.393284204154192 ], [ 4.83701770117549, 52.39329880415422 ], [ 4.836979201175452, 52.393270504154216 ], [ 4.836958101175431, 52.39329660415423 ], [ 4.836898201175371, 52.39329660415423 ], [ 4.836879901175352, 52.3932989041542 ], [ 4.836867101175342, 52.39330410415424 ], [ 4.836851601175326, 52.393313004154237 ], [ 4.836843101175319, 52.393321304154234 ], [ 4.836838801175315, 52.393332604154232 ], [ 4.836838801175314, 52.393347504154249 ], [ 4.836845001175338, 52.393723404154478 ], [ 4.836795001175288, 52.393724104154458 ], [ 4.83674360117524, 52.393724804154452 ], [ 4.836703901175198, 52.393721404154483 ], [ 4.836668601175163, 52.393715904154462 ], [ 4.836599201175095, 52.393701204154461 ], [ 4.836553601175047, 52.393688904154459 ], [ 4.836557001175005, 52.392783704153914 ] ] ] ] } },
{ "type": "Feature", "properties": { "element": "way", "id": 884700526, "addr:street": null, "leisure": "park", "name": null, "note": null, "sport": null, "wikipedia": null, "access": null, "tourism": null, "website": null, "wikidata": null, "start_date": null, "wikimedia_commons": null, "area": null, "name:nl": null, "name:ru": null, "alt_name": null, "surface": null, "old_name": null, "name:etymology:wikidata": null, "wheelchair": null, "layer": null, "name:de": null, "name:en": null, "name:ko": null, "name:zh": null, "source": null, "landuse": null, "barrier": null, "fence_type": null, "leaf_type": null, "description": null, "opening_hours": null, "addr:city": null, "not": null, "bicycle": null, "foot": null, "motor_vehicle": null, "operator": null, "fee": null, "lit": null, "architect": null, "ref:bag": null, "addr:postcode": null, "smoking": null, "garden:type": null, "check_date": null, "construction": null, "survey:date": null, "type": null, "heritage": null, "heritage:operator": null, "ref:rce": null, "bbq": null, "name:uk": null, "name:zh-Hans": null }, "geometry": { "type": "MultiPolygon", "coordinates": [ [ [ [ 4.836650001175231, 52.395535804155493 ], [ 4.836788401175365, 52.395440504155474 ], [ 4.836795701175357, 52.395079704155222 ], [ 4.836797301175356, 52.395002704155175 ], [ 4.836793101175349, 52.395001704155213 ], [ 4.836790901175347, 52.394999304155228 ], [ 4.836791901175321, 52.39444860415491 ], [ 4.836792001175319, 52.394415104154881 ], [ 4.836792501175319, 52.394413704154914 ], [ 4.836793901175323, 52.394412504154893 ], [ 4.836795801175325, 52.394411604154854 ], [ 4.836798101175328, 52.39441130415485 ], [ 4.836897701175425, 52.394411404154837 ], [ 4.836898001175425, 52.394391404154845 ], [ 4.836799701175328, 52.394390804154874 ], [ 4.836799701175324, 52.394323404154825 ], [ 4.83679710117532, 52.394323404154811 ], [ 4.836795001175319, 52.3943225041548 ], [ 4.836793401175317, 52.394321304154843 ], [ 4.836792601175317, 52.39431990415482 ], [ 4.836792601175316, 52.394299304154806 ], [ 4.836793301175303, 52.394011504154648 ], [ 4.836793601175302, 52.394010004154637 ], [ 4.836794101175302, 52.394009304154658 ], [ 4.836796601175304, 52.394007704154639 ], [ 4.836798801175309, 52.394007204154597 ], [ 4.836879701175389, 52.394007204154633 ], [ 4.836879701175386, 52.394003404154624 ], [ 4.836878201175385, 52.394002504154628 ], [ 4.836875901175384, 52.394000304154645 ], [ 4.836874301175381, 52.393997904154617 ], [ 4.836873901175382, 52.393996604154616 ], [ 4.836873901175379, 52.39399270415462 ], [ 4.836875101175382, 52.393990204154619 ], [ 4.836878401175383, 52.393986904154616 ], [ 4.836881401175388, 52.393985104154616 ], [ 4.836887101175395, 52.393983304154624 ], [ 4.836893301175401, 52.393982704154631 ], [ 4.836899601175404, 52.393983304154617 ], [ 4.836905201175412, 52.393985104154609 ], [ 4.836909601175416, 52.393987904154628 ], [ 4.836912301175418, 52.393991404154626 ], [ 4.836913001175421, 52.393994004154628 ], [ 4.836912801175422, 52.393996604154616 ], [ 4.836911701175419, 52.393999104154609 ], [ 4.836910801175418, 52.394000304154616 ], [ 4.836907001175414, 52.394003404154638 ], [ 4.836907001175414, 52.394007204154633 ], [ 4.836986601175494, 52.394007104154603 ], [ 4.836987801175495, 52.394007204154626 ], [ 4.836990801175499, 52.394008204154666 ], [ 4.837138301175647, 52.394007704154639 ], [ 4.837138001175645, 52.393968604154637 ], [ 4.837062401175565, 52.39390960415458 ], [ 4.837043001175547, 52.39391880415458 ], [ 4.837032701175536, 52.393910804154565 ], [ 4.837052101175556, 52.393901504154577 ], [ 4.837020401175522, 52.393877904154564 ], [ 4.836996801175498, 52.393863304154557 ], [ 4.83697130117547, 52.393850604154522 ], [ 4.836938301175437, 52.393839104154544 ], [ 4.836911001175411, 52.393832204154521 ], [ 4.836885001175384, 52.393827604154552 ], [ 4.836848301175348, 52.393823304154523 ], [ 4.83661200117511, 52.39382270415453 ], [ 4.836579401175078, 52.393824704154518 ], [ 4.836559401175061, 52.393827904154527 ], [ 4.836562201175081, 52.394240304154764 ], [ 4.836562201175083, 52.394245704154784 ], [ 4.836562301175082, 52.394255804154746 ], [ 4.836563701175093, 52.394457004154887 ], [ 4.836564801175101, 52.394609504154992 ], [ 4.83657090117512, 52.394829404155097 ], [ 4.83658130117514, 52.395061904155284 ], [ 4.836618201175201, 52.39549980415552 ], [ 4.836622001175205, 52.395513904155528 ], [ 4.836634601175217, 52.395526704155493 ], [ 4.836650001175231, 52.395535804155493 ] ] ] ] } },
{ "type": "Feature", "properties": { "element": "way", "id": 897155293, "addr:street": null, "leisure": "park", "name": "Bella Vistapark", "note": null, "sport": null, "wikipedia": "nl:Bella Vistapark", "access": null, "tourism": null, "website": null, "wikidata": "Q107182484", "start_date": null, "wikimedia_commons": "Category:Bella Vistapark, Amsterdam", "area": null, "name:nl": null, "name:ru": null, "alt_name": null, "surface": null, "old_name": null, "name:etymology:wikidata": null, "wheelchair": null, "layer": null, "name:de": null, "name:en": null, "name:ko": null, "name:zh": null, "source": "3dShapes", "landuse": null, "barrier": null, "fence_type": null, "leaf_type": null, "description": null, "opening_hours": null, "addr:city": null, "not": null, "bicycle": null, "foot": null, "motor_vehicle": null, "operator": null, "fee": null, "lit": null, "architect": null, "ref:bag": null, "addr:postcode": null, "smoking": null, "garden:type": null, "check_date": null, "construction": null, "survey:date": null, "type": null, "heritage": null, "heritage:operator": null, "ref:rce": null, "bbq": null, "name:uk": null, "name:zh-Hans": null }, "geometry": { "type": "MultiPolygon", "coordinates": [ [ [ [ 4.915971201251698, 52.338044604121365 ], [ 4.915629301251362, 52.338162204121446 ], [ 4.914701201250447, 52.338429604121615 ], [ 4.914830301250582, 52.338575104121681 ], [ 4.914888701250642, 52.338641004121754 ], [ 4.915135701250904, 52.338947104121928 ], [ 4.915160701250932, 52.33897440412192 ], [ 4.915170501250941, 52.338985104121946 ], [ 4.915173701250946, 52.338988404121956 ], [ 4.915215701250989, 52.339031504121984 ], [ 4.915255501251031, 52.339072104121996 ], [ 4.916600001252352, 52.338627804121735 ], [ 4.917122101252867, 52.338455904121581 ], [ 4.917636901253374, 52.338285804121533 ], [ 4.917691501253427, 52.338267704121506 ], [ 4.918009701253739, 52.338162604121429 ], [ 4.918560001254283, 52.33798070412135 ], [ 4.918633701254352, 52.337956304121327 ], [ 4.918875701254595, 52.337876404121261 ], [ 4.918935301254649, 52.337857904121265 ], [ 4.919250501254963, 52.337755704121236 ], [ 4.919356101255064, 52.337721404121183 ], [ 4.91935090125506, 52.337711804121184 ], [ 4.919305901255014, 52.337700804121184 ], [ 4.918909701254613, 52.337600604121093 ], [ 4.918053301253745, 52.337372504120985 ], [ 4.917952601253649, 52.33740380412101 ], [ 4.917918401253612, 52.337414404120992 ], [ 4.917846901253543, 52.337437604121007 ], [ 4.916444901252162, 52.337895704121301 ], [ 4.915971201251698, 52.338044604121365 ] ] ] ] } },
{ "type": "Feature", "properties": { "element": "way", "id": 909403901, "addr:street": null, "leisure": "park", "name": null, "note": null, "sport": null, "wikipedia": null, "access": null, "tourism": null, "website": null, "wikidata": null, "start_date": null, "wikimedia_commons": null, "area": null, "name:nl": null, "name:ru": null, "alt_name": null, "surface": null, "old_name": null, "name:etymology:wikidata": null, "wheelchair": null, "layer": null, "name:de": null, "name:en": null, "name:ko": null, "name:zh": null, "source": null, "landuse": "grass", "barrier": null, "fence_type": null, "leaf_type": null, "description": null, "opening_hours": null, "addr:city": null, "not": null, "bicycle": null, "foot": null, "motor_vehicle": null, "operator": null, "fee": null, "lit": null, "architect": null, "ref:bag": null, "addr:postcode": null, "smoking": null, "garden:type": null, "check_date": null, "construction": null, "survey:date": null, "type": null, "heritage": null, "heritage:operator": null, "ref:rce": null, "bbq": null, "name:uk": null, "name:zh-Hans": null }, "geometry": { "type": "MultiPolygon", "coordinates": [ [ [ [ 4.847427501185993, 52.395581304155542 ], [ 4.847552101186119, 52.39558350415556 ], [ 4.848154701186721, 52.395594004155569 ], [ 4.848167901186733, 52.395594204155543 ], [ 4.848179301186746, 52.395594404155545 ], [ 4.848178301186744, 52.395614604155554 ], [ 4.848244901186813, 52.395615804155561 ], [ 4.84824530118681, 52.39560660415551 ], [ 4.848328301186895, 52.395608204155572 ], [ 4.848327801186894, 52.395618804155561 ], [ 4.848347501186915, 52.395619204155558 ], [ 4.848348101186914, 52.395606204155548 ], [ 4.848577801187144, 52.395610404155562 ], [ 4.848576701187143, 52.39563300415557 ], [ 4.848908801187476, 52.395638804155567 ], [ 4.848908001187477, 52.395655204155588 ], [ 4.848938501187506, 52.395656004155576 ], [ 4.848940501187507, 52.395617004155547 ], [ 4.84941690118798, 52.39562570415552 ], [ 4.849417301187983, 52.395616904155581 ], [ 4.849470101188034, 52.395617904155536 ], [ 4.849468801188035, 52.395649004155565 ], [ 4.849696901188262, 52.395651704155604 ], [ 4.849696101188265, 52.395672404155619 ], [ 4.849721601188288, 52.395673504155589 ], [ 4.84972340118829, 52.395630804155573 ], [ 4.850327201188892, 52.39563990415558 ], [ 4.850327601188891, 52.395630904155553 ], [ 4.850379401188945, 52.395631604155547 ], [ 4.850378201188945, 52.395663404155577 ], [ 4.850485501189053, 52.395664704155614 ], [ 4.850518001189084, 52.395665404155572 ], [ 4.850516601189079, 52.395633604155542 ], [ 4.850511201189071, 52.395555104155498 ], [ 4.848119501186681, 52.395504404155503 ], [ 4.848077401186639, 52.39548240415548 ], [ 4.84742850118599, 52.395474604155467 ], [ 4.847427501185993, 52.395581304155542 ] ] ] ] } },
{ "type": "Feature", "properties": { "element": "way", "id": 916477494, "addr:street": null, "leisure": "park", "name": "Koopvaardersplantsoen", "note": null, "sport": null, "wikipedia": null, "access": null, "tourism": null, "website": null, "wikidata": null, "start_date": null, "wikimedia_commons": null, "area": null, "name:nl": null, "name:ru": null, "alt_name": null, "surface": null, "old_name": null, "name:etymology:wikidata": null, "wheelchair": null, "layer": null, "name:de": null, "name:en": null, "name:ko": null, "name:zh": null, "source": null, "landuse": null, "barrier": null, "fence_type": null, "leaf_type": null, "description": null, "opening_hours": null, "addr:city": null, "not": null, "bicycle": null, "foot": null, "motor_vehicle": null, "operator": null, "fee": null, "lit": null, "architect": null, "ref:bag": null, "addr:postcode": null, "smoking": null, "garden:type": null, "check_date": null, "construction": null, "survey:date": null, "type": null, "heritage": null, "heritage:operator": null, "ref:rce": null, "bbq": null, "name:uk": null, "name:zh-Hans": null }, "geometry": { "type": "MultiPolygon", "coordinates": [ [ [ [ 4.912137301250974, 52.403522504160051 ], [ 4.912100201250936, 52.403488104160026 ], [ 4.912468101251295, 52.403329104159951 ], [ 4.912771401251591, 52.403228104159872 ], [ 4.912839201251659, 52.403213204159826 ], [ 4.913258901252072, 52.403103304159778 ], [ 4.913282701252099, 52.403169104159836 ], [ 4.913300801252119, 52.403222704159845 ], [ 4.913303501252122, 52.403231504159855 ], [ 4.913315001252135, 52.4032645041599 ], [ 4.913477501252316, 52.403637504160109 ], [ 4.913606101252446, 52.403639104160121 ], [ 4.913677301252515, 52.403639604160112 ], [ 4.91391350125275, 52.403645104160113 ], [ 4.91393200125277, 52.403648804160099 ], [ 4.913948901252787, 52.403662004160104 ], [ 4.914113301252967, 52.403976504160276 ], [ 4.914112301252968, 52.403996604160305 ], [ 4.914109201252966, 52.404032904160324 ], [ 4.91410140125296, 52.404118704160346 ], [ 4.914434201253309, 52.404454304160581 ], [ 4.914461901253338, 52.404464604160573 ], [ 4.914514301253391, 52.404481504160607 ], [ 4.914756201253637, 52.404562404160657 ], [ 4.914922701253816, 52.404887004160834 ], [ 4.914939501253836, 52.404918604160883 ], [ 4.915102801254014, 52.405241904161045 ], [ 4.915116601254029, 52.40526630416106 ], [ 4.915132101254047, 52.405286004161077 ], [ 4.915244501254163, 52.405384704161136 ], [ 4.9152801012542, 52.405417604161116 ], [ 4.915514101254444, 52.405632804161272 ], [ 4.915677101254615, 52.405785504161358 ], [ 4.915766101254706, 52.40584940416138 ], [ 4.915804201254744, 52.405874504161375 ], [ 4.915915901254859, 52.405949204161466 ], [ 4.915882301254825, 52.405966504161455 ], [ 4.916034801254989, 52.406146004161563 ], [ 4.915916201254872, 52.406201404161592 ], [ 4.915686601254647, 52.406292604161663 ], [ 4.915584501254546, 52.406333904161649 ], [ 4.914631801253559, 52.405531304161222 ], [ 4.914203601253113, 52.405160104161006 ], [ 4.913982601252884, 52.404989504160888 ], [ 4.913763001252656, 52.404804704160782 ], [ 4.912403001251248, 52.403742404160162 ], [ 4.912137301250974, 52.403522504160051 ] ] ] ] } },
{ "type": "Feature", "properties": { "element": "way", "id": 938896918, "addr:street": null, "leisure": "park", "name": "De Omloop", "note": null, "sport": null, "wikipedia": null, "access": null, "tourism": null, "website": null, "wikidata": null, "start_date": null, "wikimedia_commons": null, "area": null, "name:nl": null, "name:ru": null, "alt_name": null, "surface": null, "old_name": null, "name:etymology:wikidata": null, "wheelchair": null, "layer": "-1", "name:de": null, "name:en": null, "name:ko": null, "name:zh": null, "source": null, "landuse": null, "barrier": null, "fence_type": null, "leaf_type": null, "description": null, "opening_hours": null, "addr:city": null, "not": null, "bicycle": null, "foot": null, "motor_vehicle": null, "operator": null, "fee": null, "lit": null, "architect": null, "ref:bag": null, "addr:postcode": null, "smoking": null, "garden:type": null, "check_date": null, "construction": null, "survey:date": null, "type": null, "heritage": null, "heritage:operator": null, "ref:rce": null, "bbq": null, "name:uk": null, "name:zh-Hans": null }, "geometry": { "type": "MultiPolygon", "coordinates": [ [ [ [ 4.967631001304048, 52.3536542041304 ], [ 4.96769330130409, 52.353215204130152 ], [ 4.96818750130452, 52.351815004129321 ], [ 4.968223801304553, 52.351721604129281 ], [ 4.968631801304922, 52.350919404128796 ], [ 4.9686195013049, 52.350739004128684 ], [ 4.969011901305264, 52.350153104128324 ], [ 4.969239201305476, 52.349817704128178 ], [ 4.968709101304937, 52.349614904128025 ], [ 4.968179001304419, 52.349837904128158 ], [ 4.967781901304035, 52.350128904128319 ], [ 4.967317901303592, 52.350542004128563 ], [ 4.967020701303307, 52.350811604128751 ], [ 4.966748101303045, 52.351065704128864 ], [ 4.96622650130255, 52.351579604129213 ], [ 4.966175601302499, 52.351625704129233 ], [ 4.96597560130231, 52.351787004129314 ], [ 4.965761501302103, 52.351959904129416 ], [ 4.965480901301829, 52.352101204129525 ], [ 4.965422901301769, 52.352130404129554 ], [ 4.965349701301701, 52.352168504129537 ], [ 4.965093701301449, 52.352301504129635 ], [ 4.964901301301265, 52.352421904129692 ], [ 4.964879601301247, 52.35252560412976 ], [ 4.964888101301265, 52.352753804129868 ], [ 4.964895601301284, 52.352934104129993 ], [ 4.964983401301382, 52.353168604130161 ], [ 4.965091801301501, 52.353467004130337 ], [ 4.965503101301946, 52.354151404130739 ], [ 4.965837901302305, 52.354691204131065 ], [ 4.966104901302591, 52.355104304131281 ], [ 4.966376501302883, 52.355525404131512 ], [ 4.96662180130314, 52.355770204131687 ], [ 4.966917001303444, 52.356065804131838 ], [ 4.968055201304581, 52.355970504131797 ], [ 4.968065801304588, 52.355969604131737 ], [ 4.969610901306122, 52.355695904131622 ], [ 4.969648801306158, 52.355667104131619 ], [ 4.969677601306185, 52.355640904131583 ], [ 4.969697601306203, 52.355620004131517 ], [ 4.969705201306211, 52.355612004131558 ], [ 4.96971390130622, 52.355600604131574 ], [ 4.969729701306237, 52.355578404131585 ], [ 4.969852301306347, 52.355359504131421 ], [ 4.970143801306611, 52.354755804131067 ], [ 4.970262601306717, 52.354508604130913 ], [ 4.96853750130497, 52.354012004130624 ], [ 4.967631001304048, 52.3536542041304 ] ] ] ] } },
{ "type": "Feature", "properties": { "element": "way", "id": 940709635, "addr:street": null, "leisure": "park", "name": null, "note": null, "sport": null, "wikipedia": null, "access": null, "tourism": null, "website": null, "wikidata": null, "start_date": null, "wikimedia_commons": null, "area": null, "name:nl": null, "name:ru": null, "alt_name": null, "surface": null, "old_name": null, "name:etymology:wikidata": null, "wheelchair": null, "layer": null, "name:de": null, "name:en": null, "name:ko": null, "name:zh": null, "source": null, "landuse": null, "barrier": null, "fence_type": null, "leaf_type": null, "description": null, "opening_hours": null, "addr:city": null, "not": null, "bicycle": null, "foot": null, "motor_vehicle": null, "operator": null, "fee": null, "lit": null, "architect": null, "ref:bag": null, "addr:postcode": null, "smoking": null, "garden:type": null, "check_date": null, "construction": null, "survey:date": null, "type": null, "heritage": null, "heritage:operator": null, "ref:rce": null, "bbq": null, "name:uk": null, "name:zh-Hans": null }, "geometry": { "type": "MultiPolygon", "coordinates": [ [ [ [ 4.86304700120023, 52.367522304138987 ], [ 4.863277701200459, 52.367442904138947 ], [ 4.862950501200127, 52.367333204138873 ], [ 4.862912901200089, 52.367331504138861 ], [ 4.862887401200065, 52.367345504138868 ], [ 4.862883401200058, 52.367364304138889 ], [ 4.862912901200091, 52.367397904138905 ], [ 4.86304700120023, 52.367522304138987 ] ] ] ] } },
{ "type": "Feature", "properties": { "element": "way", "id": 958720042, "addr:street": null, "leisure": "park", "name": "Park Buurthaven", "note": null, "sport": null, "wikipedia": null, "access": null, "tourism": null, "website": null, "wikidata": null, "start_date": null, "wikimedia_commons": null, "area": null, "name:nl": null, "name:ru": null, "alt_name": "\\sixhavenpark", "surface": null, "old_name": null, "name:etymology:wikidata": null, "wheelchair": null, "layer": null, "name:de": null, "name:en": null, "name:ko": null, "name:zh": null, "source": null, "landuse": null, "barrier": null, "fence_type": null, "leaf_type": null, "description": null, "opening_hours": null, "addr:city": null, "not": null, "bicycle": null, "foot": null, "motor_vehicle": null, "operator": null, "fee": null, "lit": null, "architect": null, "ref:bag": null, "addr:postcode": null, "smoking": null, "garden:type": null, "check_date": null, "construction": null, "survey:date": null, "type": null, "heritage": null, "heritage:operator": null, "ref:rce": null, "bbq": null, "name:uk": null, "name:zh-Hans": null }, "geometry": { "type": "MultiPolygon", "coordinates": [ [ [ [ 4.907981501245882, 52.383679404148396 ], [ 4.907966101245866, 52.383672304148384 ], [ 4.907950201245849, 52.383664904148389 ], [ 4.90795220124585, 52.383663304148392 ], [ 4.907916801245813, 52.383647004148372 ], [ 4.907914801245811, 52.383648604148341 ], [ 4.907816401245711, 52.383603204148336 ], [ 4.90788010124577, 52.383540604148308 ], [ 4.907886301245779, 52.383534704148303 ], [ 4.907962901245852, 52.383461304148263 ], [ 4.908010901245896, 52.383414704148223 ], [ 4.908020701245906, 52.383396204148255 ], [ 4.908039601245922, 52.383353504148182 ], [ 4.908063601245945, 52.383332204148182 ], [ 4.908074701245957, 52.383322704148199 ], [ 4.908087901245967, 52.383312204148183 ], [ 4.908143701246024, 52.383271504148148 ], [ 4.908151001246029, 52.383275204148127 ], [ 4.908210701246086, 52.383233604148117 ], [ 4.908216701246094, 52.383229304148145 ], [ 4.908225901246102, 52.383226704148136 ], [ 4.908235801246112, 52.383225504148108 ], [ 4.908326501246203, 52.383217004148101 ], [ 4.908357901246234, 52.383215604148091 ], [ 4.90847460124635, 52.383237504148134 ], [ 4.908482401246356, 52.383239104148132 ], [ 4.908486901246364, 52.383241704148126 ], [ 4.908904001246795, 52.3835405041483 ], [ 4.908917801246808, 52.383550304148258 ], [ 4.908933401246823, 52.383561304148294 ], [ 4.908965401246857, 52.383584604148325 ], [ 4.908994801246888, 52.383596404148321 ], [ 4.9090084012469, 52.383592004148326 ], [ 4.909061601246954, 52.383576304148299 ], [ 4.909163901247058, 52.383655804148354 ], [ 4.909183201247078, 52.383673604148356 ], [ 4.909179901247079, 52.383687104148422 ], [ 4.909168601247066, 52.383693504148404 ], [ 4.909117301247016, 52.3837296041484 ], [ 4.909397701247298, 52.383741904148394 ], [ 4.909422801247321, 52.38374560414843 ], [ 4.909445401247346, 52.383755904148437 ], [ 4.90952850124743, 52.383812004148432 ], [ 4.90951630124742, 52.383816804148474 ], [ 4.90967940124759, 52.383935004148526 ], [ 4.909976101247895, 52.384160704148648 ], [ 4.910005501247922, 52.384166404148672 ], [ 4.909985401247906, 52.384200404148672 ], [ 4.91005830124798, 52.384216604148683 ], [ 4.910024201247946, 52.384239904148707 ], [ 4.909936901247859, 52.384250504148724 ], [ 4.909910001247832, 52.384243304148733 ], [ 4.909886401247808, 52.384230304148709 ], [ 4.909881201247801, 52.384211004148703 ], [ 4.909886701247807, 52.384192104148681 ], [ 4.909620201247542, 52.38417360414865 ], [ 4.909589401247511, 52.384196304148688 ], [ 4.909440101247368, 52.384311704148757 ], [ 4.909114401247034, 52.384165104148664 ], [ 4.908797001246712, 52.384016804148587 ], [ 4.908495501246402, 52.383874304148506 ], [ 4.908459401246366, 52.383860804148469 ], [ 4.908451601246359, 52.383857804148512 ], [ 4.908426401246333, 52.383852504148493 ], [ 4.908399401246307, 52.383890104148492 ], [ 4.908372501246279, 52.383878304148503 ], [ 4.908373101246282, 52.38387610414847 ], [ 4.908361401246269, 52.383867204148466 ], [ 4.908358001246264, 52.383871504148473 ], [ 4.908002301245903, 52.38371240414839 ], [ 4.908021801245921, 52.383697004148381 ], [ 4.907981501245882, 52.383679404148396 ] ] ] ] } },
{ "type": "Feature", "properties": { "element": "way", "id": 964004661, "addr:street": null, "leisure": "park", "name": "NDSM Stadsstrand", "note": null, "sport": null, "wikipedia": null, "access": null, "tourism": null, "website": null, "wikidata": null, "start_date": null, "wikimedia_commons": null, "area": null, "name:nl": null, "name:ru": null, "alt_name": null, "surface": null, "old_name": null, "name:etymology:wikidata": null, "wheelchair": null, "layer": null, "name:de": null, "name:en": null, "name:ko": null, "name:zh": null, "source": null, "landuse": null, "barrier": null, "fence_type": null, "leaf_type": null, "description": null, "opening_hours": null, "addr:city": null, "not": null, "bicycle": null, "foot": null, "motor_vehicle": null, "operator": null, "fee": null, "lit": null, "architect": null, "ref:bag": null, "addr:postcode": null, "smoking": null, "garden:type": null, "check_date": null, "construction": null, "survey:date": null, "type": null, "heritage": null, "heritage:operator": null, "ref:rce": null, "bbq": null, "name:uk": null, "name:zh-Hans": null }, "geometry": { "type": "MultiPolygon", "coordinates": [ [ [ [ 4.892094001230737, 52.398749504157308 ], [ 4.892081801230725, 52.398751204157286 ], [ 4.892106501230753, 52.398826104157337 ], [ 4.892155501230809, 52.398965104157412 ], [ 4.892281901230932, 52.398950304157431 ], [ 4.892565801231214, 52.398914004157405 ], [ 4.892540101231186, 52.39882270415734 ], [ 4.892529301231171, 52.398781704157308 ], [ 4.892231001230874, 52.398775004157336 ], [ 4.892123601230766, 52.398764104157287 ], [ 4.892094001230737, 52.398749504157308 ] ] ] ] } },
{ "type": "Feature", "properties": { "element": "way", "id": 969816155, "addr:street": null, "leisure": "park", "name": "Berend Seinen Heemtuin", "note": null, "sport": null, "wikipedia": null, "access": null, "tourism": null, "website": null, "wikidata": null, "start_date": null, "wikimedia_commons": null, "area": null, "name:nl": null, "name:ru": null, "alt_name": null, "surface": null, "old_name": null, "name:etymology:wikidata": null, "wheelchair": null, "layer": null, "name:de": null, "name:en": null, "name:ko": null, "name:zh": null, "source": null, "landuse": null, "barrier": null, "fence_type": null, "leaf_type": null, "description": null, "opening_hours": null, "addr:city": null, "not": null, "bicycle": null, "foot": null, "motor_vehicle": null, "operator": null, "fee": null, "lit": null, "architect": null, "ref:bag": null, "addr:postcode": null, "smoking": null, "garden:type": null, "check_date": null, "construction": null, "survey:date": null, "type": null, "heritage": null, "heritage:operator": null, "ref:rce": null, "bbq": null, "name:uk": null, "name:zh-Hans": null }, "geometry": { "type": "MultiPolygon", "coordinates": [ [ [ [ 4.943556201282139, 52.399342504157474 ], [ 4.943807601282386, 52.399242004157415 ], [ 4.943800801282378, 52.399230904157363 ], [ 4.943794401282371, 52.399224504157409 ], [ 4.943786601282365, 52.399218204157364 ], [ 4.943776901282352, 52.399213404157358 ], [ 4.943767001282344, 52.399209304157388 ], [ 4.943757401282334, 52.399206404157397 ], [ 4.943746401282323, 52.399204504157375 ], [ 4.94373560128231, 52.399203204157395 ], [ 4.943726201282303, 52.399203204157388 ], [ 4.943719901282297, 52.399204004157433 ], [ 4.943710201282285, 52.399205004157366 ], [ 4.943701401282277, 52.399205004157366 ], [ 4.943692201282268, 52.399204304157394 ], [ 4.943682001282258, 52.399202204157369 ], [ 4.943673501282249, 52.399198804157407 ], [ 4.943666301282243, 52.399194504157364 ], [ 4.943660301282236, 52.399189104157387 ], [ 4.943655801282231, 52.39918290415735 ], [ 4.943654601282229, 52.399176004157368 ], [ 4.943655401282231, 52.399169904157347 ], [ 4.943657501282232, 52.399164704157343 ], [ 4.943664701282239, 52.39915470415734 ], [ 4.943670701282246, 52.39914720415738 ], [ 4.943674601282248, 52.399140404157357 ], [ 4.94367670128225, 52.399133004157349 ], [ 4.943676801282249, 52.399126004157338 ], [ 4.943675101282247, 52.399119904157338 ], [ 4.943671801282242, 52.399112704157325 ], [ 4.943666201282237, 52.39910340415733 ], [ 4.943658301282228, 52.399093804157303 ], [ 4.943650701282222, 52.399086104157327 ], [ 4.943643801282216, 52.399080604157319 ], [ 4.943634201282204, 52.399075304157307 ], [ 4.943619001282187, 52.399069304157287 ], [ 4.943611301282182, 52.399065904157311 ], [ 4.943605401282176, 52.399062004157322 ], [ 4.94360040128217, 52.399055604157283 ], [ 4.943598501282167, 52.399047404157287 ], [ 4.943598201282167, 52.399045104157302 ], [ 4.943597401282166, 52.399038904157308 ], [ 4.943595201282164, 52.399031704157281 ], [ 4.943590801282157, 52.399018404157275 ], [ 4.943589701282157, 52.399000404157299 ], [ 4.943589501282155, 52.398980004157259 ], [ 4.943588901282154, 52.398975004157244 ], [ 4.943586601282152, 52.398970304157253 ], [ 4.943582601282147, 52.398966304157263 ], [ 4.943576601282142, 52.398962804157236 ], [ 4.943569101282132, 52.398960404157243 ], [ 4.943559501282124, 52.398958504157235 ], [ 4.943551401282115, 52.398956004157235 ], [ 4.943544501282108, 52.39895210415726 ], [ 4.943540101282102, 52.398947504157235 ], [ 4.943537201282101, 52.398942704157221 ], [ 4.943533901282098, 52.398918604157224 ], [ 4.943533201282095, 52.3989117041572 ], [ 4.943531101282094, 52.398906904157229 ], [ 4.943524401282086, 52.398900504157218 ], [ 4.943516601282075, 52.39889500415719 ], [ 4.943476301282038, 52.398871704157195 ], [ 4.943459101282019, 52.398861804157164 ], [ 4.943449401282009, 52.398857904157175 ], [ 4.943442301282005, 52.39885380415717 ], [ 4.943434701281993, 52.398848304157163 ], [ 4.943432501281993, 52.398845904157177 ], [ 4.943429101281989, 52.398842204157191 ], [ 4.943425301281983, 52.398836004157175 ], [ 4.943423901281983, 52.39882970415718 ], [ 4.943423901281983, 52.398821804157173 ], [ 4.94342310128198, 52.398813804157186 ], [ 4.943421201281981, 52.398808304157143 ], [ 4.943401901281958, 52.398766404157151 ], [ 4.943397901281953, 52.398758604157123 ], [ 4.943393501281949, 52.398752204157113 ], [ 4.94338610128194, 52.398746004157125 ], [ 4.943377401281933, 52.39874130415712 ], [ 4.943368801281923, 52.398737904157116 ], [ 4.943359901281915, 52.398735704157147 ], [ 4.943351201281907, 52.398734504157133 ], [ 4.943340501281893, 52.39873400415707 ], [ 4.943332201281885, 52.398732704157105 ], [ 4.943319201281874, 52.398729504157096 ], [ 4.943311101281867, 52.398725904157111 ], [ 4.943302601281856, 52.398720604157099 ], [ 4.943296701281852, 52.398715904157122 ], [ 4.943282901281837, 52.398701004157097 ], [ 4.943274201281827, 52.398691604157115 ], [ 4.94326790128182, 52.39868340415709 ], [ 4.943263101281816, 52.398675104157071 ], [ 4.943261301281811, 52.398667304157058 ], [ 4.943261401281813, 52.398664804157029 ], [ 4.943261601281812, 52.398658804157073 ], [ 4.943263801281814, 52.398650504157075 ], [ 4.943275501281826, 52.398607404157026 ], [ 4.943277901281827, 52.398599704157 ], [ 4.943278401281827, 52.39859250415703 ], [ 4.943277901281825, 52.398586104157012 ], [ 4.943276401281824, 52.398580204156978 ], [ 4.943274901281822, 52.398575504157002 ], [ 4.943272001281819, 52.398571304157024 ], [ 4.943267801281815, 52.398567804156983 ], [ 4.943260801281809, 52.398564504157022 ], [ 4.943250101281797, 52.39856220415701 ], [ 4.943238801281787, 52.398560504157025 ], [ 4.943228601281775, 52.398557404157003 ], [ 4.943219501281765, 52.398553004157002 ], [ 4.943212801281758, 52.398548004157 ], [ 4.943207201281755, 52.398542204156982 ], [ 4.94320460128175, 52.398536604156973 ], [ 4.943201601281747, 52.398530704156968 ], [ 4.943196901281742, 52.398524904157007 ], [ 4.943191201281738, 52.398519504157008 ], [ 4.943184201281729, 52.398514604156972 ], [ 4.943174201281716, 52.39850960415697 ], [ 4.943160901281703, 52.398504504156982 ], [ 4.943140801281686, 52.398497704156966 ], [ 4.943128201281674, 52.398493304156943 ], [ 4.943118301281661, 52.398487404156931 ], [ 4.943111301281654, 52.398481004156956 ], [ 4.943105701281649, 52.398474004156952 ], [ 4.943101501281645, 52.39846660415693 ], [ 4.943099701281644, 52.398458004156964 ], [ 4.943099801281639, 52.398448904156943 ], [ 4.943101101281646, 52.398444904156953 ], [ 4.943102501281643, 52.398440504156916 ], [ 4.94310890128165, 52.398432204156933 ], [ 4.943113001281655, 52.398428404156938 ], [ 4.943116601281655, 52.398425004156955 ], [ 4.943125601281667, 52.398417604156926 ], [ 4.943135501281677, 52.398409704156904 ], [ 4.943145001281684, 52.3984026041569 ], [ 4.943155701281696, 52.398396304156904 ], [ 4.9431592012817, 52.398395004156889 ], [ 4.942939101281468, 52.398195504156774 ], [ 4.942721201281256, 52.398281904156818 ], [ 4.942509501281049, 52.398365904156918 ], [ 4.94261610128116, 52.39846740415696 ], [ 4.942618901281167, 52.398490704156991 ], [ 4.943023001281587, 52.398868104157195 ], [ 4.9430387012816, 52.398882704157181 ], [ 4.9432295012818, 52.399060804157287 ], [ 4.94323850128181, 52.399069204157279 ], [ 4.94330740128188, 52.399133604157342 ], [ 4.943353201281928, 52.399150904157345 ], [ 4.943556201282139, 52.399342504157474 ] ] ] ] } },
{ "type": "Feature", "properties": { "element": "way", "id": 970676812, "addr:street": null, "leisure": "park", "name": null, "note": null, "sport": null, "wikipedia": null, "access": null, "tourism": null, "website": null, "wikidata": null, "start_date": null, "wikimedia_commons": null, "area": null, "name:nl": null, "name:ru": null, "alt_name": null, "surface": null, "old_name": null, "name:etymology:wikidata": null, "wheelchair": null, "layer": null, "name:de": null, "name:en": null, "name:ko": null, "name:zh": null, "source": null, "landuse": null, "barrier": null, "fence_type": null, "leaf_type": null, "description": null, "opening_hours": null, "addr:city": null, "not": null, "bicycle": null, "foot": null, "motor_vehicle": null, "operator": null, "fee": null, "lit": null, "architect": null, "ref:bag": null, "addr:postcode": null, "smoking": null, "garden:type": null, "check_date": null, "construction": null, "survey:date": null, "type": null, "heritage": null, "heritage:operator": null, "ref:rce": null, "bbq": null, "name:uk": null, "name:zh-Hans": null }, "geometry": { "type": "MultiPolygon", "coordinates": [ [ [ [ 4.921046101259185, 52.389133404151558 ], [ 4.920644401258776, 52.388951304151419 ], [ 4.920739701258869, 52.388906304151412 ], [ 4.92104880125917, 52.388782704151353 ], [ 4.921541001259653, 52.388596504151224 ], [ 4.921832001259939, 52.388487604151138 ], [ 4.92235370126045, 52.38829040415105 ], [ 4.923059801261141, 52.388013704150893 ], [ 4.923524901261597, 52.387840804150763 ], [ 4.923621701261695, 52.387817804150764 ], [ 4.9237269012618, 52.387830504150777 ], [ 4.92383020126191, 52.387933504150837 ], [ 4.923914001261998, 52.388022304150887 ], [ 4.923727601261811, 52.388094304150925 ], [ 4.923105401261202, 52.388330904151083 ], [ 4.922534101260642, 52.388556004151219 ], [ 4.921836701259959, 52.388823604151355 ], [ 4.921046101259185, 52.389133404151558 ] ] ] ] } },
{ "type": "Feature", "properties": { "element": "way", "id": 996371677, "addr:street": null, "leisure": "park", "name": "Brasapark-Noord", "note": null, "sport": null, "wikipedia": null, "access": null, "tourism": null, "website": null, "wikidata": null, "start_date": null, "wikimedia_commons": null, "area": null, "name:nl": null, "name:ru": null, "alt_name": null, "surface": null, "old_name": null, "name:etymology:wikidata": null, "wheelchair": null, "layer": null, "name:de": null, "name:en": null, "name:ko": null, "name:zh": null, "source": null, "landuse": null, "barrier": null, "fence_type": null, "leaf_type": null, "description": null, "opening_hours": null, "addr:city": null, "not": null, "bicycle": null, "foot": null, "motor_vehicle": null, "operator": null, "fee": null, "lit": null, "architect": null, "ref:bag": null, "addr:postcode": null, "smoking": null, "garden:type": null, "check_date": null, "construction": null, "survey:date": null, "type": null, "heritage": null, "heritage:operator": null, "ref:rce": null, "bbq": null, "name:uk": null, "name:zh-Hans": null }, "geometry": { "type": "MultiPolygon", "coordinates": [ [ [ [ 4.974710501309103, 52.310051604104501 ], [ 4.974659901309054, 52.310036404104444 ], [ 4.974608701309001, 52.310020304104476 ], [ 4.9745068013089, 52.309988904104465 ], [ 4.974404701308796, 52.309957704104455 ], [ 4.974400301308791, 52.30995640410444 ], [ 4.974404101308795, 52.309951104104435 ], [ 4.974383101308772, 52.309944804104397 ], [ 4.974378201308769, 52.309950404104463 ], [ 4.974356101308747, 52.309941604104459 ], [ 4.974302801308689, 52.3099201041044 ], [ 4.974293801308682, 52.309916604104366 ], [ 4.974270701308655, 52.309908804104431 ], [ 4.97422480130861, 52.309893004104381 ], [ 4.974171701308558, 52.309874604104415 ], [ 4.974118801308504, 52.309856404104373 ], [ 4.974065801308449, 52.309838404104383 ], [ 4.974012401308396, 52.309819904104337 ], [ 4.973959301308343, 52.309801604104351 ], [ 4.973928801308314, 52.309791204104343 ], [ 4.973884801308268, 52.309772204104355 ], [ 4.973846401308228, 52.309755504104317 ], [ 4.973807801308188, 52.309738604104304 ], [ 4.97380110130818, 52.309736104104317 ], [ 4.973747501308126, 52.3097170041043 ], [ 4.973612001307989, 52.309668704104304 ], [ 4.973597901307976, 52.309663904104276 ], [ 4.973551201307926, 52.309648304104265 ], [ 4.973452201307828, 52.309615004104252 ], [ 4.973266001307637, 52.309552504104232 ], [ 4.97323930130761, 52.309543304104203 ], [ 4.973213401307584, 52.309534404104205 ], [ 4.973014201307381, 52.309466304104156 ], [ 4.972948601307314, 52.309443804104149 ], [ 4.9729339013073, 52.309439104104136 ], [ 4.972910801307278, 52.309431504104133 ], [ 4.972872001307237, 52.309418904104085 ], [ 4.972788701307151, 52.309391704104087 ], [ 4.972623201306985, 52.309337704104081 ], [ 4.972592701306953, 52.309327704104113 ], [ 4.972566301306927, 52.309308304104064 ], [ 4.972479101306838, 52.309274704104027 ], [ 4.972415601306773, 52.309250004104044 ], [ 4.972316601306673, 52.309211804103981 ], [ 4.972296801306652, 52.309204104104005 ], [ 4.972276401306632, 52.309197404103969 ], [ 4.972358901306708, 52.309096504103941 ], [ 4.972244901306592, 52.309064704103911 ], [ 4.971878101306222, 52.308966904103848 ], [ 4.971771801306114, 52.308935304103834 ], [ 4.971734901306078, 52.308924704103816 ], [ 4.971705401306049, 52.308916904103818 ], [ 4.971668901306009, 52.308910104103816 ], [ 4.971633301305976, 52.308905404103832 ], [ 4.971599801305941, 52.30890190410382 ], [ 4.97156900130591, 52.308900304103815 ], [ 4.97153780130588, 52.308900304103815 ], [ 4.971507301305849, 52.308901104103818 ], [ 4.971479801305822, 52.308903204103821 ], [ 4.9714583013058, 52.308906604103825 ], [ 4.971437201305778, 52.308910904103847 ], [ 4.971412701305757, 52.308917104103841 ], [ 4.971388901305732, 52.308923204103856 ], [ 4.971367501305711, 52.308930204103852 ], [ 4.971350001305693, 52.308937204103849 ], [ 4.971332901305677, 52.308944204103831 ], [ 4.97131520130566, 52.308951504103831 ], [ 4.971299401305644, 52.308959104103842 ], [ 4.97128500130563, 52.308966704103867 ], [ 4.971272601305619, 52.308974304103877 ], [ 4.971261501305609, 52.308981104103871 ], [ 4.971255901305602, 52.308985104103904 ], [ 4.971226601305569, 52.308974904103884 ], [ 4.970961801305302, 52.308882504103806 ], [ 4.970867801305205, 52.308849104103807 ], [ 4.970901101305238, 52.30883200410377 ], [ 4.97093530130527, 52.308817704103795 ], [ 4.97097080130531, 52.30880620410376 ], [ 4.971007001305343, 52.308796804103771 ], [ 4.971046601305384, 52.308789004103765 ], [ 4.971090901305426, 52.308781604103757 ], [ 4.971147801305481, 52.308772204103768 ], [ 4.97118410130552, 52.308766004103759 ], [ 4.971225601305561, 52.308757004103725 ], [ 4.971247101305579, 52.30875290410372 ], [ 4.971277901305611, 52.308745104103714 ], [ 4.971311501305645, 52.308739004103735 ], [ 4.971352401305687, 52.308736104103737 ], [ 4.971393301305726, 52.30873320410371 ], [ 4.971437501305772, 52.308732804103698 ], [ 4.971484501305819, 52.308734904103737 ], [ 4.971531401305866, 52.30873940410374 ], [ 4.971578301305912, 52.308745504103719 ], [ 4.971623901305959, 52.308754104103755 ], [ 4.971646701305981, 52.308758704103724 ], [ 4.971657901305992, 52.308761304103747 ], [ 4.971667801306004, 52.308763704103761 ], [ 4.971684101306019, 52.308767804103752 ], [ 4.971699001306034, 52.308772304103741 ], [ 4.971728401306064, 52.308781104103744 ], [ 4.971778501306115, 52.308797704103753 ], [ 4.971792601306131, 52.308802404103787 ], [ 4.97180410130614, 52.308807804103751 ], [ 4.971814001306154, 52.30881290410376 ], [ 4.971976201306316, 52.308869204103779 ], [ 4.971973901306314, 52.308871704103787 ], [ 4.97198020130632, 52.308873904103798 ], [ 4.974301601308679, 52.309670504104261 ], [ 4.974442901308822, 52.309718904104322 ], [ 4.97474590130913, 52.309822704104327 ], [ 4.974750401309135, 52.309818004104358 ], [ 4.974806001309187, 52.309757404104303 ], [ 4.974810401309192, 52.309752604104304 ], [ 4.974753901309132, 52.309733704104282 ], [ 4.974652201309032, 52.309698404104267 ], [ 4.974553801308931, 52.309664704104257 ], [ 4.974519401308895, 52.309652904104261 ], [ 4.974477601308852, 52.309638604104251 ], [ 4.974398101308775, 52.309611604104269 ], [ 4.97431770130869, 52.309584004104217 ], [ 4.973248801307604, 52.309216104103989 ], [ 4.972809601307158, 52.30906540410394 ], [ 4.972207701306547, 52.308859304103812 ], [ 4.972038301306374, 52.308801104103779 ], [ 4.972036401306373, 52.308803204103761 ], [ 4.971923901306261, 52.308766204103762 ], [ 4.971841501306177, 52.308736904103689 ], [ 4.971753301306085, 52.308706904103694 ], [ 4.971719301306051, 52.308694504103691 ], [ 4.971696001306029, 52.308686704103671 ], [ 4.971668401306002, 52.308677904103668 ], [ 4.97163670130597, 52.308669104103664 ], [ 4.971592101305921, 52.308656904103707 ], [ 4.971575001305905, 52.308653004103661 ], [ 4.971561901305892, 52.308650904103722 ], [ 4.971549201305879, 52.308647904103644 ], [ 4.971529201305856, 52.308643604103679 ], [ 4.97150220130583, 52.308638504103669 ], [ 4.971477801305807, 52.308634304103641 ], [ 4.971450801305781, 52.308630004103684 ], [ 4.971415201305743, 52.30862530410365 ], [ 4.971400601305728, 52.308622704103655 ], [ 4.971425301305754, 52.308606404103628 ], [ 4.971448101305776, 52.308590104103622 ], [ 4.971476101305802, 52.308569804103584 ], [ 4.971512801305836, 52.308540004103619 ], [ 4.971546201305869, 52.308510304103613 ], [ 4.971577901305899, 52.308479704103547 ], [ 4.971596601305917, 52.308460504103564 ], [ 4.971613801305934, 52.308441404103561 ], [ 4.971629501305948, 52.308422904103509 ], [ 4.971645301305962, 52.308403404103572 ], [ 4.971660401305977, 52.30838300410354 ], [ 4.971673601305988, 52.308364204103491 ], [ 4.971685301306001, 52.308346104103485 ], [ 4.971693201306009, 52.308332904103473 ], [ 4.971703101306017, 52.308315904103509 ], [ 4.971710401306021, 52.308299804103463 ], [ 4.971716201306031, 52.308286404103477 ], [ 4.97171910130603, 52.308280104103453 ], [ 4.971753901306069, 52.308292204103452 ], [ 4.971787601306102, 52.308307204103471 ], [ 4.971818801306134, 52.308320504103484 ], [ 4.971840201306153, 52.308329804103465 ], [ 4.971871201306186, 52.308342204103468 ], [ 4.971907101306225, 52.308355304103507 ], [ 4.971941301306258, 52.30836780410349 ], [ 4.971966401306283, 52.308376704103495 ], [ 4.971997801306316, 52.308388004103477 ], [ 4.972025201306344, 52.308397604103519 ], [ 4.972133101306452, 52.308435004103515 ], [ 4.972147601306467, 52.308441504103548 ], [ 4.972177401306497, 52.308452104103552 ], [ 4.972222201306544, 52.308467904103559 ], [ 4.972313301306635, 52.308499904103606 ], [ 4.972312701306635, 52.308500604103578 ], [ 4.975085101309453, 52.30945170410412 ], [ 4.975089201309455, 52.309447404104141 ], [ 4.97514480130951, 52.309386904104095 ], [ 4.975149401309515, 52.309381904104114 ], [ 4.974922101309284, 52.309304204104052 ], [ 4.974847601309206, 52.309278204104018 ], [ 4.972377501306699, 52.308430304103553 ], [ 4.972376701306696, 52.308431304103536 ], [ 4.972284401306604, 52.308400204103549 ], [ 4.9722819013066, 52.308399804103502 ], [ 4.972275001306595, 52.308397204103514 ], [ 4.972244501306563, 52.308386304103543 ], [ 4.972223101306541, 52.308379104103516 ], [ 4.97221170130653, 52.308376404103505 ], [ 4.972167401306485, 52.308361904103464 ], [ 4.972116201306432, 52.308345304103469 ], [ 4.972074601306391, 52.308331204103467 ], [ 4.972060901306376, 52.308328104103481 ], [ 4.97205580130637, 52.308327204103477 ], [ 4.972042201306357, 52.308322204103462 ], [ 4.972013701306329, 52.308310304103472 ], [ 4.971990701306305, 52.308299704103455 ], [ 4.971968401306282, 52.308287904103416 ], [ 4.97194690130626, 52.308275404103469 ], [ 4.971920701306233, 52.308259304103444 ], [ 4.97190970130622, 52.308251704103434 ], [ 4.971894901306204, 52.308240804103399 ], [ 4.971877501306188, 52.308227704103416 ], [ 4.971860201306169, 52.308212804103427 ], [ 4.971852701306164, 52.308205404103418 ], [ 4.971843701306152, 52.308197104103364 ], [ 4.971831601306138, 52.308184604103396 ], [ 4.971819201306128, 52.308171104103394 ], [ 4.971805701306113, 52.308154004103379 ], [ 4.971799801306108, 52.308146404103375 ], [ 4.971791301306099, 52.30813350410336 ], [ 4.971782401306088, 52.308119104103376 ], [ 4.971771301306077, 52.308098504103341 ], [ 4.971761701306067, 52.308076504103354 ], [ 4.971755801306058, 52.308061804103332 ], [ 4.971749801306053, 52.308044404103313 ], [ 4.971744401306045, 52.30802370410327 ], [ 4.971743601306043, 52.30801020410329 ], [ 4.971741901306041, 52.307997004103278 ], [ 4.971741701306041, 52.307994204103281 ], [ 4.97174180130604, 52.307985204103289 ], [ 4.971741901306039, 52.307976704103261 ], [ 4.971743001306041, 52.307964304103294 ], [ 4.971744601306042, 52.307952704103258 ], [ 4.971746701306043, 52.307943804103218 ], [ 4.971749401306045, 52.307932204103253 ], [ 4.971752101306047, 52.307924604103242 ], [ 4.971756701306052, 52.307914204103227 ], [ 4.971762701306059, 52.307901104103266 ], [ 4.971768301306062, 52.307888304103223 ], [ 4.97178410130608, 52.307864004103209 ], [ 4.971793501306085, 52.307852104103205 ], [ 4.972051301306331, 52.307568604103018 ], [ 4.972193501306466, 52.307415704102922 ], [ 4.972358301306623, 52.307239704102791 ], [ 4.972385301306651, 52.307212204102811 ], [ 4.972411401306673, 52.307184904102783 ], [ 4.972435701306696, 52.307158604102767 ], [ 4.972498101306758, 52.307099504102723 ], [ 4.972505001306763, 52.307091204102754 ], [ 4.97252220130678, 52.307074904102755 ], [ 4.972533801306789, 52.307065304102721 ], [ 4.972549401306805, 52.307054104102747 ], [ 4.97256360130682, 52.307044704102715 ], [ 4.972576701306831, 52.307036804102736 ], [ 4.972612301306865, 52.307018404102706 ], [ 4.972685301306939, 52.306986804102664 ], [ 4.972752701307003, 52.306959604102651 ], [ 4.972782101307032, 52.306950704102668 ], [ 4.972787001307037, 52.306950304102656 ], [ 4.972791601307041, 52.306949904102623 ], [ 4.972798401307049, 52.306949804102651 ], [ 4.972802901307055, 52.30695000410271 ], [ 4.972806201307058, 52.306950304102671 ], [ 4.972815101307066, 52.306952204102664 ], [ 4.972824201307073, 52.306954304102639 ], [ 4.972833601307086, 52.306956804102668 ], [ 4.972842801307094, 52.30695950410265 ], [ 4.972852101307104, 52.306962704102681 ], [ 4.972858901307111, 52.306965104102652 ], [ 4.972864301307116, 52.306967104102668 ], [ 4.972869701307123, 52.306969104102677 ], [ 4.972874701307126, 52.306971604102678 ], [ 4.972879701307131, 52.306974104102679 ], [ 4.972884701307136, 52.306977004102706 ], [ 4.972889501307139, 52.306980404102653 ], [ 4.972894001307147, 52.306983904102651 ], [ 4.972898201307152, 52.306987704102688 ], [ 4.972901301307155, 52.306991504102669 ], [ 4.972903901307156, 52.306995404102651 ], [ 4.97290600130716, 52.306999604102671 ], [ 4.97290750130716, 52.307004004102687 ], [ 4.972908401307163, 52.30700840410266 ], [ 4.972908801307163, 52.307013204102688 ], [ 4.972908301307164, 52.307018004102702 ], [ 4.97290710130716, 52.307022904102737 ], [ 4.972905401307161, 52.307027304102711 ], [ 4.972902701307159, 52.30703210410271 ], [ 4.972899401307155, 52.30703680410268 ], [ 4.972895301307151, 52.307041204102745 ], [ 4.972890701307145, 52.307045304102708 ], [ 4.972886101307141, 52.307048504102688 ], [ 4.972881301307138, 52.307051404102744 ], [ 4.972876201307134, 52.307054104102733 ], [ 4.972871001307127, 52.307056304102694 ], [ 4.972865901307124, 52.307058304102711 ], [ 4.972860901307114, 52.307059904102729 ], [ 4.972856401307115, 52.307061204102716 ], [ 4.972852401307108, 52.307062104102698 ], [ 4.972618301306876, 52.307113204102755 ], [ 4.972648001306911, 52.307163904102786 ], [ 4.972645301306907, 52.307164504102794 ], [ 4.972707801306975, 52.307271704102874 ], [ 4.972744301307014, 52.307334004102877 ], [ 4.972938101307225, 52.307665004103093 ], [ 4.97294610130723, 52.307678704103033 ], [ 4.973011801307296, 52.307664604103117 ], [ 4.973010501307295, 52.307662504103043 ], [ 4.973013701307297, 52.307661804103077 ], [ 4.973018501307302, 52.30766960410309 ], [ 4.973023201307307, 52.307676704103088 ], [ 4.973026801307313, 52.307681704103089 ], [ 4.973030801307316, 52.307686904103115 ], [ 4.973040901307327, 52.307699004103107 ], [ 4.973045701307331, 52.307704604103129 ], [ 4.973050201307337, 52.307709804103105 ], [ 4.973054801307341, 52.30771440410313 ], [ 4.973059101307345, 52.307718404103113 ], [ 4.973062701307349, 52.307721304103055 ], [ 4.973068301307356, 52.307725804103129 ], [ 4.973077501307365, 52.307732604103123 ], [ 4.973088301307376, 52.307739704103106 ], [ 4.973100001307389, 52.307746704103174 ], [ 4.973110101307399, 52.307752104103152 ], [ 4.973119101307408, 52.30775650410316 ], [ 4.973124101307413, 52.307759304103151 ], [ 4.973130301307419, 52.307762404103137 ], [ 4.973136801307427, 52.307765504103145 ], [ 4.973143101307433, 52.307768504103151 ], [ 4.973155301307445, 52.307773704103134 ], [ 4.973166201307456, 52.307778104103129 ], [ 4.97332800130762, 52.307832904103172 ], [ 4.973350801307642, 52.307840604103191 ], [ 4.973360301307655, 52.307844004103202 ], [ 4.973367001307659, 52.3078462041032 ], [ 4.973373501307663, 52.307848104103165 ], [ 4.973379601307673, 52.307849804103185 ], [ 4.973388501307682, 52.307852004103161 ], [ 4.973397901307692, 52.307853904103204 ], [ 4.9734075013077, 52.307855504103202 ], [ 4.973417201307709, 52.307856804103189 ], [ 4.973426601307719, 52.307857804103165 ], [ 4.973435201307728, 52.307858404103214 ], [ 4.973443101307736, 52.307858804103205 ], [ 4.973450201307744, 52.307859004103193 ], [ 4.973457401307751, 52.307859004103165 ], [ 4.973464601307755, 52.307858904103199 ], [ 4.973471301307764, 52.307858504103194 ], [ 4.973478001307772, 52.307858104103175 ], [ 4.973484401307777, 52.307857604103191 ], [ 4.973490801307783, 52.307856904103211 ], [ 4.973496601307788, 52.307856104103166 ], [ 4.973502201307795, 52.3078553041032 ], [ 4.973506001307798, 52.30785460410317 ], [ 4.973665601307956, 52.307819804103168 ], [ 4.973759601308051, 52.307799304103177 ], [ 4.973818101308108, 52.307786604103157 ], [ 4.973874001308165, 52.307774304103134 ], [ 4.973891101308181, 52.307771404103121 ], [ 4.973902101308192, 52.307769004103136 ], [ 4.97397840130827, 52.307795704103185 ], [ 4.973989601308277, 52.307793604103139 ], [ 4.97401610130831, 52.307834404103161 ], [ 4.974027601308318, 52.307852204103177 ], [ 4.974030001308324, 52.307851704103157 ], [ 4.97404600130834, 52.307876004103179 ], [ 4.974066101308361, 52.307906704103218 ], [ 4.974086501308382, 52.307933104103242 ], [ 4.974107001308404, 52.307957804103232 ], [ 4.974139601308438, 52.307995404103281 ], [ 4.974167801308468, 52.308024604103288 ], [ 4.974206101308508, 52.308064004103322 ], [ 4.974240601308546, 52.308097104103332 ], [ 4.974275801308581, 52.308128604103359 ], [ 4.97432360130863, 52.308168004103358 ], [ 4.97436050130867, 52.308196404103377 ], [ 4.974422701308733, 52.308242204103415 ], [ 4.974483701308797, 52.308282704103441 ], [ 4.974527301308842, 52.308310804103492 ], [ 4.974562801308877, 52.308331704103459 ], [ 4.974599401308912, 52.308353804103454 ], [ 4.974632401308948, 52.308371104103514 ], [ 4.974680201308998, 52.308395904103513 ], [ 4.974728101309047, 52.308420204103527 ], [ 4.974775401309095, 52.308443504103501 ], [ 4.974815601309136, 52.308461004103535 ], [ 4.974877101309198, 52.308487304103593 ], [ 4.974924401309247, 52.308505804103547 ], [ 4.974947601309271, 52.308515004103548 ], [ 4.975018601309346, 52.3085432041036 ], [ 4.975098001309424, 52.308575004103616 ], [ 4.9751748013095, 52.308606104103603 ], [ 4.975223501309552, 52.30862570410364 ], [ 4.975346401309678, 52.308675004103669 ], [ 4.975934901310276, 52.308907604103773 ], [ 4.975994601310337, 52.308931004103819 ], [ 4.976069701310411, 52.308960604103824 ], [ 4.976135901310482, 52.308986804103881 ], [ 4.976103001310451, 52.309022104103875 ], [ 4.976287001310636, 52.309095004103909 ], [ 4.976297701310648, 52.309100604103904 ], [ 4.976307501310657, 52.309091404103931 ], [ 4.976329901310677, 52.309068604103899 ], [ 4.976496601310847, 52.309133504103926 ], [ 4.976707201311061, 52.309227804103976 ], [ 4.977048901311411, 52.309374904104097 ], [ 4.977737301312113, 52.309646704104246 ], [ 4.978045801312424, 52.309763304104315 ], [ 4.978316201312702, 52.309901204104378 ], [ 4.978364701312753, 52.309919604104365 ], [ 4.978337801312729, 52.309946804104435 ], [ 4.978404101312794, 52.309971704104434 ], [ 4.978431201312819, 52.309944704104382 ], [ 4.978573301312963, 52.30999860410445 ], [ 4.97867700131307, 52.310017804104454 ], [ 4.978839601313234, 52.310063004104457 ], [ 4.978964001313362, 52.310114204104515 ], [ 4.979090001313489, 52.310163904104542 ], [ 4.979173001313572, 52.310188704104561 ], [ 4.97978090131419, 52.310428604104679 ], [ 4.98014250131456, 52.310567504104789 ], [ 4.980494201314916, 52.310688204104842 ], [ 4.98072310131515, 52.31075410410488 ], [ 4.980952001315381, 52.310817004104919 ], [ 4.981278801315709, 52.310890504104982 ], [ 4.981547501315982, 52.310937104104966 ], [ 4.98185190131629, 52.310981304105013 ], [ 4.982106501316543, 52.311008604105027 ], [ 4.98233210131677, 52.31103150410506 ], [ 4.983200701317644, 52.311116804105069 ], [ 4.983358701317802, 52.311137504105119 ], [ 4.983502601317947, 52.311162004105107 ], [ 4.983617801318061, 52.31118650410513 ], [ 4.983730301318176, 52.311216904105137 ], [ 4.983851501318298, 52.311251704105118 ], [ 4.983981801318431, 52.311294904105175 ], [ 4.984141001318595, 52.311346604105168 ], [ 4.983849701318316, 52.311662104105437 ], [ 4.983620101318099, 52.311923404105549 ], [ 4.983578101318057, 52.311939104105598 ], [ 4.98337300131786, 52.31210740410566 ], [ 4.983013201317527, 52.312598604105979 ], [ 4.982999601317514, 52.312630304105987 ], [ 4.982390501316933, 52.313283404106379 ], [ 4.98228220131683, 52.313402004106464 ], [ 4.982095801316639, 52.313336304106436 ], [ 4.982070001316611, 52.313313804106421 ], [ 4.982055801316595, 52.313246004106375 ], [ 4.98234400131687, 52.312936304106159 ], [ 4.982625101317135, 52.312631304105977 ], [ 4.982594001317104, 52.312590104105979 ], [ 4.981614901316111, 52.312267704105821 ], [ 4.981055301315544, 52.312091204105677 ], [ 4.978507201312957, 52.311270504105217 ], [ 4.9784502013129, 52.311265604105223 ], [ 4.978387101312833, 52.311234204105155 ], [ 4.978088201312532, 52.311130504105122 ], [ 4.977932901312374, 52.311084004105105 ], [ 4.977835301312274, 52.311050004105084 ], [ 4.976366801310784, 52.310576004104796 ], [ 4.976063401310477, 52.310476004104729 ], [ 4.975204401309606, 52.310222704104618 ], [ 4.974710501309103, 52.310051604104501 ] ] ] ] } },
{ "type": "Feature", "properties": { "element": "way", "id": 1028225656, "addr:street": null, "leisure": "park", "name": null, "note": null, "sport": null, "wikipedia": null, "access": null, "tourism": null, "website": null, "wikidata": null, "start_date": null, "wikimedia_commons": null, "area": null, "name:nl": null, "name:ru": null, "alt_name": null, "surface": null, "old_name": null, "name:etymology:wikidata": null, "wheelchair": null, "layer": null, "name:de": null, "name:en": null, "name:ko": null, "name:zh": null, "source": "BGT", "landuse": null, "barrier": null, "fence_type": null, "leaf_type": null, "description": null, "opening_hours": null, "addr:city": null, "not": null, "bicycle": null, "foot": null, "motor_vehicle": null, "operator": null, "fee": null, "lit": null, "architect": null, "ref:bag": null, "addr:postcode": null, "smoking": null, "garden:type": null, "check_date": null, "construction": null, "survey:date": null, "type": null, "heritage": null, "heritage:operator": null, "ref:rce": null, "bbq": null, "name:uk": null, "name:zh-Hans": null }, "geometry": { "type": "MultiPolygon", "coordinates": [ [ [ [ 4.933501801272109, 52.399529104157615 ], [ 4.933596601272207, 52.399491004157611 ], [ 4.93360330127221, 52.399488104157577 ], [ 4.933609601272215, 52.399485404157588 ], [ 4.933881101272483, 52.399370204157528 ], [ 4.933893101272492, 52.399371904157526 ], [ 4.934007501272605, 52.399328104157505 ], [ 4.934293801272903, 52.399582204157646 ], [ 4.934161201272774, 52.399635204157669 ], [ 4.934184801272797, 52.399657504157695 ], [ 4.93422650127284, 52.399640904157685 ], [ 4.934969501273613, 52.400338504158086 ], [ 4.934893601273538, 52.400366804158097 ], [ 4.934889801273536, 52.400368204158106 ], [ 4.93488490127353, 52.400370904158081 ], [ 4.934716501273366, 52.400438104158148 ], [ 4.934450301273105, 52.400544304158188 ], [ 4.934324601272984, 52.400591504158193 ], [ 4.934290101272948, 52.400605504158229 ], [ 4.934255501272915, 52.400619604158244 ], [ 4.934167501272828, 52.400655204158255 ], [ 4.934142401272804, 52.400667204158296 ], [ 4.934122001272784, 52.40067680415828 ], [ 4.934129501272791, 52.400677104158312 ], [ 4.934121701272788, 52.400766804158323 ], [ 4.93411420127278, 52.400766604158299 ], [ 4.93411310127278, 52.400780704158343 ], [ 4.934111601272779, 52.400784604158339 ], [ 4.934109301272776, 52.400788004158365 ], [ 4.934100801272771, 52.40079740415834 ], [ 4.934106601272775, 52.400799204158346 ], [ 4.93399790127267, 52.400927404158431 ], [ 4.933994001272667, 52.400926204158409 ], [ 4.933981801272658, 52.400940604158464 ], [ 4.933964201272639, 52.400941804158442 ], [ 4.933964701272641, 52.400944804158435 ], [ 4.933847101272523, 52.400954404158476 ], [ 4.933846501272522, 52.400951504158456 ], [ 4.933827101272502, 52.400953104158454 ], [ 4.933818301272495, 52.400946104158464 ], [ 4.93381420127249, 52.400948004158479 ], [ 4.933688001272357, 52.400847904158361 ], [ 4.933634301272305, 52.400871204158413 ], [ 4.933608201272281, 52.400882504158417 ], [ 4.933456601272125, 52.400753404158351 ], [ 4.933384401272048, 52.400668904158273 ], [ 4.933259901271916, 52.400521604158186 ], [ 4.933157201271809, 52.400446404158153 ], [ 4.932986401271632, 52.4002899041581 ], [ 4.932932401271576, 52.400239404158057 ], [ 4.932900301271544, 52.400208204158012 ], [ 4.932860501271501, 52.400163304157992 ], [ 4.932843701271485, 52.400148504157997 ], [ 4.932829301271469, 52.400137404157974 ], [ 4.932683401271318, 52.40002310415791 ], [ 4.932341701270963, 52.399752604157761 ], [ 4.932332001270954, 52.399744804157763 ], [ 4.932331301270953, 52.399741104157727 ], [ 4.932333001270954, 52.39973760415775 ], [ 4.932336301270958, 52.399736204157776 ], [ 4.93236930127099, 52.399724104157769 ], [ 4.932374501270996, 52.399724104157727 ], [ 4.932380101271001, 52.399724504157703 ], [ 4.932385101271006, 52.399725704157717 ], [ 4.932564501271187, 52.399801804157768 ], [ 4.932549401271173, 52.39981500415778 ], [ 4.932588801271214, 52.399832704157781 ], [ 4.932561701271186, 52.399853404157795 ], [ 4.932667601271296, 52.399933004157866 ], [ 4.932725101271354, 52.399909204157858 ], [ 4.932713501271341, 52.399897304157825 ], [ 4.932710501271337, 52.399890704157841 ], [ 4.932709501271336, 52.399882204157826 ], [ 4.932719001271345, 52.399882804157841 ], [ 4.932721101271349, 52.399880304157811 ], [ 4.932955201271587, 52.399957004157891 ], [ 4.933035901271662, 52.399865804157834 ], [ 4.932994601271618, 52.399854704157832 ], [ 4.932956401271582, 52.399849104157802 ], [ 4.932921501271545, 52.399838004157807 ], [ 4.932848401271473, 52.399813304157796 ], [ 4.93283810127146, 52.399808704157778 ], [ 4.932832401271456, 52.399804604157787 ], [ 4.932827201271451, 52.39979860415778 ], [ 4.932823701271445, 52.399792004157788 ], [ 4.932822701271446, 52.399787504157786 ], [ 4.932855801271478, 52.39976520415776 ], [ 4.932852701271475, 52.399770604157723 ], [ 4.932852201271476, 52.399775004157732 ], [ 4.932854001271476, 52.399780004157762 ], [ 4.932856701271479, 52.399784204157811 ], [ 4.93286050127148, 52.399787204157768 ], [ 4.932865401271488, 52.399790104157766 ], [ 4.932873301271494, 52.399792904157785 ], [ 4.93298330127161, 52.399829904157805 ], [ 4.933184601271801, 52.399673504157718 ], [ 4.933208501271824, 52.3996549041577 ], [ 4.933312601271926, 52.399613304157675 ], [ 4.933510801272119, 52.399535604157599 ], [ 4.933501801272109, 52.399529104157615 ] ] ] ] } },
{ "type": "Feature", "properties": { "element": "way", "id": 1038287092, "addr:street": null, "leisure": "park", "name": "Natuurpark Vrije Geer", "note": null, "sport": null, "wikipedia": "nl:Natuurpark Vrije Geer", "access": null, "tourism": null, "website": null, "wikidata": null, "start_date": null, "wikimedia_commons": null, "area": null, "name:nl": null, "name:ru": null, "alt_name": null, "surface": null, "old_name": null, "name:etymology:wikidata": null, "wheelchair": null, "layer": null, "name:de": null, "name:en": null, "name:ko": null, "name:zh": null, "source": null, "landuse": null, "barrier": null, "fence_type": null, "leaf_type": null, "description": "veenweidegebied, nu park", "opening_hours": null, "addr:city": null, "not": null, "bicycle": null, "foot": null, "motor_vehicle": null, "operator": null, "fee": null, "lit": null, "architect": null, "ref:bag": null, "addr:postcode": null, "smoking": null, "garden:type": null, "check_date": null, "construction": null, "survey:date": null, "type": null, "heritage": null, "heritage:operator": null, "ref:rce": null, "bbq": null, "name:uk": null, "name:zh-Hans": null }, "geometry": { "type": "MultiPolygon", "coordinates": [ [ [ [ 4.79791270113418, 52.347318304127135 ], [ 4.797424001133677, 52.347020404126965 ], [ 4.797080301133319, 52.346730904126787 ], [ 4.796814201133041, 52.346474504126647 ], [ 4.79661660113283, 52.346231004126444 ], [ 4.796254101132441, 52.345662204126135 ], [ 4.795886601132045, 52.345065904125804 ], [ 4.796256301132416, 52.345110804125817 ], [ 4.79670630113288, 52.345386004125984 ], [ 4.796925201133085, 52.345126404125821 ], [ 4.797122601133279, 52.345063504125797 ], [ 4.797139701133281, 52.344754104125606 ], [ 4.797225601133358, 52.344581104125538 ], [ 4.79718270113331, 52.34448670412543 ], [ 4.797500201133615, 52.344245504125354 ], [ 4.797412801133523, 52.344103904125205 ], [ 4.797712101133816, 52.344020104125178 ], [ 4.7977980011339, 52.343962404125129 ], [ 4.797472501133554, 52.343543504124895 ], [ 4.79739400113347, 52.343442504124837 ], [ 4.797606801133677, 52.343303504124734 ], [ 4.798448201134528, 52.343538504124879 ], [ 4.798709301134799, 52.34373950412499 ], [ 4.800066601136293, 52.346515904126647 ], [ 4.79995500113619, 52.346699404126731 ], [ 4.798857701135118, 52.347201304127054 ], [ 4.798552101134821, 52.347341904127155 ], [ 4.798365401134639, 52.347419104127198 ], [ 4.798093701134365, 52.347400704127182 ], [ 4.79791270113418, 52.347318304127135 ] ] ] ] } },
{ "type": "Feature", "properties": { "element": "way", "id": 1041465930, "addr:street": null, "leisure": "park", "name": "Parlevinkerpark", "note": null, "sport": null, "wikipedia": null, "access": null, "tourism": null, "website": "https://www.amsterdam.nl/projecten/banne-noord/deelproject/parlevinkerpark/", "wikidata": null, "start_date": null, "wikimedia_commons": null, "area": null, "name:nl": null, "name:ru": null, "alt_name": null, "surface": null, "old_name": null, "name:etymology:wikidata": null, "wheelchair": null, "layer": null, "name:de": null, "name:en": null, "name:ko": null, "name:zh": null, "source": null, "landuse": null, "barrier": null, "fence_type": null, "leaf_type": null, "description": null, "opening_hours": null, "addr:city": null, "not": null, "bicycle": null, "foot": null, "motor_vehicle": null, "operator": null, "fee": null, "lit": null, "architect": null, "ref:bag": null, "addr:postcode": null, "smoking": null, "garden:type": null, "check_date": null, "construction": null, "survey:date": null, "type": null, "heritage": null, "heritage:operator": null, "ref:rce": null, "bbq": null, "name:uk": null, "name:zh-Hans": null }, "geometry": { "type": "MultiPolygon", "coordinates": [ [ [ [ 4.918632401257709, 52.408914304163176 ], [ 4.918874301257953, 52.408934104163187 ], [ 4.91963860125875, 52.409601304163587 ], [ 4.919614201258728, 52.409659504163628 ], [ 4.919892701259021, 52.409928604163774 ], [ 4.919636601258767, 52.410036504163834 ], [ 4.919913101259064, 52.410499004164102 ], [ 4.920124501259282, 52.410584604164157 ], [ 4.920573701259722, 52.410392404164035 ], [ 4.920876601260033, 52.41060810416419 ], [ 4.922299501261425, 52.410015404163822 ], [ 4.921986401261099, 52.409772404163647 ], [ 4.92181570126093, 52.409846804163735 ], [ 4.921600201260708, 52.4096273041636 ], [ 4.921041201260127, 52.409152404163322 ], [ 4.920848101259929, 52.409029604163251 ], [ 4.919954301259004, 52.408326804162826 ], [ 4.919660301258709, 52.408280404162824 ], [ 4.919500601258548, 52.408252904162808 ], [ 4.919603301258638, 52.408040704162673 ], [ 4.919792501258825, 52.407942404162576 ], [ 4.919741101258769, 52.407834104162554 ], [ 4.919680701258702, 52.407718004162454 ], [ 4.918029701257086, 52.408430404162893 ], [ 4.918632401257709, 52.408914304163176 ] ] ] ] } },
{ "type": "Feature", "properties": { "element": "way", "id": 1056268798, "addr:street": null, "leisure": "park", "name": "Floraveld", "note": null, "sport": null, "wikipedia": null, "access": null, "tourism": null, "website": null, "wikidata": null, "start_date": null, "wikimedia_commons": null, "area": null, "name:nl": null, "name:ru": null, "alt_name": null, "surface": null, "old_name": null, "name:etymology:wikidata": null, "wheelchair": null, "layer": null, "name:de": null, "name:en": null, "name:ko": null, "name:zh": null, "source": null, "landuse": null, "barrier": null, "fence_type": null, "leaf_type": null, "description": null, "opening_hours": null, "addr:city": null, "not": null, "bicycle": null, "foot": null, "motor_vehicle": null, "operator": null, "fee": null, "lit": null, "architect": null, "ref:bag": null, "addr:postcode": null, "smoking": null, "garden:type": null, "check_date": null, "construction": null, "survey:date": null, "type": null, "heritage": null, "heritage:operator": null, "ref:rce": null, "bbq": null, "name:uk": null, "name:zh-Hans": null }, "geometry": { "type": "MultiPolygon", "coordinates": [ [ [ [ 4.913933701252629, 52.400649704158347 ], [ 4.915269501253969, 52.40080850415842 ], [ 4.91562880125433, 52.400816604158415 ], [ 4.916591801255282, 52.400626904158344 ], [ 4.916723201255405, 52.400479604158242 ], [ 4.916398901255076, 52.400358404158204 ], [ 4.916379201255057, 52.400386004158172 ], [ 4.916271501254949, 52.400358404158183 ], [ 4.916287201254963, 52.400332004158173 ], [ 4.916265201254941, 52.400325704158149 ], [ 4.916098301254775, 52.40031690415811 ], [ 4.916064601254741, 52.400305504158091 ], [ 4.915894201254569, 52.400260204158101 ], [ 4.915349501254013, 52.400063404158004 ], [ 4.915282901253948, 52.40003930415795 ], [ 4.914631101253303, 52.400211204158076 ], [ 4.914515701253204, 52.40050570415827 ], [ 4.913944401252629, 52.400412504158211 ], [ 4.913933701252629, 52.400649704158347 ] ] ] ] } },
{ "type": "Feature", "properties": { "element": "way", "id": 1082655789, "addr:street": null, "leisure": "park", "name": null, "note": null, "sport": null, "wikipedia": null, "access": null, "tourism": null, "website": null, "wikidata": null, "start_date": null, "wikimedia_commons": null, "area": null, "name:nl": null, "name:ru": null, "alt_name": null, "surface": null, "old_name": null, "name:etymology:wikidata": null, "wheelchair": null, "layer": null, "name:de": null, "name:en": null, "name:ko": null, "name:zh": null, "source": null, "landuse": null, "barrier": null, "fence_type": null, "leaf_type": null, "description": null, "opening_hours": null, "addr:city": null, "not": null, "bicycle": null, "foot": null, "motor_vehicle": null, "operator": null, "fee": null, "lit": null, "architect": null, "ref:bag": null, "addr:postcode": null, "smoking": null, "garden:type": null, "check_date": null, "construction": null, "survey:date": null, "type": null, "heritage": null, "heritage:operator": null, "ref:rce": null, "bbq": null, "name:uk": null, "name:zh-Hans": null }, "geometry": { "type": "MultiPolygon", "coordinates": [ [ [ [ 4.95543460129189, 52.354205904130794 ], [ 4.955430301291885, 52.354228304130807 ], [ 4.955436501291891, 52.354230304130802 ], [ 4.955443101291899, 52.354235004130828 ], [ 4.955443501291899, 52.354243004130815 ], [ 4.95550630129196, 52.354234104130832 ], [ 4.95543460129189, 52.354205904130794 ] ] ] ] } },
{ "type": "Feature", "properties": { "element": "way", "id": 1083345562, "addr:street": null, "leisure": "park", "name": "Entreepark", "note": null, "sport": null, "wikipedia": null, "access": null, "tourism": null, "website": null, "wikidata": null, "start_date": null, "wikimedia_commons": null, "area": null, "name:nl": null, "name:ru": null, "alt_name": null, "surface": null, "old_name": null, "name:etymology:wikidata": null, "wheelchair": null, "layer": null, "name:de": null, "name:en": null, "name:ko": null, "name:zh": null, "source": null, "landuse": null, "barrier": null, "fence_type": null, "leaf_type": null, "description": null, "opening_hours": null, "addr:city": null, "not": null, "bicycle": null, "foot": null, "motor_vehicle": null, "operator": "AMC Amsterdam", "fee": null, "lit": null, "architect": null, "ref:bag": null, "addr:postcode": null, "smoking": "no", "garden:type": null, "check_date": null, "construction": null, "survey:date": null, "type": null, "heritage": null, "heritage:operator": null, "ref:rce": null, "bbq": null, "name:uk": null, "name:zh-Hans": null }, "geometry": { "type": "MultiPolygon", "coordinates": [ [ [ [ 4.956081701289823, 52.295953204096151 ], [ 4.956151001289891, 52.295955704096173 ], [ 4.9565494012903, 52.296163504096285 ], [ 4.957024801290787, 52.296323104096381 ], [ 4.95735590129112, 52.296435904096469 ], [ 4.957770301291538, 52.296575104096576 ], [ 4.957865301291637, 52.296596904096532 ], [ 4.957928901291701, 52.296605904096545 ], [ 4.957998401291769, 52.296557604096542 ], [ 4.958120401291885, 52.296480804096461 ], [ 4.957377401291132, 52.296219704096295 ], [ 4.957393601291147, 52.296200704096279 ], [ 4.958346401292112, 52.296530804096491 ], [ 4.95847570129224, 52.296402704096437 ], [ 4.958635701292401, 52.296457204096455 ], [ 4.958711901292473, 52.296375004096419 ], [ 4.958566201292324, 52.296325704096382 ], [ 4.958576601292334, 52.296304004096406 ], [ 4.958861901292625, 52.296395304096428 ], [ 4.958944001292702, 52.296305804096349 ], [ 4.958682301292437, 52.296214404096311 ], [ 4.958700001292453, 52.296194504096306 ], [ 4.958868601292624, 52.29624560409632 ], [ 4.958917401292671, 52.296210804096283 ], [ 4.959197601292958, 52.296302204096392 ], [ 4.959207201292968, 52.2963600040964 ], [ 4.959247901293009, 52.29637630409642 ], [ 4.959342301293104, 52.296306104096331 ], [ 4.958638701292386, 52.296052104096219 ], [ 4.957994001291731, 52.295825104096053 ], [ 4.957681801291413, 52.29572350409606 ], [ 4.957604001291335, 52.295712604096025 ], [ 4.957503201291233, 52.295727604096001 ], [ 4.957448301291181, 52.295762204096029 ], [ 4.957409101291142, 52.295807104096042 ], [ 4.957409001291145, 52.295847104096104 ], [ 4.95742260129116, 52.295876404096099 ], [ 4.957456301291196, 52.295910304096139 ], [ 4.957512901291254, 52.295937504096166 ], [ 4.957255701290994, 52.295862104096088 ], [ 4.957114901290852, 52.295816904096071 ], [ 4.957059501290794, 52.29579890409606 ], [ 4.956966801290704, 52.295876304096161 ], [ 4.956934301290672, 52.295903704096126 ], [ 4.956914601290656, 52.295910204096138 ], [ 4.956892801290632, 52.295913204096152 ], [ 4.956863801290603, 52.295911504096132 ], [ 4.956837601290576, 52.295903704096133 ], [ 4.956715001290451, 52.295856304096105 ], [ 4.956700901290441, 52.295854004096107 ], [ 4.956686201290426, 52.295854004096093 ], [ 4.956666701290404, 52.295857904096103 ], [ 4.95665090129039, 52.295865904096132 ], [ 4.956579601290318, 52.295899904096125 ], [ 4.956523601290264, 52.295912304096149 ], [ 4.956465001290205, 52.295919204096158 ], [ 4.956392101290132, 52.295920104096176 ], [ 4.95632030129006, 52.295912604096181 ], [ 4.9561632012899, 52.295860704096143 ], [ 4.956155901289891, 52.295857104096122 ], [ 4.956147201289886, 52.295855204096128 ], [ 4.956132601289868, 52.295855804096064 ], [ 4.95612310128986, 52.295869004096147 ], [ 4.956001201289739, 52.295896304096139 ], [ 4.956081701289823, 52.295953204096151 ] ] ] ] } },
{ "type": "Feature", "properties": { "element": "way", "id": 1086541817, "addr:street": null, "leisure": "park", "name": "Parkeiland", "note": "islet", "sport": null, "wikipedia": null, "access": null, "tourism": null, "website": null, "wikidata": null, "start_date": null, "wikimedia_commons": null, "area": null, "name:nl": null, "name:ru": null, "alt_name": null, "surface": null, "old_name": null, "name:etymology:wikidata": null, "wheelchair": null, "layer": null, "name:de": null, "name:en": null, "name:ko": null, "name:zh": null, "source": null, "landuse": null, "barrier": null, "fence_type": null, "leaf_type": null, "description": null, "opening_hours": null, "addr:city": null, "not": null, "bicycle": null, "foot": null, "motor_vehicle": null, "operator": null, "fee": null, "lit": null, "architect": null, "ref:bag": null, "addr:postcode": null, "smoking": null, "garden:type": null, "check_date": null, "construction": null, "survey:date": null, "type": null, "heritage": null, "heritage:operator": null, "ref:rce": null, "bbq": null, "name:uk": null, "name:zh-Hans": null }, "geometry": { "type": "MultiPolygon", "coordinates": [ [ [ [ 4.849900801185972, 52.344231804125236 ], [ 4.849722601185776, 52.343840304124996 ], [ 4.849570501185603, 52.34347260412477 ], [ 4.849554201185585, 52.343408104124734 ], [ 4.849503701185532, 52.343373404124733 ], [ 4.849403101185424, 52.343188604124599 ], [ 4.849390501185412, 52.343144804124584 ], [ 4.849404801185422, 52.343103004124536 ], [ 4.849439301185455, 52.343066304124541 ], [ 4.8494901011855, 52.343037704124512 ], [ 4.849564801185577, 52.343020504124532 ], [ 4.849639801185653, 52.343020504124517 ], [ 4.849820501185834, 52.343064904124518 ], [ 4.849865601185881, 52.343095304124553 ], [ 4.850632801186656, 52.343281804124672 ], [ 4.850775101186802, 52.343336404124692 ], [ 4.850834601186865, 52.343396704124736 ], [ 4.850866501186905, 52.343531404124846 ], [ 4.85085200118689, 52.34363130412487 ], [ 4.850820601186866, 52.343728004124934 ], [ 4.850754101186808, 52.343922704125028 ], [ 4.850600901186676, 52.344309604125286 ], [ 4.850469001186558, 52.344573404125455 ], [ 4.850438401186524, 52.34458410412546 ], [ 4.850361201186455, 52.344683404125497 ], [ 4.850304801186398, 52.344710704125518 ], [ 4.850201101186289, 52.344647904125466 ], [ 4.850152601186242, 52.344572804125448 ], [ 4.85009420118618, 52.344572504125416 ], [ 4.850035801186118, 52.344482904125357 ], [ 4.849951301186026, 52.344327304125287 ], [ 4.849820501185893, 52.344309304125282 ], [ 4.849850701185921, 52.34422530412521 ], [ 4.849900801185972, 52.344231804125236 ] ] ] ] } },
{ "type": "Feature", "properties": { "element": "way", "id": 1098361572, "addr:street": null, "leisure": "park", "name": null, "note": null, "sport": null, "wikipedia": null, "access": null, "tourism": null, "website": null, "wikidata": null, "start_date": null, "wikimedia_commons": null, "area": null, "name:nl": null, "name:ru": null, "alt_name": null, "surface": null, "old_name": null, "name:etymology:wikidata": null, "wheelchair": "yes", "layer": null, "name:de": null, "name:en": null, "name:ko": null, "name:zh": null, "source": null, "landuse": null, "barrier": null, "fence_type": null, "leaf_type": null, "description": null, "opening_hours": null, "addr:city": null, "not": null, "bicycle": null, "foot": null, "motor_vehicle": null, "operator": null, "fee": null, "lit": null, "architect": null, "ref:bag": null, "addr:postcode": null, "smoking": null, "garden:type": null, "check_date": null, "construction": null, "survey:date": null, "type": null, "heritage": null, "heritage:operator": null, "ref:rce": null, "bbq": null, "name:uk": null, "name:zh-Hans": null }, "geometry": { "type": "MultiPolygon", "coordinates": [ [ [ [ 4.807351701144348, 52.362305504136003 ], [ 4.807359101144345, 52.362141404135812 ], [ 4.807340001144327, 52.362120104135855 ], [ 4.807340901144324, 52.362043504135826 ], [ 4.807564901144548, 52.362045704135838 ], [ 4.807689901144672, 52.362042204135825 ], [ 4.807833101144817, 52.362043404135811 ], [ 4.807997401144979, 52.362049404135846 ], [ 4.808339301145322, 52.362054004135842 ], [ 4.808399501145383, 52.362060604135834 ], [ 4.80856590114555, 52.362062104135831 ], [ 4.808632001145612, 52.362058304135864 ], [ 4.808822501145804, 52.362059804135818 ], [ 4.808990901145976, 52.362057504135841 ], [ 4.809154001146137, 52.362058904135829 ], [ 4.80919970114618, 52.362065904135804 ], [ 4.809240101146222, 52.362065904135846 ], [ 4.809239201146225, 52.362115204135868 ], [ 4.809300101146285, 52.36211530413587 ], [ 4.809298601146284, 52.362150304135888 ], [ 4.809293901146286, 52.362292904135934 ], [ 4.809288201146283, 52.362300304136014 ], [ 4.809282001146276, 52.362308304135972 ], [ 4.809273701146268, 52.362315604135965 ], [ 4.809262301146259, 52.362322404135931 ], [ 4.809249501146247, 52.362327804136001 ], [ 4.80923580114623, 52.36233170413599 ], [ 4.809222401146217, 52.362333904136015 ], [ 4.809212001146208, 52.362334604136009 ], [ 4.808685701145683, 52.36232990413599 ], [ 4.808680501145684, 52.362480204136091 ], [ 4.80860740114561, 52.362479104136106 ], [ 4.808613301145608, 52.362317304136006 ], [ 4.808527401145522, 52.362316604135977 ], [ 4.808242201145235, 52.362313004135963 ], [ 4.808154501145149, 52.362317104136032 ], [ 4.807491801144489, 52.362306104135989 ], [ 4.807436501144432, 52.362306304136006 ], [ 4.807351701144348, 52.362305504136003 ] ] ] ] } },
{ "type": "Feature", "properties": { "element": "way", "id": 1098367527, "addr:street": null, "leisure": "park", "name": null, "note": null, "sport": null, "wikipedia": null, "access": null, "tourism": null, "website": null, "wikidata": null, "start_date": null, "wikimedia_commons": null, "area": null, "name:nl": null, "name:ru": null, "alt_name": null, "surface": null, "old_name": null, "name:etymology:wikidata": null, "wheelchair": "yes", "layer": null, "name:de": null, "name:en": null, "name:ko": null, "name:zh": null, "source": null, "landuse": null, "barrier": null, "fence_type": null, "leaf_type": null, "description": null, "opening_hours": null, "addr:city": null, "not": null, "bicycle": null, "foot": null, "motor_vehicle": null, "operator": null, "fee": null, "lit": null, "architect": null, "ref:bag": null, "addr:postcode": null, "smoking": null, "garden:type": null, "check_date": null, "construction": null, "survey:date": null, "type": null, "heritage": null, "heritage:operator": null, "ref:rce": null, "bbq": null, "name:uk": null, "name:zh-Hans": null }, "geometry": { "type": "MultiPolygon", "coordinates": [ [ [ [ 4.810169601147143, 52.361942004135749 ], [ 4.810246801147222, 52.361945204135765 ], [ 4.810252201147224, 52.361946504135773 ], [ 4.810256501147232, 52.36194930413577 ], [ 4.810258901147234, 52.361952604135809 ], [ 4.810258801147235, 52.361956204135794 ], [ 4.810257301147232, 52.361958804135782 ], [ 4.810224501147203, 52.362010204135807 ], [ 4.810209301147191, 52.362041904135829 ], [ 4.810198001147179, 52.362064204135848 ], [ 4.810139701147126, 52.362186704135908 ], [ 4.810126401147114, 52.362213004135931 ], [ 4.81007670114707, 52.362329804135989 ], [ 4.809867301146862, 52.362326604135959 ], [ 4.809753001146748, 52.362329004135965 ], [ 4.80959430114659, 52.362328804135998 ], [ 4.809540801146535, 52.362324004136006 ], [ 4.809482801146476, 52.362324004136006 ], [ 4.809482401146476, 52.362300004135989 ], [ 4.809451401146444, 52.362272704135975 ], [ 4.809447201146437, 52.362234404135926 ], [ 4.809455801146444, 52.362211604135943 ], [ 4.809440401146427, 52.362173104135891 ], [ 4.80944510114643, 52.362149104135874 ], [ 4.809415601146401, 52.362106104135833 ], [ 4.809415601146401, 52.362098004135866 ], [ 4.809418401146401, 52.362089004135854 ], [ 4.809425801146409, 52.362076004135865 ], [ 4.809439501146421, 52.362061904135849 ], [ 4.809453101146434, 52.362053004135824 ], [ 4.809473001146454, 52.362044404135837 ], [ 4.809494601146475, 52.362038604135826 ], [ 4.809517901146498, 52.362035904135816 ], [ 4.809535001146515, 52.362035804135814 ], [ 4.809562901146541, 52.362036604135831 ], [ 4.809590601146572, 52.362037104135823 ], [ 4.80960890114659, 52.3620364041358 ], [ 4.809627401146607, 52.362034204135817 ], [ 4.809646901146627, 52.362030404135815 ], [ 4.809670301146651, 52.362022504135822 ], [ 4.809688401146666, 52.362014704135831 ], [ 4.809703601146681, 52.362005904135827 ], [ 4.809717101146695, 52.361995604135799 ], [ 4.809725901146702, 52.36198640413577 ], [ 4.809786501146765, 52.361974204135805 ], [ 4.809807901146785, 52.361956504135776 ], [ 4.809809901146783, 52.36193930413576 ], [ 4.810169601147143, 52.361942004135749 ] ] ] ] } },
{ "type": "Feature", "properties": { "element": "way", "id": 1098508746, "addr:street": null, "leisure": "park", "name": null, "note": null, "sport": null, "wikipedia": null, "access": null, "tourism": null, "website": null, "wikidata": null, "start_date": null, "wikimedia_commons": null, "area": null, "name:nl": null, "name:ru": null, "alt_name": null, "surface": null, "old_name": null, "name:etymology:wikidata": null, "wheelchair": null, "layer": null, "name:de": null, "name:en": null, "name:ko": null, "name:zh": null, "source": null, "landuse": null, "barrier": null, "fence_type": null, "leaf_type": null, "description": null, "opening_hours": null, "addr:city": null, "not": null, "bicycle": null, "foot": null, "motor_vehicle": null, "operator": null, "fee": null, "lit": null, "architect": null, "ref:bag": null, "addr:postcode": null, "smoking": null, "garden:type": null, "check_date": null, "construction": null, "survey:date": null, "type": null, "heritage": null, "heritage:operator": null, "ref:rce": null, "bbq": null, "name:uk": null, "name:zh-Hans": null }, "geometry": { "type": "MultiPolygon", "coordinates": [ [ [ [ 4.988153801325644, 52.37732540414428 ], [ 4.988257601325751, 52.37737080414437 ], [ 4.988060901325563, 52.377531704144388 ], [ 4.987953601325452, 52.377482804144393 ], [ 4.988066901325561, 52.37739370414436 ], [ 4.988153801325644, 52.37732540414428 ] ] ] ] } },
{ "type": "Feature", "properties": { "element": "way", "id": 1098624247, "addr:street": null, "leisure": "park", "name": null, "note": null, "sport": null, "wikipedia": null, "access": null, "tourism": null, "website": null, "wikidata": null, "start_date": null, "wikimedia_commons": null, "area": null, "name:nl": null, "name:ru": null, "alt_name": null, "surface": null, "old_name": null, "name:etymology:wikidata": null, "wheelchair": "yes", "layer": null, "name:de": null, "name:en": null, "name:ko": null, "name:zh": null, "source": null, "landuse": null, "barrier": null, "fence_type": null, "leaf_type": null, "description": null, "opening_hours": null, "addr:city": null, "not": null, "bicycle": null, "foot": null, "motor_vehicle": null, "operator": null, "fee": null, "lit": null, "architect": null, "ref:bag": null, "addr:postcode": null, "smoking": null, "garden:type": null, "check_date": null, "construction": null, "survey:date": null, "type": null, "heritage": null, "heritage:operator": null, "ref:rce": null, "bbq": null, "name:uk": null, "name:zh-Hans": null }, "geometry": { "type": "MultiPolygon", "coordinates": [ [ [ [ 4.806669701143711, 52.363225204136519 ], [ 4.806571601143612, 52.363205404136515 ], [ 4.806555801143601, 52.363235704136521 ], [ 4.806664401143709, 52.363257204136538 ], [ 4.806702701143745, 52.363265904136561 ], [ 4.806740501143785, 52.36327170413653 ], [ 4.806767501143812, 52.363271504136563 ], [ 4.806808801143853, 52.363284704136547 ], [ 4.806837601143882, 52.363291704136557 ], [ 4.806872501143918, 52.363305404136518 ], [ 4.806906401143953, 52.36332590413658 ], [ 4.806978701144028, 52.363342504136618 ], [ 4.807098501144146, 52.363349304136612 ], [ 4.807259401144309, 52.363357104136597 ], [ 4.807284401144333, 52.363364104136593 ], [ 4.807303601144353, 52.363364404136618 ], [ 4.807365101144415, 52.363365104136641 ], [ 4.807486201144537, 52.363387004136641 ], [ 4.807484501144534, 52.363391804136597 ], [ 4.807498301144548, 52.363395104136643 ], [ 4.807646501144684, 52.363121304136442 ], [ 4.807631201144666, 52.363115704136462 ], [ 4.807617801144655, 52.363113704136445 ], [ 4.807587501144623, 52.363083304136445 ], [ 4.807105401144135, 52.362985704136385 ], [ 4.807087901144115, 52.362982204136387 ], [ 4.806829301143857, 52.362929804136371 ], [ 4.806688401143727, 52.363189704136495 ], [ 4.806684701143725, 52.363196604136483 ], [ 4.806680801143721, 52.363204004136506 ], [ 4.806669701143711, 52.363225204136519 ] ] ] ] } },
{ "type": "Feature", "properties": { "element": "way", "id": 1162541509, "addr:street": null, "leisure": "park", "name": "Henriette Schwarzpark", "note": null, "sport": null, "wikipedia": "nl:Henriette Schwarzpark", "access": null, "tourism": null, "website": null, "wikidata": "Q117802342", "start_date": null, "wikimedia_commons": null, "area": null, "name:nl": null, "name:ru": null, "alt_name": null, "surface": null, "old_name": null, "name:etymology:wikidata": null, "wheelchair": null, "layer": "-1", "name:de": null, "name:en": null, "name:ko": null, "name:zh": null, "source": null, "landuse": null, "barrier": null, "fence_type": null, "leaf_type": null, "description": null, "opening_hours": null, "addr:city": null, "not": null, "bicycle": null, "foot": null, "motor_vehicle": null, "operator": null, "fee": null, "lit": null, "architect": null, "ref:bag": "0363300012500629", "addr:postcode": null, "smoking": null, "garden:type": null, "check_date": null, "construction": null, "survey:date": null, "type": null, "heritage": null, "heritage:operator": null, "ref:rce": null, "bbq": null, "name:uk": null, "name:zh-Hans": null }, "geometry": { "type": "MultiPolygon", "coordinates": [ [ [ [ 4.787644601124541, 52.35982370413452 ], [ 4.788223901125126, 52.359937504134585 ], [ 4.788777101125683, 52.36003970413465 ], [ 4.78859920112552, 52.360353404134841 ], [ 4.788211001125171, 52.361079804135265 ], [ 4.787407001124443, 52.362585104136166 ], [ 4.787342801124379, 52.362642004136184 ], [ 4.787273801124311, 52.362670604136184 ], [ 4.786829001123863, 52.362594304136174 ], [ 4.786679301123713, 52.362559404136164 ], [ 4.786231401123259, 52.362467404136119 ], [ 4.786258601123285, 52.362397004136028 ], [ 4.786272801123297, 52.362389804136036 ], [ 4.786548301123547, 52.361869304135759 ], [ 4.787422701124338, 52.360242204134757 ], [ 4.787560401124465, 52.359981104134626 ], [ 4.787563101124466, 52.359960904134631 ], [ 4.787551601124453, 52.359936404134615 ], [ 4.787644601124541, 52.35982370413452 ] ] ] ] } },
{ "type": "Feature", "properties": { "element": "way", "id": 1171271243, "addr:street": null, "leisure": "park", "name": null, "note": null, "sport": null, "wikipedia": null, "access": null, "tourism": null, "website": null, "wikidata": null, "start_date": null, "wikimedia_commons": null, "area": null, "name:nl": null, "name:ru": null, "alt_name": null, "surface": null, "old_name": null, "name:etymology:wikidata": null, "wheelchair": null, "layer": null, "name:de": null, "name:en": null, "name:ko": null, "name:zh": null, "source": null, "landuse": null, "barrier": null, "fence_type": null, "leaf_type": null, "description": null, "opening_hours": null, "addr:city": null, "not": null, "bicycle": null, "foot": null, "motor_vehicle": null, "operator": null, "fee": null, "lit": null, "architect": null, "ref:bag": null, "addr:postcode": null, "smoking": null, "garden:type": null, "check_date": null, "construction": null, "survey:date": null, "type": null, "heritage": null, "heritage:operator": null, "ref:rce": null, "bbq": null, "name:uk": null, "name:zh-Hans": null }, "geometry": { "type": "MultiPolygon", "coordinates": [ [ [ [ 4.900831001237119, 52.349656404128325 ], [ 4.900834001237122, 52.349657504128288 ], [ 4.900836301237124, 52.349658804128339 ], [ 4.900837101237127, 52.34966130412834 ], [ 4.900799801237092, 52.349762304128348 ], [ 4.900797201237092, 52.349764504128387 ], [ 4.900793401237088, 52.349765904128382 ], [ 4.900788101237081, 52.349766204128386 ], [ 4.900713201237009, 52.349755704128377 ], [ 4.900702901236994, 52.349754204128367 ], [ 4.900603601236894, 52.349740404128354 ], [ 4.900599301236892, 52.349738704128328 ], [ 4.900597101236889, 52.349736404128372 ], [ 4.900596601236889, 52.349733304128364 ], [ 4.900599901236892, 52.349724804128357 ], [ 4.90063320123692, 52.349633704128273 ], [ 4.900635101236921, 52.349632004128296 ], [ 4.900637801236927, 52.349630704128337 ], [ 4.900643801236931, 52.34963030412829 ], [ 4.900816201237106, 52.349654304128293 ], [ 4.900831001237119, 52.349656404128325 ] ] ] ] } },
{ "type": "Feature", "properties": { "element": "way", "id": 1174534682, "addr:street": null, "leisure": "park", "name": null, "note": null, "sport": null, "wikipedia": null, "access": null, "tourism": null, "website": null, "wikidata": null, "start_date": null, "wikimedia_commons": null, "area": null, "name:nl": null, "name:ru": null, "alt_name": null, "surface": null, "old_name": null, "name:etymology:wikidata": null, "wheelchair": null, "layer": null, "name:de": null, "name:en": null, "name:ko": null, "name:zh": null, "source": null, "landuse": null, "barrier": null, "fence_type": null, "leaf_type": null, "description": null, "opening_hours": null, "addr:city": null, "not": null, "bicycle": null, "foot": null, "motor_vehicle": null, "operator": null, "fee": null, "lit": null, "architect": null, "ref:bag": null, "addr:postcode": null, "smoking": null, "garden:type": null, "check_date": null, "construction": null, "survey:date": null, "type": null, "heritage": null, "heritage:operator": null, "ref:rce": null, "bbq": null, "name:uk": null, "name:zh-Hans": null }, "geometry": { "type": "MultiPolygon", "coordinates": [ [ [ [ 4.925887501263282, 52.373586904142378 ], [ 4.925878001263271, 52.373534504142306 ], [ 4.925901201263295, 52.373481504142312 ], [ 4.925947501263338, 52.373452604142294 ], [ 4.926075801263464, 52.373422104142286 ], [ 4.926155301263543, 52.373421904142283 ], [ 4.926083001263478, 52.373557904142345 ], [ 4.925887501263282, 52.373586904142378 ] ] ] ] } },
{ "type": "Feature", "properties": { "element": "way", "id": 1180944785, "addr:street": null, "leisure": "park", "name": "De Riethoek", "note": null, "sport": null, "wikipedia": null, "access": null, "tourism": null, "website": null, "wikidata": null, "start_date": null, "wikimedia_commons": null, "area": null, "name:nl": null, "name:ru": null, "alt_name": null, "surface": null, "old_name": null, "name:etymology:wikidata": null, "wheelchair": null, "layer": null, "name:de": null, "name:en": null, "name:ko": null, "name:zh": null, "source": null, "landuse": null, "barrier": null, "fence_type": null, "leaf_type": null, "description": null, "opening_hours": null, "addr:city": null, "not": null, "bicycle": null, "foot": null, "motor_vehicle": null, "operator": "Natuurvereniging De Ruige Hof", "fee": null, "lit": null, "architect": null, "ref:bag": null, "addr:postcode": null, "smoking": null, "garden:type": null, "check_date": null, "construction": null, "survey:date": null, "type": null, "heritage": null, "heritage:operator": null, "ref:rce": null, "bbq": null, "name:uk": null, "name:zh-Hans": null }, "geometry": { "type": "MultiPolygon", "coordinates": [ [ [ [ 4.975577001309613, 52.302316304099882 ], [ 4.975648501309686, 52.302341004099887 ], [ 4.975835801309876, 52.302432304099959 ], [ 4.976003901310051, 52.302546904099998 ], [ 4.976273901310329, 52.302738604100107 ], [ 4.976519601310581, 52.302868404100195 ], [ 4.976578301310643, 52.302897804100233 ], [ 4.976674701310741, 52.302945604100266 ], [ 4.977151001311227, 52.303182604100385 ], [ 4.977258201311336, 52.303227904100417 ], [ 4.977237601311315, 52.303243604100409 ], [ 4.976837601310933, 52.303602804100635 ], [ 4.976600201310708, 52.303839604100745 ], [ 4.974888201309083, 52.30578230410196 ], [ 4.97483900130904, 52.305836104101964 ], [ 4.974414401308607, 52.305689704101901 ], [ 4.973635001307814, 52.305400704101721 ], [ 4.973559901307737, 52.305374604101715 ], [ 4.97347230130765, 52.305344304101681 ], [ 4.973267401307441, 52.305273304101675 ], [ 4.973143201307316, 52.305233304101648 ], [ 4.973083801307254, 52.305208704101624 ], [ 4.973046701307216, 52.305181004101598 ], [ 4.97225370130641, 52.304922304101424 ], [ 4.972293601306449, 52.304880104101407 ], [ 4.972872901307, 52.304274904101042 ], [ 4.973061201307182, 52.304093004100949 ], [ 4.973156301307277, 52.304125704100976 ], [ 4.97356990130769, 52.304119504100953 ], [ 4.973794501307913, 52.304057604100905 ], [ 4.973940701308053, 52.303937404100857 ], [ 4.974162801308275, 52.303886704100819 ], [ 4.974239301308343, 52.30375370410075 ], [ 4.974399301308498, 52.303644304100665 ], [ 4.974539001308635, 52.303569304100627 ], [ 4.974631201308726, 52.303559204100623 ], [ 4.974722701308818, 52.303555204100597 ], [ 4.975000001309093, 52.303522004100614 ], [ 4.975092901309184, 52.303493704100553 ], [ 4.975178201309268, 52.303453004100568 ], [ 4.975250701309339, 52.303399604100548 ], [ 4.975487401309562, 52.303127404100387 ], [ 4.975527201309598, 52.303070804100344 ], [ 4.975573401309643, 52.303004704100303 ], [ 4.975610701309674, 52.302875604100223 ], [ 4.975583101309642, 52.302796604100159 ], [ 4.975468301309522, 52.302692004100088 ], [ 4.975424901309477, 52.302647704100067 ], [ 4.975390201309433, 52.302481304099977 ], [ 4.975309101309351, 52.302432004099956 ], [ 4.975341401309382, 52.302393004099905 ], [ 4.97547190130951, 52.302354904099921 ], [ 4.975577001309613, 52.302316304099882 ] ] ] ] } },
{ "type": "Feature", "properties": { "element": "way", "id": 1183733189, "addr:street": null, "leisure": "park", "name": null, "note": null, "sport": null, "wikipedia": null, "access": null, "tourism": null, "website": null, "wikidata": null, "start_date": null, "wikimedia_commons": null, "area": null, "name:nl": null, "name:ru": null, "alt_name": null, "surface": null, "old_name": null, "name:etymology:wikidata": null, "wheelchair": null, "layer": null, "name:de": null, "name:en": null, "name:ko": null, "name:zh": null, "source": null, "landuse": null, "barrier": null, "fence_type": null, "leaf_type": null, "description": null, "opening_hours": null, "addr:city": null, "not": null, "bicycle": null, "foot": null, "motor_vehicle": null, "operator": null, "fee": null, "lit": null, "architect": null, "ref:bag": null, "addr:postcode": null, "smoking": null, "garden:type": null, "check_date": null, "construction": null, "survey:date": null, "type": null, "heritage": null, "heritage:operator": null, "ref:rce": null, "bbq": null, "name:uk": null, "name:zh-Hans": null }, "geometry": { "type": "MultiPolygon", "coordinates": [ [ [ [ 4.80351460114009, 52.353674504130872 ], [ 4.803520801140095, 52.353663104130874 ], [ 4.803314501139885, 52.353621204130832 ], [ 4.803256501139828, 52.35360940413085 ], [ 4.803239701139813, 52.353640904130856 ], [ 4.803219101139796, 52.353680504130899 ], [ 4.803211801139786, 52.353693704130905 ], [ 4.803199101139776, 52.353717404130926 ], [ 4.803284601139862, 52.353734504130912 ], [ 4.803431901140011, 52.353764004130902 ], [ 4.803463201140044, 52.35377030413094 ], [ 4.80351460114009, 52.353674504130872 ] ] ] ] } },
{ "type": "Feature", "properties": { "element": "way", "id": 1195094643, "addr:street": null, "leisure": "park", "name": null, "note": null, "sport": null, "wikipedia": null, "access": null, "tourism": null, "website": null, "wikidata": null, "start_date": null, "wikimedia_commons": null, "area": null, "name:nl": null, "name:ru": null, "alt_name": null, "surface": null, "old_name": null, "name:etymology:wikidata": null, "wheelchair": null, "layer": null, "name:de": null, "name:en": null, "name:ko": null, "name:zh": null, "source": null, "landuse": null, "barrier": null, "fence_type": null, "leaf_type": null, "description": null, "opening_hours": null, "addr:city": null, "not": null, "bicycle": null, "foot": null, "motor_vehicle": null, "operator": null, "fee": null, "lit": null, "architect": null, "ref:bag": null, "addr:postcode": null, "smoking": null, "garden:type": null, "check_date": null, "construction": null, "survey:date": null, "type": null, "heritage": null, "heritage:operator": null, "ref:rce": null, "bbq": null, "name:uk": null, "name:zh-Hans": null }, "geometry": { "type": "MultiPolygon", "coordinates": [ [ [ [ 4.94058640127889, 52.393287504153932 ], [ 4.940646201278947, 52.393268704153897 ], [ 4.94069030127899, 52.393254804153905 ], [ 4.940732801279036, 52.393258904153917 ], [ 4.940870901279178, 52.393437804154011 ], [ 4.940864801279175, 52.393457004154008 ], [ 4.940805901279117, 52.393473404154051 ], [ 4.940747101279061, 52.393489704154021 ], [ 4.940723401279036, 52.393482304154041 ], [ 4.940582601278887, 52.393305004153923 ], [ 4.94058640127889, 52.393287504153932 ] ] ] ] } },
{ "type": "Feature", "properties": { "element": "way", "id": 1200694836, "addr:street": null, "leisure": "park", "name": null, "note": null, "sport": null, "wikipedia": null, "access": null, "tourism": null, "website": null, "wikidata": null, "start_date": null, "wikimedia_commons": null, "area": null, "name:nl": null, "name:ru": null, "alt_name": null, "surface": null, "old_name": null, "name:etymology:wikidata": null, "wheelchair": null, "layer": null, "name:de": null, "name:en": null, "name:ko": null, "name:zh": null, "source": null, "landuse": null, "barrier": null, "fence_type": null, "leaf_type": null, "description": null, "opening_hours": null, "addr:city": null, "not": null, "bicycle": null, "foot": null, "motor_vehicle": null, "operator": null, "fee": null, "lit": null, "architect": null, "ref:bag": null, "addr:postcode": null, "smoking": null, "garden:type": null, "check_date": null, "construction": null, "survey:date": null, "type": null, "heritage": null, "heritage:operator": null, "ref:rce": null, "bbq": null, "name:uk": null, "name:zh-Hans": null }, "geometry": { "type": "MultiPolygon", "coordinates": [ [ [ [ 4.799385501136189, 52.358213304133606 ], [ 4.799379501136182, 52.358212204133572 ], [ 4.799383801136186, 52.358203304133546 ], [ 4.799385101136189, 52.35820070413353 ], [ 4.799393201136197, 52.358202104133582 ], [ 4.799390101136193, 52.358208504133593 ], [ 4.799646001136452, 52.35826030413358 ], [ 4.799643501136451, 52.358265004133614 ], [ 4.799598301136408, 52.358345604133632 ], [ 4.799595601136404, 52.358350704133656 ], [ 4.799574401136384, 52.358346404133655 ], [ 4.799558101136368, 52.358376804133691 ], [ 4.799648001136461, 52.358394804133688 ], [ 4.799652001136464, 52.358395504133689 ], [ 4.799328401136171, 52.358996804134023 ], [ 4.799302801136148, 52.359032104134052 ], [ 4.799187201136043, 52.359247304134179 ], [ 4.799197701136053, 52.359249504134155 ], [ 4.799194901136049, 52.35925430413419 ], [ 4.799186501136042, 52.359252504134204 ], [ 4.799176701136032, 52.359250404134187 ], [ 4.799178401136033, 52.359247104134141 ], [ 4.798976001135829, 52.359206804134146 ], [ 4.798949901135801, 52.359198804134174 ], [ 4.79892590113578, 52.359185504134153 ], [ 4.798906101135756, 52.359166904134142 ], [ 4.798896701135748, 52.359148504134133 ], [ 4.798895101135741, 52.359129904134122 ], [ 4.79890150113575, 52.359110704134082 ], [ 4.799385501136189, 52.358213304133606 ] ] ] ] } },
{ "type": "Feature", "properties": { "element": "way", "id": 1200957702, "addr:street": null, "leisure": "park", "name": null, "note": null, "sport": null, "wikipedia": null, "access": null, "tourism": null, "website": null, "wikidata": null, "start_date": null, "wikimedia_commons": null, "area": null, "name:nl": null, "name:ru": null, "alt_name": null, "surface": null, "old_name": null, "name:etymology:wikidata": null, "wheelchair": null, "layer": null, "name:de": null, "name:en": null, "name:ko": null, "name:zh": null, "source": null, "landuse": null, "barrier": null, "fence_type": null, "leaf_type": null, "description": null, "opening_hours": null, "addr:city": null, "not": null, "bicycle": null, "foot": null, "motor_vehicle": null, "operator": null, "fee": null, "lit": null, "architect": null, "ref:bag": null, "addr:postcode": null, "smoking": null, "garden:type": null, "check_date": null, "construction": null, "survey:date": null, "type": null, "heritage": null, "heritage:operator": null, "ref:rce": null, "bbq": null, "name:uk": null, "name:zh-Hans": null }, "geometry": { "type": "MultiPolygon", "coordinates": [ [ [ [ 4.803677301140119, 52.350955504129246 ], [ 4.803338501139776, 52.350887104129235 ], [ 4.803421601139852, 52.35073310412912 ], [ 4.803520701139952, 52.350752704129164 ], [ 4.803655701140087, 52.350780204129173 ], [ 4.803760401140194, 52.350801704129175 ], [ 4.803725801140163, 52.350865704129227 ], [ 4.803711801140149, 52.350891604129224 ], [ 4.803677301140119, 52.350955504129246 ] ] ] ] } },
{ "type": "Feature", "properties": { "element": "way", "id": 1200957703, "addr:street": null, "leisure": "park", "name": null, "note": null, "sport": null, "wikipedia": null, "access": null, "tourism": null, "website": null, "wikidata": null, "start_date": null, "wikimedia_commons": null, "area": null, "name:nl": null, "name:ru": null, "alt_name": null, "surface": null, "old_name": null, "name:etymology:wikidata": null, "wheelchair": null, "layer": null, "name:de": null, "name:en": null, "name:ko": null, "name:zh": null, "source": null, "landuse": null, "barrier": null, "fence_type": null, "leaf_type": null, "description": null, "opening_hours": null, "addr:city": null, "not": null, "bicycle": null, "foot": null, "motor_vehicle": null, "operator": null, "fee": null, "lit": null, "architect": null, "ref:bag": null, "addr:postcode": null, "smoking": null, "garden:type": null, "check_date": null, "construction": null, "survey:date": null, "type": null, "heritage": null, "heritage:operator": null, "ref:rce": null, "bbq": null, "name:uk": null, "name:zh-Hans": null }, "geometry": { "type": "MultiPolygon", "coordinates": [ [ [ [ 4.803221701139704, 52.351799304129756 ], [ 4.80314830113963, 52.351784604129776 ], [ 4.80300900113949, 52.351756404129738 ], [ 4.802882401139362, 52.351730904129724 ], [ 4.802804401139291, 52.35187530412982 ], [ 4.803142501139631, 52.35194600412985 ], [ 4.803172001139661, 52.351891204129807 ], [ 4.803186901139675, 52.351863604129782 ], [ 4.803221701139704, 52.351799304129756 ] ] ] ] } },
{ "type": "Feature", "properties": { "element": "way", "id": 1205031364, "addr:street": null, "leisure": "park", "name": "Oeverpark", "note": null, "sport": null, "wikipedia": null, "access": null, "tourism": null, "website": null, "wikidata": null, "start_date": null, "wikimedia_commons": null, "area": null, "name:nl": null, "name:ru": null, "alt_name": "Overhoekspark", "surface": null, "old_name": null, "name:etymology:wikidata": null, "wheelchair": null, "layer": null, "name:de": null, "name:en": null, "name:ko": null, "name:zh": null, "source": null, "landuse": null, "barrier": null, "fence_type": null, "leaf_type": null, "description": null, "opening_hours": null, "addr:city": null, "not": null, "bicycle": null, "foot": null, "motor_vehicle": null, "operator": null, "fee": null, "lit": null, "architect": null, "ref:bag": null, "addr:postcode": null, "smoking": null, "garden:type": null, "check_date": null, "construction": null, "survey:date": null, "type": null, "heritage": null, "heritage:operator": null, "ref:rce": null, "bbq": null, "name:uk": null, "name:zh-Hans": null }, "geometry": { "type": "MultiPolygon", "coordinates": [ [ [ [ 4.899869301237915, 52.386525604150108 ], [ 4.89989570123794, 52.386472804150017 ], [ 4.900086701238112, 52.386084404149805 ], [ 4.900088101238111, 52.386080504149838 ], [ 4.900096301238121, 52.386066104149826 ], [ 4.900099201238124, 52.386058704149818 ], [ 4.900102201238124, 52.386052204149827 ], [ 4.90010840123813, 52.386038504149788 ], [ 4.900111101238132, 52.3860347041498 ], [ 4.900409801238403, 52.385427604149449 ], [ 4.90041870123841, 52.385409504149408 ], [ 4.900419001238412, 52.385407504149413 ], [ 4.90041800123841, 52.385405204149421 ], [ 4.900414401238407, 52.385402804149422 ], [ 4.900428501238419, 52.385367404149363 ], [ 4.900428701238418, 52.3853705041494 ], [ 4.900430001238423, 52.385372804149405 ], [ 4.900433801238424, 52.385375404149414 ], [ 4.900449601238438, 52.385344004149395 ], [ 4.900470401238458, 52.385317204149366 ], [ 4.900437701238428, 52.385332004149383 ], [ 4.900293101238272, 52.385152804149278 ], [ 4.900486101238459, 52.385031804149193 ], [ 4.900529601238503, 52.38499880414917 ], [ 4.900703201238668, 52.384893704149107 ], [ 4.900659001238626, 52.384876004149142 ], [ 4.90059300123856, 52.384872904149148 ], [ 4.900550701238515, 52.384803804149008 ], [ 4.900109001238071, 52.384787304149071 ], [ 4.900132601238092, 52.384726404149021 ], [ 4.900120601238082, 52.384724304149032 ], [ 4.900109201238069, 52.384722404149031 ], [ 4.899905201237865, 52.384747904149044 ], [ 4.89988920123785, 52.384786904149045 ], [ 4.899861701237827, 52.384857604149119 ], [ 4.899820901237786, 52.384851104149099 ], [ 4.899681601237667, 52.38520780414931 ], [ 4.899410501237428, 52.385922104149756 ], [ 4.899271401237307, 52.386295904149925 ], [ 4.899070601237133, 52.386846904150275 ], [ 4.898874401236966, 52.387397904150603 ], [ 4.898895201236987, 52.387400504150619 ], [ 4.898993101237079, 52.387365904150585 ], [ 4.899015001237103, 52.387393104150625 ], [ 4.899088501237181, 52.387412304150608 ], [ 4.899145801237236, 52.387427104150603 ], [ 4.899384301237476, 52.38748800415064 ], [ 4.899475501237572, 52.387511404150672 ], [ 4.899481701237575, 52.387512904150661 ], [ 4.899565201237651, 52.387342104150562 ], [ 4.899567801237653, 52.387336904150565 ], [ 4.899477901237561, 52.387320304150535 ], [ 4.89954280123762, 52.387189104150472 ], [ 4.899551701237629, 52.387171004150488 ], [ 4.899869301237915, 52.386525604150108 ] ] ] ] } },
{ "type": "Feature", "properties": { "element": "way", "id": 1206330631, "addr:street": null, "leisure": "park", "name": "Graspark", "note": null, "sport": null, "wikipedia": null, "access": "permissive", "tourism": null, "website": null, "wikidata": null, "start_date": null, "wikimedia_commons": null, "area": null, "name:nl": null, "name:ru": null, "alt_name": null, "surface": null, "old_name": null, "name:etymology:wikidata": null, "wheelchair": null, "layer": null, "name:de": null, "name:en": null, "name:ko": null, "name:zh": null, "source": null, "landuse": null, "barrier": null, "fence_type": null, "leaf_type": null, "description": null, "opening_hours": null, "addr:city": null, "not": null, "bicycle": null, "foot": null, "motor_vehicle": null, "operator": null, "fee": null, "lit": null, "architect": null, "ref:bag": null, "addr:postcode": null, "smoking": null, "garden:type": null, "check_date": null, "construction": null, "survey:date": null, "type": null, "heritage": null, "heritage:operator": null, "ref:rce": null, "bbq": null, "name:uk": null, "name:zh-Hans": null }, "geometry": { "type": "MultiPolygon", "coordinates": [ [ [ [ 4.901298501239422, 52.388190804151023 ], [ 4.901347601239471, 52.388193804151072 ], [ 4.901429701239554, 52.388198404151069 ], [ 4.901494501239616, 52.38820040415105 ], [ 4.901561501239684, 52.388201704151079 ], [ 4.901584801239708, 52.38820260415104 ], [ 4.901665801239789, 52.388203204151075 ], [ 4.901751201239873, 52.388203104151074 ], [ 4.901840101239963, 52.388201304151067 ], [ 4.901871501239996, 52.38820020415109 ], [ 4.901928801240052, 52.388198304151082 ], [ 4.902018301240141, 52.388194604151053 ], [ 4.902103101240225, 52.388189404151063 ], [ 4.902186601240308, 52.388182704151063 ], [ 4.90225910124038, 52.388175704151038 ], [ 4.902326801240446, 52.388168304151009 ], [ 4.90245070124057, 52.388154304151001 ], [ 4.902476301240595, 52.388150904151047 ], [ 4.902512601240632, 52.388146204151042 ], [ 4.902630201240737, 52.387905704150896 ], [ 4.902632601240741, 52.387901704150885 ], [ 4.899882401237972, 52.387394604150636 ], [ 4.89988120123797, 52.387393504150637 ], [ 4.899876001237963, 52.387392604150598 ], [ 4.899849301237935, 52.387387704150584 ], [ 4.899820301237908, 52.387382304150591 ], [ 4.899786301237872, 52.387376004150561 ], [ 4.899778001237867, 52.387374504150586 ], [ 4.899628901237715, 52.387346904150569 ], [ 4.899628301237715, 52.387348404150551 ], [ 4.89962300123771, 52.387347504150561 ], [ 4.899535101237627, 52.387524904150681 ], [ 4.899540401237633, 52.387525804150677 ], [ 4.899831201237929, 52.387600704150721 ], [ 4.899912401238007, 52.387532004150678 ], [ 4.899937601238032, 52.387554204150653 ], [ 4.899950301238045, 52.387564904150715 ], [ 4.899989501238087, 52.387596704150717 ], [ 4.9000029012381, 52.387607204150733 ], [ 4.900030301238127, 52.387627804150732 ], [ 4.900058401238158, 52.387648104150728 ], [ 4.900101801238204, 52.387677804150755 ], [ 4.900131501238233, 52.387697104150774 ], [ 4.900161901238264, 52.387716104150783 ], [ 4.900177401238279, 52.387725404150807 ], [ 4.900224701238328, 52.387752804150836 ], [ 4.90027330123838, 52.387779304150818 ], [ 4.900306501238412, 52.387796404150848 ], [ 4.900357301238463, 52.387821304150883 ], [ 4.90040940123852, 52.387845204150871 ], [ 4.900444801238554, 52.387860604150909 ], [ 4.900498801238611, 52.387882804150884 ], [ 4.900554001238665, 52.38790400415089 ], [ 4.900591301238703, 52.387917504150906 ], [ 4.900583301238698, 52.387933704150939 ], [ 4.900871501238987, 52.387987304150968 ], [ 4.900884801238999, 52.387961404150907 ], [ 4.900950901239064, 52.387969404150944 ], [ 4.901050401239162, 52.387980404150937 ], [ 4.901150201239263, 52.387990304150918 ], [ 4.90121690123933, 52.387996304150903 ], [ 4.901317101239432, 52.388004404150934 ], [ 4.901285501239407, 52.388168204151057 ], [ 4.901303001239427, 52.388169704151061 ], [ 4.901299201239424, 52.38818570415107 ], [ 4.901298501239422, 52.388190804151023 ] ] ] ] } },
{ "type": "Feature", "properties": { "element": "way", "id": 1208889183, "addr:street": null, "leisure": "park", "name": null, "note": null, "sport": null, "wikipedia": null, "access": null, "tourism": null, "website": null, "wikidata": null, "start_date": null, "wikimedia_commons": null, "area": null, "name:nl": null, "name:ru": null, "alt_name": null, "surface": "fine_gravel", "old_name": null, "name:etymology:wikidata": null, "wheelchair": null, "layer": null, "name:de": null, "name:en": null, "name:ko": null, "name:zh": null, "source": null, "landuse": null, "barrier": null, "fence_type": null, "leaf_type": null, "description": null, "opening_hours": null, "addr:city": null, "not": null, "bicycle": null, "foot": null, "motor_vehicle": null, "operator": null, "fee": null, "lit": null, "architect": null, "ref:bag": null, "addr:postcode": null, "smoking": null, "garden:type": null, "check_date": null, "construction": null, "survey:date": null, "type": null, "heritage": null, "heritage:operator": null, "ref:rce": null, "bbq": null, "name:uk": null, "name:zh-Hans": null }, "geometry": { "type": "MultiPolygon", "coordinates": [ [ [ [ 4.904819601242733, 52.383874604148495 ], [ 4.90480760124272, 52.383871404148529 ], [ 4.904791001242704, 52.383864304148517 ], [ 4.904779801242691, 52.383854104148497 ], [ 4.904735401242645, 52.383831304148487 ], [ 4.904687301242596, 52.383810304148483 ], [ 4.904672301242581, 52.383799804148474 ], [ 4.904660901242567, 52.383787604148502 ], [ 4.904656501242566, 52.383780604148455 ], [ 4.904658601242565, 52.383773204148447 ], [ 4.904670301242577, 52.383766104148457 ], [ 4.904685001242593, 52.383761404148416 ], [ 4.90470290124261, 52.383759504148429 ], [ 4.904720801242628, 52.383761304148464 ], [ 4.904755201242664, 52.38375510414847 ], [ 4.904788401242694, 52.383741604148426 ], [ 4.904813201242717, 52.383722504148395 ], [ 4.904822701242728, 52.383709704148409 ], [ 4.904828301242733, 52.383696104148406 ], [ 4.904835301242739, 52.383688404148394 ], [ 4.904832101242736, 52.383679904148387 ], [ 4.90482730124273, 52.383676904148373 ], [ 4.904826001242729, 52.383672704148388 ], [ 4.904830301242734, 52.383667604148386 ], [ 4.904839201242741, 52.383665804148393 ], [ 4.904853701242756, 52.383663004148367 ], [ 4.90486880124277, 52.383663604148381 ], [ 4.904882601242785, 52.383667604148407 ], [ 4.904902801242804, 52.383669804148361 ], [ 4.904920301242822, 52.383676504148397 ], [ 4.904931501242835, 52.383685204148399 ], [ 4.904948601242852, 52.383688904148407 ], [ 4.904960801242863, 52.383687804148387 ], [ 4.904971701242872, 52.383684204148395 ], [ 4.904980201242882, 52.3836786041484 ], [ 4.90498350124289, 52.383671304148365 ], [ 4.904981701242884, 52.383664904148397 ], [ 4.905003301242907, 52.383675604148408 ], [ 4.905034001242936, 52.383692904148397 ], [ 4.905065101242969, 52.383715904148438 ], [ 4.905097201243003, 52.383741804148436 ], [ 4.905120301243026, 52.383764804148456 ], [ 4.905137201243049, 52.383786404148474 ], [ 4.905147101243056, 52.383797404148453 ], [ 4.90515330124306, 52.383813804148467 ], [ 4.905154201243064, 52.383827004148486 ], [ 4.905152801243063, 52.383835504148486 ], [ 4.905146701243058, 52.383845504148503 ], [ 4.905139101243051, 52.383856704148506 ], [ 4.905126201243036, 52.383869804148532 ], [ 4.905111101243024, 52.383882204148513 ], [ 4.905094801243009, 52.38389420414849 ], [ 4.905071701242983, 52.383908604148495 ], [ 4.905054901242968, 52.383916404148529 ], [ 4.905033501242947, 52.38392170414852 ], [ 4.905011601242925, 52.383925304148534 ], [ 4.904950201242863, 52.383920304148518 ], [ 4.904818701242732, 52.383907604148519 ], [ 4.904819601242733, 52.383874604148495 ] ] ] ] } },
{ "type": "Feature", "properties": { "element": "way", "id": 1222015511, "addr:street": null, "leisure": "park", "name": null, "note": null, "sport": null, "wikipedia": null, "access": null, "tourism": null, "website": null, "wikidata": null, "start_date": null, "wikimedia_commons": null, "area": null, "name:nl": null, "name:ru": null, "alt_name": null, "surface": null, "old_name": null, "name:etymology:wikidata": null, "wheelchair": null, "layer": null, "name:de": null, "name:en": null, "name:ko": null, "name:zh": null, "source": null, "landuse": null, "barrier": null, "fence_type": null, "leaf_type": null, "description": null, "opening_hours": null, "addr:city": null, "not": null, "bicycle": null, "foot": null, "motor_vehicle": null, "operator": null, "fee": null, "lit": null, "architect": null, "ref:bag": null, "addr:postcode": null, "smoking": null, "garden:type": null, "check_date": null, "construction": null, "survey:date": null, "type": null, "heritage": null, "heritage:operator": null, "ref:rce": null, "bbq": null, "name:uk": null, "name:zh-Hans": null }, "geometry": { "type": "MultiPolygon", "coordinates": [ [ [ [ 4.871479901207132, 52.335862804120218 ], [ 4.871481001207123, 52.335637004120088 ], [ 4.871591001207232, 52.335637304120063 ], [ 4.871593301207244, 52.33586300412022 ], [ 4.871479901207132, 52.335862804120218 ] ] ] ] } },
{ "type": "Feature", "properties": { "element": "way", "id": 1230408629, "addr:street": null, "leisure": "park", "name": null, "note": null, "sport": null, "wikipedia": null, "access": null, "tourism": null, "website": null, "wikidata": null, "start_date": null, "wikimedia_commons": null, "area": null, "name:nl": null, "name:ru": null, "alt_name": null, "surface": null, "old_name": null, "name:etymology:wikidata": null, "wheelchair": null, "layer": null, "name:de": null, "name:en": null, "name:ko": null, "name:zh": null, "source": null, "landuse": null, "barrier": null, "fence_type": null, "leaf_type": null, "description": null, "opening_hours": null, "addr:city": null, "not": null, "bicycle": null, "foot": null, "motor_vehicle": null, "operator": null, "fee": null, "lit": null, "architect": null, "ref:bag": null, "addr:postcode": null, "smoking": null, "garden:type": null, "check_date": null, "construction": null, "survey:date": null, "type": null, "heritage": null, "heritage:operator": null, "ref:rce": null, "bbq": null, "name:uk": null, "name:zh-Hans": null }, "geometry": { "type": "MultiPolygon", "coordinates": [ [ [ [ 4.885364701222176, 52.360387304134704 ], [ 4.885361001222178, 52.360389104134669 ], [ 4.885297101222115, 52.360421404134726 ], [ 4.885346501222166, 52.360457704134731 ], [ 4.885363901222181, 52.360470504134753 ], [ 4.885371901222191, 52.360475004134777 ], [ 4.885382801222203, 52.360479804134755 ], [ 4.885404501222225, 52.360488204134768 ], [ 4.885428201222248, 52.360493304134799 ], [ 4.885455101222276, 52.360495004134769 ], [ 4.885470901222292, 52.360494204134767 ], [ 4.88549860122232, 52.360489104134786 ], [ 4.885517101222338, 52.360482604134766 ], [ 4.885671001222496, 52.360597804134819 ], [ 4.885307101222142, 52.360781804134938 ], [ 4.885272301222107, 52.360793704134927 ], [ 4.885241201222076, 52.360800604134951 ], [ 4.885204401222041, 52.360805204134955 ], [ 4.885176001222011, 52.360805504134987 ], [ 4.885133201221971, 52.360806704134959 ], [ 4.885098801221933, 52.36080380413496 ], [ 4.885067201221902, 52.360798604134949 ], [ 4.885042201221877, 52.36079260413495 ], [ 4.885014001221851, 52.360784104134929 ], [ 4.885012201221845, 52.360783404134956 ], [ 4.884990801221827, 52.360774704134954 ], [ 4.884966801221801, 52.360763104134946 ], [ 4.884937501221771, 52.36074710413493 ], [ 4.884808101221639, 52.36068020413488 ], [ 4.884765701221595, 52.360659204134848 ], [ 4.884598301221427, 52.360580304134849 ], [ 4.884579601221405, 52.360571404134824 ], [ 4.884478601221302, 52.360532504134824 ], [ 4.884428601221254, 52.360516404134771 ], [ 4.884309801221133, 52.360479504134773 ], [ 4.883562501220376, 52.360281904134652 ], [ 4.883516601220326, 52.360246304134641 ], [ 4.883435601220246, 52.360187804134597 ], [ 4.883700501220489, 52.359812504134347 ], [ 4.883787501220581, 52.359873104134401 ], [ 4.883772101220565, 52.35988120413441 ], [ 4.883870201220666, 52.359953404134473 ], [ 4.883926501220722, 52.359925204134392 ], [ 4.88396410122076, 52.359953504134474 ], [ 4.884006501220804, 52.359932604134443 ], [ 4.884032001220827, 52.359950804134456 ], [ 4.884114301220907, 52.359909104134445 ], [ 4.884174401220972, 52.359952704134471 ], [ 4.884183701220982, 52.359947404134466 ], [ 4.884197301220993, 52.359957604134486 ], [ 4.884019901220821, 52.360047704134502 ], [ 4.884181001220987, 52.360167304134585 ], [ 4.884180301220987, 52.360170104134568 ], [ 4.884168601220975, 52.360176304134605 ], [ 4.88424150122105, 52.360229704134611 ], [ 4.884315601221124, 52.360192404134608 ], [ 4.884320601221129, 52.360192604134618 ], [ 4.884680101221501, 52.36045940413478 ], [ 4.884679701221501, 52.360462504134759 ], [ 4.884606401221428, 52.360500004134785 ], [ 4.884679001221504, 52.360553504134799 ], [ 4.884690401221516, 52.3605481041348 ], [ 4.884695201221519, 52.360548404134803 ], [ 4.884809801221638, 52.360633604134854 ], [ 4.885018101221841, 52.360528204134759 ], [ 4.885003601221826, 52.360518004134796 ], [ 4.885003901221827, 52.360515004134776 ], [ 4.885321501222135, 52.360354704134721 ], [ 4.885330301222145, 52.360361304134699 ], [ 4.885364701222176, 52.360387304134704 ] ] ] ] } },
{ "type": "Feature", "properties": { "element": "way", "id": 1268819095, "addr:street": null, "leisure": "park", "name": "Martin Luther Kingpark", "note": null, "sport": null, "wikipedia": null, "access": null, "tourism": null, "website": null, "wikidata": "Q2285562", "start_date": null, "wikimedia_commons": "Category:Martin Luther Kingpark, Amsterdam", "area": null, "name:nl": null, "name:ru": null, "alt_name": null, "surface": null, "old_name": null, "name:etymology:wikidata": "Q8027", "wheelchair": null, "layer": null, "name:de": null, "name:en": null, "name:ko": null, "name:zh": null, "source": null, "landuse": null, "barrier": null, "fence_type": null, "leaf_type": null, "description": null, "opening_hours": null, "addr:city": null, "not": null, "bicycle": null, "foot": null, "motor_vehicle": null, "operator": null, "fee": null, "lit": null, "architect": null, "ref:bag": null, "addr:postcode": null, "smoking": null, "garden:type": null, "check_date": null, "construction": null, "survey:date": null, "type": null, "heritage": null, "heritage:operator": null, "ref:rce": null, "bbq": null, "name:uk": null, "name:zh-Hans": null }, "geometry": { "type": "MultiPolygon", "coordinates": [ [ [ [ 4.908668601244469, 52.339453004122234 ], [ 4.908697601244495, 52.339465504122266 ], [ 4.908753401244553, 52.339489604122242 ], [ 4.90875840124456, 52.339491804122254 ], [ 4.908774401244577, 52.339498704122285 ], [ 4.908790001244589, 52.339505404122264 ], [ 4.908802201244603, 52.339510704122269 ], [ 4.908805001244608, 52.339513504122301 ], [ 4.908807201244607, 52.339517304122289 ], [ 4.908806801244608, 52.339521504122274 ], [ 4.908804601244604, 52.33952380412228 ], [ 4.908809401244612, 52.339526404122296 ], [ 4.908752201244556, 52.339577104122313 ], [ 4.908669401244479, 52.339650004122369 ], [ 4.908586401244397, 52.339722904122389 ], [ 4.908515001244328, 52.33978660412243 ], [ 4.908445601244264, 52.339847604122482 ], [ 4.90840460124422, 52.339882904122497 ], [ 4.908375401244192, 52.339912704122483 ], [ 4.908341401244162, 52.339946604122531 ], [ 4.908319201244143, 52.339970204122544 ], [ 4.908276701244102, 52.340021604122562 ], [ 4.908294401244119, 52.340029204122594 ], [ 4.908296701244122, 52.34003080412262 ], [ 4.908297701244122, 52.340033104122568 ], [ 4.908297701244124, 52.340036104122539 ], [ 4.908295301244121, 52.340038604122604 ], [ 4.908246501244076, 52.340099304122639 ], [ 4.908231101244062, 52.340119004122634 ], [ 4.908229001244059, 52.340118404122613 ], [ 4.908208401244042, 52.340154204122641 ], [ 4.908341201244173, 52.34018870412266 ], [ 4.908294201244128, 52.340220204122701 ], [ 4.908278401244115, 52.340230804122704 ], [ 4.908452901244289, 52.340272404122722 ], [ 4.908847901244689, 52.340368804122789 ], [ 4.90887800124472, 52.340376104122775 ], [ 4.908965601244808, 52.340397504122819 ], [ 4.909270201245115, 52.340471804122835 ], [ 4.909355601245204, 52.340493604122877 ], [ 4.909441201245288, 52.340517104122846 ], [ 4.909467301245314, 52.340524604122876 ], [ 4.909531501245379, 52.34054330412286 ], [ 4.909605801245455, 52.340566204122901 ], [ 4.909632401245483, 52.340574404122926 ], [ 4.909739501245592, 52.340609004122932 ], [ 4.909849601245703, 52.340644704122973 ], [ 4.909920201245775, 52.340668004122946 ], [ 4.909964001245817, 52.340682504122988 ], [ 4.910022001245878, 52.340702104122968 ], [ 4.91009340124595, 52.340726304122995 ], [ 4.91022130124608, 52.340770604123009 ], [ 4.910290301246151, 52.34079530412302 ], [ 4.910314401246174, 52.340803904123014 ], [ 4.910375401246235, 52.340826004123031 ], [ 4.910398301246261, 52.340834304123071 ], [ 4.910540501246405, 52.340887304123086 ], [ 4.910600901246466, 52.34091080412307 ], [ 4.910670701246538, 52.34093930412314 ], [ 4.910768801246638, 52.340980804123156 ], [ 4.910950401246822, 52.341059404123179 ], [ 4.911048501246924, 52.341103004123212 ], [ 4.911111701246988, 52.341131104123235 ], [ 4.911136101247012, 52.341142304123252 ], [ 4.911177701247054, 52.341161204123246 ], [ 4.911285001247164, 52.341214104123274 ], [ 4.911375301247257, 52.341258604123318 ], [ 4.911395801247278, 52.341269204123265 ], [ 4.911477401247361, 52.341311204123315 ], [ 4.911497201247383, 52.341321404123342 ], [ 4.911617701247505, 52.341385804123405 ], [ 4.911658701247546, 52.341407304123358 ], [ 4.911775901247667, 52.341473704123459 ], [ 4.911802501247696, 52.341488704123449 ], [ 4.911828101247721, 52.341503204123477 ], [ 4.91192590124782, 52.341561104123471 ], [ 4.912040701247939, 52.341629004123519 ], [ 4.912052201247952, 52.341623304123573 ], [ 4.912071801247969, 52.341613604123495 ], [ 4.912081601247978, 52.341608804123496 ], [ 4.912142901248038, 52.341578304123459 ], [ 4.912312801248205, 52.341502004123448 ], [ 4.912503801248391, 52.341416204123405 ], [ 4.912510901248399, 52.341413104123355 ], [ 4.912613401248498, 52.341366904123362 ], [ 4.912617901248503, 52.341365004123368 ], [ 4.912652701248537, 52.341349404123356 ], [ 4.91268610124857, 52.341334404123316 ], [ 4.912692401248578, 52.341331504123382 ], [ 4.912825001248706, 52.341272004123283 ], [ 4.912909401248789, 52.341235704123307 ], [ 4.912912801248789, 52.341234304123269 ], [ 4.912930101248809, 52.341226204123252 ], [ 4.912933901248812, 52.341224504123282 ], [ 4.913071201248945, 52.341163604123203 ], [ 4.91307470124895, 52.341162104123256 ], [ 4.913131101249006, 52.341143604123239 ], [ 4.913134301249008, 52.341140204123249 ], [ 4.913161801249037, 52.34111060412323 ], [ 4.913137401249009, 52.341091804123181 ], [ 4.91307050124894, 52.341040504123178 ], [ 4.913014801248881, 52.340997704123119 ], [ 4.913010901248878, 52.340994704123126 ], [ 4.912980901248848, 52.340973104123165 ], [ 4.912928301248794, 52.340935904123079 ], [ 4.912854501248718, 52.340889504123091 ], [ 4.912791001248652, 52.340852704123058 ], [ 4.912729501248585, 52.340803104123033 ], [ 4.912650501248506, 52.340749704122985 ], [ 4.912548901248401, 52.34068590412295 ], [ 4.912476801248328, 52.340643304122935 ], [ 4.912397801248247, 52.340598504122894 ], [ 4.912310501248158, 52.34055040412288 ], [ 4.912211001248057, 52.340497904122849 ], [ 4.912109801247952, 52.34044720412281 ], [ 4.912004701247845, 52.340398604122782 ], [ 4.911898601247736, 52.340351704122774 ], [ 4.911781101247616, 52.340301404122727 ], [ 4.911652801247485, 52.34025130412271 ], [ 4.911554501247386, 52.340212804122686 ], [ 4.911450801247279, 52.340176804122635 ], [ 4.911385001247213, 52.340156004122647 ], [ 4.911317501247146, 52.340135704122638 ], [ 4.911248201247076, 52.340117604122604 ], [ 4.91114280124697, 52.340092204122627 ], [ 4.911036401246862, 52.340068904122603 ], [ 4.910930801246754, 52.340045504122585 ], [ 4.910786301246609, 52.340014104122552 ], [ 4.910641901246465, 52.33998240412258 ], [ 4.910496201246316, 52.339950604122549 ], [ 4.910349501246168, 52.339918704122518 ], [ 4.910230001246047, 52.339893104122488 ], [ 4.910139001245955, 52.339873604122488 ], [ 4.910048901245864, 52.339854504122492 ], [ 4.909963501245779, 52.339835904122438 ], [ 4.909841801245654, 52.339805604122446 ], [ 4.909726101245539, 52.339775004122437 ], [ 4.909636001245446, 52.339748304122395 ], [ 4.909537601245348, 52.339718504122381 ], [ 4.909460301245267, 52.3396946041224 ], [ 4.909459701245267, 52.339694404122369 ], [ 4.909406501245214, 52.339677404122384 ], [ 4.909352501245158, 52.339657304122355 ], [ 4.909285101245091, 52.339631004122367 ], [ 4.909199301245003, 52.339595904122319 ], [ 4.909138201244942, 52.339569504122281 ], [ 4.909101201244904, 52.339550904122319 ], [ 4.909124801244928, 52.339534504122305 ], [ 4.9090005012448, 52.339480904122212 ], [ 4.908899501244695, 52.339436204122244 ], [ 4.908754201244547, 52.339373604122166 ], [ 4.908668601244469, 52.339453004122234 ] ] ] ] } },
{ "type": "Feature", "properties": { "element": "way", "id": 1275057662, "addr:street": null, "leisure": "park", "name": null, "note": null, "sport": null, "wikipedia": null, "access": null, "tourism": null, "website": null, "wikidata": null, "start_date": null, "wikimedia_commons": null, "area": null, "name:nl": null, "name:ru": null, "alt_name": null, "surface": null, "old_name": null, "name:etymology:wikidata": null, "wheelchair": null, "layer": null, "name:de": null, "name:en": null, "name:ko": null, "name:zh": null, "source": null, "landuse": null, "barrier": null, "fence_type": null, "leaf_type": null, "description": null, "opening_hours": null, "addr:city": null, "not": null, "bicycle": null, "foot": null, "motor_vehicle": null, "operator": null, "fee": null, "lit": null, "architect": null, "ref:bag": null, "addr:postcode": null, "smoking": null, "garden:type": null, "check_date": null, "construction": null, "survey:date": null, "type": null, "heritage": null, "heritage:operator": null, "ref:rce": null, "bbq": null, "name:uk": null, "name:zh-Hans": null }, "geometry": { "type": "MultiPolygon", "coordinates": [ [ [ [ 4.898581401235356, 52.359790804134335 ], [ 4.898500401235273, 52.359777804134303 ], [ 4.898496001235267, 52.359777604134308 ], [ 4.898491101235263, 52.359778504134312 ], [ 4.89848840123526, 52.359779904134307 ], [ 4.898486401235258, 52.359782004134331 ], [ 4.898485901235258, 52.359785104134339 ], [ 4.898487001235261, 52.35978800413428 ], [ 4.898491301235263, 52.35979060413429 ], [ 4.898411401235192, 52.359970804134434 ], [ 4.898406101235189, 52.359971704134423 ], [ 4.898402901235183, 52.359973304134428 ], [ 4.898400701235182, 52.359975504134447 ], [ 4.89840000123518, 52.359978104134406 ], [ 4.898401401235184, 52.359981404134473 ], [ 4.898405801235188, 52.35998410413444 ], [ 4.898399201235181, 52.360001404134479 ], [ 4.898394401235178, 52.360001904134471 ], [ 4.898390401235176, 52.360003804134472 ], [ 4.898388001235172, 52.360006304134473 ], [ 4.898387701235172, 52.360009704134441 ], [ 4.898390101235177, 52.360012804134456 ], [ 4.898394101235178, 52.360014804134444 ], [ 4.898373401235158, 52.360061904134504 ], [ 4.898371501235157, 52.360061604134501 ], [ 4.898357001235144, 52.360095004134507 ], [ 4.898358201235148, 52.36009520413451 ], [ 4.898160001234968, 52.360542704134765 ], [ 4.898159201234969, 52.360545004134785 ], [ 4.898159701234968, 52.360547204134733 ], [ 4.898162601234975, 52.360549904134778 ], [ 4.898166001234973, 52.360551104134736 ], [ 4.898194701235004, 52.360555004134781 ], [ 4.898194301235004, 52.360558004134781 ], [ 4.898195801235006, 52.360560704134741 ], [ 4.898198801235009, 52.360562704134765 ], [ 4.898203201235015, 52.360564004134787 ], [ 4.898206901235016, 52.360564204134739 ], [ 4.898194301235006, 52.360594704134762 ], [ 4.898188201235, 52.360593204134801 ], [ 4.898181101234994, 52.360594004134789 ], [ 4.898177101234989, 52.360596604134784 ], [ 4.898175501234987, 52.36060090413482 ], [ 4.898177801234992, 52.360604404134818 ], [ 4.898182701234996, 52.360606704134803 ], [ 4.898154501234971, 52.360669904134873 ], [ 4.898154401234971, 52.360673104134825 ], [ 4.898156001234973, 52.360675504134832 ], [ 4.898159001234974, 52.360677404134847 ], [ 4.898162501234978, 52.360678604134861 ], [ 4.898246601235063, 52.360695204134828 ], [ 4.899102401235926, 52.360864004134932 ], [ 4.899110701235935, 52.360865704134952 ], [ 4.899112101235935, 52.360862604134915 ], [ 4.899121301235945, 52.360842904134934 ], [ 4.899173801235998, 52.360852404134974 ], [ 4.899276101236099, 52.360872304134951 ], [ 4.899329801236148, 52.360746504134859 ], [ 4.899329801236144, 52.360669104134843 ], [ 4.899329101236144, 52.360655204134851 ], [ 4.899322701236136, 52.360627704134821 ], [ 4.899311601236121, 52.360591704134784 ], [ 4.899310701236119, 52.360577604134782 ], [ 4.899307001236116, 52.360566104134747 ], [ 4.899299301236107, 52.360549304134764 ], [ 4.899287701236096, 52.360530304134791 ], [ 4.899270701236075, 52.360509704134728 ], [ 4.899234401236039, 52.360456304134686 ], [ 4.899229901236036, 52.36044990413469 ], [ 4.898821801235604, 52.359983704134436 ], [ 4.898810201235592, 52.359970104134426 ], [ 4.898795201235575, 52.359950304134372 ], [ 4.89878150123556, 52.359931304134385 ], [ 4.898770001235548, 52.359912204134382 ], [ 4.898675301235445, 52.359755304134296 ], [ 4.898620001235392, 52.35976750413429 ], [ 4.898606801235379, 52.35977180413429 ], [ 4.898598201235373, 52.359776104134298 ], [ 4.898589101235361, 52.359782404134307 ], [ 4.898581401235356, 52.359790804134335 ] ] ] ] } },
{ "type": "Feature", "properties": { "element": "way", "id": 1275077044, "addr:street": null, "leisure": "park", "name": null, "note": null, "sport": null, "wikipedia": null, "access": null, "tourism": null, "website": null, "wikidata": null, "start_date": null, "wikimedia_commons": null, "area": null, "name:nl": null, "name:ru": null, "alt_name": null, "surface": null, "old_name": null, "name:etymology:wikidata": null, "wheelchair": null, "layer": null, "name:de": null, "name:en": null, "name:ko": null, "name:zh": null, "source": null, "landuse": null, "barrier": null, "fence_type": null, "leaf_type": null, "description": null, "opening_hours": null, "addr:city": null, "not": null, "bicycle": null, "foot": null, "motor_vehicle": null, "operator": null, "fee": null, "lit": null, "architect": null, "ref:bag": null, "addr:postcode": null, "smoking": null, "garden:type": null, "check_date": null, "construction": null, "survey:date": null, "type": null, "heritage": null, "heritage:operator": null, "ref:rce": null, "bbq": null, "name:uk": null, "name:zh-Hans": null }, "geometry": { "type": "MultiPolygon", "coordinates": [ [ [ [ 4.899187701235954, 52.359672004134225 ], [ 4.899155701235922, 52.359667904134241 ], [ 4.899136101235902, 52.359667804134233 ], [ 4.899113701235882, 52.359671304134253 ], [ 4.899097101235863, 52.359676404134241 ], [ 4.899082801235851, 52.359683804134242 ], [ 4.89907210123584, 52.359691904134266 ], [ 4.89906300123583, 52.359702404134268 ], [ 4.899058801235826, 52.359713204134302 ], [ 4.899057401235828, 52.359722204134279 ], [ 4.899058901235827, 52.359729404134292 ], [ 4.899063401235834, 52.359739004134283 ], [ 4.899082601235854, 52.359768704134289 ], [ 4.899103901235876, 52.35979670413434 ], [ 4.899131101235906, 52.359827904134342 ], [ 4.899583201236381, 52.360349104134613 ], [ 4.899624401236427, 52.360396504134691 ], [ 4.89964820123645, 52.360424304134696 ], [ 4.899654501236456, 52.360429804134668 ], [ 4.899663101236465, 52.36043480413467 ], [ 4.899674401236477, 52.360439104134713 ], [ 4.899687101236491, 52.360441804134709 ], [ 4.899701601236505, 52.360442704134691 ], [ 4.899716701236521, 52.360441304134696 ], [ 4.899870401236671, 52.360404004134672 ], [ 4.900665501237449, 52.360039104134465 ], [ 4.900753201237534, 52.359997904134453 ], [ 4.900800901237582, 52.359975504134411 ], [ 4.90085270123763, 52.359950304134387 ], [ 4.900860501237641, 52.359944204134379 ], [ 4.90086490123764, 52.359937904134391 ], [ 4.900866301237644, 52.359931604134374 ], [ 4.900865301237643, 52.359925004134389 ], [ 4.900862001237638, 52.359919304134372 ], [ 4.900856601237635, 52.35991410413439 ], [ 4.900849701237626, 52.359910204134351 ], [ 4.900839501237617, 52.359906504134351 ], [ 4.900801801237579, 52.359900604134381 ], [ 4.900760701237537, 52.359894604134375 ], [ 4.900600501237377, 52.359871104134406 ], [ 4.900514201237289, 52.359858104134368 ], [ 4.900228501237, 52.359815004134326 ], [ 4.899911301236682, 52.359771304134291 ], [ 4.899187701235954, 52.359672004134225 ] ] ] ] } },
{ "type": "Feature", "properties": { "element": "way", "id": 1275082694, "addr:street": null, "leisure": "park", "name": null, "note": null, "sport": null, "wikipedia": null, "access": null, "tourism": null, "website": null, "wikidata": null, "start_date": null, "wikimedia_commons": null, "area": null, "name:nl": null, "name:ru": null, "alt_name": null, "surface": null, "old_name": null, "name:etymology:wikidata": null, "wheelchair": null, "layer": null, "name:de": null, "name:en": null, "name:ko": null, "name:zh": null, "source": null, "landuse": null, "barrier": null, "fence_type": null, "leaf_type": null, "description": null, "opening_hours": null, "addr:city": null, "not": null, "bicycle": null, "foot": null, "motor_vehicle": null, "operator": null, "fee": null, "lit": null, "architect": null, "ref:bag": null, "addr:postcode": null, "smoking": null, "garden:type": null, "check_date": null, "construction": null, "survey:date": null, "type": null, "heritage": null, "heritage:operator": null, "ref:rce": null, "bbq": null, "name:uk": null, "name:zh-Hans": null }, "geometry": { "type": "MultiPolygon", "coordinates": [ [ [ [ 4.899699901236529, 52.360982704135012 ], [ 4.899695601236526, 52.360981904135024 ], [ 4.899691501236521, 52.360984604135048 ], [ 4.899686601236517, 52.360985704135011 ], [ 4.899681401236509, 52.360985404135029 ], [ 4.899676301236505, 52.36098340413502 ], [ 4.899673501236502, 52.360980104135038 ], [ 4.899674001236503, 52.360976004135047 ], [ 4.899675601236503, 52.360974204135012 ], [ 4.899620801236447, 52.360963704134967 ], [ 4.899604201236435, 52.360982704135012 ], [ 4.899565201236392, 52.36097580413503 ], [ 4.899562501236389, 52.360961604135007 ], [ 4.899571001236398, 52.360931504134975 ], [ 4.899584701236409, 52.360891104134986 ], [ 4.899635401236456, 52.360770404134897 ], [ 4.899652401236469, 52.36072930413485 ], [ 4.899670301236487, 52.360696404134863 ], [ 4.899690301236504, 52.360665804134804 ], [ 4.899714601236528, 52.360635304134831 ], [ 4.899742401236552, 52.360605204134771 ], [ 4.899776401236588, 52.360574804134771 ], [ 4.899812201236622, 52.360548504134748 ], [ 4.899845201236652, 52.36052730413472 ], [ 4.899883701236689, 52.360506104134764 ], [ 4.899953601236756, 52.36047170413471 ], [ 4.900361801237157, 52.360280504134622 ], [ 4.900745901237534, 52.360100904134519 ], [ 4.900836101237618, 52.360060604134475 ], [ 4.900849401237633, 52.360063604134467 ], [ 4.900863601237647, 52.360067604134485 ], [ 4.90087710123766, 52.360073604134477 ], [ 4.900892101237678, 52.360083104134489 ], [ 4.900906601237691, 52.360094404134479 ], [ 4.900914501237701, 52.360107104134499 ], [ 4.900916301237701, 52.360120204134489 ], [ 4.900913701237699, 52.360130104134491 ], [ 4.900901301237687, 52.360149004134506 ], [ 4.900880301237668, 52.36017360413453 ], [ 4.900971001237762, 52.360242704134585 ], [ 4.900974601237769, 52.360244304134575 ], [ 4.900977401237769, 52.360247404134583 ], [ 4.900977401237771, 52.360250704134593 ], [ 4.900975001237767, 52.360253504134597 ], [ 4.900970801237762, 52.360255404134591 ], [ 4.90096530123776, 52.360255904134604 ], [ 4.900819701237631, 52.36061060413482 ], [ 4.900819101237627, 52.360612804134824 ], [ 4.900846501237657, 52.360616304134794 ], [ 4.900842901237652, 52.360625404134787 ], [ 4.900828201237639, 52.360663204134831 ], [ 4.90079940123761, 52.360658804134786 ], [ 4.900504301237314, 52.360614004134781 ], [ 4.900474901237286, 52.360609704134809 ], [ 4.900431301237242, 52.360607904134802 ], [ 4.900393301237202, 52.360608704134762 ], [ 4.90035020123716, 52.360612204134824 ], [ 4.900306101237118, 52.360618704134801 ], [ 4.900276101237085, 52.360625104134776 ], [ 4.900242601237055, 52.360634004134795 ], [ 4.900225101237037, 52.360639804134834 ], [ 4.900229001237043, 52.360646104134823 ], [ 4.900232701237044, 52.36065890413483 ], [ 4.900230601237043, 52.36067530413483 ], [ 4.900222301237039, 52.360689404134831 ], [ 4.900210201237027, 52.360700404134882 ], [ 4.900195101237011, 52.360708704134829 ], [ 4.900178501236996, 52.360716904134861 ], [ 4.900160401236977, 52.360725904134867 ], [ 4.900140801236959, 52.360732704134882 ], [ 4.900118801236935, 52.360737704134856 ], [ 4.900107101236922, 52.360739104134872 ], [ 4.900103601236921, 52.36075050413487 ], [ 4.900099901236917, 52.360770204134866 ], [ 4.900099601236918, 52.360790104134878 ], [ 4.900103001236922, 52.360809104134916 ], [ 4.900111701236932, 52.360831604134944 ], [ 4.900126201236947, 52.360855604134919 ], [ 4.900142401236965, 52.360874804134959 ], [ 4.900162601236987, 52.360893904134961 ], [ 4.900198501237024, 52.36091930413496 ], [ 4.900237301237062, 52.360940304134978 ], [ 4.900271001237097, 52.360954304134992 ], [ 4.900311601237139, 52.360967704134985 ], [ 4.900347201237174, 52.360976504135024 ], [ 4.900383701237212, 52.360983104135002 ], [ 4.900440301237269, 52.360991904135027 ], [ 4.900484401237312, 52.360997304135047 ], [ 4.90059970123743, 52.361009504135041 ], [ 4.90057740123741, 52.361058604135067 ], [ 4.900582501237412, 52.36106020413505 ], [ 4.900585501237416, 52.361062904135025 ], [ 4.900586001237417, 52.361066704135048 ], [ 4.900583701237418, 52.361069704135041 ], [ 4.900580301237413, 52.361071404135046 ], [ 4.900575801237409, 52.361072304135021 ], [ 4.900544701237378, 52.361144604135127 ], [ 4.900541801237378, 52.361147204135094 ], [ 4.900537701237373, 52.361148904135135 ], [ 4.900531301237367, 52.361149404135105 ], [ 4.900431501237269, 52.36112940413512 ], [ 4.899699901236529, 52.360982704135012 ] ] ] ] } },
{ "type": "Feature", "properties": { "element": "way", "id": 1295384860, "addr:street": null, "leisure": "park", "name": "Spoorpark Noord", "note": null, "sport": null, "wikipedia": null, "access": null, "tourism": null, "website": null, "wikidata": null, "start_date": null, "wikimedia_commons": null, "area": null, "name:nl": null, "name:ru": null, "alt_name": null, "surface": null, "old_name": null, "name:etymology:wikidata": null, "wheelchair": null, "layer": null, "name:de": null, "name:en": null, "name:ko": null, "name:zh": null, "source": null, "landuse": null, "barrier": null, "fence_type": null, "leaf_type": null, "description": null, "opening_hours": null, "addr:city": null, "not": null, "bicycle": null, "foot": null, "motor_vehicle": null, "operator": null, "fee": null, "lit": null, "architect": null, "ref:bag": null, "addr:postcode": null, "smoking": null, "garden:type": null, "check_date": null, "construction": null, "survey:date": null, "type": null, "heritage": null, "heritage:operator": null, "ref:rce": null, "bbq": null, "name:uk": null, "name:zh-Hans": null }, "geometry": { "type": "MultiPolygon", "coordinates": [ [ [ [ 4.834078301171141, 52.364325204137145 ], [ 4.834294201171356, 52.364321004137125 ], [ 4.834296401171355, 52.364207404137076 ], [ 4.834984401172041, 52.364214804137077 ], [ 4.834983701172078, 52.364959804137534 ], [ 4.83498090117208, 52.365055204137569 ], [ 4.834887301171986, 52.365054104137563 ], [ 4.834881601171987, 52.365222904137674 ], [ 4.834975301172082, 52.365224104137646 ], [ 4.834970201172085, 52.365417304137772 ], [ 4.834877001171991, 52.365416304137774 ], [ 4.834871401171995, 52.365585104137878 ], [ 4.83496470117209, 52.365584104137874 ], [ 4.834959301172094, 52.365779204138022 ], [ 4.834865601171998, 52.365778604137972 ], [ 4.834862301172003, 52.365963304138106 ], [ 4.835263401172408, 52.365974504138116 ], [ 4.835254301172426, 52.366571104138465 ], [ 4.835256601172431, 52.366593304138497 ], [ 4.835802601172975, 52.366589804138464 ], [ 4.835795101172977, 52.366773504138585 ], [ 4.834926801172106, 52.366761904138563 ], [ 4.834925601172114, 52.366892104138671 ], [ 4.834832401172018, 52.366891104138674 ], [ 4.83482530117202, 52.367064904138758 ], [ 4.834920401172115, 52.367061004138769 ], [ 4.834914801172121, 52.367254204138845 ], [ 4.834821601172027, 52.367253204138862 ], [ 4.83481670117203, 52.367421904138972 ], [ 4.834909901172124, 52.367422804138933 ], [ 4.834903801172125, 52.367615904139086 ], [ 4.834810401172033, 52.367614904139081 ], [ 4.834800201172033, 52.3678117041392 ], [ 4.834832301172066, 52.367819104139215 ], [ 4.834813201172081, 52.368531804139621 ], [ 4.834941801172246, 52.369235604140044 ], [ 4.834979201172283, 52.369276504140053 ], [ 4.835001201172315, 52.369489104140186 ], [ 4.835039701172364, 52.369683004140313 ], [ 4.83511780117245, 52.369832504140412 ], [ 4.834555201171892, 52.369909904140449 ], [ 4.834331101171609, 52.368750004139756 ], [ 4.834246101171498, 52.36823570413943 ], [ 4.834192201171426, 52.367827504139221 ], [ 4.834115801171321, 52.367251804138895 ], [ 4.834093201171276, 52.366782004138592 ], [ 4.834081101171241, 52.366322904138308 ], [ 4.834089801171228, 52.365831904138055 ], [ 4.834105401171216, 52.365323004137693 ], [ 4.834121001171214, 52.364930604137513 ], [ 4.834126201171191, 52.364342104137194 ], [ 4.834078301171141, 52.364325204137145 ] ] ] ] } },
{ "type": "Feature", "properties": { "element": "way", "id": 1295738251, "addr:street": null, "leisure": "park", "name": "Over-Amstel", "note": null, "sport": null, "wikipedia": null, "access": null, "tourism": null, "website": null, "wikidata": null, "start_date": null, "wikimedia_commons": null, "area": null, "name:nl": null, "name:ru": null, "alt_name": null, "surface": null, "old_name": null, "name:etymology:wikidata": null, "wheelchair": null, "layer": null, "name:de": null, "name:en": null, "name:ko": null, "name:zh": null, "source": null, "landuse": null, "barrier": null, "fence_type": null, "leaf_type": null, "description": null, "opening_hours": null, "addr:city": null, "not": null, "bicycle": null, "foot": null, "motor_vehicle": null, "operator": "Recreatieschap Groengebied Amstelland", "fee": null, "lit": null, "architect": null, "ref:bag": null, "addr:postcode": null, "smoking": null, "garden:type": null, "check_date": null, "construction": null, "survey:date": null, "type": null, "heritage": null, "heritage:operator": null, "ref:rce": null, "bbq": null, "name:uk": null, "name:zh-Hans": null }, "geometry": { "type": "MultiPolygon", "coordinates": [ [ [ [ 4.902793101238125, 52.329536504116376 ], [ 4.902845901238178, 52.329585604116417 ], [ 4.902619301237956, 52.329704904116468 ], [ 4.902150701237503, 52.329955204116644 ], [ 4.901933201237288, 52.330063204116648 ], [ 4.901794001237151, 52.33011350411671 ], [ 4.901648601237009, 52.330151404116734 ], [ 4.901268501236633, 52.330227804116809 ], [ 4.900435101235807, 52.330362004116907 ], [ 4.900327401235702, 52.330390604116879 ], [ 4.899879101235257, 52.330468204116954 ], [ 4.89984560123522, 52.33041420411692 ], [ 4.899767801235122, 52.330020404116681 ], [ 4.899709401235056, 52.32983700411657 ], [ 4.899506301234836, 52.329446804116323 ], [ 4.899408201234729, 52.329269804116272 ], [ 4.898929501234226, 52.328801804115948 ], [ 4.898339901233611, 52.32825100411565 ], [ 4.898169501233435, 52.328112504115509 ], [ 4.898086601233349, 52.328025504115502 ], [ 4.898097101233357, 52.327969804115483 ], [ 4.89829320123355, 52.327910604115409 ], [ 4.89833810123359, 52.327842404115387 ], [ 4.898403801233654, 52.327797404115366 ], [ 4.898581601233828, 52.32772870411528 ], [ 4.89852320123376, 52.327547404115215 ], [ 4.898015401233256, 52.327605904115217 ], [ 4.898093601233345, 52.327764304115362 ], [ 4.89806910123332, 52.327807204115359 ], [ 4.897952301233205, 52.32785350411541 ], [ 4.897805201233046, 52.327597404115266 ], [ 4.897764301233001, 52.327496804115178 ], [ 4.897488801232704, 52.327031604114929 ], [ 4.897470101232683, 52.326998704114871 ], [ 4.897478301232689, 52.326958804114867 ], [ 4.89769660123291, 52.326998704114857 ], [ 4.898835301234044, 52.326859004114795 ], [ 4.899658601234861, 52.326775804114767 ], [ 4.902402801237592, 52.326563404114587 ], [ 4.902282901237445, 52.32599440411424 ], [ 4.898865801234033, 52.326076404114332 ], [ 4.897556801232728, 52.326111204114348 ], [ 4.897190901232363, 52.32608630411432 ], [ 4.896952501232103, 52.325634704114094 ], [ 4.896985601232132, 52.325615504114076 ], [ 4.899402301234543, 52.325521804113983 ], [ 4.901540001236683, 52.325598904114045 ], [ 4.902734501237883, 52.325692804114077 ], [ 4.902860301238018, 52.325893604114199 ], [ 4.902616401237776, 52.325908504114182 ], [ 4.902598101237758, 52.325954504114272 ], [ 4.903029101238189, 52.325954504114257 ], [ 4.903908701239057, 52.325719304114095 ], [ 4.904910801240045, 52.325464904113964 ], [ 4.905548001240669, 52.325163604113776 ], [ 4.905990101241106, 52.325016504113691 ], [ 4.906357301241467, 52.324894304113649 ], [ 4.907134101242238, 52.324803504113561 ], [ 4.907780001242876, 52.324688804113478 ], [ 4.908208301243321, 52.324980804113629 ], [ 4.908542001243639, 52.324683704113497 ], [ 4.908942601244026, 52.324399304113321 ], [ 4.909380101244449, 52.324064104113106 ], [ 4.910323301245368, 52.323588804112816 ], [ 4.910670001245727, 52.323833404112968 ], [ 4.909491001244579, 52.324473204113332 ], [ 4.908885201244019, 52.325429804113952 ], [ 4.908141301243264, 52.325233504113797 ], [ 4.908104701243226, 52.325154004113777 ], [ 4.908076201243198, 52.325150304113748 ], [ 4.907988801243112, 52.325236004113783 ], [ 4.90789420124302, 52.325236004113798 ], [ 4.907480701242593, 52.325045904113686 ], [ 4.902710601237884, 52.326225704114449 ], [ 4.902656901237835, 52.326301404114481 ], [ 4.902693201237889, 52.326653404114666 ], [ 4.902589901237786, 52.326700904114688 ], [ 4.901382901236584, 52.326789504114736 ], [ 4.901216701236422, 52.326868204114788 ], [ 4.901387001236638, 52.327816404115353 ], [ 4.901572001236846, 52.328357404115671 ], [ 4.901844601237124, 52.328447204115726 ], [ 4.902255901237542, 52.328582704115782 ], [ 4.902361601237678, 52.329233104116199 ], [ 4.902496401237816, 52.329324504116265 ], [ 4.902757101238075, 52.329321504116265 ], [ 4.902793101238125, 52.329536504116376 ] ] ] ] } },
{ "type": "Feature", "properties": { "element": "way", "id": 1301270874, "addr:street": null, "leisure": "park", "name": "Bloementuin van Darwin", "note": null, "sport": null, "wikipedia": null, "access": "permissive", "tourism": null, "website": null, "wikidata": null, "start_date": null, "wikimedia_commons": null, "area": null, "name:nl": null, "name:ru": null, "alt_name": null, "surface": null, "old_name": null, "name:etymology:wikidata": null, "wheelchair": null, "layer": null, "name:de": null, "name:en": null, "name:ko": null, "name:zh": null, "source": null, "landuse": null, "barrier": null, "fence_type": null, "leaf_type": null, "description": null, "opening_hours": "Mar-Oct 09:00-19:00; Nov 09:00-17:00; Dec-Feb closed", "addr:city": null, "not": null, "bicycle": null, "foot": null, "motor_vehicle": null, "operator": "De Vereniging Vrienden van het Park van Darwin", "fee": null, "lit": null, "architect": null, "ref:bag": null, "addr:postcode": null, "smoking": null, "garden:type": "community", "check_date": null, "construction": null, "survey:date": null, "type": null, "heritage": null, "heritage:operator": null, "ref:rce": null, "bbq": null, "name:uk": null, "name:zh-Hans": null }, "geometry": { "type": "MultiPolygon", "coordinates": [ [ [ [ 4.931154401267222, 52.345545204125777 ], [ 4.931198401267268, 52.345517404125765 ], [ 4.931231001267298, 52.345496804125744 ], [ 4.931275501267344, 52.345523104125789 ], [ 4.931294501267361, 52.345510304125753 ], [ 4.931251201267318, 52.345484604125765 ], [ 4.931311101267376, 52.345447504125744 ], [ 4.931325701267389, 52.345456304125697 ], [ 4.931354001267419, 52.345473304125733 ], [ 4.931412601267476, 52.34543660412573 ], [ 4.931384501267448, 52.345419804125697 ], [ 4.931370501267433, 52.345411404125706 ], [ 4.932037101268079, 52.344995504125421 ], [ 4.932016701268059, 52.344983004125446 ], [ 4.932011401268053, 52.344979904125431 ], [ 4.932006201268047, 52.344976704125465 ], [ 4.931601401267632, 52.34473170412528 ], [ 4.931596001267627, 52.344735104125284 ], [ 4.931586901267615, 52.34472950412529 ], [ 4.931574501267604, 52.344722204125276 ], [ 4.931579701267609, 52.344718804125293 ], [ 4.93151150126754, 52.344677804125254 ], [ 4.930625801266681, 52.345230304125572 ], [ 4.931154401267222, 52.345545204125777 ] ] ] ] } },
{ "type": "Feature", "properties": { "element": "way", "id": 1302112241, "addr:street": null, "leisure": "park", "name": "Julianapark", "note": null, "sport": null, "wikipedia": "nl:Julianapark (Amsterdam)", "access": null, "tourism": null, "website": null, "wikidata": null, "start_date": "1939", "wikimedia_commons": null, "area": null, "name:nl": null, "name:ru": null, "alt_name": null, "surface": null, "old_name": null, "name:etymology:wikidata": null, "wheelchair": null, "layer": null, "name:de": null, "name:en": null, "name:ko": null, "name:zh": null, "source": "BGT & PDOK 8 cm Oct23; OpenDataAmsterdam", "landuse": null, "barrier": null, "fence_type": null, "leaf_type": null, "description": null, "opening_hours": null, "addr:city": null, "not": null, "bicycle": null, "foot": null, "motor_vehicle": null, "operator": null, "fee": null, "lit": null, "architect": null, "ref:bag": null, "addr:postcode": null, "smoking": null, "garden:type": null, "check_date": null, "construction": null, "survey:date": null, "type": null, "heritage": null, "heritage:operator": null, "ref:rce": null, "bbq": null, "name:uk": null, "name:zh-Hans": null }, "geometry": { "type": "MultiPolygon", "coordinates": [ [ [ [ 4.923717701259927, 52.348405204127502 ], [ 4.923664401259866, 52.348264404127391 ], [ 4.923647301259847, 52.348219204127382 ], [ 4.923635701259835, 52.348220904127388 ], [ 4.923661201259862, 52.348206304127345 ], [ 4.923793101259997, 52.348285404127388 ], [ 4.923916501260124, 52.348359304127499 ], [ 4.923945201260151, 52.348341404127432 ], [ 4.923955401260162, 52.348345604127466 ], [ 4.923968101260174, 52.348346804127431 ], [ 4.923979501260187, 52.348346204127466 ], [ 4.923990901260196, 52.348343504127442 ], [ 4.923999301260206, 52.348339604127482 ], [ 4.92426060126046, 52.348178104127349 ], [ 4.924296001260493, 52.348156304127365 ], [ 4.924299901260497, 52.348154004127366 ], [ 4.924305101260502, 52.348149004127343 ], [ 4.924308101260506, 52.348142204127335 ], [ 4.924308401260505, 52.348134804127319 ], [ 4.924306101260502, 52.348127504127348 ], [ 4.924301401260495, 52.34812210412732 ], [ 4.924277301260473, 52.348107404127333 ], [ 4.924292801260488, 52.348097904127322 ], [ 4.924225901260417, 52.348057004127284 ], [ 4.924419301260606, 52.347938804127217 ], [ 4.924453101260641, 52.347959404127238 ], [ 4.924458101260646, 52.347962504127246 ], [ 4.924485001260674, 52.347962504127239 ], [ 4.924524501260712, 52.347938304127211 ], [ 4.924510301260698, 52.347929604127195 ], [ 4.92453460126072, 52.3479148041272 ], [ 4.924578401260766, 52.347941504127235 ], [ 4.924584901260773, 52.347944904127253 ], [ 4.924593801260782, 52.347948304127208 ], [ 4.924604301260791, 52.347949804127261 ], [ 4.924616201260804, 52.347949604127201 ], [ 4.924626601260813, 52.347947704127229 ], [ 4.924634701260822, 52.347945104127177 ], [ 4.924642401260829, 52.347940404127257 ], [ 4.925035501261211, 52.347695004127075 ], [ 4.925248901261417, 52.347561804126997 ], [ 4.925258301261429, 52.347555204126984 ], [ 4.925264301261433, 52.347548104126993 ], [ 4.925266301261434, 52.34753970412698 ], [ 4.925262601261431, 52.347530204126969 ], [ 4.925255301261419, 52.347523304126973 ], [ 4.925246801261413, 52.347518004126961 ], [ 4.925171101261337, 52.347472504126898 ], [ 4.925029201261189, 52.347387604126901 ], [ 4.925052001261214, 52.347374104126892 ], [ 4.92500040126116, 52.347350804126847 ], [ 4.924790901260945, 52.3472251041268 ], [ 4.924964901261112, 52.347115904126703 ], [ 4.924965601261109, 52.347034804126643 ], [ 4.924633301260767, 52.346832704126591 ], [ 4.924665401260801, 52.346813004126552 ], [ 4.924650401260783, 52.346803804126516 ], [ 4.924834701260963, 52.346687404126492 ], [ 4.925099401261218, 52.346520104126384 ], [ 4.92511160126123, 52.346512404126386 ], [ 4.925610601261715, 52.346200604126182 ], [ 4.925635801261739, 52.346183204126156 ], [ 4.925656901261759, 52.346166004126125 ], [ 4.925672701261772, 52.346146104126134 ], [ 4.925685401261786, 52.346125204126089 ], [ 4.925693101261793, 52.346103304126153 ], [ 4.925702201261801, 52.346075904126103 ], [ 4.925706901261805, 52.346072204126116 ], [ 4.925712601261811, 52.346070304126108 ], [ 4.925720601261819, 52.346069704126137 ], [ 4.92575250126185, 52.346071104126111 ], [ 4.925799701261901, 52.34607550412607 ], [ 4.925855701261954, 52.346080804126117 ], [ 4.925925801262026, 52.346088804126097 ], [ 4.926014001262113, 52.346101704126106 ], [ 4.926051001262151, 52.346108604126137 ], [ 4.92615890126226, 52.34612870412613 ], [ 4.926157101262257, 52.346132204126157 ], [ 4.926175201262275, 52.346135804126128 ], [ 4.926220001262321, 52.346145104126109 ], [ 4.926280801262383, 52.346158804126148 ], [ 4.926313201262418, 52.346166604126175 ], [ 4.926346301262448, 52.346174604126183 ], [ 4.926348701262453, 52.34617150412614 ], [ 4.926350401262452, 52.346168804126172 ], [ 4.926389501262493, 52.346179104126186 ], [ 4.926435101262539, 52.346193404126176 ], [ 4.926474001262577, 52.346207104126172 ], [ 4.926513201262618, 52.346222704126234 ], [ 4.926553801262659, 52.346242004126196 ], [ 4.926599401262706, 52.346265704126218 ], [ 4.926662701262772, 52.346301004126232 ], [ 4.926823701262937, 52.346388804126263 ], [ 4.92700440126312, 52.346489404126352 ], [ 4.927163001263287, 52.346577504126415 ], [ 4.926923201263052, 52.346740904126492 ], [ 4.926889101263018, 52.346764104126521 ], [ 4.926878001263009, 52.346771604126523 ], [ 4.926844101262977, 52.346794004126536 ], [ 4.926827401262961, 52.3468055041265 ], [ 4.926781401262915, 52.346836704126581 ], [ 4.926677801262813, 52.346906604126595 ], [ 4.926656201262795, 52.346920404126571 ], [ 4.92664160126278, 52.346926904126605 ], [ 4.926629201262768, 52.346931404126607 ], [ 4.926610801262749, 52.346936104126605 ], [ 4.92659070126273, 52.346939404126616 ], [ 4.926567901262705, 52.346941204126601 ], [ 4.926508501262647, 52.346943004126622 ], [ 4.926268801262409, 52.346951004126659 ], [ 4.926104801262245, 52.346957804126625 ], [ 4.926065401262205, 52.346961304126637 ], [ 4.926025201262163, 52.346971004126637 ], [ 4.926005101262145, 52.346977104126637 ], [ 4.925981601262123, 52.346986404126639 ], [ 4.925967201262108, 52.346993204126662 ], [ 4.925899701262044, 52.347039304126682 ], [ 4.925698001261848, 52.347175804126749 ], [ 4.925540101261696, 52.34728300412683 ], [ 4.925364201261526, 52.347402804126901 ], [ 4.92534850126151, 52.347416404126896 ], [ 4.925331701261494, 52.347431504126902 ], [ 4.925318301261481, 52.347449304126926 ], [ 4.925310201261475, 52.34746490412693 ], [ 4.92530690126147, 52.347482704126918 ], [ 4.925307601261474, 52.347512404126959 ], [ 4.925309601261477, 52.347546004126976 ], [ 4.925312001261481, 52.347586004127002 ], [ 4.925314901261487, 52.347635304127031 ], [ 4.925307501261481, 52.347635504127005 ], [ 4.925299201261469, 52.347636604127061 ], [ 4.925292801261465, 52.34763740412702 ], [ 4.925275301261448, 52.34764210412704 ], [ 4.925265301261438, 52.347648804127047 ], [ 4.925261801261436, 52.347653404127072 ], [ 4.925236801261412, 52.347705804127074 ], [ 4.925203601261383, 52.347755304127126 ], [ 4.925183801261362, 52.347780504127165 ], [ 4.925020601261205, 52.347889704127233 ], [ 4.924851901261042, 52.34800090412724 ], [ 4.924765001260959, 52.348055204127277 ], [ 4.924666501260862, 52.348116804127322 ], [ 4.924505601260703, 52.348203704127378 ], [ 4.924327201260532, 52.348287604127428 ], [ 4.924228001260435, 52.348332304127467 ], [ 4.924118001260326, 52.348372404127488 ], [ 4.9239899012602, 52.348410504127521 ], [ 4.923870101260081, 52.348442804127508 ], [ 4.923748501259962, 52.348472404127541 ], [ 4.923731401259945, 52.348476504127532 ], [ 4.923720001259933, 52.348445604127541 ], [ 4.923721701259932, 52.348430404127491 ], [ 4.923717701259927, 52.348405204127502 ] ] ] ] } },
{ "type": "Feature", "properties": { "element": "way", "id": 1305747510, "addr:street": null, "leisure": "park", "name": null, "note": null, "sport": null, "wikipedia": null, "access": null, "tourism": null, "website": null, "wikidata": null, "start_date": null, "wikimedia_commons": null, "area": null, "name:nl": null, "name:ru": null, "alt_name": null, "surface": null, "old_name": null, "name:etymology:wikidata": null, "wheelchair": null, "layer": null, "name:de": null, "name:en": null, "name:ko": null, "name:zh": null, "source": null, "landuse": null, "barrier": null, "fence_type": null, "leaf_type": null, "description": null, "opening_hours": null, "addr:city": null, "not": null, "bicycle": null, "foot": null, "motor_vehicle": null, "operator": null, "fee": null, "lit": null, "architect": null, "ref:bag": null, "addr:postcode": null, "smoking": null, "garden:type": null, "check_date": null, "construction": null, "survey:date": null, "type": null, "heritage": null, "heritage:operator": null, "ref:rce": null, "bbq": null, "name:uk": null, "name:zh-Hans": null }, "geometry": { "type": "MultiPolygon", "coordinates": [ [ [ [ 4.870585501206236, 52.335859204120183 ], [ 4.870586201206227, 52.335624004120085 ], [ 4.870696601206336, 52.335624104120079 ], [ 4.870695901206348, 52.335859304120184 ], [ 4.870585501206236, 52.335859204120183 ] ] ] ] } },
{ "type": "Feature", "properties": { "element": "way", "id": 1308646301, "addr:street": null, "leisure": "park", "name": "Spoorpark Zuid", "note": null, "sport": null, "wikipedia": null, "access": null, "tourism": null, "website": null, "wikidata": null, "start_date": null, "wikimedia_commons": null, "area": null, "name:nl": null, "name:ru": null, "alt_name": null, "surface": null, "old_name": null, "name:etymology:wikidata": null, "wheelchair": null, "layer": null, "name:de": null, "name:en": null, "name:ko": null, "name:zh": null, "source": null, "landuse": null, "barrier": null, "fence_type": null, "leaf_type": null, "description": null, "opening_hours": null, "addr:city": null, "not": null, "bicycle": null, "foot": null, "motor_vehicle": null, "operator": null, "fee": null, "lit": null, "architect": null, "ref:bag": null, "addr:postcode": null, "smoking": null, "garden:type": null, "check_date": null, "construction": null, "survey:date": null, "type": null, "heritage": null, "heritage:operator": null, "ref:rce": null, "bbq": null, "name:uk": null, "name:zh-Hans": null }, "geometry": { "type": "MultiPolygon", "coordinates": [ [ [ [ 4.834801701171782, 52.362685004136168 ], [ 4.834832701171793, 52.36225640413592 ], [ 4.83522880117219, 52.36225740413591 ], [ 4.835236601172171, 52.361699604135566 ], [ 4.835003601171938, 52.361697004135593 ], [ 4.83458460117152, 52.361691704135609 ], [ 4.834642301171491, 52.359948504134564 ], [ 4.834642801171492, 52.359936504134552 ], [ 4.834654801171476, 52.359363704134232 ], [ 4.834510701171331, 52.359356704134228 ], [ 4.834371801171192, 52.35934960413416 ], [ 4.834212801171136, 52.361477404135456 ], [ 4.834165001171145, 52.362685504136202 ], [ 4.834221701171203, 52.362685504136159 ], [ 4.834801701171782, 52.362685004136168 ] ] ] ] } },
{ "type": "Feature", "properties": { "element": "way", "id": 1316315372, "addr:street": null, "leisure": "park", "name": null, "note": null, "sport": null, "wikipedia": null, "access": null, "tourism": null, "website": null, "wikidata": null, "start_date": null, "wikimedia_commons": null, "area": null, "name:nl": null, "name:ru": null, "alt_name": null, "surface": null, "old_name": null, "name:etymology:wikidata": null, "wheelchair": null, "layer": null, "name:de": null, "name:en": null, "name:ko": null, "name:zh": null, "source": null, "landuse": null, "barrier": null, "fence_type": null, "leaf_type": null, "description": null, "opening_hours": null, "addr:city": null, "not": null, "bicycle": null, "foot": null, "motor_vehicle": null, "operator": null, "fee": null, "lit": null, "architect": null, "ref:bag": null, "addr:postcode": null, "smoking": null, "garden:type": null, "check_date": null, "construction": null, "survey:date": null, "type": null, "heritage": null, "heritage:operator": null, "ref:rce": null, "bbq": null, "name:uk": null, "name:zh-Hans": null }, "geometry": { "type": "MultiPolygon", "coordinates": [ [ [ [ 4.874988701210637, 52.335878004120225 ], [ 4.875095901210746, 52.335878804120206 ], [ 4.875096201210745, 52.335866004120192 ], [ 4.87510070121074, 52.33564240412008 ], [ 4.874993401210632, 52.335641604120077 ], [ 4.874988701210637, 52.335878004120225 ] ] ] ] } },
{ "type": "Feature", "properties": { "element": "way", "id": 1344387596, "addr:street": null, "leisure": "park", "name": "Park Somerlust", "note": null, "sport": null, "wikipedia": "nl:Park Somerlust", "access": null, "tourism": null, "website": null, "wikidata": "Q26710903", "start_date": null, "wikimedia_commons": "Category:Park Somerlust, Amsterdam", "area": null, "name:nl": null, "name:ru": null, "alt_name": null, "surface": null, "old_name": null, "name:etymology:wikidata": null, "wheelchair": null, "layer": null, "name:de": null, "name:en": null, "name:ko": null, "name:zh": null, "source": null, "landuse": null, "barrier": null, "fence_type": null, "leaf_type": null, "description": null, "opening_hours": null, "addr:city": null, "not": null, "bicycle": null, "foot": null, "motor_vehicle": null, "operator": null, "fee": null, "lit": null, "architect": null, "ref:bag": null, "addr:postcode": null, "smoking": null, "garden:type": null, "check_date": null, "construction": null, "survey:date": null, "type": null, "heritage": null, "heritage:operator": null, "ref:rce": null, "bbq": null, "name:uk": null, "name:zh-Hans": null }, "geometry": { "type": "MultiPolygon", "coordinates": [ [ [ [ 4.915648301251485, 52.340403104122757 ], [ 4.915522701251359, 52.340356104122769 ], [ 4.915568701251403, 52.340301204122731 ], [ 4.915241701251067, 52.340166004122658 ], [ 4.915056701250879, 52.340068404122604 ], [ 4.914643101250454, 52.339805504122438 ], [ 4.91466070125047, 52.339785604122376 ], [ 4.914263301250063, 52.3395553041223 ], [ 4.913946001249737, 52.339402804122216 ], [ 4.9140128012498, 52.339345304122155 ], [ 4.914378801250176, 52.339499704122247 ], [ 4.914840701250645, 52.339742104122394 ], [ 4.914983501250791, 52.33977030412241 ], [ 4.915073101250885, 52.339793904122416 ], [ 4.9153889012512, 52.33984260412246 ], [ 4.915777201251583, 52.339714704122393 ], [ 4.915889001251702, 52.339856304122456 ], [ 4.916032701251844, 52.339879604122451 ], [ 4.916047701251861, 52.339864604122461 ], [ 4.916830301252655, 52.34013370412265 ], [ 4.917147901252966, 52.339977304122527 ], [ 4.917438201253271, 52.340282804122708 ], [ 4.917522401253353, 52.340255804122684 ], [ 4.917660201253493, 52.340369304122738 ], [ 4.917720301253558, 52.340414604122763 ], [ 4.917846801253688, 52.340497304122806 ], [ 4.917882801253723, 52.340521904122816 ], [ 4.918006201253851, 52.340618404122893 ], [ 4.918075701253926, 52.340682504122945 ], [ 4.918407301254272, 52.340980504123131 ], [ 4.918262701254126, 52.34101030412311 ], [ 4.918015501253874, 52.34086100412307 ], [ 4.91779540125366, 52.340981004123115 ], [ 4.917963901253835, 52.341097204123209 ], [ 4.918183501254059, 52.341207704123249 ], [ 4.918370401254243, 52.341167504123206 ], [ 4.918426501254305, 52.341276304123298 ], [ 4.918769101254649, 52.341347404123333 ], [ 4.918724901254609, 52.341420504123349 ], [ 4.9186081012545, 52.341573804123449 ], [ 4.917811901253692, 52.341326704123311 ], [ 4.917744201253626, 52.341377404123349 ], [ 4.917704801253588, 52.341356004123348 ], [ 4.916701301252556, 52.340733304122971 ], [ 4.91633460125218, 52.340555604122898 ], [ 4.916421301252265, 52.340508404122843 ], [ 4.916385501252228, 52.34047880412281 ], [ 4.916202901252041, 52.340408204122788 ], [ 4.916081601251924, 52.340529504122806 ], [ 4.915940101251781, 52.340479304122809 ], [ 4.916041901251878, 52.340379304122813 ], [ 4.915770101251602, 52.340279604122699 ], [ 4.915648301251485, 52.340403104122757 ] ] ] ] } },
{ "type": "Feature", "properties": { "element": "way", "id": 1382537914, "addr:street": null, "leisure": "park", "name": "Brasapark-Zuid", "note": null, "sport": null, "wikipedia": null, "access": null, "tourism": null, "website": null, "wikidata": null, "start_date": null, "wikimedia_commons": null, "area": null, "name:nl": null, "name:ru": null, "alt_name": null, "surface": null, "old_name": null, "name:etymology:wikidata": null, "wheelchair": null, "layer": null, "name:de": null, "name:en": null, "name:ko": null, "name:zh": null, "source": null, "landuse": null, "barrier": null, "fence_type": null, "leaf_type": null, "description": null, "opening_hours": null, "addr:city": null, "not": null, "bicycle": null, "foot": null, "motor_vehicle": null, "operator": null, "fee": null, "lit": null, "architect": null, "ref:bag": null, "addr:postcode": null, "smoking": null, "garden:type": null, "check_date": null, "construction": null, "survey:date": null, "type": null, "heritage": null, "heritage:operator": null, "ref:rce": null, "bbq": null, "name:uk": null, "name:zh-Hans": null }, "geometry": { "type": "MultiPolygon", "coordinates": [ [ [ [ 4.972643601306888, 52.306786504102547 ], [ 4.972606601306851, 52.306797304102538 ], [ 4.972458401306706, 52.3068524041026 ], [ 4.972392101306641, 52.30688540410263 ], [ 4.972274001306522, 52.306943804102644 ], [ 4.972237201306489, 52.306968404102705 ], [ 4.97212280130638, 52.307044104102715 ], [ 4.972021201306283, 52.307128304102783 ], [ 4.971950201306215, 52.307200304102814 ], [ 4.971713101305987, 52.307458804102971 ], [ 4.971636701305916, 52.30754180410301 ], [ 4.971595801305876, 52.307582004103011 ], [ 4.971538801305821, 52.307639004103081 ], [ 4.971510601305797, 52.307668704103115 ], [ 4.971488201305773, 52.307690004103108 ], [ 4.97146400130575, 52.307710304103153 ], [ 4.971433501305722, 52.307730804103159 ], [ 4.971399301305688, 52.30775010410315 ], [ 4.971361801305654, 52.307767704103163 ], [ 4.971317801305607, 52.307783704103151 ], [ 4.971268901305558, 52.307797404103169 ], [ 4.9712102013055, 52.307809304103188 ], [ 4.971153501305444, 52.307818304103193 ], [ 4.971102601305396, 52.307829804103172 ], [ 4.97105600130535, 52.307839904103176 ], [ 4.971013701305305, 52.307847004103209 ], [ 4.970973201305267, 52.307853204103182 ], [ 4.970938601305234, 52.307856904103154 ], [ 4.970901801305195, 52.307859104103194 ], [ 4.970864501305158, 52.307859804103245 ], [ 4.970826701305119, 52.307859104103201 ], [ 4.970789101305082, 52.307857704103185 ], [ 4.970754201305049, 52.307854804103229 ], [ 4.970724101305016, 52.30785160410322 ], [ 4.970696201304986, 52.307847004103209 ], [ 4.970646601304938, 52.307836204103189 ], [ 4.9706077013049, 52.307826104103206 ], [ 4.970549401304839, 52.307807104103169 ], [ 4.970491001304779, 52.307787804103164 ], [ 4.970448101304735, 52.307772804103166 ], [ 4.970342101304628, 52.30773830410314 ], [ 4.970346401304638, 52.307733804103151 ], [ 4.968575301302837, 52.307125704102795 ], [ 4.967818501302065, 52.306865804102614 ], [ 4.967814101302062, 52.30687070410265 ], [ 4.967758401302008, 52.306931104102659 ], [ 4.967753301302004, 52.306936104102654 ], [ 4.96816430130242, 52.307076704102776 ], [ 4.969116701303387, 52.307403104102939 ], [ 4.969379801303655, 52.307493304102977 ], [ 4.969296401303578, 52.307585204103042 ], [ 4.969186901303473, 52.30770210410315 ], [ 4.969104801303396, 52.307794404103184 ], [ 4.968889801303177, 52.307720404103179 ], [ 4.968653601302937, 52.307639304103098 ], [ 4.968469101302748, 52.307576004103034 ], [ 4.968318901302597, 52.307524704103052 ], [ 4.9681259013024, 52.307458304102958 ], [ 4.96798620130226, 52.307410504102975 ], [ 4.967889501302158, 52.307377404102894 ], [ 4.967717301301985, 52.307318504102909 ], [ 4.967521701301788, 52.307250904102858 ], [ 4.967478301301743, 52.307235804102845 ], [ 4.967473901301739, 52.307240804102875 ], [ 4.967417701301687, 52.307301504102874 ], [ 4.967419101301688, 52.307302004102887 ], [ 4.967414601301683, 52.307306704102885 ], [ 4.96744200130171, 52.307316004102894 ], [ 4.967495501301764, 52.307334304102909 ], [ 4.96765040130192, 52.307388104102927 ], [ 4.967737101302012, 52.307418304102988 ], [ 4.967823601302098, 52.307448404102963 ], [ 4.967932001302207, 52.307485604103 ], [ 4.968115301302395, 52.307548504103046 ], [ 4.968285401302569, 52.307607304103065 ], [ 4.96893720130323, 52.30783110410318 ], [ 4.969226501303524, 52.307930204103251 ], [ 4.969265901303564, 52.307943604103265 ], [ 4.969382001303681, 52.307983504103284 ], [ 4.969419201303718, 52.307996504103315 ], [ 4.969468801303765, 52.308013204103311 ], [ 4.969560001303861, 52.30804440410332 ], [ 4.969673601303977, 52.308083604103373 ], [ 4.969821701304128, 52.308133804103377 ], [ 4.969936201304243, 52.308171804103395 ], [ 4.969944201304252, 52.308174504103405 ], [ 4.969945901304254, 52.308172504103418 ], [ 4.969999401304309, 52.308192304103422 ], [ 4.970029401304337, 52.308203204103414 ], [ 4.970063601304372, 52.308215604103438 ], [ 4.970113001304425, 52.30823210410346 ], [ 4.970211401304525, 52.308262704103463 ], [ 4.97022720130454, 52.30826600410348 ], [ 4.970253801304568, 52.308274304103485 ], [ 4.970273101304586, 52.308280904103455 ], [ 4.970294101304609, 52.308288404103472 ], [ 4.970312801304628, 52.308297104103495 ], [ 4.970333801304649, 52.308307404103481 ], [ 4.970357801304672, 52.308320104103458 ], [ 4.970379401304696, 52.308333404103472 ], [ 4.970403901304719, 52.30835080410349 ], [ 4.970426701304741, 52.308369404103523 ], [ 4.970447501304765, 52.308388404103525 ], [ 4.970463901304782, 52.308407204103538 ], [ 4.970477301304797, 52.308424804103559 ], [ 4.970484701304806, 52.30844300410358 ], [ 4.970494101304813, 52.308462204103549 ], [ 4.970502101304824, 52.308481504103597 ], [ 4.970504101304829, 52.308495804103615 ], [ 4.970504301304828, 52.308509204103615 ], [ 4.97050680130483, 52.308524504103623 ], [ 4.97050680130483, 52.308543004103605 ], [ 4.970509501304837, 52.30856230410361 ], [ 4.970510201304837, 52.308583604103639 ], [ 4.970510801304839, 52.30859220410364 ], [ 4.970509001304837, 52.308605104103655 ], [ 4.970509901304838, 52.308621104103665 ], [ 4.970504601304836, 52.30864590410367 ], [ 4.970494401304824, 52.308665904103684 ], [ 4.970482301304812, 52.308682604103701 ], [ 4.97046020130479, 52.308702304103711 ], [ 4.969503401303822, 52.308369904103536 ], [ 4.96943650130375, 52.308347004103503 ], [ 4.969403901303719, 52.308335604103533 ], [ 4.969238101303553, 52.308277304103441 ], [ 4.968960201303267, 52.308181804103405 ], [ 4.968919901303226, 52.308180404103403 ], [ 4.968719401303024, 52.308103704103374 ], [ 4.968561501302864, 52.308044904103326 ], [ 4.968397901302697, 52.307988104103295 ], [ 4.967979201302273, 52.30784060410322 ], [ 4.96797800130227, 52.307841804103212 ], [ 4.967967401302261, 52.30783800410321 ], [ 4.967903801302196, 52.307815604103169 ], [ 4.967892601302186, 52.307811604103193 ], [ 4.967893901302186, 52.307810404103208 ], [ 4.967790001302079, 52.307768504103137 ], [ 4.967034701301314, 52.307511304103016 ], [ 4.966850101301123, 52.307442604102988 ], [ 4.966543501300814, 52.307289904102873 ], [ 4.965995501300255, 52.307129604102791 ], [ 4.965727601299981, 52.307008704102685 ], [ 4.964286801298517, 52.306488204102415 ], [ 4.963902701298127, 52.306334104102341 ], [ 4.963648301297868, 52.306236604102274 ], [ 4.963519901297735, 52.306207504102254 ], [ 4.963424501297643, 52.306250204102277 ], [ 4.962322501296551, 52.306440704102393 ], [ 4.962218501296447, 52.306448604102407 ], [ 4.962147201296374, 52.306433904102406 ], [ 4.961990601296218, 52.306379104102362 ], [ 4.961878101296103, 52.306346804102368 ], [ 4.961715601295939, 52.306334304102357 ], [ 4.961455601295676, 52.30625010410229 ], [ 4.961203301295419, 52.306164004102229 ], [ 4.961169901295384, 52.306154804102249 ], [ 4.960944301295157, 52.306073104102239 ], [ 4.960859601295067, 52.305983504102144 ], [ 4.960710501294916, 52.30591000410211 ], [ 4.960173801294368, 52.305719404101986 ], [ 4.959901201294092, 52.305615004101924 ], [ 4.959671701293857, 52.305522704101868 ], [ 4.959556001293742, 52.305499004101826 ], [ 4.959410801293594, 52.305482904101844 ], [ 4.959327601293513, 52.305481504101856 ], [ 4.959221801293408, 52.305491004101825 ], [ 4.959139901293327, 52.305514604101873 ], [ 4.959097701293283, 52.305503604101844 ], [ 4.959036901293219, 52.305463304101785 ], [ 4.958953701293134, 52.305406004101812 ], [ 4.958923601293105, 52.305391204101767 ], [ 4.958714801292885, 52.305175804101687 ], [ 4.958173101292332, 52.304947804101538 ], [ 4.957768401291921, 52.304805404101437 ], [ 4.95761320129176, 52.30468870410138 ], [ 4.957481701291612, 52.304303404101169 ], [ 4.957335201291447, 52.303918604100893 ], [ 4.957304501291413, 52.303851204100901 ], [ 4.957247701291352, 52.303762004100825 ], [ 4.955984201290067, 52.303313004100552 ], [ 4.955920201289992, 52.303060704100389 ], [ 4.956372201290421, 52.302541804100088 ], [ 4.956416801290467, 52.302555604100107 ], [ 4.956537901290581, 52.302415704100042 ], [ 4.956763201290793, 52.302173604099885 ], [ 4.956728201290757, 52.302154504099867 ], [ 4.957009701291025, 52.301840904099691 ], [ 4.957287401291307, 52.301929204099729 ], [ 4.957384401291406, 52.301949904099743 ], [ 4.957517501291544, 52.302055304099831 ], [ 4.957643101291671, 52.302144504099878 ], [ 4.957733901291769, 52.302208204099919 ], [ 4.957825501291863, 52.302274204099923 ], [ 4.957895801291932, 52.302318204099961 ], [ 4.958086001292129, 52.302424804100013 ], [ 4.958301001292346, 52.302509704100068 ], [ 4.958881201292937, 52.302702104100163 ], [ 4.959222901293284, 52.302782504100236 ], [ 4.959223801293289, 52.302930304100343 ], [ 4.95930310129337, 52.30297810410034 ], [ 4.95903920129311, 52.303017804100385 ], [ 4.959138001293211, 52.303086704100409 ], [ 4.959265501293339, 52.303085704100411 ], [ 4.95949840129357, 52.30305600410037 ], [ 4.959813001293883, 52.303037804100398 ], [ 4.959882901293955, 52.303038004100422 ], [ 4.960015401294086, 52.303077004100409 ], [ 4.960179001294256, 52.303135504100425 ], [ 4.96031150129439, 52.303170204100425 ], [ 4.960447501294525, 52.303192304100442 ], [ 4.960489601294566, 52.30317950410047 ], [ 4.960453501294533, 52.303229904100476 ], [ 4.960573101294654, 52.303250904100501 ], [ 4.960613201294692, 52.303205504100497 ], [ 4.96082970129491, 52.303251004100524 ], [ 4.960843501294925, 52.303272404100539 ], [ 4.960996901295079, 52.303324604100574 ], [ 4.961192001295279, 52.303393904100588 ], [ 4.961362701295454, 52.3034630041006 ], [ 4.961400801295492, 52.303506104100649 ], [ 4.961503801295605, 52.303699404100776 ], [ 4.961545201295649, 52.303761904100803 ], [ 4.961579801295686, 52.303792104100822 ], [ 4.961639001295747, 52.303820104100822 ], [ 4.961691201295799, 52.303852604100847 ], [ 4.961711801295822, 52.303899904100888 ], [ 4.961742801295856, 52.303934304100899 ], [ 4.961850701295967, 52.303994804100981 ], [ 4.961986501296104, 52.304055404101 ], [ 4.962160701296281, 52.304126804100996 ], [ 4.962439201296564, 52.304254104101105 ], [ 4.962522801296653, 52.304286704101138 ], [ 4.962575401296703, 52.30427180410112 ], [ 4.962600201296724, 52.304244104101073 ], [ 4.962611001296735, 52.304205604101078 ], [ 4.962611301296734, 52.304175604101054 ], [ 4.963747601297875, 52.304317004101129 ], [ 4.963680701297815, 52.304407204101196 ], [ 4.963767801297904, 52.304457804101212 ], [ 4.964455601298604, 52.304728504101391 ], [ 4.964689401298843, 52.304807904101388 ], [ 4.964689001298842, 52.304852604101434 ], [ 4.964629001298787, 52.304920904101486 ], [ 4.96463230129879, 52.304952904101505 ], [ 4.9647399012989, 52.304989604101522 ], [ 4.964792201298954, 52.304987804101494 ], [ 4.964855401299013, 52.304923704101483 ], [ 4.964887001299044, 52.304904704101489 ], [ 4.96493230129909, 52.304898404101472 ], [ 4.965105401299264, 52.304949904101512 ], [ 4.965582801299746, 52.305083604101533 ], [ 4.965601201299772, 52.305163104101652 ], [ 4.965663901299838, 52.305223604101649 ], [ 4.965777501299955, 52.305334904101713 ], [ 4.965747201299928, 52.305435604101802 ], [ 4.965738701299924, 52.305505604101825 ], [ 4.965847801300035, 52.305534804101846 ], [ 4.96593230130012, 52.305512304101832 ], [ 4.965916101300096, 52.305390704101796 ], [ 4.965990201300166, 52.305344604101734 ], [ 4.966085201300262, 52.305326204101675 ], [ 4.966210101300385, 52.30532310410171 ], [ 4.96629320130047, 52.305338604101728 ], [ 4.966292601300472, 52.305378504101775 ], [ 4.966257301300441, 52.305444204101796 ], [ 4.966171801300357, 52.305515804101837 ], [ 4.966160501300352, 52.305601104101882 ], [ 4.966247301300437, 52.305618404101857 ], [ 4.966290701300481, 52.305579204101861 ], [ 4.966303901300488, 52.305484604101821 ], [ 4.966330701300512, 52.305451604101762 ], [ 4.966410401300592, 52.305449604101774 ], [ 4.966463501300646, 52.305490504101797 ], [ 4.966400101300588, 52.305580404101882 ], [ 4.966452901300642, 52.30559540410183 ], [ 4.966542701300729, 52.305561504101902 ], [ 4.966610401300802, 52.305581704101833 ], [ 4.96660380130079, 52.305627704101902 ], [ 4.966571401300767, 52.305722604101945 ], [ 4.966674201300871, 52.305754604101963 ], [ 4.966718801300908, 52.305634404101895 ], [ 4.966774701300959, 52.305512804101831 ], [ 4.966841201301024, 52.30550850410183 ], [ 4.966899801301086, 52.305528604101802 ], [ 4.966969601301157, 52.305565904101854 ], [ 4.967025801301215, 52.305630104101901 ], [ 4.967001001301194, 52.30568240410193 ], [ 4.967255701301455, 52.305802604101984 ], [ 4.96734330130154, 52.305775304101985 ], [ 4.96766970130187, 52.305827204102016 ], [ 4.967985401302193, 52.305984904102097 ], [ 4.968262801302473, 52.306024404102132 ], [ 4.968866401303083, 52.30622090410224 ], [ 4.9689838013032, 52.306218904102231 ], [ 4.968986401303205, 52.306233204102227 ], [ 4.969503601303731, 52.306416304102363 ], [ 4.969785301304017, 52.306516004102413 ], [ 4.969879901304116, 52.306661104102503 ], [ 4.971186101305443, 52.307044004102728 ], [ 4.971347701305602, 52.307031904102715 ], [ 4.973368001307555, 52.305566104101828 ], [ 4.973501201307691, 52.305593804101846 ], [ 4.974633901308841, 52.305985104102092 ], [ 4.974535401308752, 52.306188104102198 ], [ 4.97425490130848, 52.306359604102319 ], [ 4.973421801307654, 52.306571004102437 ], [ 4.972625601306869, 52.30676510410251 ], [ 4.972643601306888, 52.306786504102547 ] ] ] ] } },
{ "type": "Feature", "properties": { "element": "way", "id": 1384460612, "addr:street": null, "leisure": "park", "name": "Buurtpark 't Kommetje", "note": null, "sport": null, "wikipedia": null, "access": null, "tourism": null, "website": null, "wikidata": null, "start_date": null, "wikimedia_commons": null, "area": null, "name:nl": null, "name:ru": null, "alt_name": null, "surface": null, "old_name": null, "name:etymology:wikidata": null, "wheelchair": null, "layer": null, "name:de": null, "name:en": null, "name:ko": null, "name:zh": null, "source": null, "landuse": null, "barrier": null, "fence_type": null, "leaf_type": null, "description": null, "opening_hours": null, "addr:city": null, "not": null, "bicycle": null, "foot": null, "motor_vehicle": null, "operator": null, "fee": null, "lit": null, "architect": null, "ref:bag": null, "addr:postcode": null, "smoking": null, "garden:type": null, "check_date": null, "construction": null, "survey:date": null, "type": null, "heritage": null, "heritage:operator": null, "ref:rce": null, "bbq": null, "name:uk": null, "name:zh-Hans": null }, "geometry": { "type": "MultiPolygon", "coordinates": [ [ [ [ 4.926162301264413, 52.391686204153025 ], [ 4.926204401264459, 52.391718104153028 ], [ 4.926233001264488, 52.391739904153077 ], [ 4.926270301264526, 52.391768204153117 ], [ 4.926327401264579, 52.391740204153081 ], [ 4.92644150126469, 52.39168420415303 ], [ 4.9264517012647, 52.391681004153028 ], [ 4.926462001264711, 52.391679704153006 ], [ 4.926468401264718, 52.39167960415304 ], [ 4.926475701264725, 52.391679104153042 ], [ 4.926494101264743, 52.391680604153038 ], [ 4.926501901264751, 52.391681304153032 ], [ 4.926508001264757, 52.391680104153039 ], [ 4.926521001264771, 52.391672504153028 ], [ 4.92653020126478, 52.39166560415304 ], [ 4.926540101264789, 52.39165540415302 ], [ 4.926545501264792, 52.391645904152973 ], [ 4.926548401264793, 52.391632804152955 ], [ 4.926547901264795, 52.391618404153007 ], [ 4.926541701264788, 52.391602704152994 ], [ 4.92653400126478, 52.391589204152972 ], [ 4.926522401264767, 52.391577804152973 ], [ 4.926508501264752, 52.391568504152971 ], [ 4.92649440126474, 52.391561704152949 ], [ 4.926475501264719, 52.391555704152957 ], [ 4.926456901264702, 52.391552104152979 ], [ 4.926438001264681, 52.391549504152962 ], [ 4.926420501264665, 52.391549004152928 ], [ 4.926402901264645, 52.391549804152945 ], [ 4.926386401264632, 52.391552604152942 ], [ 4.926370601264614, 52.391557004152965 ], [ 4.926353801264597, 52.391563304152974 ], [ 4.926337501264583, 52.391571304152976 ], [ 4.926330901264577, 52.391578304152915 ], [ 4.926328801264575, 52.391585304152983 ], [ 4.926330001264575, 52.391591904152982 ], [ 4.926326901264574, 52.39160270415298 ], [ 4.926318001264567, 52.391611904152981 ], [ 4.926220001264468, 52.391658704153024 ], [ 4.926162301264413, 52.391686204153025 ] ] ] ] } },
{ "type": "Feature", "properties": { "element": "way", "id": 1408229051, "addr:street": null, "leisure": "park", "name": null, "note": null, "sport": null, "wikipedia": null, "access": null, "tourism": null, "website": null, "wikidata": null, "start_date": null, "wikimedia_commons": null, "area": null, "name:nl": null, "name:ru": null, "alt_name": null, "surface": null, "old_name": null, "name:etymology:wikidata": null, "wheelchair": null, "layer": null, "name:de": null, "name:en": null, "name:ko": null, "name:zh": null, "source": null, "landuse": null, "barrier": null, "fence_type": null, "leaf_type": null, "description": null, "opening_hours": null, "addr:city": null, "not": null, "bicycle": null, "foot": null, "motor_vehicle": null, "operator": null, "fee": null, "lit": null, "architect": null, "ref:bag": null, "addr:postcode": null, "smoking": null, "garden:type": null, "check_date": "2025-06-21", "construction": "leisure", "survey:date": null, "type": null, "heritage": null, "heritage:operator": null, "ref:rce": null, "bbq": null, "name:uk": null, "name:zh-Hans": null }, "geometry": { "type": "MultiPolygon", "coordinates": [ [ [ [ 4.904264201242304, 52.386536104150053 ], [ 4.904661301242705, 52.386609404150128 ], [ 4.904326001242404, 52.387286104150519 ], [ 4.903928901242, 52.387212804150444 ], [ 4.904264201242304, 52.386536104150053 ] ] ] ] } },
{ "type": "Feature", "properties": { "element": "way", "id": 1410316530, "addr:street": null, "leisure": "park", "name": null, "note": null, "sport": null, "wikipedia": null, "access": null, "tourism": null, "website": null, "wikidata": null, "start_date": null, "wikimedia_commons": null, "area": null, "name:nl": null, "name:ru": null, "alt_name": null, "surface": null, "old_name": null, "name:etymology:wikidata": null, "wheelchair": null, "layer": null, "name:de": null, "name:en": null, "name:ko": null, "name:zh": null, "source": null, "landuse": null, "barrier": null, "fence_type": null, "leaf_type": null, "description": null, "opening_hours": null, "addr:city": null, "not": null, "bicycle": null, "foot": null, "motor_vehicle": null, "operator": null, "fee": null, "lit": null, "architect": null, "ref:bag": null, "addr:postcode": null, "smoking": null, "garden:type": null, "check_date": null, "construction": null, "survey:date": null, "type": null, "heritage": null, "heritage:operator": null, "ref:rce": null, "bbq": null, "name:uk": null, "name:zh-Hans": null }, "geometry": { "type": "MultiPolygon", "coordinates": [ [ [ [ 4.961098801296135, 52.323867004112763 ], [ 4.961087401296126, 52.323880104112774 ], [ 4.961084001296123, 52.323887104112799 ], [ 4.96108140129612, 52.323894204112797 ], [ 4.96108100129612, 52.323900604112787 ], [ 4.961082401296122, 52.323907304112808 ], [ 4.961085001296122, 52.323913604112803 ], [ 4.961088901296129, 52.32391950411283 ], [ 4.961093101296134, 52.323924804112821 ], [ 4.961098801296139, 52.323929504112819 ], [ 4.961106201296146, 52.323933904112806 ], [ 4.961113501296153, 52.32393780411283 ], [ 4.961123401296165, 52.32394150411281 ], [ 4.961141201296184, 52.32394770411279 ], [ 4.961365001296411, 52.32402500411289 ], [ 4.961411601296459, 52.324040904112891 ], [ 4.961419601296466, 52.324042704112877 ], [ 4.961428401296476, 52.324044504112869 ], [ 4.961437801296483, 52.324045704112891 ], [ 4.961447601296491, 52.324046204112875 ], [ 4.9614562012965, 52.324046104112888 ], [ 4.961465101296511, 52.324045704112919 ], [ 4.96147450129652, 52.324044304112888 ], [ 4.961483901296532, 52.324042504112874 ], [ 4.961493101296538, 52.324039904112908 ], [ 4.961501801296547, 52.324036804112865 ], [ 4.961510501296556, 52.324032604112851 ], [ 4.961518201296563, 52.324027504112898 ], [ 4.961524101296572, 52.324023304112885 ], [ 4.961530801296576, 52.324016204112887 ], [ 4.962487001297484, 52.322972504112251 ], [ 4.962489301297485, 52.322969504112251 ], [ 4.962491701297487, 52.322965204112258 ], [ 4.962493201297488, 52.322959004112235 ], [ 4.962493201297488, 52.322953204112217 ], [ 4.962492201297487, 52.32294820411223 ], [ 4.962489301297484, 52.322942304112232 ], [ 4.962484301297478, 52.322936604112215 ], [ 4.962480101297476, 52.322932904112193 ], [ 4.962475601297469, 52.322929504112217 ], [ 4.962467701297464, 52.322925404112233 ], [ 4.962124901297113, 52.32280760411215 ], [ 4.962115801297104, 52.322806204112112 ], [ 4.962102801297089, 52.32280580411215 ], [ 4.962090001297079, 52.322806604112145 ], [ 4.962078001297068, 52.322809104112167 ], [ 4.962066901297056, 52.322813404112154 ], [ 4.962057201297045, 52.322819304112144 ], [ 4.962047401297037, 52.322828504112167 ], [ 4.961940201296935, 52.322947604112251 ], [ 4.961932501296927, 52.322953104112202 ], [ 4.961921401296917, 52.322959504112234 ], [ 4.96191300129691, 52.322966504112259 ], [ 4.961905601296901, 52.322975304112248 ], [ 4.961900901296898, 52.322983704112247 ], [ 4.961895601296892, 52.322995204112246 ], [ 4.961885501296885, 52.323007004112284 ], [ 4.961859601296861, 52.323034104112288 ], [ 4.961468201296487, 52.323462204112516 ], [ 4.961098801296135, 52.323867004112763 ] ] ] ] } },
{ "type": "Feature", "properties": { "element": "way", "id": 1410394303, "addr:street": null, "leisure": "park", "name": null, "note": null, "sport": null, "wikipedia": null, "access": null, "tourism": null, "website": null, "wikidata": null, "start_date": null, "wikimedia_commons": null, "area": null, "name:nl": null, "name:ru": null, "alt_name": null, "surface": null, "old_name": null, "name:etymology:wikidata": null, "wheelchair": null, "layer": null, "name:de": null, "name:en": null, "name:ko": null, "name:zh": null, "source": null, "landuse": null, "barrier": null, "fence_type": null, "leaf_type": null, "description": null, "opening_hours": null, "addr:city": null, "not": null, "bicycle": null, "foot": null, "motor_vehicle": null, "operator": null, "fee": null, "lit": null, "architect": null, "ref:bag": null, "addr:postcode": null, "smoking": null, "garden:type": null, "check_date": null, "construction": null, "survey:date": null, "type": null, "heritage": null, "heritage:operator": null, "ref:rce": null, "bbq": null, "name:uk": null, "name:zh-Hans": null }, "geometry": { "type": "MultiPolygon", "coordinates": [ [ [ [ 4.96504240130006, 52.323469204112527 ], [ 4.965132701300145, 52.323371604112452 ], [ 4.965277801300285, 52.323218304112409 ], [ 4.965338501300348, 52.323240104112401 ], [ 4.965711401300725, 52.323368204112462 ], [ 4.965567301300588, 52.323525704112541 ], [ 4.965542401300564, 52.32355300411259 ], [ 4.965520301300541, 52.323545104112576 ], [ 4.96551870130054, 52.323544604112577 ], [ 4.96551740130054, 52.323544204112586 ], [ 4.965516201300537, 52.323544004112577 ], [ 4.965514801300535, 52.323543804112589 ], [ 4.965513201300536, 52.323543704112573 ], [ 4.965511301300534, 52.323543804112589 ], [ 4.965509201300531, 52.323543904112569 ], [ 4.965505901300529, 52.323544204112579 ], [ 4.965501801300523, 52.323544704112578 ], [ 4.965497501300518, 52.323545304112578 ], [ 4.965494101300514, 52.32354580411257 ], [ 4.965490601300512, 52.323546004112558 ], [ 4.965487301300507, 52.323546204112596 ], [ 4.965487401300509, 52.323548604112553 ], [ 4.965482601300505, 52.323550104112549 ], [ 4.965477901300498, 52.323551804112569 ], [ 4.965473001300493, 52.323553904112579 ], [ 4.965468101300491, 52.323556204112585 ], [ 4.965463301300484, 52.323558804112587 ], [ 4.965458301300482, 52.323562004112624 ], [ 4.965452901300474, 52.323565504112572 ], [ 4.965447201300472, 52.323569504112577 ], [ 4.965440801300463, 52.323574304112611 ], [ 4.965434101300459, 52.323579804112583 ], [ 4.965433701300456, 52.323582704112589 ], [ 4.965432701300458, 52.323585704112602 ], [ 4.965431601300454, 52.323588304112604 ], [ 4.965430401300453, 52.323590704112576 ], [ 4.965429601300454, 52.32359190411259 ], [ 4.965423001300448, 52.323599304112577 ], [ 4.965108401300146, 52.3239443041128 ], [ 4.965055701300098, 52.324002004112835 ], [ 4.964711601299772, 52.324378204113046 ], [ 4.964696201299756, 52.324395004113086 ], [ 4.964665401299727, 52.324428604113088 ], [ 4.964287201299369, 52.324842104113365 ], [ 4.964247001299331, 52.324886104113396 ], [ 4.964240801299326, 52.324892904113391 ], [ 4.964235601299321, 52.324898404113384 ], [ 4.964220901299306, 52.324913804113415 ], [ 4.964209001299296, 52.324926304113383 ], [ 4.964206101299292, 52.324929304113375 ], [ 4.96420360129929, 52.324931504113387 ], [ 4.964200401299287, 52.324933904113379 ], [ 4.964196801299284, 52.324936404113402 ], [ 4.96419330129928, 52.324938704113414 ], [ 4.964189701299278, 52.324940704113409 ], [ 4.964186001299275, 52.324942704113425 ], [ 4.964184201299271, 52.324943504113421 ], [ 4.964175401299262, 52.324947304113401 ], [ 4.964169101299256, 52.324949904113431 ], [ 4.96416140129925, 52.324952304113438 ], [ 4.96415180129924, 52.324954504113414 ], [ 4.96414230129923, 52.324956304113442 ], [ 4.964131201299218, 52.324957604113429 ], [ 4.964120101299208, 52.324958004113419 ], [ 4.964110101299196, 52.324958104113428 ], [ 4.964100301299187, 52.324957504113392 ], [ 4.964091101299178, 52.324956304113421 ], [ 4.964081901299169, 52.324954604113408 ], [ 4.96407300129916, 52.324952504113412 ], [ 4.964065101299152, 52.324950004113411 ], [ 4.963853201298938, 52.324877504113374 ], [ 4.963846701298931, 52.324874304113372 ], [ 4.963839501298924, 52.324870004113386 ], [ 4.963833101298918, 52.324865704113364 ], [ 4.96382730129891, 52.324860704113377 ], [ 4.963821701298905, 52.324854804113386 ], [ 4.963816901298901, 52.324847804113375 ], [ 4.963813501298897, 52.32483960411335 ], [ 4.963811801298894, 52.324830704113381 ], [ 4.963812801298896, 52.324821804113341 ], [ 4.963813401298895, 52.324818604113339 ], [ 4.963813901298892, 52.32481680411334 ], [ 4.963815501298896, 52.324813104113325 ], [ 4.963817501298898, 52.324808904113326 ], [ 4.9638200012989, 52.324805304113347 ], [ 4.963822401298903, 52.324802104113324 ], [ 4.964289501299347, 52.324291804113003 ], [ 4.964305701299362, 52.324274104113023 ], [ 4.964328801299383, 52.324249004112993 ], [ 4.964820201299849, 52.323711804112648 ], [ 4.964843801299873, 52.323685804112635 ], [ 4.964867101299894, 52.323660704112648 ], [ 4.964872501299899, 52.323653604112643 ], [ 4.964875501299902, 52.323648004112627 ], [ 4.964877501299903, 52.323642904112631 ], [ 4.964879001299903, 52.323637304112637 ], [ 4.964881001299907, 52.323631504112619 ], [ 4.964883901299911, 52.323626804112635 ], [ 4.964887701299913, 52.323622704112601 ], [ 4.964892301299917, 52.323618504112616 ], [ 4.964898601299924, 52.323614904112645 ], [ 4.964905801299929, 52.323611104112615 ], [ 4.964912601299936, 52.32360760411261 ], [ 4.964918801299945, 52.323603204112622 ], [ 4.96492410129995, 52.323599004112623 ], [ 4.96504240130006, 52.323469204112527 ] ] ] ] } },
{ "type": "Feature", "properties": { "element": "way", "id": 1413221216, "addr:street": null, "leisure": "park", "name": null, "note": null, "sport": null, "wikipedia": null, "access": null, "tourism": null, "website": null, "wikidata": null, "start_date": null, "wikimedia_commons": null, "area": null, "name:nl": null, "name:ru": null, "alt_name": null, "surface": "artificial_turf", "old_name": null, "name:etymology:wikidata": null, "wheelchair": null, "layer": null, "name:de": null, "name:en": null, "name:ko": null, "name:zh": null, "source": null, "landuse": null, "barrier": null, "fence_type": null, "leaf_type": null, "description": null, "opening_hours": null, "addr:city": null, "not": null, "bicycle": null, "foot": null, "motor_vehicle": null, "operator": null, "fee": null, "lit": null, "architect": null, "ref:bag": null, "addr:postcode": null, "smoking": null, "garden:type": null, "check_date": null, "construction": null, "survey:date": null, "type": null, "heritage": null, "heritage:operator": null, "ref:rce": null, "bbq": null, "name:uk": null, "name:zh-Hans": null }, "geometry": { "type": "MultiPolygon", "coordinates": [ [ [ [ 4.903439401239475, 52.344381804125184 ], [ 4.903379201239416, 52.344385604125179 ], [ 4.903334301239371, 52.344399204125153 ], [ 4.903302601239339, 52.344426504125188 ], [ 4.903306201239344, 52.34445580412519 ], [ 4.90332870123937, 52.344480104125239 ], [ 4.903384601239427, 52.344503504125271 ], [ 4.903439401239475, 52.344381804125184 ] ] ] ] } },
{ "type": "Feature", "properties": { "element": "way", "id": 1423270125, "addr:street": null, "leisure": "park", "name": "Postzegelpark", "note": null, "sport": null, "wikipedia": null, "access": null, "tourism": null, "website": null, "wikidata": null, "start_date": null, "wikimedia_commons": null, "area": null, "name:nl": null, "name:ru": null, "alt_name": null, "surface": null, "old_name": null, "name:etymology:wikidata": null, "wheelchair": null, "layer": null, "name:de": null, "name:en": null, "name:ko": null, "name:zh": null, "source": null, "landuse": null, "barrier": null, "fence_type": null, "leaf_type": null, "description": null, "opening_hours": null, "addr:city": null, "not": null, "bicycle": null, "foot": null, "motor_vehicle": null, "operator": null, "fee": null, "lit": null, "architect": null, "ref:bag": null, "addr:postcode": null, "smoking": null, "garden:type": null, "check_date": null, "construction": null, "survey:date": null, "type": null, "heritage": null, "heritage:operator": null, "ref:rce": null, "bbq": null, "name:uk": null, "name:zh-Hans": null }, "geometry": { "type": "MultiPolygon", "coordinates": [ [ [ [ 4.890133701227436, 52.370658704140752 ], [ 4.890183401227484, 52.370653404140761 ], [ 4.890216201227517, 52.370656704140785 ], [ 4.890265201227566, 52.370676304140808 ], [ 4.890467701227776, 52.370814704140848 ], [ 4.89063400122795, 52.370955104140933 ], [ 4.890698301228016, 52.371013704140992 ], [ 4.890776801228101, 52.37112180414104 ], [ 4.890809001228135, 52.371193804141058 ], [ 4.89082240122815, 52.371267504141152 ], [ 4.890822401228156, 52.371318704141146 ], [ 4.890817701228151, 52.371363704141196 ], [ 4.890787501228127, 52.371445604141201 ], [ 4.890766701228107, 52.371484504141236 ], [ 4.890726501228071, 52.371547104141285 ], [ 4.89069500122804, 52.371578304141302 ], [ 4.890645401227993, 52.371601604141325 ], [ 4.890595701227943, 52.371604004141318 ], [ 4.890539401227885, 52.371594604141322 ], [ 4.890487101227831, 52.371568804141297 ], [ 4.890458301227802, 52.371532004141258 ], [ 4.890446901227786, 52.371450504141237 ], [ 4.890418701227752, 52.371302704141151 ], [ 4.890393901227723, 52.371240504141106 ], [ 4.890328901227651, 52.371070204141006 ], [ 4.890318101227633, 52.370968704140928 ], [ 4.890164601227471, 52.370766404140817 ], [ 4.890113001227415, 52.370669404140749 ], [ 4.890133701227436, 52.370658704140752 ] ] ] ] } },
{ "type": "Feature", "properties": { "element": "way", "id": 1445961168, "addr:street": null, "leisure": "park", "name": null, "note": null, "sport": null, "wikipedia": null, "access": null, "tourism": null, "website": null, "wikidata": null, "start_date": null, "wikimedia_commons": null, "area": null, "name:nl": null, "name:ru": null, "alt_name": null, "surface": null, "old_name": null, "name:etymology:wikidata": null, "wheelchair": null, "layer": null, "name:de": null, "name:en": null, "name:ko": null, "name:zh": null, "source": null, "landuse": null, "barrier": null, "fence_type": null, "leaf_type": null, "description": null, "opening_hours": null, "addr:city": null, "not": null, "bicycle": null, "foot": null, "motor_vehicle": null, "operator": null, "fee": null, "lit": null, "architect": null, "ref:bag": null, "addr:postcode": null, "smoking": null, "garden:type": null, "check_date": null, "construction": null, "survey:date": null, "type": null, "heritage": null, "heritage:operator": null, "ref:rce": null, "bbq": null, "name:uk": null, "name:zh-Hans": null }, "geometry": { "type": "MultiPolygon", "coordinates": [ [ [ [ 4.825406301162267, 52.359950504134552 ], [ 4.825547201162408, 52.359951504134557 ], [ 4.825660901162522, 52.359952804134586 ], [ 4.825739501162599, 52.359953904134606 ], [ 4.825752201162588, 52.359494104134271 ], [ 4.825536701162373, 52.359493104134302 ], [ 4.825476801162315, 52.359512904134327 ], [ 4.825441701162282, 52.359549604134372 ], [ 4.825424101162267, 52.359584704134349 ], [ 4.825406301162267, 52.359950504134552 ] ] ] ] } },
{ "type": "Feature", "properties": { "element": "way", "id": 1492661985, "addr:street": null, "leisure": "park", "name": null, "note": null, "sport": null, "wikipedia": null, "access": null, "tourism": null, "website": null, "wikidata": null, "start_date": null, "wikimedia_commons": null, "area": null, "name:nl": null, "name:ru": null, "alt_name": null, "surface": null, "old_name": null, "name:etymology:wikidata": null, "wheelchair": null, "layer": null, "name:de": null, "name:en": null, "name:ko": null, "name:zh": null, "source": null, "landuse": null, "barrier": null, "fence_type": null, "leaf_type": null, "description": null, "opening_hours": null, "addr:city": null, "not": null, "bicycle": null, "foot": null, "motor_vehicle": null, "operator": null, "fee": null, "lit": null, "architect": null, "ref:bag": null, "addr:postcode": null, "smoking": null, "garden:type": null, "check_date": null, "construction": null, "survey:date": null, "type": null, "heritage": null, "heritage:operator": null, "ref:rce": null, "bbq": null, "name:uk": null, "name:zh-Hans": null }, "geometry": { "type": "MultiPolygon", "coordinates": [ [ [ [ 4.885243801222404, 52.367585304138949 ], [ 4.885473001222632, 52.367579504138931 ], [ 4.885474401222634, 52.367591604138966 ], [ 4.885245601222406, 52.367596804138948 ], [ 4.885243801222404, 52.367585304138949 ] ] ] ] } },
{ "type": "Feature", "properties": { "element": "way", "id": 1527645492, "addr:street": null, "leisure": "park", "name": "Tagorepark", "note": null, "sport": null, "wikipedia": null, "access": null, "tourism": null, "website": "https://www.amsterdam.nl/sport/sportparken/tagorepark-ijburg/", "wikidata": null, "start_date": null, "wikimedia_commons": null, "area": null, "name:nl": null, "name:ru": null, "alt_name": null, "surface": null, "old_name": null, "name:etymology:wikidata": null, "wheelchair": null, "layer": null, "name:de": null, "name:en": null, "name:ko": null, "name:zh": null, "source": null, "landuse": null, "barrier": null, "fence_type": null, "leaf_type": null, "description": null, "opening_hours": null, "addr:city": null, "not": null, "bicycle": null, "foot": null, "motor_vehicle": null, "operator": null, "fee": null, "lit": null, "architect": null, "ref:bag": null, "addr:postcode": null, "smoking": null, "garden:type": null, "check_date": null, "construction": null, "survey:date": null, "type": null, "heritage": null, "heritage:operator": null, "ref:rce": null, "bbq": null, "name:uk": null, "name:zh-Hans": null }, "geometry": { "type": "MultiPolygon", "coordinates": [ [ [ [ 5.026302401362696, 52.354317404130519 ], [ 5.027509601363836, 52.352822504129591 ], [ 5.030544701366904, 52.353651204130088 ], [ 5.029162401365597, 52.355269304131063 ], [ 5.028895101365326, 52.355183604131 ], [ 5.026449001362849, 52.354399004130542 ], [ 5.026302401362696, 52.354317404130519 ] ] ] ] } },
{ "type": "Feature", "properties": { "element": "way", "id": 1540708357, "addr:street": null, "leisure": "park", "name": null, "note": null, "sport": null, "wikipedia": null, "access": null, "tourism": null, "website": null, "wikidata": null, "start_date": null, "wikimedia_commons": null, "area": null, "name:nl": null, "name:ru": null, "alt_name": null, "surface": null, "old_name": null, "name:etymology:wikidata": null, "wheelchair": null, "layer": null, "name:de": null, "name:en": null, "name:ko": null, "name:zh": null, "source": null, "landuse": null, "barrier": null, "fence_type": null, "leaf_type": null, "description": null, "opening_hours": null, "addr:city": null, "not": null, "bicycle": null, "foot": null, "motor_vehicle": null, "operator": null, "fee": null, "lit": null, "architect": null, "ref:bag": null, "addr:postcode": null, "smoking": null, "garden:type": null, "check_date": null, "construction": null, "survey:date": "2026-07-18", "type": null, "heritage": null, "heritage:operator": null, "ref:rce": null, "bbq": null, "name:uk": null, "name:zh-Hans": null }, "geometry": { "type": "MultiPolygon", "coordinates": [ [ [ [ 4.866497201202199, 52.336858804120823 ], [ 4.866539301202242, 52.336918404120851 ], [ 4.866939601202673, 52.337485904121209 ], [ 4.866969901202706, 52.337528804121256 ], [ 4.867250101202986, 52.337535604121236 ], [ 4.867250101202984, 52.337494804121199 ], [ 4.867250101202981, 52.33746350412121 ], [ 4.867250101202957, 52.336974704120905 ], [ 4.867250101202957, 52.336934604120863 ], [ 4.86725010120295, 52.336864504120825 ], [ 4.866497201202199, 52.336858804120823 ] ] ] ] } }
]
}
