{
"type": "FeatureCollection",
"name": "transit_wgs84",
"crs": { "type": "name", "properties": { "name": "urn:ogc:def:crs:OGC:1.3:CRS84" } },
"features": [
{ "type": "Feature", "properties": { "transit_type": "railway", "name": "Surinameplein" }, "geometry": { "type": "Point", "coordinates": [ 4.852182701188921, 52.358048104133402 ] } },
{ "type": "Feature", "properties": { "transit_type": "railway", "name": "Alexanderplein" }, "geometry": { "type": "Point", "coordinates": [ 4.919362701256288, 52.363504304136448 ] } },
{ "type": "Feature", "properties": { "transit_type": "railway", "name": "Meester Visserplein" }, "geometry": { "type": "Point", "coordinates": [ 4.905360201242513, 52.367961104139134 ] } },
{ "type": "Feature", "properties": { "transit_type": "railway", "name": "Nassaukade" }, "geometry": { "type": "Point", "coordinates": [ 4.87920470121703, 52.381312504147076 ] } },
{ "type": "Feature", "properties": { "transit_type": "railway", "name": "Zoutkeetsgracht" }, "geometry": { "type": "Point", "coordinates": [ 4.885141601223284, 52.388084004151033 ] } },
{ "type": "Feature", "properties": { "transit_type": "railway", "name": "Van Limburg Stirumplein" }, "geometry": { "type": "Point", "coordinates": [ 4.874919801212903, 52.384418504148911 ] } },
{ "type": "Feature", "properties": { "transit_type": "railway", "name": "Dam" }, "geometry": { "type": "Point", "coordinates": [ 4.893644101231078, 52.373533204142447 ] } },
{ "type": "Feature", "properties": { "transit_type": "railway", "name": "Dapperstraat" }, "geometry": { "type": "Point", "coordinates": [ 4.928942201265737, 52.360931404134874 ] } },
{ "type": "Feature", "properties": { "transit_type": "railway", "name": "Roelof Hartplein" }, "geometry": { "type": "Point", "coordinates": [ 4.882087101218556, 52.353122404130424 ] } },
{ "type": "Feature", "properties": { "transit_type": "railway", "name": "Concertgebouw" }, "geometry": { "type": "Point", "coordinates": [ 4.879637701216282, 52.356695104132541 ] } },
{ "type": "Feature", "properties": { "transit_type": "railway", "name": "Frederik Hendrikplantsoen" }, "geometry": { "type": "Point", "coordinates": [ 4.875268001212967, 52.378478304145396 ] } },
{ "type": "Feature", "properties": { "transit_type": "railway", "name": "Hugo de Grootplein" }, "geometry": { "type": "Point", "coordinates": [ 4.872954801210489, 52.375009704143373 ] } },
{ "type": "Feature", "properties": { "transit_type": "railway", "name": "Hugo de Grootplein" }, "geometry": { "type": "Point", "coordinates": [ 4.87253100121003, 52.374298704142959 ] } },
{ "type": "Feature", "properties": { "transit_type": "railway", "name": "Zeeburgerdijk" }, "geometry": { "type": "Point", "coordinates": [ 4.932495601269522, 52.36591420413783 ] } },
{ "type": "Feature", "properties": { "transit_type": "railway", "name": "Pontanusstraat" }, "geometry": { "type": "Point", "coordinates": [ 4.927204001264237, 52.365916104137845 ] } },
{ "type": "Feature", "properties": { "transit_type": "railway", "name": "Waterlooplein" }, "geometry": { "type": "Point", "coordinates": [ 4.901984601239096, 52.366993404138555 ] } },
{ "type": "Feature", "properties": { "transit_type": "railway", "name": "Mauritskade" }, "geometry": { "type": "Point", "coordinates": [ 4.920641601257541, 52.363023504136152 ] } },
{ "type": "Feature", "properties": { "transit_type": "railway", "name": "Rijksmuseum" }, "geometry": { "type": "Point", "coordinates": [ 4.887104001223943, 52.360973404135073 ] } },
{ "type": "Feature", "properties": { "transit_type": "railway", "name": "Amstelveenseweg" }, "geometry": { "type": "Point", "coordinates": [ 4.857576901193359, 52.338402804121777 ] } },
{ "type": "Feature", "properties": { "transit_type": "railway", "name": "Jan van Galenstraat" }, "geometry": { "type": "Point", "coordinates": [ 4.835293701172763, 52.372658204142034 ] } },
{ "type": "Feature", "properties": { "transit_type": "railway", "name": "Amsterdam Holendrecht" }, "geometry": { "type": "Point", "coordinates": [ 4.960171201294007, 52.297988604097377 ] } },
{ "type": "Feature", "properties": { "transit_type": "railway", "name": "Rietlandpark" }, "geometry": { "type": "Point", "coordinates": [ 4.934827701272186, 52.373012504142004 ] } },
{ "type": "Feature", "properties": { "transit_type": "railway", "name": "Hoofddorpplein" }, "geometry": { "type": "Point", "coordinates": [ 4.850174101186599, 52.351525604129563 ] } },
{ "type": "Feature", "properties": { "transit_type": "railway", "name": "Hoofddorpplein" }, "geometry": { "type": "Point", "coordinates": [ 4.849592201186001, 52.351168104129364 ] } },
{ "type": "Feature", "properties": { "transit_type": "railway", "name": "Flevopark" }, "geometry": { "type": "Point", "coordinates": [ 4.952063901289035, 52.365203704137286 ] } },
{ "type": "Feature", "properties": { "transit_type": "railway", "name": "Heemstedestraat" }, "geometry": { "type": "Point", "coordinates": [ 4.834287201170727, 52.351490704129588 ] } },
{ "type": "Feature", "properties": { "transit_type": "railway", "name": "Louwesweg" }, "geometry": { "type": "Point", "coordinates": [ 4.824259401160474, 52.346686504126723 ] } },
{ "type": "Feature", "properties": { "transit_type": "railway", "name": "Prinses Irenestraat" }, "geometry": { "type": "Point", "coordinates": [ 4.876777401212749, 52.342615104124199 ] } },
{ "type": "Feature", "properties": { "transit_type": "railway", "name": "Europaplein" }, "geometry": { "type": "Point", "coordinates": [ 4.892197401228041, 52.340231804122745 ] } },
{ "type": "Feature", "properties": { "transit_type": "railway", "name": "Haarlemmermeerstation" }, "geometry": { "type": "Point", "coordinates": [ 4.857549201193857, 52.349215204128193 ] } },
{ "type": "Feature", "properties": { "transit_type": "railway", "name": "Concertgebouw" }, "geometry": { "type": "Point", "coordinates": [ 4.879599501216213, 52.356019304132126 ] } },
{ "type": "Feature", "properties": { "transit_type": "railway", "name": "Laan van Vlaanderen" }, "geometry": { "type": "Point", "coordinates": [ 4.815688301151895, 52.346442204126582 ] } },
{ "type": "Feature", "properties": { "transit_type": "railway", "name": "Centrum Nieuw Sloten" }, "geometry": { "type": "Point", "coordinates": [ 4.811047401147256, 52.346385704126568 ] } },
{ "type": "Feature", "properties": { "transit_type": "railway", "name": "Oudenaardeplantsoen" }, "geometry": { "type": "Point", "coordinates": [ 4.803670601139816, 52.344928404125696 ] } },
{ "type": "Feature", "properties": { "transit_type": "railway", "name": "Oudenaardeplantsoen" }, "geometry": { "type": "Point", "coordinates": [ 4.804122201140271, 52.345045404125798 ] } },
{ "type": "Feature", "properties": { "transit_type": "railway", "name": "Muziekgebouw" }, "geometry": { "type": "Point", "coordinates": [ 4.913430801251015, 52.377206304144551 ] } },
{ "type": "Feature", "properties": { "transit_type": "railway", "name": "Derkinderenstraat" }, "geometry": { "type": "Point", "coordinates": [ 4.840125701176871, 52.357935804133362 ] } },
{ "type": "Feature", "properties": { "transit_type": "railway", "name": "Station Lelylaan" }, "geometry": { "type": "Point", "coordinates": [ 4.834559001171307, 52.357879804133347 ] } },
{ "type": "Feature", "properties": { "transit_type": "railway", "name": "Postjesweg" }, "geometry": { "type": "Point", "coordinates": [ 4.853178601190241, 52.364772904137375 ] } },
{ "type": "Feature", "properties": { "transit_type": "railway", "name": "Meer en Vaart" }, "geometry": { "type": "Point", "coordinates": [ 4.810752901147461, 52.356509304132537 ] } },
{ "type": "Feature", "properties": { "transit_type": "railway", "name": "Surinameplein" }, "geometry": { "type": "Point", "coordinates": [ 4.850994301187735, 52.358072804133421 ] } },
{ "type": "Feature", "properties": { "transit_type": "railway", "name": "Westlandgracht" }, "geometry": { "type": "Point", "coordinates": [ 4.845628101182061, 52.351568504129553 ] } },
{ "type": "Feature", "properties": { "transit_type": "railway", "name": "Cornelis Schuytstraat" }, "geometry": { "type": "Point", "coordinates": [ 4.870782001207403, 52.356025104132158 ] } },
{ "type": "Feature", "properties": { "transit_type": "railway", "name": "Museumplein" }, "geometry": { "type": "Point", "coordinates": [ 4.88124460121799, 52.358854004133825 ] } },
{ "type": "Feature", "properties": { "transit_type": "railway", "name": "Parnassusweg" }, "geometry": { "type": "Point", "coordinates": [ 4.868704201204409, 52.336965304120859 ] } },
{ "type": "Feature", "properties": { "transit_type": "railway", "name": "Admiraal Helfrichstraat" }, "geometry": { "type": "Point", "coordinates": [ 4.844663101181963, 52.36942620414014 ] } },
{ "type": "Feature", "properties": { "transit_type": "railway", "name": "Lambertus Zijlplein" }, "geometry": { "type": "Point", "coordinates": [ 4.802913701140655, 52.377278004144841 ] } },
{ "type": "Feature", "properties": { "transit_type": "railway", "name": "Brinkstraat" }, "geometry": { "type": "Point", "coordinates": [ 4.947466101283414, 52.343217904124337 ] } },
{ "type": "Feature", "properties": { "transit_type": "railway", "name": "Osdorpplein West" }, "geometry": { "type": "Point", "coordinates": [ 4.803226501140069, 52.359117104134086 ] } },
{ "type": "Feature", "properties": { "transit_type": "railway", "name": "Van Nijenrodeweg" }, "geometry": { "type": "Point", "coordinates": [ 4.856543601191825, 52.327991904115564 ] } },
{ "type": "Feature", "properties": { "transit_type": "railway", "name": "Jollenpad" }, "geometry": { "type": "Point", "coordinates": [ 4.854450101190086, 52.335279604119883 ] } },
{ "type": "Feature", "properties": { "transit_type": "railway", "name": "IJsbaanpad" }, "geometry": { "type": "Point", "coordinates": [ 4.852401601188323, 52.341177904123406 ] } },
{ "type": "Feature", "properties": { "transit_type": "railway", "name": "Bilderdijkstraat" }, "geometry": { "type": "Point", "coordinates": [ 4.870814801208157, 52.371054104141045 ] } },
{ "type": "Feature", "properties": { "transit_type": "railway", "name": "Azartplein" }, "geometry": { "type": "Point", "coordinates": [ 4.937346901274881, 52.376818104144213 ] } },
{ "type": "Feature", "properties": { "transit_type": "railway", "name": "Azartplein" }, "geometry": { "type": "Point", "coordinates": [ 4.937322301274846, 52.376613304144129 ] } },
{ "type": "Feature", "properties": { "transit_type": "railway", "name": "Minervaplein" }, "geometry": { "type": "Point", "coordinates": [ 4.873029101209205, 52.346773804126691 ] } },
{ "type": "Feature", "properties": { "transit_type": "railway", "name": "Beethovenstraat" }, "geometry": { "type": "Point", "coordinates": [ 4.876276901212451, 52.346869304126741 ] } },
{ "type": "Feature", "properties": { "transit_type": "railway", "name": "Gerrit van der Veenstraat" }, "geometry": { "type": "Point", "coordinates": [ 4.877191101213461, 52.348819804127892 ] } },
{ "type": "Feature", "properties": { "transit_type": "railway", "name": "Gerrit van der Veenstraat" }, "geometry": { "type": "Point", "coordinates": [ 4.877365001213653, 52.349215704128113 ] } },
{ "type": "Feature", "properties": { "transit_type": "railway", "name": "Station Zuid" }, "geometry": { "type": "Point", "coordinates": [ 4.873968801209858, 52.340822704123156 ] } },
{ "type": "Feature", "properties": { "transit_type": "railway", "name": "Van Boshuizenstraat" }, "geometry": { "type": "Point", "coordinates": [ 4.868967101204091, 52.324892704113687 ] } },
{ "type": "Feature", "properties": { "transit_type": "railway", "name": "Uilenstede" }, "geometry": { "type": "Point", "coordinates": [ 4.869069301204052, 52.321943104111938 ] } },
{ "type": "Feature", "properties": { "transit_type": "railway", "name": "Rietlandpark" }, "geometry": { "type": "Point", "coordinates": [ 4.933466401270836, 52.373229904142136 ] } },
{ "type": "Feature", "properties": { "transit_type": "railway", "name": "Olympiaplein" }, "geometry": { "type": "Point", "coordinates": [ 4.865857401202015, 52.346301804126433 ] } },
{ "type": "Feature", "properties": { "transit_type": "railway", "name": "Keizersgracht" }, "geometry": { "type": "Point", "coordinates": [ 4.898318801235285, 52.363832904136714 ] } },
{ "type": "Feature", "properties": { "transit_type": "railway", "name": "Frederiksplein" }, "geometry": { "type": "Point", "coordinates": [ 4.899083701235865, 52.359936104134363 ] } },
{ "type": "Feature", "properties": { "transit_type": "railway", "name": "Albert Cuypstraat" }, "geometry": { "type": "Point", "coordinates": [ 4.899401701236068, 52.357578304133014 ] } },
{ "type": "Feature", "properties": { "transit_type": "railway", "name": "Waalstraat" }, "geometry": { "type": "Point", "coordinates": [ 4.901105101237156, 52.344653604125369 ] } },
{ "type": "Feature", "properties": { "transit_type": "railway", "name": "Waalstraat" }, "geometry": { "type": "Point", "coordinates": [ 4.900561501236602, 52.344421104125182 ] } },
{ "type": "Feature", "properties": { "transit_type": "railway", "name": "Maasstraat" }, "geometry": { "type": "Point", "coordinates": [ 4.896271401232241, 52.342863804124306 ] } },
{ "type": "Feature", "properties": { "transit_type": "railway", "name": "Maasstraat" }, "geometry": { "type": "Point", "coordinates": [ 4.896873001232851, 52.343118004124449 ] } },
{ "type": "Feature", "properties": { "transit_type": "railway", "name": "Dintelstraat" }, "geometry": { "type": "Point", "coordinates": [ 4.893000701228926, 52.341925004123766 ] } },
{ "type": "Feature", "properties": { "transit_type": "railway", "name": "Station RAI" }, "geometry": { "type": "Point", "coordinates": [ 4.890547301226235, 52.336904904120786 ] } },
{ "type": "Feature", "properties": { "transit_type": "railway", "name": "Van Woustraat" }, "geometry": { "type": "Point", "coordinates": [ 4.900861601237389, 52.354690304131303 ] } },
{ "type": "Feature", "properties": { "transit_type": "railway", "name": "Van Woustraat" }, "geometry": { "type": "Point", "coordinates": [ 4.901584901238123, 52.354944604131418 ] } },
{ "type": "Feature", "properties": { "transit_type": "railway", "name": "Hoogte Kadijk" }, "geometry": { "type": "Point", "coordinates": [ 4.924812301261894, 52.366867604138434 ] } },
{ "type": "Feature", "properties": { "transit_type": "railway", "name": "Osdorpplein Oost" }, "geometry": { "type": "Point", "coordinates": [ 4.807745401144592, 52.359326004134218 ] } },
{ "type": "Feature", "properties": { "transit_type": "railway", "name": "Prinsengracht" }, "geometry": { "type": "Point", "coordinates": [ 4.884383901221422, 52.365003504137455 ] } },
{ "type": "Feature", "properties": { "transit_type": "railway", "name": "Keizersgracht" }, "geometry": { "type": "Point", "coordinates": [ 4.886343501223423, 52.365930904137961 ] } },
{ "type": "Feature", "properties": { "transit_type": "railway", "name": "IJburg" }, "geometry": { "type": "Point", "coordinates": [ 5.004828101341095, 52.351111404128723 ] } },
{ "type": "Feature", "properties": { "transit_type": "railway", "name": "Amsteltrein" }, "geometry": { "type": "Point", "coordinates": [ 4.892136701227611, 52.332427204118126 ] } },
{ "type": "Feature", "properties": { "transit_type": "railway", "name": "Olympiaweg" }, "geometry": { "type": "Point", "coordinates": [ 4.858340201194451, 52.345265204125802 ] } },
{ "type": "Feature", "properties": { "transit_type": "railway", "name": "Centraal Station" }, "geometry": { "type": "Point", "coordinates": [ 4.900381901238015, 52.377894204144987 ] } },
{ "type": "Feature", "properties": { "transit_type": "railway", "name": "Centraal Station" }, "geometry": { "type": "Point", "coordinates": [ 4.900976901238606, 52.377850704144969 ] } },
{ "type": "Feature", "properties": { "transit_type": "railway", "name": "Weesperplein" }, "geometry": { "type": "Point", "coordinates": [ 4.907121301243944, 52.36100210413499 ] } },
{ "type": "Feature", "properties": { "transit_type": "railway", "name": "Weesperplein" }, "geometry": { "type": "Point", "coordinates": [ 4.909158401245995, 52.361404204135219 ] } },
{ "type": "Feature", "properties": { "transit_type": "railway", "name": "Wibautstraat" }, "geometry": { "type": "Point", "coordinates": [ 4.909361501246004, 52.357286504132816 ] } },
{ "type": "Feature", "properties": { "transit_type": "railway", "name": "Muiderpoortstation" }, "geometry": { "type": "Point", "coordinates": [ 4.932849401269652, 52.361212704135049 ] } },
{ "type": "Feature", "properties": { "transit_type": "railway", "name": "Overamstel" }, "geometry": { "type": "Point", "coordinates": [ 4.917626601253054, 52.331731804117631 ] } },
{ "type": "Feature", "properties": { "transit_type": "railway", "name": "Amsteldijk" }, "geometry": { "type": "Point", "coordinates": [ 4.91099890124716, 52.34711060412679 ] } },
{ "type": "Feature", "properties": { "transit_type": "railway", "name": "Waalstraat" }, "geometry": { "type": "Point", "coordinates": [ 4.900335101236489, 52.346817104126657 ] } },
{ "type": "Feature", "properties": { "transit_type": "railway", "name": "Waalstraat" }, "geometry": { "type": "Point", "coordinates": [ 4.899716401235858, 52.346563104126481 ] } },
{ "type": "Feature", "properties": { "transit_type": "railway", "name": "Scheldestraat" }, "geometry": { "type": "Point", "coordinates": [ 4.891525601227707, 52.347264604126941 ] } },
{ "type": "Feature", "properties": { "transit_type": "railway", "name": "Wiltzanghlaan" }, "geometry": { "type": "Point", "coordinates": [ 4.850851301188791, 52.382800204148012 ] } },
{ "type": "Feature", "properties": { "transit_type": "railway", "name": "Bos en Lommerweg" }, "geometry": { "type": "Point", "coordinates": [ 4.853900401191755, 52.381118804147007 ] } },
{ "type": "Feature", "properties": { "transit_type": "railway", "name": "Karel Doormanstraat" }, "geometry": { "type": "Point", "coordinates": [ 4.856972101194711, 52.378868704145667 ] } },
{ "type": "Feature", "properties": { "transit_type": "railway", "name": "De Rijpstraat" }, "geometry": { "type": "Point", "coordinates": [ 4.857724301195391, 52.377355504144781 ] } },
{ "type": "Feature", "properties": { "transit_type": "railway", "name": "Jan van Galenstraat" }, "geometry": { "type": "Point", "coordinates": [ 4.858471101196029, 52.375132304143477 ] } },
{ "type": "Feature", "properties": { "transit_type": "railway", "name": "Jan van Galenstraat" }, "geometry": { "type": "Point", "coordinates": [ 4.858642701196159, 52.374300204143005 ] } },
{ "type": "Feature", "properties": { "transit_type": "railway", "name": "Admiraal De Ruijterweg" }, "geometry": { "type": "Point", "coordinates": [ 4.860012801197392, 52.371502004141313 ] } },
{ "type": "Feature", "properties": { "transit_type": "railway", "name": "Willem de Zwijgerlaan" }, "geometry": { "type": "Point", "coordinates": [ 4.863634901200972, 52.370692504140855 ] } },
{ "type": "Feature", "properties": { "transit_type": "railway", "name": "C. van Eesterenlaan" }, "geometry": { "type": "Point", "coordinates": [ 4.938845601276224, 52.37356650414231 ] } },
{ "type": "Feature", "properties": { "transit_type": "railway", "name": "Alexanderplein" }, "geometry": { "type": "Point", "coordinates": [ 4.919236601256183, 52.363873504136713 ] } },
{ "type": "Feature", "properties": { "transit_type": "railway", "name": "Korte 's-Gravesandestraat" }, "geometry": { "type": "Point", "coordinates": [ 4.913592301250471, 52.362347904135802 ] } },
{ "type": "Feature", "properties": { "transit_type": "railway", "name": "Vijzelgracht" }, "geometry": { "type": "Point", "coordinates": [ 4.892102401228868, 52.359505104134165 ] } },
{ "type": "Feature", "properties": { "transit_type": "railway", "name": "Marnixplein" }, "geometry": { "type": "Point", "coordinates": [ 4.878415501216054, 52.377365804144745 ] } },
{ "type": "Feature", "properties": { "transit_type": "railway", "name": "De Wittenkade" }, "geometry": { "type": "Point", "coordinates": [ 4.87702040121494, 52.383217504148192 ] } },
{ "type": "Feature", "properties": { "transit_type": "railway", "name": "Van Hallstraat" }, "geometry": { "type": "Point", "coordinates": [ 4.869854101207837, 52.384264404148844 ] } },
{ "type": "Feature", "properties": { "transit_type": "railway", "name": "Hugo de Vrieslaan" }, "geometry": { "type": "Point", "coordinates": [ 4.935414601271724, 52.350724804128824 ] } },
{ "type": "Feature", "properties": { "transit_type": "railway", "name": "Hogeweg" }, "geometry": { "type": "Point", "coordinates": [ 4.930872501267322, 52.353568004130551 ] } },
{ "type": "Feature", "properties": { "transit_type": "railway", "name": "Oostpoort" }, "geometry": { "type": "Point", "coordinates": [ 4.927227301263839, 52.35701010413257 ] } },
{ "type": "Feature", "properties": { "transit_type": "railway", "name": "Linnaeusstraat" }, "geometry": { "type": "Point", "coordinates": [ 4.925702901262465, 52.360116204134421 ] } },
{ "type": "Feature", "properties": { "transit_type": "railway", "name": "Wijttenbachstraat" }, "geometry": { "type": "Point", "coordinates": [ 4.925470001262215, 52.359795904134252 ] } },
{ "type": "Feature", "properties": { "transit_type": "railway", "name": "Artis" }, "geometry": { "type": "Point", "coordinates": [ 4.910955001248045, 52.366718704138393 ] } },
{ "type": "Feature", "properties": { "transit_type": "railway", "name": "Insulindeweg" }, "geometry": { "type": "Point", "coordinates": [ 4.94763420128459, 52.36475690413706 ] } },
{ "type": "Feature", "properties": { "transit_type": "railway", "name": "Soembawastraat" }, "geometry": { "type": "Point", "coordinates": [ 4.944101801280944, 52.362274604135614 ] } },
{ "type": "Feature", "properties": { "transit_type": "railway", "name": "Molukkenstraat" }, "geometry": { "type": "Point", "coordinates": [ 4.940178501277, 52.361725904135341 ] } },
{ "type": "Feature", "properties": { "transit_type": "railway", "name": "Beukenweg" }, "geometry": { "type": "Point", "coordinates": [ 4.916742201253461, 52.359073204133821 ] } },
{ "type": "Feature", "properties": { "transit_type": "railway", "name": "Dam" }, "geometry": { "type": "Point", "coordinates": [ 4.891285301228766, 52.374423104142942 ] } },
{ "type": "Feature", "properties": { "transit_type": "railway", "name": "Nieuwe Willemsstraat" }, "geometry": { "type": "Point", "coordinates": [ 4.880956201218784, 52.381394004147126 ] } },
{ "type": "Feature", "properties": { "transit_type": "railway", "name": "Matterhorn" }, "geometry": { "type": "Point", "coordinates": [ 4.774756701111366, 52.353732704130927 ] } },
{ "type": "Feature", "properties": { "transit_type": "railway", "name": "Pilatus" }, "geometry": { "type": "Point", "coordinates": [ 4.777097601113658, 52.352828004130423 ] } },
{ "type": "Feature", "properties": { "transit_type": "railway", "name": "Inaristraat" }, "geometry": { "type": "Point", "coordinates": [ 4.783658201120082, 52.350197904128805 ] } },
{ "type": "Feature", "properties": { "transit_type": "railway", "name": "Ecuplein" }, "geometry": { "type": "Point", "coordinates": [ 4.788874801125273, 52.349807504128599 ] } },
{ "type": "Feature", "properties": { "transit_type": "railway", "name": "Baden Powellweg" }, "geometry": { "type": "Point", "coordinates": [ 4.795112901131568, 52.351041704129344 ] } },
{ "type": "Feature", "properties": { "transit_type": "railway", "name": "Hoekenes" }, "geometry": { "type": "Point", "coordinates": [ 4.802524201139043, 52.352541104130225 ] } },
{ "type": "Feature", "properties": { "transit_type": "railway", "name": "Louis Davidsstraat" }, "geometry": { "type": "Point", "coordinates": [ 4.809089901145671, 52.353926604131026 ] } },
{ "type": "Feature", "properties": { "transit_type": "railway", "name": "Baden Powellweg" }, "geometry": { "type": "Point", "coordinates": [ 4.791300001128025, 52.356441304132517 ] } },
{ "type": "Feature", "properties": { "transit_type": "railway", "name": "Hoekenes" }, "geometry": { "type": "Point", "coordinates": [ 4.799004401135798, 52.357985804133421 ] } },
{ "type": "Feature", "properties": { "transit_type": "railway", "name": "Corantijnstraat" }, "geometry": { "type": "Point", "coordinates": [ 4.853295701190209, 52.361731204135559 ] } },
{ "type": "Feature", "properties": { "transit_type": "railway", "name": "Witte de Withstraat" }, "geometry": { "type": "Point", "coordinates": [ 4.859179901196235, 52.36480190413738 ] } },
{ "type": "Feature", "properties": { "transit_type": "railway", "name": "Nicolaas Beetsstraat" }, "geometry": { "type": "Point", "coordinates": [ 4.865360801202442, 52.365414904137729 ] } },
{ "type": "Feature", "properties": { "transit_type": "railway", "name": "Nicolaas Beetsstraat" }, "geometry": { "type": "Point", "coordinates": [ 4.865656601202742, 52.365525004137822 ] } },
{ "type": "Feature", "properties": { "transit_type": "railway", "name": "Bilderdijkstraat" }, "geometry": { "type": "Point", "coordinates": [ 4.871758601208913, 52.367131704138743 ] } },
{ "type": "Feature", "properties": { "transit_type": "railway", "name": "Rhijnvis Feithstraat" }, "geometry": { "type": "Point", "coordinates": [ 4.860354101197131, 52.359050304133945 ] } },
{ "type": "Feature", "properties": { "transit_type": "railway", "name": "Rhijnvis Feithstraat" }, "geometry": { "type": "Point", "coordinates": [ 4.859677601196448, 52.35884470413388 ] } },
{ "type": "Feature", "properties": { "transit_type": "railway", "name": "Lambertus Zijlplein" }, "geometry": { "type": "Point", "coordinates": [ 4.803391401141131, 52.377261704144821 ] } },
{ "type": "Feature", "properties": { "transit_type": "railway", "name": "Doctor H. Colijnstraat" }, "geometry": { "type": "Point", "coordinates": [ 4.807186701144899, 52.376850704144609 ] } },
{ "type": "Feature", "properties": { "transit_type": "railway", "name": "Burgemeester Van Leeuwenlaan" }, "geometry": { "type": "Point", "coordinates": [ 4.811964201149648, 52.376384604144256 ] } },
{ "type": "Feature", "properties": { "transit_type": "railway", "name": "Slotermeerlaan" }, "geometry": { "type": "Point", "coordinates": [ 4.817603401155255, 52.375856504143975 ] } },
{ "type": "Feature", "properties": { "transit_type": "railway", "name": "Burgemeester Rendorpstraat" }, "geometry": { "type": "Point", "coordinates": [ 4.827702701165264, 52.374364504143074 ] } },
{ "type": "Feature", "properties": { "transit_type": "railway", "name": "Burgemeester Rendorpstraat" }, "geometry": { "type": "Point", "coordinates": [ 4.826801301164368, 52.374472304143119 ] } },
{ "type": "Feature", "properties": { "transit_type": "railway", "name": "Jan van Galenstraat" }, "geometry": { "type": "Point", "coordinates": [ 4.835907701173394, 52.373029704142283 ] } },
{ "type": "Feature", "properties": { "transit_type": "railway", "name": "Jan Tooropstraat" }, "geometry": { "type": "Point", "coordinates": [ 4.838134101175548, 52.37162780414144 ] } },
{ "type": "Feature", "properties": { "transit_type": "railway", "name": "Jan Voermanstraat" }, "geometry": { "type": "Point", "coordinates": [ 4.838459401175773, 52.369596804140265 ] } },
{ "type": "Feature", "properties": { "transit_type": "railway", "name": "Mercatorplein" }, "geometry": { "type": "Point", "coordinates": [ 4.850795701188121, 52.370145904140564 ] } },
{ "type": "Feature", "properties": { "transit_type": "railway", "name": "Marco Polostraat" }, "geometry": { "type": "Point", "coordinates": [ 4.855494201192851, 52.370960404141002 ] } },
{ "type": "Feature", "properties": { "transit_type": "railway", "name": "Burgemeester Roëllstraat" }, "geometry": { "type": "Point", "coordinates": [ 4.818543201156129, 52.374580404143231 ] } },
{ "type": "Feature", "properties": { "transit_type": "railway", "name": "Jan van Galenstraat" }, "geometry": { "type": "Point", "coordinates": [ 4.848589101186073, 52.373331904142432 ] } },
{ "type": "Feature", "properties": { "transit_type": "railway", "name": "Dam" }, "geometry": { "type": "Point", "coordinates": [ 4.891245001228643, 52.372731904141951 ] } },
{ "type": "Feature", "properties": { "transit_type": "railway", "name": "Dam" }, "geometry": { "type": "Point", "coordinates": [ 4.891348901228787, 52.373558704142482 ] } },
{ "type": "Feature", "properties": { "transit_type": "railway", "name": "Wibautstraat" }, "geometry": { "type": "Point", "coordinates": [ 4.909722101246367, 52.357349304132811 ] } },
{ "type": "Feature", "properties": { "transit_type": "railway", "name": "Tweede Van der Helststraat" }, "geometry": { "type": "Point", "coordinates": [ 4.894926301231394, 52.353334504130508 ] } },
{ "type": "Feature", "properties": { "transit_type": "railway", "name": "Amstelveenseweg" }, "geometry": { "type": "Point", "coordinates": [ 4.857248601193034, 52.338422004121774 ] } },
{ "type": "Feature", "properties": { "transit_type": "railway", "name": "Amstelveenseweg" }, "geometry": { "type": "Point", "coordinates": [ 4.857301001193074, 52.338232304121661 ] } },
{ "type": "Feature", "properties": { "transit_type": "railway", "name": "IJsbaanpad" }, "geometry": { "type": "Point", "coordinates": [ 4.857745701193682, 52.341605104123659 ] } },
{ "type": "Feature", "properties": { "transit_type": "railway", "name": "IJsbaanpad" }, "geometry": { "type": "Point", "coordinates": [ 4.857572101193459, 52.340598404123057 ] } },
{ "type": "Feature", "properties": { "transit_type": "railway", "name": "Olympisch Stadion" }, "geometry": { "type": "Point", "coordinates": [ 4.856836801192893, 52.344024904125078 ] } },
{ "type": "Feature", "properties": { "transit_type": "railway", "name": "Emmastraat" }, "geometry": { "type": "Point", "coordinates": [ 4.869515501205989, 52.352936304130317 ] } },
{ "type": "Feature", "properties": { "transit_type": "railway", "name": "Elandsgracht" }, "geometry": { "type": "Point", "coordinates": [ 4.877536101214801, 52.369520604140128 ] } },
{ "type": "Feature", "properties": { "transit_type": "railway", "name": "Kruislaan" }, "geometry": { "type": "Point", "coordinates": [ 4.93988530127606, 52.347927304127168 ] } },
{ "type": "Feature", "properties": { "transit_type": "railway", "name": "Bos en Lommerplein" }, "geometry": { "type": "Point", "coordinates": [ 4.846423401184097, 52.377193404144734 ] } },
{ "type": "Feature", "properties": { "transit_type": "railway", "name": "Johan Huizingalaan" }, "geometry": { "type": "Point", "coordinates": [ 4.82750240116383, 52.349103804128177 ] } },
{ "type": "Feature", "properties": { "transit_type": "railway", "name": "Bos en Lommerplein" }, "geometry": { "type": "Point", "coordinates": [ 4.844933501182639, 52.377782304145093 ] } },
{ "type": "Feature", "properties": { "transit_type": "railway", "name": "Johan Huizingalaan" }, "geometry": { "type": "Point", "coordinates": [ 4.827440601163773, 52.349218004128211 ] } },
{ "type": "Feature", "properties": { "transit_type": "railway", "name": "Burgemeester Fockstraat" }, "geometry": { "type": "Point", "coordinates": [ 4.831279401169105, 52.379891304146341 ] } },
{ "type": "Feature", "properties": { "transit_type": "railway", "name": "Burgemeester de Vlugtlaan" }, "geometry": { "type": "Point", "coordinates": [ 4.838293801176057, 52.378758104145625 ] } },
{ "type": "Feature", "properties": { "transit_type": "railway", "name": "Plein '40-'45" }, "geometry": { "type": "Point", "coordinates": [ 4.821159101159047, 52.380837304146887 ] } },
{ "type": "Feature", "properties": { "transit_type": "railway", "name": "Burgemeester de Vlugtlaan" }, "geometry": { "type": "Point", "coordinates": [ 4.837205401174979, 52.378963004145788 ] } },
{ "type": "Feature", "properties": { "transit_type": "railway", "name": "Rozengracht" }, "geometry": { "type": "Point", "coordinates": [ 4.875902701213316, 52.372651504141956 ] } },
{ "type": "Feature", "properties": { "transit_type": "railway", "name": "Marnixstraat" }, "geometry": { "type": "Point", "coordinates": [ 4.876338501213737, 52.37233640414177 ] } },
{ "type": "Feature", "properties": { "transit_type": "railway", "name": "Plein '40-'45" }, "geometry": { "type": "Point", "coordinates": [ 4.822524101160431, 52.381225304147101 ] } },
{ "type": "Feature", "properties": { "transit_type": "railway", "name": "Elandsgracht" }, "geometry": { "type": "Point", "coordinates": [ 4.878463301215656, 52.36814230413929 ] } },
{ "type": "Feature", "properties": { "transit_type": "railway", "name": "Burgemeester Eliasstraat" }, "geometry": { "type": "Point", "coordinates": [ 4.82581040116369, 52.380750004146861 ] } },
{ "type": "Feature", "properties": { "transit_type": "railway", "name": "Elandsgracht" }, "geometry": { "type": "Point", "coordinates": [ 4.876897101214112, 52.368541004139537 ] } },
{ "type": "Feature", "properties": { "transit_type": "railway", "name": "Burgemeester Eliasstraat" }, "geometry": { "type": "Point", "coordinates": [ 4.827503601165362, 52.380450504146658 ] } },
{ "type": "Feature", "properties": { "transit_type": "railway", "name": "Burgemeester Fockstraat" }, "geometry": { "type": "Point", "coordinates": [ 4.833239601171047, 52.379550704146169 ] } },
{ "type": "Feature", "properties": { "transit_type": "railway", "name": "VUmc Hoofdingang" }, "geometry": { "type": "Point", "coordinates": [ 4.860061401195688, 52.335197704119835 ] } },
{ "type": "Feature", "properties": { "transit_type": "railway", "name": "VUmc Hoofdingang" }, "geometry": { "type": "Point", "coordinates": [ 4.861117701196742, 52.335148504119822 ] } },
{ "type": "Feature", "properties": { "transit_type": "railway", "name": "Westermarkt" }, "geometry": { "type": "Point", "coordinates": [ 4.883773901221247, 52.374056504142793 ] } },
{ "type": "Feature", "properties": { "transit_type": "railway", "name": "Concertgebouw" }, "geometry": { "type": "Point", "coordinates": [ 4.879180401215788, 52.355924504132105 ] } },
{ "type": "Feature", "properties": { "transit_type": "railway", "name": "Concertgebouw" }, "geometry": { "type": "Point", "coordinates": [ 4.879814601216443, 52.356387504132357 ] } },
{ "type": "Feature", "properties": { "transit_type": "railway", "name": "Olympisch Stadion" }, "geometry": { "type": "Point", "coordinates": [ 4.856952301192999, 52.343846804125015 ] } },
{ "type": "Feature", "properties": { "transit_type": "railway", "name": "Westermarkt" }, "geometry": { "type": "Point", "coordinates": [ 4.884335901221803, 52.374014304142726 ] } },
{ "type": "Feature", "properties": { "transit_type": "railway", "name": "Zeilstraat" }, "geometry": { "type": "Point", "coordinates": [ 4.856734001193139, 52.35124220412937 ] } },
{ "type": "Feature", "properties": { "transit_type": "railway", "name": "Amstelveenseweg" }, "geometry": { "type": "Point", "coordinates": [ 4.856953201193376, 52.351618304129573 ] } },
{ "type": "Feature", "properties": { "transit_type": "railway", "name": "Emmastraat" }, "geometry": { "type": "Point", "coordinates": [ 4.870169001206653, 52.353192604130477 ] } },
{ "type": "Feature", "properties": { "transit_type": "railway", "name": "Amstelveenseweg" }, "geometry": { "type": "Point", "coordinates": [ 4.858279301194718, 52.351953304129772 ] } },
{ "type": "Feature", "properties": { "transit_type": "railway", "name": "Amstelveenseweg" }, "geometry": { "type": "Point", "coordinates": [ 4.856472301192901, 52.351758304129667 ] } },
{ "type": "Feature", "properties": { "transit_type": "railway", "name": "Nieuwezijds Kolk" }, "geometry": { "type": "Point", "coordinates": [ 4.894676601232269, 52.376826904144394 ] } },
{ "type": "Feature", "properties": { "transit_type": "railway", "name": "Nieuwezijds Kolk" }, "geometry": { "type": "Point", "coordinates": [ 4.894643501232236, 52.376846404144374 ] } },
{ "type": "Feature", "properties": { "transit_type": "railway", "name": "Heemstedestraat" }, "geometry": { "type": "Point", "coordinates": [ 4.833750401170187, 52.351509504129581 ] } },
{ "type": "Feature", "properties": { "transit_type": "railway", "name": "Kattenburgerstraat" }, "geometry": { "type": "Point", "coordinates": [ 4.922059901259575, 52.376065604143832 ] } },
{ "type": "Feature", "properties": { "transit_type": "railway", "name": "Zuiderzeeweg" }, "geometry": { "type": "Point", "coordinates": [ 4.961696101298975, 52.372000104141271 ] } },
{ "type": "Feature", "properties": { "transit_type": "railway", "name": "Laan van Vlaanderen" }, "geometry": { "type": "Point", "coordinates": [ 4.816387001152593, 52.346482204126609 ] } },
{ "type": "Feature", "properties": { "transit_type": "railway", "name": "Hoekenes" }, "geometry": { "type": "Point", "coordinates": [ 4.801838101138356, 52.352437604130166 ] } },
{ "type": "Feature", "properties": { "transit_type": "railway", "name": "Derkinderenstraat" }, "geometry": { "type": "Point", "coordinates": [ 4.839748201176497, 52.357957304133372 ] } },
{ "type": "Feature", "properties": { "transit_type": "railway", "name": "Victorieplein" }, "geometry": { "type": "Point", "coordinates": [ 4.905674301241802, 52.34636570412632 ] } },
{ "type": "Feature", "properties": { "transit_type": "railway", "name": "Victorieplein" }, "geometry": { "type": "Point", "coordinates": [ 4.905072001241218, 52.3467733041266 ] } },
{ "type": "Feature", "properties": { "transit_type": "railway", "name": "1e C. Huygensstraat" }, "geometry": { "type": "Point", "coordinates": [ 4.874714501211647, 52.362616304136061 ] } },
{ "type": "Feature", "properties": { "transit_type": "railway", "name": "Camperstraat" }, "geometry": { "type": "Point", "coordinates": [ 4.913482101250171, 52.358335004133401 ] } },
{ "type": "Feature", "properties": { "transit_type": "railway", "name": "Marco Polostraat" }, "geometry": { "type": "Point", "coordinates": [ 4.855108401192463, 52.370862104140969 ] } },
{ "type": "Feature", "properties": { "transit_type": "railway", "name": "De Boelelaan/VU" }, "geometry": { "type": "Point", "coordinates": [ 4.865983301201608, 52.335230804119853 ] } },
{ "type": "Feature", "properties": { "transit_type": "railway", "name": "De Clercqstraat" }, "geometry": { "type": "Point", "coordinates": [ 4.870551801207909, 52.371248504141157 ] } },
{ "type": "Feature", "properties": { "transit_type": "railway", "name": "Sloterpark" }, "geometry": { "type": "Point", "coordinates": [ 4.818609801156111, 52.372865704142221 ] } },
{ "type": "Feature", "properties": { "transit_type": "railway", "name": "Amstelkade" }, "geometry": { "type": "Point", "coordinates": [ 4.904043001240317, 52.349410004128117 ] } },
{ "type": "Feature", "properties": { "transit_type": "railway", "name": "Molukkenstraat" }, "geometry": { "type": "Point", "coordinates": [ 4.940505101277326, 52.361740404135311 ] } },
{ "type": "Feature", "properties": { "transit_type": "railway", "name": "Leidseplein" }, "geometry": { "type": "Point", "coordinates": [ 4.883062001220025, 52.363445604136508 ] } },
{ "type": "Feature", "properties": { "transit_type": "railway", "name": "Jan Pieter Heijestraat" }, "geometry": { "type": "Point", "coordinates": [ 4.866621901203464, 52.360525604134857 ] } },
{ "type": "Feature", "properties": { "transit_type": "railway", "name": "Delflandlaan" }, "geometry": { "type": "Point", "coordinates": [ 4.841638201178069, 52.351541804129589 ] } },
{ "type": "Feature", "properties": { "transit_type": "railway", "name": "Delflandlaan" }, "geometry": { "type": "Point", "coordinates": [ 4.839760001176193, 52.351558004129615 ] } },
{ "type": "Feature", "properties": { "transit_type": "railway", "name": "Leidseplein" }, "geometry": { "type": "Point", "coordinates": [ 4.880793601217815, 52.364615504137234 ] } },
{ "type": "Feature", "properties": { "transit_type": "railway", "name": "Burgemeester Roëllstraat" }, "geometry": { "type": "Point", "coordinates": [ 4.819457101157143, 52.376660404144459 ] } },
{ "type": "Feature", "properties": { "transit_type": "railway", "name": "Parnassusweg" }, "geometry": { "type": "Point", "coordinates": [ 4.868854201204588, 52.337505504121211 ] } },
{ "type": "Feature", "properties": { "transit_type": "railway", "name": "A. J. Ernststraat" }, "geometry": { "type": "Point", "coordinates": [ 4.868869401204367, 52.33258900411829 ] } },
{ "type": "Feature", "properties": { "transit_type": "railway", "name": "Dijkgraafplein" }, "geometry": { "type": "Point", "coordinates": [ 4.787017601123708, 52.355582504132016 ] } },
{ "type": "Feature", "properties": { "transit_type": "railway", "name": "Dijkgraafplein" }, "geometry": { "type": "Point", "coordinates": [ 4.786492901123172, 52.355448104131952 ] } },
{ "type": "Feature", "properties": { "transit_type": "railway", "name": "Valeriusplein" }, "geometry": { "type": "Point", "coordinates": [ 4.863345501199836, 52.353182104130504 ] } },
{ "type": "Feature", "properties": { "transit_type": "railway", "name": "Valeriusplein" }, "geometry": { "type": "Point", "coordinates": [ 4.863633701200131, 52.353298904130533 ] } },
{ "type": "Feature", "properties": { "transit_type": "railway", "name": "Pilatus" }, "geometry": { "type": "Point", "coordinates": [ 4.776554001113124, 52.353010804130477 ] } },
{ "type": "Feature", "properties": { "transit_type": "railway", "name": "Inaristraat" }, "geometry": { "type": "Point", "coordinates": [ 4.782948301119387, 52.350448904128982 ] } },
{ "type": "Feature", "properties": { "transit_type": "railway", "name": "Muiderpoortstation" }, "geometry": { "type": "Point", "coordinates": [ 4.933632801270437, 52.361174904134991 ] } },
{ "type": "Feature", "properties": { "transit_type": "railway", "name": "Station Sloterdijk" }, "geometry": { "type": "Point", "coordinates": [ 4.839217201177427, 52.387969604151088 ] } },
{ "type": "Feature", "properties": { "transit_type": "railway", "name": "Bilderdijkstraat" }, "geometry": { "type": "Point", "coordinates": [ 4.872551801209716, 52.367363204138876 ] } },
{ "type": "Feature", "properties": { "transit_type": "railway", "name": "De Vlugtlaan" }, "geometry": { "type": "Point", "coordinates": [ 4.838222301176025, 52.379613404146149 ] } },
{ "type": "Feature", "properties": { "transit_type": "railway", "name": "Bloemgracht" }, "geometry": { "type": "Point", "coordinates": [ 4.876383701213878, 52.374278204142954 ] } },
{ "type": "Feature", "properties": { "transit_type": "railway", "name": "Kinkerstraat" }, "geometry": { "type": "Point", "coordinates": [ 4.872295401209447, 52.367083104138707 ] } },
{ "type": "Feature", "properties": { "transit_type": "railway", "name": "Centraal Station" }, "geometry": { "type": "Point", "coordinates": [ 4.900343401237972, 52.377805804144948 ] } },
{ "type": "Feature", "properties": { "transit_type": "railway", "name": "Centraal Station" }, "geometry": { "type": "Point", "coordinates": [ 4.900362901237995, 52.377850504144988 ] } },
{ "type": "Feature", "properties": { "transit_type": "railway", "name": "Bos en Lommerweg" }, "geometry": { "type": "Point", "coordinates": [ 4.855277101193089, 52.380300604146534 ] } },
{ "type": "Feature", "properties": { "transit_type": "railway", "name": "Wiltzanghlaan" }, "geometry": { "type": "Point", "coordinates": [ 4.852225101190125, 52.382043904147565 ] } },
{ "type": "Feature", "properties": { "transit_type": "railway", "name": "Dam" }, "geometry": { "type": "Point", "coordinates": [ 4.895379101232876, 52.374867604143255 ] } },
{ "type": "Feature", "properties": { "transit_type": "railway", "name": "Rokin" }, "geometry": { "type": "Point", "coordinates": [ 4.892125201229366, 52.369457204140048 ] } },
{ "type": "Feature", "properties": { "transit_type": "railway", "name": "Rokin" }, "geometry": { "type": "Point", "coordinates": [ 4.892274001229529, 52.369722104140195 ] } },
{ "type": "Feature", "properties": { "transit_type": "railway", "name": "Rembrandtplein" }, "geometry": { "type": "Point", "coordinates": [ 4.896423801233507, 52.366260104138149 ] } },
{ "type": "Feature", "properties": { "transit_type": "railway", "name": "Waterlooplein" }, "geometry": { "type": "Point", "coordinates": [ 4.902228401239349, 52.367171504138646 ] } },
{ "type": "Feature", "properties": { "transit_type": "railway", "name": "Meester Visserplein" }, "geometry": { "type": "Point", "coordinates": [ 4.905847401242991, 52.367753504139017 ] } },
{ "type": "Feature", "properties": { "transit_type": "railway", "name": "Artis" }, "geometry": { "type": "Point", "coordinates": [ 4.911323701248405, 52.366562304138277 ] } },
{ "type": "Feature", "properties": { "transit_type": "railway", "name": "Keizersgracht" }, "geometry": { "type": "Point", "coordinates": [ 4.898291501235254, 52.363791604136686 ] } },
{ "type": "Feature", "properties": { "transit_type": "railway", "name": "Frederiksplein" }, "geometry": { "type": "Point", "coordinates": [ 4.898904901235639, 52.359002404133847 ] } },
{ "type": "Feature", "properties": { "transit_type": "railway", "name": "Ceintuurbaan" }, "geometry": { "type": "Point", "coordinates": [ 4.901066901237611, 52.355034604131482 ] } },
{ "type": "Feature", "properties": { "transit_type": "railway", "name": "Lutmastraat" }, "geometry": { "type": "Point", "coordinates": [ 4.903320001239692, 52.351450104129363 ] } },
{ "type": "Feature", "properties": { "transit_type": "railway", "name": "Victorieplein" }, "geometry": { "type": "Point", "coordinates": [ 4.905100601241241, 52.346587304126494 ] } },
{ "type": "Feature", "properties": { "transit_type": "railway", "name": "Amstelkade" }, "geometry": { "type": "Point", "coordinates": [ 4.904340701240582, 52.348725904127761 ] } },
{ "type": "Feature", "properties": { "transit_type": "railway", "name": "Plantage Lepellaan" }, "geometry": { "type": "Point", "coordinates": [ 4.915531701252541, 52.36510450413742 ] } },
{ "type": "Feature", "properties": { "transit_type": "railway", "name": "Mauritskade" }, "geometry": { "type": "Point", "coordinates": [ 4.921336901258242, 52.363065904136214 ] } },
{ "type": "Feature", "properties": { "transit_type": "railway", "name": "Alexanderplein" }, "geometry": { "type": "Point", "coordinates": [ 4.919609701256533, 52.363434304136383 ] } },
{ "type": "Feature", "properties": { "transit_type": "railway", "name": "Plantage Lepellaan" }, "geometry": { "type": "Point", "coordinates": [ 4.915276801252291, 52.365222504137442 ] } },
{ "type": "Feature", "properties": { "transit_type": "railway", "name": "Eerste Van Swindenstraat" }, "geometry": { "type": "Point", "coordinates": [ 4.92382860126069, 52.362193604135662 ] } },
{ "type": "Feature", "properties": { "transit_type": "railway", "name": "Eerste Van Swindenstraat" }, "geometry": { "type": "Point", "coordinates": [ 4.92415590126099, 52.361616004135286 ] } },
{ "type": "Feature", "properties": { "transit_type": "railway", "name": "Wijttenbachstraat" }, "geometry": { "type": "Point", "coordinates": [ 4.925086701261855, 52.360259004134505 ] } },
{ "type": "Feature", "properties": { "transit_type": "railway", "name": "Oostpoort" }, "geometry": { "type": "Point", "coordinates": [ 4.926901801263535, 52.35743830413282 ] } },
{ "type": "Feature", "properties": { "transit_type": "railway", "name": "Hugo de Vrieslaan" }, "geometry": { "type": "Point", "coordinates": [ 4.934801001271126, 52.351066004129031 ] } },
{ "type": "Feature", "properties": { "transit_type": "railway", "name": "Kruislaan" }, "geometry": { "type": "Point", "coordinates": [ 4.940453601276612, 52.347613504127011 ] } },
{ "type": "Feature", "properties": { "transit_type": "railway", "name": "Brinkstraat" }, "geometry": { "type": "Point", "coordinates": [ 4.947809901283745, 52.342950804124179 ] } },
{ "type": "Feature", "properties": { "transit_type": "railway", "name": "Muziekgebouw" }, "geometry": { "type": "Point", "coordinates": [ 4.912547001250135, 52.37727610414462 ] } },
{ "type": "Feature", "properties": { "transit_type": "railway", "name": "Rietlandpark" }, "geometry": { "type": "Point", "coordinates": [ 4.934040901271398, 52.372989604141956 ] } },
{ "type": "Feature", "properties": { "transit_type": "railway", "name": "Zuiderzeeweg" }, "geometry": { "type": "Point", "coordinates": [ 4.961673901298949, 52.371970604141254 ] } },
{ "type": "Feature", "properties": { "transit_type": "railway", "name": "Koningsplein" }, "geometry": { "type": "Point", "coordinates": [ 4.88899140122617, 52.36804240413921 ] } },
{ "type": "Feature", "properties": { "transit_type": "railway", "name": "Bob Haarmslaan" }, "geometry": { "type": "Point", "coordinates": [ 4.968868901305997, 52.368962704139477 ] } },
{ "type": "Feature", "properties": { "transit_type": "railway", "name": "Diemerparklaan" }, "geometry": { "type": "Point", "coordinates": [ 4.994624701331103, 52.355515404131403 ] } },
{ "type": "Feature", "properties": { "transit_type": "railway", "name": "Kattenburgerstraat" }, "geometry": { "type": "Point", "coordinates": [ 4.921109901258636, 52.376167204143954 ] } },
{ "type": "Feature", "properties": { "transit_type": "railway", "name": "Diemerparklaan" }, "geometry": { "type": "Point", "coordinates": [ 4.99588060133233, 52.354910304130996 ] } },
{ "type": "Feature", "properties": { "transit_type": "railway", "name": "Lumièrestraat" }, "geometry": { "type": "Point", "coordinates": [ 5.000230201336572, 52.352596104129624 ] } },
{ "type": "Feature", "properties": { "transit_type": "railway", "name": "Lumièrestraat" }, "geometry": { "type": "Point", "coordinates": [ 4.999016701335385, 52.353180704129983 ] } },
{ "type": "Feature", "properties": { "transit_type": "railway", "name": "Bloemgracht" }, "geometry": { "type": "Point", "coordinates": [ 4.876516001214016, 52.374418904143013 ] } },
{ "type": "Feature", "properties": { "transit_type": "railway", "name": "Molenwerf" }, "geometry": { "type": "Point", "coordinates": [ 4.846080801184177, 52.385887304149833 ] } },
{ "type": "Feature", "properties": { "transit_type": "railway", "name": "Javaplein" }, "geometry": { "type": "Point", "coordinates": [ 4.938566201275497, 52.364054704136649 ] } },
{ "type": "Feature", "properties": { "transit_type": "railway", "name": "Javaplein" }, "geometry": { "type": "Point", "coordinates": [ 4.93824110127518, 52.364172504136747 ] } },
{ "type": "Feature", "properties": { "transit_type": "railway", "name": "C. van Eesterenlaan" }, "geometry": { "type": "Point", "coordinates": [ 4.938170201275544, 52.373459604142226 ] } },
{ "type": "Feature", "properties": { "transit_type": "railway", "name": null }, "geometry": { "type": "Point", "coordinates": [ 4.963483401300724, 52.371304904140857 ] } },
{ "type": "Feature", "properties": { "transit_type": "railway", "name": "Steigereiland" }, "geometry": { "type": "Point", "coordinates": [ 4.98101430131784, 52.362707304135739 ] } },
{ "type": "Feature", "properties": { "transit_type": "railway", "name": "Steigereiland" }, "geometry": { "type": "Point", "coordinates": [ 4.979994901316842, 52.363205204135987 ] } },
{ "type": "Feature", "properties": { "transit_type": "railway", "name": "Paleisstraat" }, "geometry": { "type": "Point", "coordinates": [ 4.890653601228036, 52.372356904141775 ] } },
{ "type": "Feature", "properties": { "transit_type": "railway", "name": "Rembrandtplein" }, "geometry": { "type": "Point", "coordinates": [ 4.896819901233902, 52.366229204138108 ] } },
{ "type": "Feature", "properties": { "transit_type": "railway", "name": "Rozengracht" }, "geometry": { "type": "Point", "coordinates": [ 4.875944001213319, 52.371819604141471 ] } },
{ "type": "Feature", "properties": { "transit_type": "railway", "name": "Marnixstraat" }, "geometry": { "type": "Point", "coordinates": [ 4.87528380121267, 52.372053804141636 ] } },
{ "type": "Feature", "properties": { "transit_type": "railway", "name": "Amsterdam ArenA" }, "geometry": { "type": "Point", "coordinates": [ 4.942930501277606, 52.315989804108163 ] } },
{ "type": "Feature", "properties": { "transit_type": "railway", "name": "Ceintuurbaan" }, "geometry": { "type": "Point", "coordinates": [ 4.901442201237964, 52.354577604131229 ] } },
{ "type": "Feature", "properties": { "transit_type": "railway", "name": "Dintelstraat" }, "geometry": { "type": "Point", "coordinates": [ 4.893324001229249, 52.341887004123734 ] } },
{ "type": "Feature", "properties": { "transit_type": "railway", "name": "Europaplein" }, "geometry": { "type": "Point", "coordinates": [ 4.892281601228138, 52.340432404122851 ] } },
{ "type": "Feature", "properties": { "transit_type": "railway", "name": "Station RAI" }, "geometry": { "type": "Point", "coordinates": [ 4.890639301226328, 52.336916104120789 ] } },
{ "type": "Feature", "properties": { "transit_type": "railway", "name": "Drentepark" }, "geometry": { "type": "Point", "coordinates": [ 4.889801001225459, 52.3362207041204 ] } },
{ "type": "Feature", "properties": { "transit_type": "railway", "name": "Amsteldijk" }, "geometry": { "type": "Point", "coordinates": [ 4.911158301247317, 52.347103704126781 ] } },
{ "type": "Feature", "properties": { "transit_type": "railway", "name": "Willem de Zwijgerlaan" }, "geometry": { "type": "Point", "coordinates": [ 4.864159801201484, 52.3704336041407 ] } },
{ "type": "Feature", "properties": { "transit_type": "railway", "name": "Admiraal De Ruijterweg" }, "geometry": { "type": "Point", "coordinates": [ 4.860457701197832, 52.371390204141257 ] } },
{ "type": "Feature", "properties": { "transit_type": "railway", "name": "Kinkerstraat" }, "geometry": { "type": "Point", "coordinates": [ 4.871993301209161, 52.367457904138924 ] } },
{ "type": "Feature", "properties": { "transit_type": "railway", "name": "Bilderdijkstraat" }, "geometry": { "type": "Point", "coordinates": [ 4.869835901207171, 52.370824304140882 ] } },
{ "type": "Feature", "properties": { "transit_type": "railway", "name": "De Pijp" }, "geometry": { "type": "Point", "coordinates": [ 4.890596101227038, 52.352705804130139 ] } },
{ "type": "Feature", "properties": { "transit_type": "railway", "name": "Overtoom" }, "geometry": { "type": "Point", "coordinates": [ 4.875089301212039, 52.363012504136279 ] } },
{ "type": "Feature", "properties": { "transit_type": "railway", "name": "Overtoom" }, "geometry": { "type": "Point", "coordinates": [ 4.874979401211943, 52.363227004136419 ] } },
{ "type": "Feature", "properties": { "transit_type": "railway", "name": "Scheldestraat" }, "geometry": { "type": "Point", "coordinates": [ 4.891156601227348, 52.347477404127062 ] } },
{ "type": "Feature", "properties": { "transit_type": "railway", "name": "Van Baerlestraat" }, "geometry": { "type": "Point", "coordinates": [ 4.87831800121505, 52.358453804133582 ] } },
{ "type": "Feature", "properties": { "transit_type": "railway", "name": "Van Baerlestraat" }, "geometry": { "type": "Point", "coordinates": [ 4.878126601214874, 52.358779304133776 ] } },
{ "type": "Feature", "properties": { "transit_type": "railway", "name": "Victorieplein" }, "geometry": { "type": "Point", "coordinates": [ 4.906347801242479, 52.346427804126378 ] } },
{ "type": "Feature", "properties": { "transit_type": "railway", "name": "Vennepluimstraat" }, "geometry": { "type": "Point", "coordinates": [ 4.990504701327088, 52.357699804132693 ] } },
{ "type": "Feature", "properties": { "transit_type": "railway", "name": "Baden Powellweg" }, "geometry": { "type": "Point", "coordinates": [ 4.794498601130949, 52.350951504129306 ] } },
{ "type": "Feature", "properties": { "transit_type": "railway", "name": "Ecuplein" }, "geometry": { "type": "Point", "coordinates": [ 4.788156501124551, 52.34969940412855 ] } },
{ "type": "Feature", "properties": { "transit_type": "railway", "name": "1e C. Huygensstraat" }, "geometry": { "type": "Point", "coordinates": [ 4.87489500121183, 52.362635104136039 ] } },
{ "type": "Feature", "properties": { "transit_type": "railway", "name": "Johan Huizingalaan" }, "geometry": { "type": "Point", "coordinates": [ 4.826238301162991, 52.357787304133275 ] } },
{ "type": "Feature", "properties": { "transit_type": "railway", "name": "Johan Huizingalaan" }, "geometry": { "type": "Point", "coordinates": [ 4.825895301162651, 52.357812304133333 ] } },
{ "type": "Feature", "properties": { "transit_type": "railway", "name": "Keizersgracht" }, "geometry": { "type": "Point", "coordinates": [ 4.88653830122362, 52.365991904138014 ] } },
{ "type": "Feature", "properties": { "transit_type": "railway", "name": "Leidseplein" }, "geometry": { "type": "Point", "coordinates": [ 4.882971701219971, 52.364223304136992 ] } },
{ "type": "Feature", "properties": { "transit_type": "railway", "name": "Louis Davidsstraat" }, "geometry": { "type": "Point", "coordinates": [ 4.808492901145073, 52.353842304130985 ] } },
{ "type": "Feature", "properties": { "transit_type": "railway", "name": "Matterhorn" }, "geometry": { "type": "Point", "coordinates": [ 4.77450430111112, 52.353868704130988 ] } },
{ "type": "Feature", "properties": { "transit_type": "railway", "name": "Meer en Vaart" }, "geometry": { "type": "Point", "coordinates": [ 4.809911901146613, 52.356370004132458 ] } },
{ "type": "Feature", "properties": { "transit_type": "railway", "name": "Prinsengracht" }, "geometry": { "type": "Point", "coordinates": [ 4.88454040122158, 52.365045704137444 ] } },
{ "type": "Feature", "properties": { "transit_type": "railway", "name": "Station Lelylaan" }, "geometry": { "type": "Point", "coordinates": [ 4.833783501170534, 52.357900404133353 ] } },
{ "type": "Feature", "properties": { "transit_type": "railway", "name": "Curaçaostraat" }, "geometry": { "type": "Point", "coordinates": [ 4.850697501187464, 52.358617604133755 ] } },
{ "type": "Feature", "properties": { "transit_type": "railway", "name": "Cornelis Schuytstraat" }, "geometry": { "type": "Point", "coordinates": [ 4.870585101207205, 52.355998704132148 ] } },
{ "type": "Feature", "properties": { "transit_type": "railway", "name": "Centrum Nieuw Sloten" }, "geometry": { "type": "Point", "coordinates": [ 4.810540501146745, 52.346281204126512 ] } },
{ "type": "Feature", "properties": { "transit_type": "railway", "name": "Louwesweg" }, "geometry": { "type": "Point", "coordinates": [ 4.825073801161288, 52.346707004126706 ] } },
{ "type": "Feature", "properties": { "transit_type": "railway", "name": "Nieuwe Willemsstraat" }, "geometry": { "type": "Point", "coordinates": [ 4.881180001219018, 52.381637904147262 ] } },
{ "type": "Feature", "properties": { "transit_type": "railway", "name": "Frederik Hendrikplantsoen" }, "geometry": { "type": "Point", "coordinates": [ 4.875411101213113, 52.378600704145455 ] } },
{ "type": "Feature", "properties": { "transit_type": "railway", "name": "Tweede Van der Helststraat" }, "geometry": { "type": "Point", "coordinates": [ 4.894215301230678, 52.353190504130403 ] } },
{ "type": "Feature", "properties": { "transit_type": "railway", "name": "Beukenweg" }, "geometry": { "type": "Point", "coordinates": [ 4.91724810125393, 52.358239104133332 ] } },
{ "type": "Feature", "properties": { "transit_type": "railway", "name": "Muiderpoortstation" }, "geometry": { "type": "Point", "coordinates": [ 4.932612801269397, 52.360796504134754 ] } },
{ "type": "Feature", "properties": { "transit_type": "railway", "name": "Camperstraat" }, "geometry": { "type": "Point", "coordinates": [ 4.913782601250473, 52.358390904133437 ] } },
{ "type": "Feature", "properties": { "transit_type": "railway", "name": "Dapperstraat" }, "geometry": { "type": "Point", "coordinates": [ 4.929757501266561, 52.361098604134995 ] } },
{ "type": "Feature", "properties": { "transit_type": "railway", "name": "Linnaeusstraat" }, "geometry": { "type": "Point", "coordinates": [ 4.924911801261665, 52.359916504134269 ] } },
{ "type": "Feature", "properties": { "transit_type": "railway", "name": "Stadionweg" }, "geometry": { "type": "Point", "coordinates": [ 4.876864501213031, 52.346674004126577 ] } },
{ "type": "Feature", "properties": { "transit_type": "railway", "name": "Stadionweg" }, "geometry": { "type": "Point", "coordinates": [ 4.876883401213073, 52.347142504126907 ] } },
{ "type": "Feature", "properties": { "transit_type": "railway", "name": "Prinses Irenestraat" }, "geometry": { "type": "Point", "coordinates": [ 4.876774901212769, 52.343107404124488 ] } },
{ "type": "Feature", "properties": { "transit_type": "railway", "name": "Witte de Withstraat" }, "geometry": { "type": "Point", "coordinates": [ 4.858609501195665, 52.364787204137372 ] } },
{ "type": "Feature", "properties": { "transit_type": "railway", "name": "Jan van Galenstraat" }, "geometry": { "type": "Point", "coordinates": [ 4.848724201186192, 52.372982604142237 ] } },
{ "type": "Feature", "properties": { "transit_type": "railway", "name": "Alexanderplein" }, "geometry": { "type": "Point", "coordinates": [ 4.91856840125549, 52.363370804136366 ] } },
{ "type": "Feature", "properties": { "transit_type": "railway", "name": "Flevopark" }, "geometry": { "type": "Point", "coordinates": [ 4.951056801288032, 52.365246704137363 ] } },
{ "type": "Feature", "properties": { "transit_type": "railway", "name": "Frederiksplein" }, "geometry": { "type": "Point", "coordinates": [ 4.897848301234604, 52.359410904134101 ] } },
{ "type": "Feature", "properties": { "transit_type": "railway", "name": "Insulindeweg" }, "geometry": { "type": "Point", "coordinates": [ 4.947866201284831, 52.364943104137176 ] } },
{ "type": "Feature", "properties": { "transit_type": "railway", "name": "Soembawastraat" }, "geometry": { "type": "Point", "coordinates": [ 4.943388401280226, 52.362144204135539 ] } },
{ "type": "Feature", "properties": { "transit_type": "railway", "name": "Rijksmuseum" }, "geometry": { "type": "Point", "coordinates": [ 4.886380201223239, 52.361291704135219 ] } },
{ "type": "Feature", "properties": { "transit_type": "railway", "name": "Hoogte Kadijk" }, "geometry": { "type": "Point", "coordinates": [ 4.924247701261316, 52.366649104138276 ] } },
{ "type": "Feature", "properties": { "transit_type": "railway", "name": "Rietlandpark" }, "geometry": { "type": "Point", "coordinates": [ 4.934401101271755, 52.372928004141983 ] } },
{ "type": "Feature", "properties": { "transit_type": "railway", "name": "De Wittenkade" }, "geometry": { "type": "Point", "coordinates": [ 4.877086001215006, 52.383144404148162 ] } },
{ "type": "Feature", "properties": { "transit_type": "railway", "name": "Nassaukade" }, "geometry": { "type": "Point", "coordinates": [ 4.879152501216968, 52.381068504146917 ] } },
{ "type": "Feature", "properties": { "transit_type": "railway", "name": "Van Limburg Stirumplein" }, "geometry": { "type": "Point", "coordinates": [ 4.875135101213111, 52.384294604148835 ] } },
{ "type": "Feature", "properties": { "transit_type": "railway", "name": "Admiraal Helfrichstraat" }, "geometry": { "type": "Point", "coordinates": [ 4.843821601181123, 52.369442904140122 ] } },
{ "type": "Feature", "properties": { "transit_type": "railway", "name": "Doctor H. Colijnstraat" }, "geometry": { "type": "Point", "coordinates": [ 4.806813701144531, 52.376923004144601 ] } },
{ "type": "Feature", "properties": { "transit_type": "railway", "name": "Jan Tooropstraat" }, "geometry": { "type": "Point", "coordinates": [ 4.838101901175506, 52.371426904141344 ] } },
{ "type": "Feature", "properties": { "transit_type": "railway", "name": "Jan Voermanstraat" }, "geometry": { "type": "Point", "coordinates": [ 4.837838901175162, 52.369712104140312 ] } },
{ "type": "Feature", "properties": { "transit_type": "railway", "name": "Jan van Galenstraat" }, "geometry": { "type": "Point", "coordinates": [ 4.835005101172503, 52.373233704142415 ] } },
{ "type": "Feature", "properties": { "transit_type": "railway", "name": "Mercatorplein" }, "geometry": { "type": "Point", "coordinates": [ 4.851487101188818, 52.370234904140581 ] } },
{ "type": "Feature", "properties": { "transit_type": "railway", "name": "Pontanusstraat" }, "geometry": { "type": "Point", "coordinates": [ 4.927597401264626, 52.365903404137839 ] } },
{ "type": "Feature", "properties": { "transit_type": "railway", "name": "Zeeburgerdijk" }, "geometry": { "type": "Point", "coordinates": [ 4.932594501269618, 52.365837704137753 ] } },
{ "type": "Feature", "properties": { "transit_type": "railway", "name": "De Boelelaan/VU" }, "geometry": { "type": "Point", "coordinates": [ 4.86638650120201, 52.335197104119835 ] } },
{ "type": "Feature", "properties": { "transit_type": "railway", "name": "Haarlemmermeerstation" }, "geometry": { "type": "Point", "coordinates": [ 4.857500401193797, 52.34904550412805 ] } },
{ "type": "Feature", "properties": { "transit_type": "railway", "name": "Baden Powellweg" }, "geometry": { "type": "Point", "coordinates": [ 4.791747601128476, 52.356501804132542 ] } },
{ "type": "Feature", "properties": { "transit_type": "railway", "name": "Corantijnstraat" }, "geometry": { "type": "Point", "coordinates": [ 4.853247001190157, 52.361593704135487 ] } },
{ "type": "Feature", "properties": { "transit_type": "railway", "name": "Hoekenes" }, "geometry": { "type": "Point", "coordinates": [ 4.799566901136363, 52.358081904133478 ] } },
{ "type": "Feature", "properties": { "transit_type": "railway", "name": "Osdorpplein West" }, "geometry": { "type": "Point", "coordinates": [ 4.803204101140068, 52.359538804134338 ] } },
{ "type": "Feature", "properties": { "transit_type": "railway", "name": "Postjesweg" }, "geometry": { "type": "Point", "coordinates": [ 4.853148701190169, 52.363855704136832 ] } },
{ "type": "Feature", "properties": { "transit_type": "railway", "name": "Osdorpplein Oost" }, "geometry": { "type": "Point", "coordinates": [ 4.808058201144872, 52.358636004133807 ] } },
{ "type": "Feature", "properties": { "transit_type": "railway", "name": "Minervaplein" }, "geometry": { "type": "Point", "coordinates": [ 4.872013701208187, 52.346695004126609 ] } },
{ "type": "Feature", "properties": { "transit_type": "railway", "name": "Olympiaplein" }, "geometry": { "type": "Point", "coordinates": [ 4.866642101202802, 52.346373504126461 ] } },
{ "type": "Feature", "properties": { "transit_type": "railway", "name": "Olympiaweg" }, "geometry": { "type": "Point", "coordinates": [ 4.858641601194757, 52.345268604125842 ] } },
{ "type": "Feature", "properties": { "transit_type": "railway", "name": "Erasmusgracht" }, "geometry": { "type": "Point", "coordinates": [ 4.846973401184605, 52.376331204144208 ] } },
{ "type": "Feature", "properties": { "transit_type": "railway", "name": "W. Schoutenstraat" }, "geometry": { "type": "Point", "coordinates": [ 4.852596001189766, 52.366995204138682 ] } },
{ "type": "Feature", "properties": { "transit_type": "railway", "name": "W. Schoutenstraat" }, "geometry": { "type": "Point", "coordinates": [ 4.852361201189552, 52.367388604138931 ] } },
{ "type": "Feature", "properties": { "transit_type": "railway", "name": "Westlandgracht" }, "geometry": { "type": "Point", "coordinates": [ 4.845015701181449, 52.351594704129582 ] } },
{ "type": "Feature", "properties": { "transit_type": "railway", "name": "Uilenstede" }, "geometry": { "type": "Point", "coordinates": [ 4.869210801204195, 52.321946304111933 ] } },
{ "type": "Feature", "properties": { "transit_type": "railway", "name": "Bob Haarmslaan" }, "geometry": { "type": "Point", "coordinates": [ 4.968290101305434, 52.369315404139677 ] } },
{ "type": "Feature", "properties": { "transit_type": "railway", "name": "Amsterdam Sloterdijk" }, "geometry": { "type": "Point", "coordinates": [ 4.838106201176369, 52.389031704151733 ] } },
{ "type": "Feature", "properties": { "transit_type": "railway", "name": "Amsterdam Bijlmer ArenA" }, "geometry": { "type": "Point", "coordinates": [ 4.94708830128159, 52.312244904105917 ] } },
{ "type": "Feature", "properties": { "transit_type": "railway", "name": "Amsterdam Amstel" }, "geometry": { "type": "Point", "coordinates": [ 4.917556701253681, 52.346465604126358 ] } },
{ "type": "Feature", "properties": { "transit_type": "railway", "name": "Gein" }, "geometry": { "type": "Point", "coordinates": [ 4.989012901322773, 52.296338004096221 ] } },
{ "type": "Feature", "properties": { "transit_type": "railway", "name": "Reigersbos" }, "geometry": { "type": "Point", "coordinates": [ 4.974421801308152, 52.295647804095928 ] } },
{ "type": "Feature", "properties": { "transit_type": "railway", "name": "Gaasperplas" }, "geometry": { "type": "Point", "coordinates": [ 4.984322301318773, 52.311317504105226 ] } },
{ "type": "Feature", "properties": { "transit_type": "railway", "name": "Ganzenhoef" }, "geometry": { "type": "Point", "coordinates": [ 4.973550201308547, 52.323079204112261 ] } },
{ "type": "Feature", "properties": { "transit_type": "railway", "name": "Kraaiennest" }, "geometry": { "type": "Point", "coordinates": [ 4.979123301313839, 52.31703130410861 ] } },
{ "type": "Feature", "properties": { "transit_type": "railway", "name": "Venserpolder" }, "geometry": { "type": "Point", "coordinates": [ 4.946339801281519, 52.326766904114585 ] } },
{ "type": "Feature", "properties": { "transit_type": "railway", "name": "Amsterdam RAI" }, "geometry": { "type": "Point", "coordinates": [ 4.890228901225925, 52.337034904120898 ] } },
{ "type": "Feature", "properties": { "transit_type": "railway", "name": "Strandvliet" }, "geometry": { "type": "Point", "coordinates": [ 4.941355701276152, 52.318535504109718 ] } },
{ "type": "Feature", "properties": { "transit_type": "railway", "name": "Bullewijk" }, "geometry": { "type": "Point", "coordinates": [ 4.952236401286476, 52.306610704102553 ] } },
{ "type": "Feature", "properties": { "transit_type": "railway", "name": "Heemstedestraat" }, "geometry": { "type": "Point", "coordinates": [ 4.834302601170789, 52.352471304130127 ] } },
{ "type": "Feature", "properties": { "transit_type": "railway", "name": "Spaklerweg" }, "geometry": { "type": "Point", "coordinates": [ 4.921011501256826, 52.339959504122504 ] } },
{ "type": "Feature", "properties": { "transit_type": "railway", "name": "Wibautstraat" }, "geometry": { "type": "Point", "coordinates": [ 4.91202530124853, 52.354462404131141 ] } },
{ "type": "Feature", "properties": { "transit_type": "railway", "name": "Nieuwmarkt" }, "geometry": { "type": "Point", "coordinates": [ 4.900878801238199, 52.371317604141105 ] } },
{ "type": "Feature", "properties": { "transit_type": "railway", "name": "Henk Sneevlietweg" }, "geometry": { "type": "Point", "coordinates": [ 4.834502501170691, 52.346402904126563 ] } },
{ "type": "Feature", "properties": { "transit_type": "railway", "name": "Amsterdam Lelylaan" }, "geometry": { "type": "Point", "coordinates": [ 4.834026801170774, 52.357836904133315 ] } },
{ "type": "Feature", "properties": { "transit_type": "railway", "name": "Isolatorweg" }, "geometry": { "type": "Point", "coordinates": [ 4.850791101189332, 52.395171304155284 ] } },
{ "type": "Feature", "properties": { "transit_type": "railway", "name": "Postjesweg" }, "geometry": { "type": "Point", "coordinates": [ 4.833961201171022, 52.364292104137135 ] } },
{ "type": "Feature", "properties": { "transit_type": "railway", "name": "A. J. Ernststraat" }, "geometry": { "type": "Point", "coordinates": [ 4.868810001204306, 52.33258890411831 ] } },
{ "type": "Feature", "properties": { "transit_type": "railway", "name": "Van Boshuizenstraat" }, "geometry": { "type": "Point", "coordinates": [ 4.869023501204151, 52.324896604113711 ] } },
{ "type": "Feature", "properties": { "transit_type": "railway", "name": "Jollenpad" }, "geometry": { "type": "Point", "coordinates": [ 4.854379501190013, 52.335271904119914 ] } },
{ "type": "Feature", "properties": { "transit_type": "railway", "name": "Koenenkade" }, "geometry": { "type": "Point", "coordinates": [ 4.856095201191501, 52.330559804117094 ] } },
{ "type": "Feature", "properties": { "transit_type": "railway", "name": "Amsterdam Centraal" }, "geometry": { "type": "Point", "coordinates": [ 4.900580501238262, 52.378901004145597 ] } },
{ "type": "Feature", "properties": { "transit_type": "railway", "name": "Kalfjeslaan" }, "geometry": { "type": "Point", "coordinates": [ 4.856503701191485, 52.321818204111935 ] } },
{ "type": "Feature", "properties": { "transit_type": "railway", "name": "Molenwerf" }, "geometry": { "type": "Point", "coordinates": [ 4.846710501184806, 52.38587300414985 ] } },
{ "type": "Feature", "properties": { "transit_type": "railway", "name": "Oostpoort" }, "geometry": { "type": "Point", "coordinates": [ 4.927254801263866, 52.357015004132577 ] } },
{ "type": "Feature", "properties": { "transit_type": "railway", "name": "Oostpoort" }, "geometry": { "type": "Point", "coordinates": [ 4.926876101263508, 52.357430404132813 ] } },
{ "type": "Feature", "properties": { "transit_type": "railway", "name": "De Pijp" }, "geometry": { "type": "Point", "coordinates": [ 4.89017710122662, 52.352676904130128 ] } },
{ "type": "Feature", "properties": { "transit_type": "railway", "name": "Marie Heinekenplein" }, "geometry": { "type": "Point", "coordinates": [ 4.890703301227352, 52.357003704132651 ] } },
{ "type": "Feature", "properties": { "transit_type": "railway", "name": "Muntplein" }, "geometry": { "type": "Point", "coordinates": [ 4.893134201230224, 52.366265304138146 ] } },
{ "type": "Feature", "properties": { "transit_type": "railway", "name": "Muntplein" }, "geometry": { "type": "Point", "coordinates": [ 4.893083801230156, 52.365913504137914 ] } },
{ "type": "Feature", "properties": { "transit_type": "railway", "name": "Marie Heinekenplein" }, "geometry": { "type": "Point", "coordinates": [ 4.890771801227425, 52.357117704132769 ] } },
{ "type": "Feature", "properties": { "transit_type": "railway", "name": "Jan Wilsbrug" }, "geometry": { "type": "Point", "coordinates": [ 4.85098650118706, 52.344296604125262 ] } },
{ "type": "Feature", "properties": { "transit_type": "railway", "name": "Remise Karperweg" }, "geometry": { "type": "Point", "coordinates": [ 4.852075901188257, 52.346548304126586 ] } },
{ "type": "Feature", "properties": { "transit_type": "railway", "name": "Haarlemmermeerstation" }, "geometry": { "type": "Point", "coordinates": [ 4.856340501192657, 52.349395304128279 ] } },
{ "type": "Feature", "properties": { "transit_type": "railway", "name": "Van Nijenrodeweg" }, "geometry": { "type": "Point", "coordinates": [ 4.856539501191795, 52.327417704115227 ] } },
{ "type": "Feature", "properties": { "transit_type": "railway", "name": "Leidseplein" }, "geometry": { "type": "Point", "coordinates": [ 4.881069801218025, 52.363208504136374 ] } },
{ "type": "Feature", "properties": { "transit_type": "railway", "name": "Station Zuid" }, "geometry": { "type": "Point", "coordinates": [ 4.873184901209072, 52.340816504123175 ] } },
{ "type": "Feature", "properties": { "transit_type": "railway", "name": "Amsterdam Zuid" }, "geometry": { "type": "Point", "coordinates": [ 4.873191001208983, 52.33880740412198 ] } },
{ "type": "Feature", "properties": { "transit_type": "railway", "name": "Zuid" }, "geometry": { "type": "Point", "coordinates": [ 4.87461270121042, 52.3392032041222 ] } },
{ "type": "Feature", "properties": { "transit_type": "railway", "name": "Station Sloterdijk" }, "geometry": { "type": "Point", "coordinates": [ 4.83887700117714, 52.3890161041517 ] } },
{ "type": "Feature", "properties": { "transit_type": "railway", "name": "Station RAI" }, "geometry": { "type": "Point", "coordinates": [ 4.889326101225056, 52.337712404121255 ] } },
{ "type": "Feature", "properties": { "transit_type": "railway", "name": "Prinsengracht" }, "geometry": { "type": "Point", "coordinates": [ 4.898949001235832, 52.362097204135658 ] } },
{ "type": "Feature", "properties": { "transit_type": "railway", "name": "Prinsengracht" }, "geometry": { "type": "Point", "coordinates": [ 4.898977301235862, 52.362133804135702 ] } },
{ "type": "Feature", "properties": { "transit_type": "railway", "name": "Centraal Station" }, "geometry": { "type": "Point", "coordinates": [ 4.900957801238568, 52.377431604144697 ] } },
{ "type": "Feature", "properties": { "transit_type": "railway", "name": "Amstelstation" }, "geometry": { "type": "Point", "coordinates": [ 4.917894501254064, 52.347445004126939 ] } },
{ "type": "Feature", "properties": { "transit_type": "railway", "name": "Europaplein" }, "geometry": { "type": "Point", "coordinates": [ 4.891472701227383, 52.341606404123574 ] } },
{ "type": "Feature", "properties": { "transit_type": "railway", "name": "De Pijp" }, "geometry": { "type": "Point", "coordinates": [ 4.890692601227194, 52.353975404130907 ] } },
{ "type": "Feature", "properties": { "transit_type": "railway", "name": "Vijzelgracht" }, "geometry": { "type": "Point", "coordinates": [ 4.891164601227992, 52.360816904134943 ] } },
{ "type": "Feature", "properties": { "transit_type": "railway", "name": "Noorderpark" }, "geometry": { "type": "Point", "coordinates": [ 4.918700401256832, 52.388931604151423 ] } },
{ "type": "Feature", "properties": { "transit_type": "railway", "name": "Noord" }, "geometry": { "type": "Point", "coordinates": [ 4.932358901271087, 52.401993104159075 ] } },
{ "type": "Feature", "properties": { "transit_type": "railway", "name": "Frederiksplein" }, "geometry": { "type": "Point", "coordinates": [ 4.900010201236775, 52.359683504134246 ] } },
{ "type": "Feature", "properties": { "transit_type": "railway", "name": "Vijzelgracht" }, "geometry": { "type": "Point", "coordinates": [ 4.8925358012293, 52.359477204134144 ] } },
{ "type": "Feature", "properties": { "transit_type": "railway", "name": "De Clercqstraat" }, "geometry": { "type": "Point", "coordinates": [ 4.870396701207722, 52.37064450414082 ] } },
{ "type": "Feature", "properties": { "transit_type": "railway", "name": "Amstelstation" }, "geometry": { "type": "Point", "coordinates": [ 4.917809601253979, 52.347427404126933 ] } },
{ "type": "Feature", "properties": { "transit_type": "railway", "name": "Maasstraat" }, "geometry": { "type": "Point", "coordinates": [ 4.895412701231583, 52.347066204126811 ] } },
{ "type": "Feature", "properties": { "transit_type": "railway", "name": "Maasstraat" }, "geometry": { "type": "Point", "coordinates": [ 4.894730301230889, 52.346816304126648 ] } },
{ "type": "Feature", "properties": { "transit_type": "railway", "name": "Centraal Station" }, "geometry": { "type": "Point", "coordinates": [ 4.899287801236943, 52.378319304145236 ] } },
{ "type": "Feature", "properties": { "transit_type": "railway", "name": "Centraal Station" }, "geometry": { "type": "Point", "coordinates": [ 4.89915460123681, 52.37828130414524 ] } },
{ "type": "Feature", "properties": { "transit_type": "railway", "name": "Centraal Station" }, "geometry": { "type": "Point", "coordinates": [ 4.899217801236871, 52.378303004145252 ] } },
{ "type": "Feature", "properties": { "transit_type": "railway", "name": "Centraal Station" }, "geometry": { "type": "Point", "coordinates": [ 4.899357501237014, 52.378341604145255 ] } },
{ "type": "Feature", "properties": { "transit_type": "railway", "name": "Mercatorplein" }, "geometry": { "type": "Point", "coordinates": [ 4.850068101187408, 52.370405804140674 ] } },
{ "type": "Feature", "properties": { "transit_type": "railway", "name": "Mercatorplein" }, "geometry": { "type": "Point", "coordinates": [ 4.849979201187333, 52.370681804140901 ] } },
{ "type": "Feature", "properties": { "transit_type": "railway", "name": "Bos en Lommerplein" }, "geometry": { "type": "Point", "coordinates": [ 4.846450301184124, 52.377198704144725 ] } },
{ "type": "Feature", "properties": { "transit_type": "railway", "name": "Jan Pieter Heijestraat" }, "geometry": { "type": "Point", "coordinates": [ 4.865792401202628, 52.360364004134759 ] } },
{ "type": "Feature", "properties": { "transit_type": "railway", "name": "Hoofdweg" }, "geometry": { "type": "Point", "coordinates": [ 4.853975001191013, 52.364247904137095 ] } },
{ "type": "Feature", "properties": { "transit_type": "railway", "name": "Lutmastraat" }, "geometry": { "type": "Point", "coordinates": [ 4.903158001239546, 52.351773104129556 ] } },
{ "type": "Feature", "properties": { "transit_type": "railway", "name": "Vijzelgracht" }, "geometry": { "type": "Point", "coordinates": [ 4.892337901229097, 52.359332704134047 ] } },
{ "type": "Feature", "properties": { "transit_type": "railway", "name": "Hogeweg" }, "geometry": { "type": "Point", "coordinates": [ 4.93104140126748, 52.353408804130446 ] } },
{ "type": "Feature", "properties": { "transit_type": "railway", "name": "Roelof Hartplein" }, "geometry": { "type": "Point", "coordinates": [ 4.882856201219307, 52.352756304130217 ] } },
{ "type": "Feature", "properties": { "transit_type": "railway", "name": "Roelof Hartplein" }, "geometry": { "type": "Point", "coordinates": [ 4.882074701218523, 52.352643404130163 ] } },
{ "type": "Feature", "properties": { "transit_type": "railway", "name": "Amsterdam Science Park" }, "geometry": { "type": "Point", "coordinates": [ 4.948315001284716, 52.352926004130076 ] } },
{ "type": "Feature", "properties": { "transit_type": "railway", "name": "Marnixplein" }, "geometry": { "type": "Point", "coordinates": [ 4.878697001216359, 52.377883304145016 ] } },
{ "type": "Feature", "properties": { "transit_type": "railway", "name": "Koningsplein" }, "geometry": { "type": "Point", "coordinates": [ 4.889347201226508, 52.367721104139044 ] } },
{ "type": "Feature", "properties": { "transit_type": "railway", "name": "Museumplein" }, "geometry": { "type": "Point", "coordinates": [ 4.880473601217215, 52.358675104133717 ] } },
{ "type": "Feature", "properties": { "transit_type": "railway", "name": "Centraal Station" }, "geometry": { "type": "Point", "coordinates": [ 4.900905801238601, 52.379197704145774 ] } },
{ "type": "Feature", "properties": { "transit_type": "railway", "name": "Museumplein" }, "geometry": { "type": "Point", "coordinates": [ 4.88052990121727, 52.358677804133734 ] } },
{ "type": "Feature", "properties": { "transit_type": "railway", "name": "Korte 's-Gravesandestraat" }, "geometry": { "type": "Point", "coordinates": [ 4.914148901251031, 52.362436304135848 ] } },
{ "type": "Feature", "properties": { "transit_type": "railway", "name": "v. Hilligaertstraat" }, "geometry": { "type": "Point", "coordinates": [ 4.891441801227723, 52.349310204128138 ] } },
{ "type": "Feature", "properties": { "transit_type": "railway", "name": "Paleisstraat" }, "geometry": { "type": "Point", "coordinates": [ 4.890641101228001, 52.371900704141488 ] } },
{ "type": "Feature", "properties": { "transit_type": "railway", "name": "Vennepluimstraat" }, "geometry": { "type": "Point", "coordinates": [ 4.989950201326551, 52.35805790413292 ] } },
{ "type": "Feature", "properties": { "transit_type": "railway", "name": "Oranje Nassaulaan" }, "geometry": { "type": "Point", "coordinates": [ 4.855375301191962, 52.354972604131582 ] } },
{ "type": "Feature", "properties": { "transit_type": "railway", "name": "Molukkenstraat" }, "geometry": { "type": "Point", "coordinates": [ 4.938838701275651, 52.361538604135227 ] } },
{ "type": "Feature", "properties": { "transit_type": "railway", "name": "Dam" }, "geometry": { "type": "Point", "coordinates": [ 4.891719101229215, 52.374758104143183 ] } },
{ "type": "Feature", "properties": { "transit_type": "railway", "name": "Centraal Station" }, "geometry": { "type": "Point", "coordinates": [ 4.903277001240959, 52.379005204145599 ] } },
{ "type": "Feature", "properties": { "transit_type": "railway", "name": "v. Hilligaertstraat" }, "geometry": { "type": "Point", "coordinates": [ 4.891455901227756, 52.349710904128386 ] } },
{ "type": "Feature", "properties": { "transit_type": "railway", "name": "Parnassusweg" }, "geometry": { "type": "Point", "coordinates": [ 4.868813801204502, 52.33662890412068 ] } },
{ "type": "Feature", "properties": { "transit_type": "railway", "name": "Slotermeerlaan" }, "geometry": { "type": "Point", "coordinates": [ 4.817975701155619, 52.375790204143911 ] } },
{ "type": "Feature", "properties": { "transit_type": "railway", "name": "Burgemeester Van Leeuwenlaan" }, "geometry": { "type": "Point", "coordinates": [ 4.812920101150599, 52.376317504144275 ] } },
{ "type": "Feature", "properties": { "transit_type": "railway", "name": "Albert Cuypstraat" }, "geometry": { "type": "Point", "coordinates": [ 4.899497501236151, 52.357269204132812 ] } },
{ "type": "Feature", "properties": { "transit_type": "railway", "name": "Molukkenstraat" }, "geometry": { "type": "Point", "coordinates": [ 4.93926600127608, 52.361567004135232 ] } },
{ "type": "Feature", "properties": { "transit_type": "railway", "name": "Roetersstraat" }, "geometry": { "type": "Point", "coordinates": [ 4.910995701247886, 52.36257470413593 ] } },
{ "type": "Feature", "properties": { "transit_type": "railway", "name": "Roetersstraat" }, "geometry": { "type": "Point", "coordinates": [ 4.911217101248086, 52.362087904135635 ] } },
{ "type": "Feature", "properties": { "transit_type": "railway", "name": "Plantage Parklaan" }, "geometry": { "type": "Point", "coordinates": [ 4.90946140124659, 52.367540204138855 ] } },
{ "type": "Feature", "properties": { "transit_type": "railway", "name": "Artis/Holocaustmuseum" }, "geometry": { "type": "Point", "coordinates": [ 4.912441701249548, 52.367154904138623 ] } },
{ "type": "Feature", "properties": { "transit_type": "railway", "name": "Parnassusweg" }, "geometry": { "type": "Point", "coordinates": [ 4.868813201204518, 52.336962604120885 ] } },
{ "type": "Feature", "properties": { "transit_type": "railway", "name": "Czaar Peterstraat" }, "geometry": { "type": "Point", "coordinates": [ 4.927777601264958, 52.369054904139688 ] } },
{ "type": "Feature", "properties": { "transit_type": "railway", "name": "Czaar Peterstraat" }, "geometry": { "type": "Point", "coordinates": [ 4.928094001265284, 52.369285204139807 ] } },
{ "type": "Feature", "properties": { "transit_type": "railway", "name": "Rokin" }, "geometry": { "type": "Point", "coordinates": [ 4.892615871492882, 52.37046577761398 ] } },
{ "type": "Feature", "properties": { "transit_type": "railway", "name": "Waterlooplein" }, "geometry": { "type": "Point", "coordinates": [ 4.902448877300567, 52.367345610599052 ] } },
{ "type": "Feature", "properties": { "transit_type": "railway", "name": "Weesperplein" }, "geometry": { "type": "Point", "coordinates": [ 4.907967951634668, 52.361201629073953 ] } },
{ "type": "Feature", "properties": { "transit_type": "railway", "name": "Amsterdam Muiderpoort" }, "geometry": { "type": "Point", "coordinates": [ 4.931171927611154, 52.36085939275155 ] } },
{ "type": "Feature", "properties": { "transit_type": "highway", "name": "Oostzanerdijk" }, "geometry": { "type": "Point", "coordinates": [ 4.881025901220728, 52.42043100417002 ] } },
{ "type": "Feature", "properties": { "transit_type": "highway", "name": "Oostzanerdijk" }, "geometry": { "type": "Point", "coordinates": [ 4.881457601221151, 52.420202304169912 ] } },
{ "type": "Feature", "properties": { "transit_type": "highway", "name": "Kometensingel" }, "geometry": { "type": "Point", "coordinates": [ 4.882885201222402, 52.416617204167814 ] } },
{ "type": "Feature", "properties": { "transit_type": "highway", "name": "Kometensingel" }, "geometry": { "type": "Point", "coordinates": [ 4.88254470122206, 52.416529104167751 ] } },
{ "type": "Feature", "properties": { "transit_type": "highway", "name": "Standerdmolen" }, "geometry": { "type": "Point", "coordinates": [ 4.89203080123151, 52.416183904167539 ] } },
{ "type": "Feature", "properties": { "transit_type": "highway", "name": "Standerdmolen" }, "geometry": { "type": "Point", "coordinates": [ 4.893282001232762, 52.416268304167602 ] } },
{ "type": "Feature", "properties": { "transit_type": "highway", "name": "Meteorenweg" }, "geometry": { "type": "Point", "coordinates": [ 4.881222901220651, 52.414714804166678 ] } },
{ "type": "Feature", "properties": { "transit_type": "highway", "name": "Westkolkdijk" }, "geometry": { "type": "Point", "coordinates": [ 4.864185901204388, 52.429993104175672 ] } },
{ "type": "Feature", "properties": { "transit_type": "highway", "name": "Splitsing" }, "geometry": { "type": "Point", "coordinates": [ 4.952772701292429, 52.422532804171041 ] } },
{ "type": "Feature", "properties": { "transit_type": "highway", "name": "Splitsing" }, "geometry": { "type": "Point", "coordinates": [ 4.952313101291971, 52.422588304171057 ] } },
{ "type": "Feature", "properties": { "transit_type": "highway", "name": "Splitsing" }, "geometry": { "type": "Point", "coordinates": [ 4.954711501294337, 52.421965704170695 ] } },
{ "type": "Feature", "properties": { "transit_type": "highway", "name": "Karspeldreef" }, "geometry": { "type": "Point", "coordinates": [ 4.946407501280593, 52.305485604101925 ] } },
{ "type": "Feature", "properties": { "transit_type": "highway", "name": "Gebouw Atlas" }, "geometry": { "type": "Point", "coordinates": [ 4.944255701278547, 52.307811404103283 ] } },
{ "type": "Feature", "properties": { "transit_type": "highway", "name": "Karspeldreef" }, "geometry": { "type": "Point", "coordinates": [ 4.946914601281051, 52.304418804101253 ] } },
{ "type": "Feature", "properties": { "transit_type": "highway", "name": "Bos en Lommerplein" }, "geometry": { "type": "Point", "coordinates": [ 4.844942301182648, 52.377794304145084 ] } },
{ "type": "Feature", "properties": { "transit_type": "highway", "name": "Foppingadreef" }, "geometry": { "type": "Point", "coordinates": [ 4.949914801284439, 52.312749704106217 ] } },
{ "type": "Feature", "properties": { "transit_type": "highway", "name": "Leidseplein" }, "geometry": { "type": "Point", "coordinates": [ 4.881148001218043, 52.361960004135668 ] } },
{ "type": "Feature", "properties": { "transit_type": "highway", "name": "Langsom" }, "geometry": { "type": "Point", "coordinates": [ 4.793205401129192, 52.341595304123736 ] } },
{ "type": "Feature", "properties": { "transit_type": "highway", "name": "Langsom" }, "geometry": { "type": "Point", "coordinates": [ 4.793205201129203, 52.341804304123883 ] } },
{ "type": "Feature", "properties": { "transit_type": "highway", "name": "Zuideinde" }, "geometry": { "type": "Point", "coordinates": [ 4.893007901232673, 52.420126204169854 ] } },
{ "type": "Feature", "properties": { "transit_type": "highway", "name": "Zuideinde" }, "geometry": { "type": "Point", "coordinates": [ 4.892863001232527, 52.420077104169799 ] } },
{ "type": "Feature", "properties": { "transit_type": "highway", "name": "Zuideinde/Molenaarsweg" }, "geometry": { "type": "Point", "coordinates": [ 4.891890501231603, 52.42111750417039 ] } },
{ "type": "Feature", "properties": { "transit_type": "highway", "name": "Zuideinde/Molenaarsweg" }, "geometry": { "type": "Point", "coordinates": [ 4.891177401230937, 52.421988304170902 ] } },
{ "type": "Feature", "properties": { "transit_type": "highway", "name": "Zuideinde/Viaduct" }, "geometry": { "type": "Point", "coordinates": [ 4.888641201228533, 52.424560604172449 ] } },
{ "type": "Feature", "properties": { "transit_type": "highway", "name": "Zuideinde/Viaduct" }, "geometry": { "type": "Point", "coordinates": [ 4.888683001228574, 52.424611304172494 ] } },
{ "type": "Feature", "properties": { "transit_type": "highway", "name": "Science Park" }, "geometry": { "type": "Point", "coordinates": [ 4.95078670128726, 52.354496004131001 ] } },
{ "type": "Feature", "properties": { "transit_type": "highway", "name": "Science Park Terra" }, "geometry": { "type": "Point", "coordinates": [ 4.958299701294759, 52.354343104130884 ] } },
{ "type": "Feature", "properties": { "transit_type": "highway", "name": "Science Park Aqua" }, "geometry": { "type": "Point", "coordinates": [ 4.954137601290675, 52.35597590413186 ] } },
{ "type": "Feature", "properties": { "transit_type": "highway", "name": "Science Park Aer" }, "geometry": { "type": "Point", "coordinates": [ 4.952672101289174, 52.355212204131412 ] } },
{ "type": "Feature", "properties": { "transit_type": "highway", "name": "Science Park" }, "geometry": { "type": "Point", "coordinates": [ 4.950758301287237, 52.354628304131097 ] } },
{ "type": "Feature", "properties": { "transit_type": "highway", "name": "Science Park Aer" }, "geometry": { "type": "Point", "coordinates": [ 4.952165001288647, 52.354749304131154 ] } },
{ "type": "Feature", "properties": { "transit_type": "highway", "name": "C. Mac Gillavrylaan" }, "geometry": { "type": "Point", "coordinates": [ 4.944263401280892, 52.357715304132903 ] } },
{ "type": "Feature", "properties": { "transit_type": "highway", "name": "C. Mac Gillavrylaan" }, "geometry": { "type": "Point", "coordinates": [ 4.94466550128129, 52.357613004132858 ] } },
{ "type": "Feature", "properties": { "transit_type": "highway", "name": "Valentijnkade" }, "geometry": { "type": "Point", "coordinates": [ 4.940834301277525, 52.358996704133723 ] } },
{ "type": "Feature", "properties": { "transit_type": "highway", "name": "Muiderpoortstation" }, "geometry": { "type": "Point", "coordinates": [ 4.932860701269673, 52.361344504135111 ] } },
{ "type": "Feature", "properties": { "transit_type": "highway", "name": "Station Science Park" }, "geometry": { "type": "Point", "coordinates": [ 4.947744901284119, 52.352359404129736 ] } },
{ "type": "Feature", "properties": { "transit_type": "highway", "name": "Linnaeusparkweg" }, "geometry": { "type": "Point", "coordinates": [ 4.941493601277703, 52.348711904127583 ] } },
{ "type": "Feature", "properties": { "transit_type": "highway", "name": "Pekelharingstraat" }, "geometry": { "type": "Point", "coordinates": [ 4.936555501272617, 52.345515304125712 ] } },
{ "type": "Feature", "properties": { "transit_type": "highway", "name": "Lorentzlaan" }, "geometry": { "type": "Point", "coordinates": [ 4.931894901267979, 52.345871604125996 ] } },
{ "type": "Feature", "properties": { "transit_type": "highway", "name": "Lorentzlaan" }, "geometry": { "type": "Point", "coordinates": [ 4.931439301267546, 52.346377704126297 ] } },
{ "type": "Feature", "properties": { "transit_type": "highway", "name": "Maxwellstraat" }, "geometry": { "type": "Point", "coordinates": [ 4.928386701264535, 52.347160704126722 ] } },
{ "type": "Feature", "properties": { "transit_type": "highway", "name": "Fizeaustraat" }, "geometry": { "type": "Point", "coordinates": [ 4.924320201260416, 52.346001504126093 ] } },
{ "type": "Feature", "properties": { "transit_type": "highway", "name": "Fizeaustraat" }, "geometry": { "type": "Point", "coordinates": [ 4.92466230126075, 52.345865404125995 ] } },
{ "type": "Feature", "properties": { "transit_type": "highway", "name": "Ookmeerweg" }, "geometry": { "type": "Point", "coordinates": [ 4.804251601141415, 52.365612604137944 ] } },
{ "type": "Feature", "properties": { "transit_type": "highway", "name": "Ookmeerweg" }, "geometry": { "type": "Point", "coordinates": [ 4.804214401141398, 52.365991304138177 ] } },
{ "type": "Feature", "properties": { "transit_type": "highway", "name": "Mercatorplein" }, "geometry": { "type": "Point", "coordinates": [ 4.851492801188821, 52.370216604140573 ] } },
{ "type": "Feature", "properties": { "transit_type": "highway", "name": "Mercatorplein" }, "geometry": { "type": "Point", "coordinates": [ 4.850038401187378, 52.370396104140674 ] } },
{ "type": "Feature", "properties": { "transit_type": "highway", "name": "Mercatorplein" }, "geometry": { "type": "Point", "coordinates": [ 4.850785401188113, 52.370164804140565 ] } },
{ "type": "Feature", "properties": { "transit_type": "highway", "name": "Van Boshuizenstraat" }, "geometry": { "type": "Point", "coordinates": [ 4.869606901204715, 52.324555904113488 ] } },
{ "type": "Feature", "properties": { "transit_type": "highway", "name": "IBM" }, "geometry": { "type": "Point", "coordinates": [ 4.827970201163904, 52.341080204123401 ] } },
{ "type": "Feature", "properties": { "transit_type": "highway", "name": "Meernhof" }, "geometry": { "type": "Point", "coordinates": [ 4.96791960130181, 52.299210904098061 ] } },
{ "type": "Feature", "properties": { "transit_type": "highway", "name": "Meernhof" }, "geometry": { "type": "Point", "coordinates": [ 4.967052901300969, 52.299720404098359 ] } },
{ "type": "Feature", "properties": { "transit_type": "highway", "name": "Rhenenhof" }, "geometry": { "type": "Point", "coordinates": [ 4.970031901303875, 52.298071004097395 ] } },
{ "type": "Feature", "properties": { "transit_type": "highway", "name": "Rhenenhof" }, "geometry": { "type": "Point", "coordinates": [ 4.970860201304714, 52.298418504097569 ] } },
{ "type": "Feature", "properties": { "transit_type": "highway", "name": "IBM" }, "geometry": { "type": "Point", "coordinates": [ 4.827531001163448, 52.340706004123192 ] } },
{ "type": "Feature", "properties": { "transit_type": "highway", "name": "Meibergdreef" }, "geometry": { "type": "Point", "coordinates": [ 4.952596401286232, 52.293678704094837 ] } },
{ "type": "Feature", "properties": { "transit_type": "highway", "name": "Weltevreden" }, "geometry": { "type": "Point", "coordinates": [ 4.962280101295608, 52.287018504090817 ] } },
{ "type": "Feature", "properties": { "transit_type": "highway", "name": "Weltevreden" }, "geometry": { "type": "Point", "coordinates": [ 4.962270301295585, 52.286755904090633 ] } },
{ "type": "Feature", "properties": { "transit_type": "highway", "name": "AZUA" }, "geometry": { "type": "Point", "coordinates": [ 4.956003001289529, 52.291361304093407 ] } },
{ "type": "Feature", "properties": { "transit_type": "highway", "name": "AZUA" }, "geometry": { "type": "Point", "coordinates": [ 4.955085401288624, 52.291638304093595 ] } },
{ "type": "Feature", "properties": { "transit_type": "highway", "name": "Abcoudermeer" }, "geometry": { "type": "Point", "coordinates": [ 4.966295901299336, 52.280768804087053 ] } },
{ "type": "Feature", "properties": { "transit_type": "highway", "name": "Abcoudermeer" }, "geometry": { "type": "Point", "coordinates": [ 4.966025101299095, 52.281440704087444 ] } },
{ "type": "Feature", "properties": { "transit_type": "highway", "name": "Laarderhoogtweg" }, "geometry": { "type": "Point", "coordinates": [ 4.946943301281009, 52.302919104100361 ] } },
{ "type": "Feature", "properties": { "transit_type": "highway", "name": "Laarderhoogtweg" }, "geometry": { "type": "Point", "coordinates": [ 4.948005801282084, 52.303147304100527 ] } },
{ "type": "Feature", "properties": { "transit_type": "highway", "name": "Paasheuvelweg" }, "geometry": { "type": "Point", "coordinates": [ 4.955897301289676, 52.296776804096652 ] } },
{ "type": "Feature", "properties": { "transit_type": "highway", "name": "Paasheuvelweg" }, "geometry": { "type": "Point", "coordinates": [ 4.955016701288772, 52.296249304096342 ] } },
{ "type": "Feature", "properties": { "transit_type": "highway", "name": "Gebouw Atlas" }, "geometry": { "type": "Point", "coordinates": [ 4.944458901278721, 52.307120704102893 ] } },
{ "type": "Feature", "properties": { "transit_type": "highway", "name": "Bijlmerplein" }, "geometry": { "type": "Point", "coordinates": [ 4.949038001283637, 52.314343104107159 ] } },
{ "type": "Feature", "properties": { "transit_type": "highway", "name": "Bijlmerplein" }, "geometry": { "type": "Point", "coordinates": [ 4.949542501284138, 52.314275604107145 ] } },
{ "type": "Feature", "properties": { "transit_type": "highway", "name": "Brinkstraat" }, "geometry": { "type": "Point", "coordinates": [ 4.94747140128342, 52.34324450412435 ] } },
{ "type": "Feature", "properties": { "transit_type": "highway", "name": "Dennenrode" }, "geometry": { "type": "Point", "coordinates": [ 4.951268301286222, 52.321977204111683 ] } },
{ "type": "Feature", "properties": { "transit_type": "highway", "name": "Kruislaan" }, "geometry": { "type": "Point", "coordinates": [ 4.940478501276636, 52.34762430412696 ] } },
{ "type": "Feature", "properties": { "transit_type": "highway", "name": "Middenweg" }, "geometry": { "type": "Point", "coordinates": [ 4.933835901270123, 52.350194404128537 ] } },
{ "type": "Feature", "properties": { "transit_type": "highway", "name": "Provincialeweg" }, "geometry": { "type": "Point", "coordinates": [ 4.972732901307954, 52.327970204115189 ] } },
{ "type": "Feature", "properties": { "transit_type": "highway", "name": "Dennenrode" }, "geometry": { "type": "Point", "coordinates": [ 4.951861901286812, 52.3219191041117 ] } },
{ "type": "Feature", "properties": { "transit_type": "highway", "name": "Middenweg" }, "geometry": { "type": "Point", "coordinates": [ 4.934555601270852, 52.350416604128654 ] } },
{ "type": "Feature", "properties": { "transit_type": "highway", "name": "Eekholt" }, "geometry": { "type": "Point", "coordinates": [ 4.967290201302484, 52.327255704114748 ] } },
{ "type": "Feature", "properties": { "transit_type": "highway", "name": "Eekholt" }, "geometry": { "type": "Point", "coordinates": [ 4.965425901300597, 52.326828204114527 ] } },
{ "type": "Feature", "properties": { "transit_type": "highway", "name": "Foppingadreef" }, "geometry": { "type": "Point", "coordinates": [ 4.949311901283849, 52.31306170410641 ] } },
{ "type": "Feature", "properties": { "transit_type": "highway", "name": "Mosplein" }, "geometry": { "type": "Point", "coordinates": [ 4.913399801251725, 52.392820604153734 ] } },
{ "type": "Feature", "properties": { "transit_type": "highway", "name": "Pieter A van Heyningestraat" }, "geometry": { "type": "Point", "coordinates": [ 4.899318701239068, 52.422130304170992 ] } },
{ "type": "Feature", "properties": { "transit_type": "highway", "name": "Westkolkdijk" }, "geometry": { "type": "Point", "coordinates": [ 4.864030701204238, 52.430030404175689 ] } },
{ "type": "Feature", "properties": { "transit_type": "highway", "name": "Pinksterbloemstraat" }, "geometry": { "type": "Point", "coordinates": [ 4.912080601250683, 52.398587204157117 ] } },
{ "type": "Feature", "properties": { "transit_type": "highway", "name": "Lange Vonder" }, "geometry": { "type": "Point", "coordinates": [ 4.896144001235887, 52.421901104170864 ] } },
{ "type": "Feature", "properties": { "transit_type": "highway", "name": "Basisweg" }, "geometry": { "type": "Point", "coordinates": [ 4.84509190118351, 52.392445304153661 ] } },
{ "type": "Feature", "properties": { "transit_type": "highway", "name": "Basisweg" }, "geometry": { "type": "Point", "coordinates": [ 4.843208301181617, 52.392215304153581 ] } },
{ "type": "Feature", "properties": { "transit_type": "highway", "name": "Prins Hendrikkade" }, "geometry": { "type": "Point", "coordinates": [ 4.905498301242939, 52.373948204142657 ] } },
{ "type": "Feature", "properties": { "transit_type": "highway", "name": "Sneeuwbalstraat" }, "geometry": { "type": "Point", "coordinates": [ 4.91391910125241, 52.396321604155787 ] } },
{ "type": "Feature", "properties": { "transit_type": "highway", "name": "Mosplein" }, "geometry": { "type": "Point", "coordinates": [ 4.913901701252243, 52.393157004153942 ] } },
{ "type": "Feature", "properties": { "transit_type": "highway", "name": "Sneeuwbalstraat" }, "geometry": { "type": "Point", "coordinates": [ 4.91414520125264, 52.396415504155868 ] } },
{ "type": "Feature", "properties": { "transit_type": "highway", "name": "Klaprozenweg" }, "geometry": { "type": "Point", "coordinates": [ 4.896120401234977, 52.403347504159989 ] } },
{ "type": "Feature", "properties": { "transit_type": "highway", "name": "Keerkringpark" }, "geometry": { "type": "Point", "coordinates": [ 4.879846601219207, 52.413181604165828 ] } },
{ "type": "Feature", "properties": { "transit_type": "highway", "name": "Pinksterbloemstraat" }, "geometry": { "type": "Point", "coordinates": [ 4.912099901250713, 52.398791604157267 ] } },
{ "type": "Feature", "properties": { "transit_type": "highway", "name": "Klaprozenweg" }, "geometry": { "type": "Point", "coordinates": [ 4.896802401235651, 52.403211304159925 ] } },
{ "type": "Feature", "properties": { "transit_type": "highway", "name": "Lange Vonder" }, "geometry": { "type": "Point", "coordinates": [ 4.896454301236196, 52.42188940417082 ] } },
{ "type": "Feature", "properties": { "transit_type": "highway", "name": "Keerkringpark" }, "geometry": { "type": "Point", "coordinates": [ 4.879705901219048, 52.412861504165626 ] } },
{ "type": "Feature", "properties": { "transit_type": "highway", "name": "Boven IJ Ziekenhuis" }, "geometry": { "type": "Point", "coordinates": [ 4.919990301258896, 52.405300504161062 ] } },
{ "type": "Feature", "properties": { "transit_type": "highway", "name": "Kadoelenpad" }, "geometry": { "type": "Point", "coordinates": [ 4.911288401250592, 52.413327704165816 ] } },
{ "type": "Feature", "properties": { "transit_type": "highway", "name": "Havikslaan" }, "geometry": { "type": "Point", "coordinates": [ 4.918227801256191, 52.385290104149306 ] } },
{ "type": "Feature", "properties": { "transit_type": "highway", "name": "Oosterlengte" }, "geometry": { "type": "Point", "coordinates": [ 4.922315501261243, 52.405772204161337 ] } },
{ "type": "Feature", "properties": { "transit_type": "highway", "name": "Sloterweg" }, "geometry": { "type": "Point", "coordinates": [ 4.827503701163592, 52.344210504125279 ] } },
{ "type": "Feature", "properties": { "transit_type": "highway", "name": "Sierplein" }, "geometry": { "type": "Point", "coordinates": [ 4.827264601163885, 52.355134204131737 ] } },
{ "type": "Feature", "properties": { "transit_type": "highway", "name": "Oosterlengte" }, "geometry": { "type": "Point", "coordinates": [ 4.922000401260945, 52.406188904161567 ] } },
{ "type": "Feature", "properties": { "transit_type": "highway", "name": "Admiraal Helfrichstraat" }, "geometry": { "type": "Point", "coordinates": [ 4.844328801181626, 52.369378504140116 ] } },
{ "type": "Feature", "properties": { "transit_type": "highway", "name": "Bos en Lommerplein" }, "geometry": { "type": "Point", "coordinates": [ 4.846423401184097, 52.377193404144734 ] } },
{ "type": "Feature", "properties": { "transit_type": "highway", "name": "Rode Kruisstraat" }, "geometry": { "type": "Point", "coordinates": [ 4.928464701266852, 52.3946581041548 ] } },
{ "type": "Feature", "properties": { "transit_type": "highway", "name": "Tjalkstraat" }, "geometry": { "type": "Point", "coordinates": [ 4.911169601250109, 52.405707704161316 ] } },
{ "type": "Feature", "properties": { "transit_type": "highway", "name": "Hamerstraat" }, "geometry": { "type": "Point", "coordinates": [ 4.922656701260655, 52.386261004149844 ] } },
{ "type": "Feature", "properties": { "transit_type": "highway", "name": "Boven IJ Ziekenhuis" }, "geometry": { "type": "Point", "coordinates": [ 4.920234001259165, 52.405838804161363 ] } },
{ "type": "Feature", "properties": { "transit_type": "highway", "name": "Meidoornplein" }, "geometry": { "type": "Point", "coordinates": [ 4.911721901249796, 52.387488904150636 ] } },
{ "type": "Feature", "properties": { "transit_type": "highway", "name": "Hagedoornplein" }, "geometry": { "type": "Point", "coordinates": [ 4.913591401251664, 52.387559704150661 ] } },
{ "type": "Feature", "properties": { "transit_type": "highway", "name": "Admiraal Helfrichstraat" }, "geometry": { "type": "Point", "coordinates": [ 4.844489201181781, 52.36925750414003 ] } },
{ "type": "Feature", "properties": { "transit_type": "highway", "name": "Merelstraat" }, "geometry": { "type": "Point", "coordinates": [ 4.925127501263259, 52.389101004151499 ] } },
{ "type": "Feature", "properties": { "transit_type": "highway", "name": "Rode Kruisstraat" }, "geometry": { "type": "Point", "coordinates": [ 4.928840801267239, 52.394865004154887 ] } },
{ "type": "Feature", "properties": { "transit_type": "highway", "name": "Tjalkstraat" }, "geometry": { "type": "Point", "coordinates": [ 4.91004300124895, 52.404975904160899 ] } },
{ "type": "Feature", "properties": { "transit_type": "highway", "name": "Statenjachtstraat" }, "geometry": { "type": "Point", "coordinates": [ 4.913844601252887, 52.407888104162623 ] } },
{ "type": "Feature", "properties": { "transit_type": "highway", "name": "Jan Voermanstraat" }, "geometry": { "type": "Point", "coordinates": [ 4.838342301175649, 52.369446104140167 ] } },
{ "type": "Feature", "properties": { "transit_type": "highway", "name": "Meidoornplein" }, "geometry": { "type": "Point", "coordinates": [ 4.911057201249128, 52.387401504150546 ] } },
{ "type": "Feature", "properties": { "transit_type": "highway", "name": "Sloterweg" }, "geometry": { "type": "Point", "coordinates": [ 4.827934801163986, 52.34341400412476 ] } },
{ "type": "Feature", "properties": { "transit_type": "highway", "name": "Merelstraat" }, "geometry": { "type": "Point", "coordinates": [ 4.92486060126298, 52.388885204151379 ] } },
{ "type": "Feature", "properties": { "transit_type": "highway", "name": "Statenjachtstraat" }, "geometry": { "type": "Point", "coordinates": [ 4.913565501252605, 52.407892704162585 ] } },
{ "type": "Feature", "properties": { "transit_type": "highway", "name": "Jan Voermanstraat" }, "geometry": { "type": "Point", "coordinates": [ 4.838035801175355, 52.36961950414026 ] } },
{ "type": "Feature", "properties": { "transit_type": "highway", "name": "Havikslaan" }, "geometry": { "type": "Point", "coordinates": [ 4.917619301255569, 52.385059104149171 ] } },
{ "type": "Feature", "properties": { "transit_type": "highway", "name": "Hamerstraat" }, "geometry": { "type": "Point", "coordinates": [ 4.920943101258932, 52.385997904149704 ] } },
{ "type": "Feature", "properties": { "transit_type": "highway", "name": "G.J. Scheurleerweg" }, "geometry": { "type": "Point", "coordinates": [ 4.92909660126792, 52.403919704160188 ] } },
{ "type": "Feature", "properties": { "transit_type": "highway", "name": "Hagedoornplein" }, "geometry": { "type": "Point", "coordinates": [ 4.913435101251506, 52.38745990415061 ] } },
{ "type": "Feature", "properties": { "transit_type": "highway", "name": "De Rijpgracht" }, "geometry": { "type": "Point", "coordinates": [ 4.862919001200568, 52.377154904144646 ] } },
{ "type": "Feature", "properties": { "transit_type": "highway", "name": "Gillis van Ledenberchstraat" }, "geometry": { "type": "Point", "coordinates": [ 4.870595001208143, 52.375261304143542 ] } },
{ "type": "Feature", "properties": { "transit_type": "highway", "name": "Oceaangroep" }, "geometry": { "type": "Point", "coordinates": [ 4.758807801097975, 52.404425404160804 ] } },
{ "type": "Feature", "properties": { "transit_type": "highway", "name": "Hornhaven" }, "geometry": { "type": "Point", "coordinates": [ 4.80888640114747, 52.394547904154997 ] } },
{ "type": "Feature", "properties": { "transit_type": "highway", "name": "Kapoeasweg" }, "geometry": { "type": "Point", "coordinates": [ 4.826967601165307, 52.390195904152414 ] } },
{ "type": "Feature", "properties": { "transit_type": "highway", "name": "Gillis van Ledenberchstraat" }, "geometry": { "type": "Point", "coordinates": [ 4.87083190120837, 52.375082104143416 ] } },
{ "type": "Feature", "properties": { "transit_type": "highway", "name": "Ruigoord Dorp" }, "geometry": { "type": "Point", "coordinates": [ 4.7522911010916, 52.406952104162308 ] } },
{ "type": "Feature", "properties": { "transit_type": "highway", "name": "Dortmuiden" }, "geometry": { "type": "Point", "coordinates": [ 4.777680701116489, 52.397974404157033 ] } },
{ "type": "Feature", "properties": { "transit_type": "highway", "name": "Oderweg" }, "geometry": { "type": "Point", "coordinates": [ 4.820105901158459, 52.390255504152464 ] } },
{ "type": "Feature", "properties": { "transit_type": "highway", "name": "Kastrupstraat" }, "geometry": { "type": "Point", "coordinates": [ 4.833122301171452, 52.390200304152394 ] } },
{ "type": "Feature", "properties": { "transit_type": "highway", "name": "Bos en Lommerweg" }, "geometry": { "type": "Point", "coordinates": [ 4.855152701192999, 52.381019304146989 ] } },
{ "type": "Feature", "properties": { "transit_type": "highway", "name": "Oceaangroep" }, "geometry": { "type": "Point", "coordinates": [ 4.759324001098515, 52.404934104161107 ] } },
{ "type": "Feature", "properties": { "transit_type": "highway", "name": "Westpoortweg" }, "geometry": { "type": "Point", "coordinates": [ 4.795234201133989, 52.397554904156763 ] } },
{ "type": "Feature", "properties": { "transit_type": "highway", "name": "Kapoeasweg" }, "geometry": { "type": "Point", "coordinates": [ 4.827967401166299, 52.390086204152325 ] } },
{ "type": "Feature", "properties": { "transit_type": "highway", "name": "Charlotte de Bourbonstraat" }, "geometry": { "type": "Point", "coordinates": [ 4.858800101196673, 52.38164440414733 ] } },
{ "type": "Feature", "properties": { "transit_type": "highway", "name": "Ruigoord Dorp" }, "geometry": { "type": "Point", "coordinates": [ 4.749924301089273, 52.407655204162708 ] } },
{ "type": "Feature", "properties": { "transit_type": "highway", "name": "Dortmuiden" }, "geometry": { "type": "Point", "coordinates": [ 4.780319601119102, 52.397540804156783 ] } },
{ "type": "Feature", "properties": { "transit_type": "highway", "name": "Hornhaven" }, "geometry": { "type": "Point", "coordinates": [ 4.807437901146046, 52.39501840415528 ] } },
{ "type": "Feature", "properties": { "transit_type": "highway", "name": "Kastrupstraat" }, "geometry": { "type": "Point", "coordinates": [ 4.833417401171737, 52.390093804152343 ] } },
{ "type": "Feature", "properties": { "transit_type": "highway", "name": "Charlotte de Bourbonstraat" }, "geometry": { "type": "Point", "coordinates": [ 4.859733401197571, 52.380965504146893 ] } },
{ "type": "Feature", "properties": { "transit_type": "highway", "name": "De Rijpgracht" }, "geometry": { "type": "Point", "coordinates": [ 4.862366401200068, 52.378167304145272 ] } },
{ "type": "Feature", "properties": { "transit_type": "highway", "name": "Westpoortweg" }, "geometry": { "type": "Point", "coordinates": [ 4.793835201132613, 52.397931804156997 ] } },
{ "type": "Feature", "properties": { "transit_type": "highway", "name": "Oderweg" }, "geometry": { "type": "Point", "coordinates": [ 4.821562501159903, 52.390082704152341 ] } },
{ "type": "Feature", "properties": { "transit_type": "highway", "name": "Kastelenstraat" }, "geometry": { "type": "Point", "coordinates": [ 4.879436401214614, 52.326091404114386 ] } },
{ "type": "Feature", "properties": { "transit_type": "highway", "name": "Hogewerf" }, "geometry": { "type": "Point", "coordinates": [ 4.879468501215033, 52.334158304119164 ] } },
{ "type": "Feature", "properties": { "transit_type": "highway", "name": "Kastelenstraat" }, "geometry": { "type": "Point", "coordinates": [ 4.879578301214782, 52.326621504114719 ] } },
{ "type": "Feature", "properties": { "transit_type": "highway", "name": "Backershagen" }, "geometry": { "type": "Point", "coordinates": [ 4.877049001212169, 52.324852404113642 ] } },
{ "type": "Feature", "properties": { "transit_type": "highway", "name": "Hogewerf" }, "geometry": { "type": "Point", "coordinates": [ 4.87900080121458, 52.334474704119415 ] } },
{ "type": "Feature", "properties": { "transit_type": "highway", "name": "Gustav Mahlerlaan" }, "geometry": { "type": "Point", "coordinates": [ 4.876677101212393, 52.337304604121051 ] } },
{ "type": "Feature", "properties": { "transit_type": "highway", "name": "Backershagen" }, "geometry": { "type": "Point", "coordinates": [ 4.875110201210221, 52.32466830411353 ] } },
{ "type": "Feature", "properties": { "transit_type": "highway", "name": "Gelderlandplein Oost" }, "geometry": { "type": "Point", "coordinates": [ 4.879574001214983, 52.330920004117274 ] } },
{ "type": "Feature", "properties": { "transit_type": "highway", "name": "Gustav Mahlerlaan" }, "geometry": { "type": "Point", "coordinates": [ 4.877254001212956, 52.336963204120863 ] } },
{ "type": "Feature", "properties": { "transit_type": "highway", "name": "Ditlaar" }, "geometry": { "type": "Point", "coordinates": [ 4.800975301136959, 52.341574504123692 ] } },
{ "type": "Feature", "properties": { "transit_type": "highway", "name": "Zeilstraat" }, "geometry": { "type": "Point", "coordinates": [ 4.856734001193139, 52.35124220412937 ] } },
{ "type": "Feature", "properties": { "transit_type": "highway", "name": "Osdorperweg" }, "geometry": { "type": "Point", "coordinates": [ 4.797398101133465, 52.343227404124711 ] } },
{ "type": "Feature", "properties": { "transit_type": "highway", "name": "Aalsmeerplein" }, "geometry": { "type": "Point", "coordinates": [ 4.846544001182754, 52.347038204126903 ] } },
{ "type": "Feature", "properties": { "transit_type": "highway", "name": "Maassluisstraat" }, "geometry": { "type": "Point", "coordinates": [ 4.838482301174698, 52.34703950412694 ] } },
{ "type": "Feature", "properties": { "transit_type": "highway", "name": "Sportpark Sloten" }, "geometry": { "type": "Point", "coordinates": [ 4.80747520114344, 52.341359904123564 ] } },
{ "type": "Feature", "properties": { "transit_type": "highway", "name": "Naaldwijkstraat" }, "geometry": { "type": "Point", "coordinates": [ 4.842645601178849, 52.346824604126766 ] } },
{ "type": "Feature", "properties": { "transit_type": "highway", "name": "Hoofddorpplein" }, "geometry": { "type": "Point", "coordinates": [ 4.849401801185783, 52.350630404129021 ] } },
{ "type": "Feature", "properties": { "transit_type": "highway", "name": "Ditlaar" }, "geometry": { "type": "Point", "coordinates": [ 4.801122001137111, 52.341665104123763 ] } },
{ "type": "Feature", "properties": { "transit_type": "highway", "name": "Ottho Heldringstraat" }, "geometry": { "type": "Point", "coordinates": [ 4.833723401169937, 52.346890504126826 ] } },
{ "type": "Feature", "properties": { "transit_type": "highway", "name": "Osdorperweg" }, "geometry": { "type": "Point", "coordinates": [ 4.797638701133701, 52.343184704124653 ] } },
{ "type": "Feature", "properties": { "transit_type": "highway", "name": "Hoofddorpplein" }, "geometry": { "type": "Point", "coordinates": [ 4.849523101185911, 52.350725604129067 ] } },
{ "type": "Feature", "properties": { "transit_type": "highway", "name": "Aletta Jacobslaan" }, "geometry": { "type": "Point", "coordinates": [ 4.828513701164735, 52.346942804126869 ] } },
{ "type": "Feature", "properties": { "transit_type": "highway", "name": "Ottho Heldringstraat" }, "geometry": { "type": "Point", "coordinates": [ 4.833150501169374, 52.347037804126948 ] } },
{ "type": "Feature", "properties": { "transit_type": "highway", "name": "Aalsmeerplein" }, "geometry": { "type": "Point", "coordinates": [ 4.846835801183047, 52.347053704126886 ] } },
{ "type": "Feature", "properties": { "transit_type": "highway", "name": "Amstelveenseweg" }, "geometry": { "type": "Point", "coordinates": [ 4.856472301192901, 52.351758304129667 ] } },
{ "type": "Feature", "properties": { "transit_type": "highway", "name": "Naaldwijkstraat" }, "geometry": { "type": "Point", "coordinates": [ 4.84242450117863, 52.346904504126798 ] } },
{ "type": "Feature", "properties": { "transit_type": "highway", "name": "Maassluisstraat" }, "geometry": { "type": "Point", "coordinates": [ 4.838863901175076, 52.346938204126836 ] } },
{ "type": "Feature", "properties": { "transit_type": "highway", "name": "Sportpark Sloten" }, "geometry": { "type": "Point", "coordinates": [ 4.806760101142728, 52.341423204123657 ] } },
{ "type": "Feature", "properties": { "transit_type": "highway", "name": "Aletta Jacobslaan" }, "geometry": { "type": "Point", "coordinates": [ 4.828974301165191, 52.346854504126846 ] } },
{ "type": "Feature", "properties": { "transit_type": "highway", "name": "Amstelveenseweg" }, "geometry": { "type": "Point", "coordinates": [ 4.857352301193129, 52.338233104121656 ] } },
{ "type": "Feature", "properties": { "transit_type": "highway", "name": "Willem van Weldammelaan" }, "geometry": { "type": "Point", "coordinates": [ 4.876198601211809, 52.335071604119754 ] } },
{ "type": "Feature", "properties": { "transit_type": "highway", "name": "Arent Janszoon Ernststraat" }, "geometry": { "type": "Point", "coordinates": [ 4.869693001205158, 52.332002704117905 ] } },
{ "type": "Feature", "properties": { "transit_type": "highway", "name": "Gelderlandplein Noord" }, "geometry": { "type": "Point", "coordinates": [ 4.876401501211864, 52.332044204117928 ] } },
{ "type": "Feature", "properties": { "transit_type": "highway", "name": "Arent Janszoon Ernststraat" }, "geometry": { "type": "Point", "coordinates": [ 4.869703101205174, 52.332123604118003 ] } },
{ "type": "Feature", "properties": { "transit_type": "highway", "name": "Kraaienneststation" }, "geometry": { "type": "Point", "coordinates": [ 4.978678801313349, 52.316060604108053 ] } },
{ "type": "Feature", "properties": { "transit_type": "highway", "name": "Geerdinkhof" }, "geometry": { "type": "Point", "coordinates": [ 4.980798601315784, 52.322845404112051 ] } },
{ "type": "Feature", "properties": { "transit_type": "highway", "name": "Kraaienneststation" }, "geometry": { "type": "Point", "coordinates": [ 4.981377101316079, 52.316785504108459 ] } },
{ "type": "Feature", "properties": { "transit_type": "highway", "name": "Koornhorst" }, "geometry": { "type": "Point", "coordinates": [ 4.984017701318825, 52.318986104109769 ] } },
{ "type": "Feature", "properties": { "transit_type": "highway", "name": "Geerdinkhof" }, "geometry": { "type": "Point", "coordinates": [ 4.980305101315325, 52.323629704112591 ] } },
{ "type": "Feature", "properties": { "transit_type": "highway", "name": "Kraaienneststation" }, "geometry": { "type": "Point", "coordinates": [ 4.980744101315411, 52.31598530410799 ] } },
{ "type": "Feature", "properties": { "transit_type": "highway", "name": "Dolingadreef" }, "geometry": { "type": "Point", "coordinates": [ 4.948252201283084, 52.319334504110124 ] } },
{ "type": "Feature", "properties": { "transit_type": "highway", "name": "Geldershoofd" }, "geometry": { "type": "Point", "coordinates": [ 4.970949401306044, 52.325156304113506 ] } },
{ "type": "Feature", "properties": { "transit_type": "highway", "name": "Echtenstein" }, "geometry": { "type": "Point", "coordinates": [ 4.960145301295238, 52.32501780411345 ] } },
{ "type": "Feature", "properties": { "transit_type": "highway", "name": "Koornhorst" }, "geometry": { "type": "Point", "coordinates": [ 4.984020801318839, 52.319289404109959 ] } },
{ "type": "Feature", "properties": { "transit_type": "highway", "name": "Geldershoofd" }, "geometry": { "type": "Point", "coordinates": [ 4.970831901305918, 52.3249904041134 ] } },
{ "type": "Feature", "properties": { "transit_type": "highway", "name": "Hoofddorpplein" }, "geometry": { "type": "Point", "coordinates": [ 4.849571401185979, 52.351162904129303 ] } },
{ "type": "Feature", "properties": { "transit_type": "highway", "name": "Antwerpenbaan" }, "geometry": { "type": "Point", "coordinates": [ 4.816288401152474, 52.346023304126341 ] } },
{ "type": "Feature", "properties": { "transit_type": "highway", "name": "Antwerpenbaan" }, "geometry": { "type": "Point", "coordinates": [ 4.815886001152061, 52.345810304126196 ] } },
{ "type": "Feature", "properties": { "transit_type": "highway", "name": "Plesmanlaan" }, "geometry": { "type": "Point", "coordinates": [ 4.810512201146926, 52.350565104129018 ] } },
{ "type": "Feature", "properties": { "transit_type": "highway", "name": "Westmallepad" }, "geometry": { "type": "Point", "coordinates": [ 4.805371801141642, 52.347520104127263 ] } },
{ "type": "Feature", "properties": { "transit_type": "highway", "name": "Westmallepad" }, "geometry": { "type": "Point", "coordinates": [ 4.805310201141554, 52.346958104126919 ] } },
{ "type": "Feature", "properties": { "transit_type": "highway", "name": "Louis Davidsstraat" }, "geometry": { "type": "Point", "coordinates": [ 4.807595901144169, 52.353718304130894 ] } },
{ "type": "Feature", "properties": { "transit_type": "highway", "name": "Osdorpplein Oost" }, "geometry": { "type": "Point", "coordinates": [ 4.80778130114463, 52.359358904134233 ] } },
{ "type": "Feature", "properties": { "transit_type": "highway", "name": "Waddenweg" }, "geometry": { "type": "Point", "coordinates": [ 4.926924501265219, 52.392621804153563 ] } },
{ "type": "Feature", "properties": { "transit_type": "highway", "name": "Purmerplein" }, "geometry": { "type": "Point", "coordinates": [ 4.945681301283841, 52.39044550415219 ] } },
{ "type": "Feature", "properties": { "transit_type": "highway", "name": "Nieuwe Purmerweg" }, "geometry": { "type": "Point", "coordinates": [ 4.93455530127291, 52.394160604154429 ] } },
{ "type": "Feature", "properties": { "transit_type": "highway", "name": "Wervershoofstraat" }, "geometry": { "type": "Point", "coordinates": [ 4.9395228012778, 52.392691004153583 ] } },
{ "type": "Feature", "properties": { "transit_type": "highway", "name": "Prins Hendrikkade" }, "geometry": { "type": "Point", "coordinates": [ 4.906477301243889, 52.373419504142333 ] } },
{ "type": "Feature", "properties": { "transit_type": "highway", "name": "Waterlandplein" }, "geometry": { "type": "Point", "coordinates": [ 4.952932001291185, 52.392616904153471 ] } },
{ "type": "Feature", "properties": { "transit_type": "highway", "name": "Ilperveldstraat" }, "geometry": { "type": "Point", "coordinates": [ 4.944615401282991, 52.395004804154908 ] } },
{ "type": "Feature", "properties": { "transit_type": "highway", "name": "Waterlandplein" }, "geometry": { "type": "Point", "coordinates": [ 4.953913901292124, 52.391770604152967 ] } },
{ "type": "Feature", "properties": { "transit_type": "highway", "name": "De Egmondenstraat" }, "geometry": { "type": "Point", "coordinates": [ 4.948003701286336, 52.394147804154414 ] } },
{ "type": "Feature", "properties": { "transit_type": "highway", "name": "Johan van Hasseltweg" }, "geometry": { "type": "Point", "coordinates": [ 4.92317370126124, 52.387722004150724 ] } },
{ "type": "Feature", "properties": { "transit_type": "highway", "name": "Purmerplein" }, "geometry": { "type": "Point", "coordinates": [ 4.945874001284051, 52.390785204152429 ] } },
{ "type": "Feature", "properties": { "transit_type": "highway", "name": "IJ tunnel" }, "geometry": { "type": "Point", "coordinates": [ 4.90948360124684, 52.372326904141659 ] } },
{ "type": "Feature", "properties": { "transit_type": "highway", "name": "Wervershoofstraat" }, "geometry": { "type": "Point", "coordinates": [ 4.940395301278666, 52.392573604153505 ] } },
{ "type": "Feature", "properties": { "transit_type": "highway", "name": "Purmerweg" }, "geometry": { "type": "Point", "coordinates": [ 4.948812101286947, 52.389956204151929 ] } },
{ "type": "Feature", "properties": { "transit_type": "highway", "name": "De Egmondenstraat" }, "geometry": { "type": "Point", "coordinates": [ 4.949413001287716, 52.393613604154083 ] } },
{ "type": "Feature", "properties": { "transit_type": "highway", "name": "Dijkmanshuizenstraat" }, "geometry": { "type": "Point", "coordinates": [ 4.95451070129293, 52.396232704155615 ] } },
{ "type": "Feature", "properties": { "transit_type": "highway", "name": "Amerbos" }, "geometry": { "type": "Point", "coordinates": [ 4.941390801280169, 52.403403504159833 ] } },
{ "type": "Feature", "properties": { "transit_type": "highway", "name": "Volendammerweg" }, "geometry": { "type": "Point", "coordinates": [ 4.9569584012952, 52.392479004153401 ] } },
{ "type": "Feature", "properties": { "transit_type": "highway", "name": "Beemsterstraat" }, "geometry": { "type": "Point", "coordinates": [ 4.95214780129061, 52.397099704156119 ] } },
{ "type": "Feature", "properties": { "transit_type": "highway", "name": "Het Breed" }, "geometry": { "type": "Point", "coordinates": [ 4.932257801270802, 52.39814580415679 ] } },
{ "type": "Feature", "properties": { "transit_type": "highway", "name": "Beemsterstraat" }, "geometry": { "type": "Point", "coordinates": [ 4.951101101289589, 52.397616504156446 ] } },
{ "type": "Feature", "properties": { "transit_type": "highway", "name": "Amerbos" }, "geometry": { "type": "Point", "coordinates": [ 4.94244570128121, 52.403129004159716 ] } },
{ "type": "Feature", "properties": { "transit_type": "highway", "name": "Dijkmanshuizenstraat" }, "geometry": { "type": "Point", "coordinates": [ 4.954656401293041, 52.395529704155209 ] } },
{ "type": "Feature", "properties": { "transit_type": "highway", "name": "Spelderholt" }, "geometry": { "type": "Point", "coordinates": [ 4.944270701282947, 52.401376904158703 ] } },
{ "type": "Feature", "properties": { "transit_type": "highway", "name": "Bakkerswaal" }, "geometry": { "type": "Point", "coordinates": [ 4.937604601276338, 52.402340904159253 ] } },
{ "type": "Feature", "properties": { "transit_type": "highway", "name": "Voordek" }, "geometry": { "type": "Point", "coordinates": [ 4.917447301256625, 52.410974704164389 ] } },
{ "type": "Feature", "properties": { "transit_type": "highway", "name": "Tussendek" }, "geometry": { "type": "Point", "coordinates": [ 4.91929540125855, 52.412613504165336 ] } },
{ "type": "Feature", "properties": { "transit_type": "highway", "name": "Grootzeil" }, "geometry": { "type": "Point", "coordinates": [ 4.923073901262111, 52.40816440416274 ] } },
{ "type": "Feature", "properties": { "transit_type": "highway", "name": "Staghof" }, "geometry": { "type": "Point", "coordinates": [ 4.922985201262268, 52.413376704165785 ] } },
{ "type": "Feature", "properties": { "transit_type": "highway", "name": "Tussendek" }, "geometry": { "type": "Point", "coordinates": [ 4.92001020125929, 52.413146204165663 ] } },
{ "type": "Feature", "properties": { "transit_type": "highway", "name": "Grootzeil" }, "geometry": { "type": "Point", "coordinates": [ 4.924119601263177, 52.408663704163025 ] } },
{ "type": "Feature", "properties": { "transit_type": "highway", "name": "Voordek" }, "geometry": { "type": "Point", "coordinates": [ 4.916757601255919, 52.410529404164144 ] } },
{ "type": "Feature", "properties": { "transit_type": "highway", "name": "Masthof" }, "geometry": { "type": "Point", "coordinates": [ 4.926064701265271, 52.41190890416491 ] } },
{ "type": "Feature", "properties": { "transit_type": "highway", "name": "Nageljongenstraat" }, "geometry": { "type": "Point", "coordinates": [ 4.898787801237875, 52.408259804162874 ] } },
{ "type": "Feature", "properties": { "transit_type": "highway", "name": "Slijperweg" }, "geometry": { "type": "Point", "coordinates": [ 4.907681001246318, 52.399174204157468 ] } },
{ "type": "Feature", "properties": { "transit_type": "highway", "name": "Nageljongenstraat" }, "geometry": { "type": "Point", "coordinates": [ 4.899604901238686, 52.408247404162864 ] } },
{ "type": "Feature", "properties": { "transit_type": "highway", "name": "Atatürk" }, "geometry": { "type": "Point", "coordinates": [ 4.897764801236614, 52.403300404159964 ] } },
{ "type": "Feature", "properties": { "transit_type": "highway", "name": "Petmolen" }, "geometry": { "type": "Point", "coordinates": [ 4.885496301225069, 52.417898104168536 ] } },
{ "type": "Feature", "properties": { "transit_type": "highway", "name": "Maanstraat" }, "geometry": { "type": "Point", "coordinates": [ 4.886926801226231, 52.412305304165294 ] } },
{ "type": "Feature", "properties": { "transit_type": "highway", "name": "Molenwijk" }, "geometry": { "type": "Point", "coordinates": [ 4.893636101233197, 52.41797490416856 ] } },
{ "type": "Feature", "properties": { "transit_type": "highway", "name": "Pomonastraat" }, "geometry": { "type": "Point", "coordinates": [ 4.895450101234569, 52.408796604163193 ] } },
{ "type": "Feature", "properties": { "transit_type": "highway", "name": "Petmolen" }, "geometry": { "type": "Point", "coordinates": [ 4.886216001225757, 52.417198404168111 ] } },
{ "type": "Feature", "properties": { "transit_type": "highway", "name": "Meteorensingel" }, "geometry": { "type": "Point", "coordinates": [ 4.891047801230246, 52.410302604164109 ] } },
{ "type": "Feature", "properties": { "transit_type": "highway", "name": "Fluitschipstraat" }, "geometry": { "type": "Point", "coordinates": [ 4.915979901254813, 52.403643304160084 ] } },
{ "type": "Feature", "properties": { "transit_type": "highway", "name": "Appelweg" }, "geometry": { "type": "Point", "coordinates": [ 4.895468601234914, 52.415657304167205 ] } },
{ "type": "Feature", "properties": { "transit_type": "highway", "name": "Maasstraat" }, "geometry": { "type": "Point", "coordinates": [ 4.896487101232355, 52.340740704123057 ] } },
{ "type": "Feature", "properties": { "transit_type": "highway", "name": "John M. Keynesplein" }, "geometry": { "type": "Point", "coordinates": [ 4.825216401161108, 52.340098304122833 ] } },
{ "type": "Feature", "properties": { "transit_type": "highway", "name": "Nelson Mandelapark" }, "geometry": { "type": "Point", "coordinates": [ 4.964399401298846, 52.311166404105201 ] } },
{ "type": "Feature", "properties": { "transit_type": "highway", "name": "Nelson Mandelapark" }, "geometry": { "type": "Point", "coordinates": [ 4.96536880129982, 52.311267404105251 ] } },
{ "type": "Feature", "properties": { "transit_type": "highway", "name": "Geinbrug" }, "geometry": { "type": "Point", "coordinates": [ 5.012870501347003, 52.304432704100932 ] } },
{ "type": "Feature", "properties": { "transit_type": "highway", "name": "Geinbrug" }, "geometry": { "type": "Point", "coordinates": [ 5.013126501347259, 52.304457604100953 ] } },
{ "type": "Feature", "properties": { "transit_type": "highway", "name": "Slijperweg" }, "geometry": { "type": "Point", "coordinates": [ 4.907491601246136, 52.399326304157555 ] } },
{ "type": "Feature", "properties": { "transit_type": "highway", "name": "President Kennedylaan" }, "geometry": { "type": "Point", "coordinates": [ 4.901939901237812, 52.340909504123132 ] } },
{ "type": "Feature", "properties": { "transit_type": "highway", "name": "Maasstraat" }, "geometry": { "type": "Point", "coordinates": [ 4.89843820123429, 52.340439804122866 ] } },
{ "type": "Feature", "properties": { "transit_type": "highway", "name": "Zaaiersweg" }, "geometry": { "type": "Point", "coordinates": [ 4.939678901275428, 52.338859104121802 ] } },
{ "type": "Feature", "properties": { "transit_type": "highway", "name": "Zaaiersweg" }, "geometry": { "type": "Point", "coordinates": [ 4.938306401274108, 52.339949904122456 ] } },
{ "type": "Feature", "properties": { "transit_type": "highway", "name": "Kruislaan" }, "geometry": { "type": "Point", "coordinates": [ 4.939746801275898, 52.347433804126858 ] } },
{ "type": "Feature", "properties": { "transit_type": "highway", "name": "Pekelharingstraat" }, "geometry": { "type": "Point", "coordinates": [ 4.936641301272715, 52.345733004125869 ] } },
{ "type": "Feature", "properties": { "transit_type": "highway", "name": "Dalsteindreef" }, "geometry": { "type": "Point", "coordinates": [ 4.942408801277496, 52.32476700411339 ] } },
{ "type": "Feature", "properties": { "transit_type": "highway", "name": "Dalsteindreef" }, "geometry": { "type": "Point", "coordinates": [ 4.942450001277543, 52.324906004113473 ] } },
{ "type": "Feature", "properties": { "transit_type": "highway", "name": "Dostojevskisingel" }, "geometry": { "type": "Point", "coordinates": [ 4.945303601280294, 52.322754004112205 ] } },
{ "type": "Feature", "properties": { "transit_type": "highway", "name": "Dostojevskisingel" }, "geometry": { "type": "Point", "coordinates": [ 4.944613101279625, 52.323148704112405 ] } },
{ "type": "Feature", "properties": { "transit_type": "highway", "name": "Maaseikpad" }, "geometry": { "type": "Point", "coordinates": [ 4.816159501152471, 52.348566304127843 ] } },
{ "type": "Feature", "properties": { "transit_type": "highway", "name": "Maaspeikpad" }, "geometry": { "type": "Point", "coordinates": [ 4.815856401152149, 52.348150104127605 ] } },
{ "type": "Feature", "properties": { "transit_type": "highway", "name": "Borneolaan" }, "geometry": { "type": "Point", "coordinates": [ 4.938358601275633, 52.371330404140998 ] } },
{ "type": "Feature", "properties": { "transit_type": "highway", "name": "Zeeburgerdijk" }, "geometry": { "type": "Point", "coordinates": [ 4.939450301276446, 52.365436404137512 ] } },
{ "type": "Feature", "properties": { "transit_type": "highway", "name": "Borneolaan" }, "geometry": { "type": "Point", "coordinates": [ 4.939247701276515, 52.371223204140925 ] } },
{ "type": "Feature", "properties": { "transit_type": "highway", "name": "Zeeburgerdijk" }, "geometry": { "type": "Point", "coordinates": [ 4.939584301276584, 52.365529704137558 ] } },
{ "type": "Feature", "properties": { "transit_type": "highway", "name": "Molukkenstraat" }, "geometry": { "type": "Point", "coordinates": [ 4.939272501276087, 52.361544504135232 ] } },
{ "type": "Feature", "properties": { "transit_type": "highway", "name": "Hemsterhuisstraat" }, "geometry": { "type": "Point", "coordinates": [ 4.82173110115856, 52.359220604134173 ] } },
{ "type": "Feature", "properties": { "transit_type": "highway", "name": "Hemsterhuisstraat" }, "geometry": { "type": "Point", "coordinates": [ 4.821811701158629, 52.359051904134006 ] } },
{ "type": "Feature", "properties": { "transit_type": "highway", "name": "Louis Davidsstraat" }, "geometry": { "type": "Point", "coordinates": [ 4.808128601144696, 52.353623604130888 ] } },
{ "type": "Feature", "properties": { "transit_type": "highway", "name": "C.K. Eloutstraat" }, "geometry": { "type": "Point", "coordinates": [ 4.811593001148192, 52.354322104131271 ] } },
{ "type": "Feature", "properties": { "transit_type": "highway", "name": "C.K. Eloutstraat" }, "geometry": { "type": "Point", "coordinates": [ 4.811729201148339, 52.354540704131402 ] } },
{ "type": "Feature", "properties": { "transit_type": "highway", "name": "Gelderlandplein Oost" }, "geometry": { "type": "Point", "coordinates": [ 4.879322101214727, 52.330824304117229 ] } },
{ "type": "Feature", "properties": { "transit_type": "highway", "name": "Van Boshuizenstraat" }, "geometry": { "type": "Point", "coordinates": [ 4.868817701203906, 52.324088304113232 ] } },
{ "type": "Feature", "properties": { "transit_type": "highway", "name": "Geer Ban" }, "geometry": { "type": "Point", "coordinates": [ 4.803643801140675, 52.36290790413635 ] } },
{ "type": "Feature", "properties": { "transit_type": "highway", "name": "Dolingadreef" }, "geometry": { "type": "Point", "coordinates": [ 4.949038801283855, 52.318974104109898 ] } },
{ "type": "Feature", "properties": { "transit_type": "highway", "name": "Echtenstein" }, "geometry": { "type": "Point", "coordinates": [ 4.95980380129488, 52.324681304113298 ] } },
{ "type": "Feature", "properties": { "transit_type": "highway", "name": "Gaasperplasstation" }, "geometry": { "type": "Point", "coordinates": [ 4.985178901319625, 52.311169804105141 ] } },
{ "type": "Feature", "properties": { "transit_type": "highway", "name": "Gaasperplasstation" }, "geometry": { "type": "Point", "coordinates": [ 4.985112701319559, 52.31122940410512 ] } },
{ "type": "Feature", "properties": { "transit_type": "highway", "name": "Gaasperplasstation" }, "geometry": { "type": "Point", "coordinates": [ 4.98507120131952, 52.311279504105165 ] } },
{ "type": "Feature", "properties": { "transit_type": "highway", "name": "Gaasperplasstation" }, "geometry": { "type": "Point", "coordinates": [ 4.985066101319518, 52.311335304105214 ] } },
{ "type": "Feature", "properties": { "transit_type": "highway", "name": "Saaftingestraat" }, "geometry": { "type": "Point", "coordinates": [ 4.791495601128419, 52.360442004134917 ] } },
{ "type": "Feature", "properties": { "transit_type": "highway", "name": "Saaftingestraat" }, "geometry": { "type": "Point", "coordinates": [ 4.789766901126667, 52.359945704134589 ] } },
{ "type": "Feature", "properties": { "transit_type": "highway", "name": "Haarlemmerplein" }, "geometry": { "type": "Point", "coordinates": [ 4.883403001221395, 52.384896104149163 ] } },
{ "type": "Feature", "properties": { "transit_type": "highway", "name": "Eerste Van Swindenstraat" }, "geometry": { "type": "Point", "coordinates": [ 4.924191901261025, 52.36162160413533 ] } },
{ "type": "Feature", "properties": { "transit_type": "highway", "name": "Osdorpplein Oost" }, "geometry": { "type": "Point", "coordinates": [ 4.808011401144826, 52.358632604133831 ] } },
{ "type": "Feature", "properties": { "transit_type": "highway", "name": "Hoekenes" }, "geometry": { "type": "Point", "coordinates": [ 4.800305701137114, 52.358344904133638 ] } },
{ "type": "Feature", "properties": { "transit_type": "highway", "name": "Hoekenes" }, "geometry": { "type": "Point", "coordinates": [ 4.800764301137566, 52.358212204133586 ] } },
{ "type": "Feature", "properties": { "transit_type": "highway", "name": "Brusselsingel" }, "geometry": { "type": "Point", "coordinates": [ 4.807317901143463, 52.345021804125736 ] } },
{ "type": "Feature", "properties": { "transit_type": "highway", "name": "Brusselsingel" }, "geometry": { "type": "Point", "coordinates": [ 4.807312601143451, 52.344864904125657 ] } },
{ "type": "Feature", "properties": { "transit_type": "highway", "name": "Belgiëplein" }, "geometry": { "type": "Point", "coordinates": [ 4.811300901147416, 52.344476604125454 ] } },
{ "type": "Feature", "properties": { "transit_type": "highway", "name": "Science Park Terra" }, "geometry": { "type": "Point", "coordinates": [ 4.957461001293906, 52.354010804130688 ] } },
{ "type": "Feature", "properties": { "transit_type": "highway", "name": "Dintelstraat" }, "geometry": { "type": "Point", "coordinates": [ 4.893326701229251, 52.341867204123744 ] } },
{ "type": "Feature", "properties": { "transit_type": "highway", "name": "Surinameplein" }, "geometry": { "type": "Point", "coordinates": [ 4.852259701189005, 52.358207004133483 ] } },
{ "type": "Feature", "properties": { "transit_type": "highway", "name": "Station Sloterdijk" }, "geometry": { "type": "Point", "coordinates": [ 4.838912301177078, 52.387079304150532 ] } },
{ "type": "Feature", "properties": { "transit_type": "highway", "name": "Station Sloterdijk" }, "geometry": { "type": "Point", "coordinates": [ 4.838871101177054, 52.387401504150759 ] } },
{ "type": "Feature", "properties": { "transit_type": "highway", "name": "Station Sloterdijk" }, "geometry": { "type": "Point", "coordinates": [ 4.838859701177049, 52.387496204150821 ] } },
{ "type": "Feature", "properties": { "transit_type": "highway", "name": "Station Sloterdijk" }, "geometry": { "type": "Point", "coordinates": [ 4.838828901177028, 52.387729704150942 ] } },
{ "type": "Feature", "properties": { "transit_type": "highway", "name": "Brinkstraat" }, "geometry": { "type": "Point", "coordinates": [ 4.947786801283723, 52.342936304124208 ] } },
{ "type": "Feature", "properties": { "transit_type": "highway", "name": "Lumièrestraat" }, "geometry": { "type": "Point", "coordinates": [ 5.000214501336545, 52.352397904129532 ] } },
{ "type": "Feature", "properties": { "transit_type": "highway", "name": "Diemerparklaan" }, "geometry": { "type": "Point", "coordinates": [ 4.995767101332214, 52.354781904130967 ] } },
{ "type": "Feature", "properties": { "transit_type": "highway", "name": "Vennepluimstraat" }, "geometry": { "type": "Point", "coordinates": [ 4.991319901327874, 52.357119804132338 ] } },
{ "type": "Feature", "properties": { "transit_type": "highway", "name": "Florijn" }, "geometry": { "type": "Point", "coordinates": [ 4.959826801294583, 52.317809104109152 ] } },
{ "type": "Feature", "properties": { "transit_type": "highway", "name": "Florijn" }, "geometry": { "type": "Point", "coordinates": [ 4.958672201293417, 52.317617604109053 ] } },
{ "type": "Feature", "properties": { "transit_type": "highway", "name": "Veelaan" }, "geometry": { "type": "Point", "coordinates": [ 4.939625701276762, 52.368441504139298 ] } },
{ "type": "Feature", "properties": { "transit_type": "highway", "name": "Veelaan" }, "geometry": { "type": "Point", "coordinates": [ 4.939322601276424, 52.367678404138822 ] } },
{ "type": "Feature", "properties": { "transit_type": "highway", "name": "Kadijksplein" }, "geometry": { "type": "Point", "coordinates": [ 4.91334070125063, 52.371006704140889 ] } },
{ "type": "Feature", "properties": { "transit_type": "highway", "name": "Kadijksplein" }, "geometry": { "type": "Point", "coordinates": [ 4.913352201250631, 52.370744304140757 ] } },
{ "type": "Feature", "properties": { "transit_type": "highway", "name": "V. d. Boechorststraat" }, "geometry": { "type": "Point", "coordinates": [ 4.861153901196222, 52.323636004112963 ] } },
{ "type": "Feature", "properties": { "transit_type": "highway", "name": "Kinkerstraat" }, "geometry": { "type": "Point", "coordinates": [ 4.872295401209447, 52.367083104138707 ] } },
{ "type": "Feature", "properties": { "transit_type": "highway", "name": null }, "geometry": { "type": "Point", "coordinates": [ 4.963306901301135, 52.383862504148297 ] } },
{ "type": "Feature", "properties": { "transit_type": "highway", "name": "Uitdammerdijk" }, "geometry": { "type": "Point", "coordinates": [ 5.001939401339585, 52.381083304146422 ] } },
{ "type": "Feature", "properties": { "transit_type": "highway", "name": "Uitdammerdijk" }, "geometry": { "type": "Point", "coordinates": [ 5.00222270133987, 52.381147604146477 ] } },
{ "type": "Feature", "properties": { "transit_type": "highway", "name": "Volkstuin" }, "geometry": { "type": "Point", "coordinates": [ 4.974355001311967, 52.379501904145663 ] } },
{ "type": "Feature", "properties": { "transit_type": "highway", "name": "Volkstuin" }, "geometry": { "type": "Point", "coordinates": [ 4.974048301311671, 52.379779004145817 ] } },
{ "type": "Feature", "properties": { "transit_type": "highway", "name": "Durgerdammerdijk 82" }, "geometry": { "type": "Point", "coordinates": [ 4.988888301326384, 52.377475404144384 ] } },
{ "type": "Feature", "properties": { "transit_type": "highway", "name": "Station Lelylaan" }, "geometry": { "type": "Point", "coordinates": [ 4.834453401171142, 52.356646804132637 ] } },
{ "type": "Feature", "properties": { "transit_type": "highway", "name": "Station Lelylaan" }, "geometry": { "type": "Point", "coordinates": [ 4.834669501171362, 52.356676804132618 ] } },
{ "type": "Feature", "properties": { "transit_type": "highway", "name": "Station Lelylaan" }, "geometry": { "type": "Point", "coordinates": [ 4.834570101171258, 52.356657704132616 ] } },
{ "type": "Feature", "properties": { "transit_type": "highway", "name": "Blijkmeer" }, "geometry": { "type": "Point", "coordinates": [ 5.024817201363698, 52.408883604162646 ] } },
{ "type": "Feature", "properties": { "transit_type": "highway", "name": "Blijkmeer" }, "geometry": { "type": "Point", "coordinates": [ 5.02473770136362, 52.408947804162686 ] } },
{ "type": "Feature", "properties": { "transit_type": "highway", "name": "Bloemendalergouw 38" }, "geometry": { "type": "Point", "coordinates": [ 5.025595701364672, 52.413237404165201 ] } },
{ "type": "Feature", "properties": { "transit_type": "highway", "name": "Holysloot" }, "geometry": { "type": "Point", "coordinates": [ 5.025113401364193, 52.413208804165187 ] } },
{ "type": "Feature", "properties": { "transit_type": "highway", "name": "Splitsing" }, "geometry": { "type": "Point", "coordinates": [ 4.954967601294602, 52.422256004170812 ] } },
{ "type": "Feature", "properties": { "transit_type": "highway", "name": "Borneolaan" }, "geometry": { "type": "Point", "coordinates": [ 4.938671501275921, 52.370811404140682 ] } },
{ "type": "Feature", "properties": { "transit_type": "highway", "name": "Ransdorp (Kerk)" }, "geometry": { "type": "Point", "coordinates": [ 4.994219001332437, 52.393281204153659 ] } },
{ "type": "Feature", "properties": { "transit_type": "highway", "name": "Dorpsweg 38" }, "geometry": { "type": "Point", "coordinates": [ 4.994457001332634, 52.392432504153156 ] } },
{ "type": "Feature", "properties": { "transit_type": "highway", "name": "Dorpsweg" }, "geometry": { "type": "Point", "coordinates": [ 4.995789201333889, 52.390764304152185 ] } },
{ "type": "Feature", "properties": { "transit_type": "highway", "name": "Dorpsweg" }, "geometry": { "type": "Point", "coordinates": [ 4.996272701334371, 52.39080230415221 ] } },
{ "type": "Feature", "properties": { "transit_type": "highway", "name": "Haardstee" }, "geometry": { "type": "Point", "coordinates": [ 4.950980101285428, 52.311160004105247 ] } },
{ "type": "Feature", "properties": { "transit_type": "highway", "name": "Hogevecht" }, "geometry": { "type": "Point", "coordinates": [ 4.959956301294324, 52.309404804104169 ] } },
{ "type": "Feature", "properties": { "transit_type": "highway", "name": "Kelbergen" }, "geometry": { "type": "Point", "coordinates": [ 4.971746501306297, 52.313459704106535 ] } },
{ "type": "Feature", "properties": { "transit_type": "highway", "name": "Houtmankade" }, "geometry": { "type": "Point", "coordinates": [ 4.883879201222157, 52.390846204152623 ] } },
{ "type": "Feature", "properties": { "transit_type": "highway", "name": "Houtmankade" }, "geometry": { "type": "Point", "coordinates": [ 4.88445950122275, 52.391117704152855 ] } },
{ "type": "Feature", "properties": { "transit_type": "highway", "name": "Spaarndammerstraat" }, "geometry": { "type": "Point", "coordinates": [ 4.87710780121547, 52.392353204153601 ] } },
{ "type": "Feature", "properties": { "transit_type": "highway", "name": "Spaarndammerstraat" }, "geometry": { "type": "Point", "coordinates": [ 4.877725301216075, 52.392130904153447 ] } },
{ "type": "Feature", "properties": { "transit_type": "highway", "name": "Spaarndammerdijk" }, "geometry": { "type": "Point", "coordinates": [ 4.862021701200408, 52.392372704153651 ] } },
{ "type": "Feature", "properties": { "transit_type": "highway", "name": "Spaarndammerdijk" }, "geometry": { "type": "Point", "coordinates": [ 4.860402801198805, 52.392642604153778 ] } },
{ "type": "Feature", "properties": { "transit_type": "highway", "name": "Contactweg" }, "geometry": { "type": "Point", "coordinates": [ 4.856761801195137, 52.391952904153399 ] } },
{ "type": "Feature", "properties": { "transit_type": "highway", "name": "Contactweg" }, "geometry": { "type": "Point", "coordinates": [ 4.854333201192723, 52.392180704153525 ] } },
{ "type": "Feature", "properties": { "transit_type": "highway", "name": "Barentszplein" }, "geometry": { "type": "Point", "coordinates": [ 4.891537801229718, 52.38905040415159 ] } },
{ "type": "Feature", "properties": { "transit_type": "highway", "name": "Barentszplein" }, "geometry": { "type": "Point", "coordinates": [ 4.891636401229833, 52.389399204151808 ] } },
{ "type": "Feature", "properties": { "transit_type": "highway", "name": "Westerdoksdijk" }, "geometry": { "type": "Point", "coordinates": [ 4.893098201231086, 52.38509050414924 ] } },
{ "type": "Feature", "properties": { "transit_type": "highway", "name": "Kattenburgerstraat" }, "geometry": { "type": "Point", "coordinates": [ 4.91836600125573, 52.372783204141925 ] } },
{ "type": "Feature", "properties": { "transit_type": "highway", "name": "Kattenburgerstraat" }, "geometry": { "type": "Point", "coordinates": [ 4.917967101255309, 52.372254304141649 ] } },
{ "type": "Feature", "properties": { "transit_type": "highway", "name": "Jan Schaeferbrug" }, "geometry": { "type": "Point", "coordinates": [ 4.921954501259495, 52.376544404144127 ] } },
{ "type": "Feature", "properties": { "transit_type": "highway", "name": "Jan Schaeferbrug" }, "geometry": { "type": "Point", "coordinates": [ 4.921711301259258, 52.376602304144164 ] } },
{ "type": "Feature", "properties": { "transit_type": "highway", "name": "Tosaristraat" }, "geometry": { "type": "Point", "coordinates": [ 4.923659801261354, 52.379789004146069 ] } },
{ "type": "Feature", "properties": { "transit_type": "highway", "name": "Tosaristraat" }, "geometry": { "type": "Point", "coordinates": [ 4.923128901260807, 52.37948550414584 ] } },
{ "type": "Feature", "properties": { "transit_type": "highway", "name": "Majanggracht" }, "geometry": { "type": "Point", "coordinates": [ 4.929655301267302, 52.379006704145546 ] } },
{ "type": "Feature", "properties": { "transit_type": "highway", "name": "Majanggracht" }, "geometry": { "type": "Point", "coordinates": [ 4.931282701268914, 52.378683504145357 ] } },
{ "type": "Feature", "properties": { "transit_type": "highway", "name": "C. van Eesterenlaan" }, "geometry": { "type": "Point", "coordinates": [ 4.938645201276011, 52.37329930414213 ] } },
{ "type": "Feature", "properties": { "transit_type": "highway", "name": "R.J.H. Fortuynplein" }, "geometry": { "type": "Point", "coordinates": [ 4.946741901284048, 52.372234404141501 ] } },
{ "type": "Feature", "properties": { "transit_type": "highway", "name": "Oostenburgergracht" }, "geometry": { "type": "Point", "coordinates": [ 4.92442070126155, 52.367918804139052 ] } },
{ "type": "Feature", "properties": { "transit_type": "highway", "name": "Javaplein" }, "geometry": { "type": "Point", "coordinates": [ 4.939612401276544, 52.364104304136717 ] } },
{ "type": "Feature", "properties": { "transit_type": "highway", "name": "Javaplein" }, "geometry": { "type": "Point", "coordinates": [ 4.939446801276377, 52.364024804136676 ] } },
{ "type": "Feature", "properties": { "transit_type": "highway", "name": "Levantplein" }, "geometry": { "type": "Point", "coordinates": [ 4.942776201280314, 52.377036204144346 ] } },
{ "type": "Feature", "properties": { "transit_type": "highway", "name": "Levantplein" }, "geometry": { "type": "Point", "coordinates": [ 4.942408701279952, 52.377143004144401 ] } },
{ "type": "Feature", "properties": { "transit_type": "highway", "name": "KNSM-laan" }, "geometry": { "type": "Point", "coordinates": [ 4.946023401283558, 52.377109804144375 ] } },
{ "type": "Feature", "properties": { "transit_type": "highway", "name": "Van Limburg Stirumstraat" }, "geometry": { "type": "Point", "coordinates": [ 4.875234301213269, 52.385535904149563 ] } },
{ "type": "Feature", "properties": { "transit_type": "highway", "name": "C. van Eesterenlaan" }, "geometry": { "type": "Point", "coordinates": [ 4.938838701276219, 52.373585404142332 ] } },
{ "type": "Feature", "properties": { "transit_type": "highway", "name": "Seineweg" }, "geometry": { "type": "Point", "coordinates": [ 4.818960201157131, 52.386516804150261 ] } },
{ "type": "Feature", "properties": { "transit_type": "highway", "name": "Seineweg" }, "geometry": { "type": "Point", "coordinates": [ 4.818552501156715, 52.386302404150108 ] } },
{ "type": "Feature", "properties": { "transit_type": "highway", "name": "Hogevecht" }, "geometry": { "type": "Point", "coordinates": [ 4.959641201294014, 52.309530104104255 ] } },
{ "type": "Feature", "properties": { "transit_type": "highway", "name": "Station Ganzenhoef" }, "geometry": { "type": "Point", "coordinates": [ 4.975103401310094, 52.322944704112132 ] } },
{ "type": "Feature", "properties": { "transit_type": "highway", "name": "Nachtwachtlaan" }, "geometry": { "type": "Point", "coordinates": [ 4.8433593011804, 52.364100504137006 ] } },
{ "type": "Feature", "properties": { "transit_type": "highway", "name": "Nachtwachtlaan" }, "geometry": { "type": "Point", "coordinates": [ 4.843114601180163, 52.364202804137065 ] } },
{ "type": "Feature", "properties": { "transit_type": "highway", "name": "Derkinderenstraat" }, "geometry": { "type": "Point", "coordinates": [ 4.839589201176633, 52.364065204137006 ] } },
{ "type": "Feature", "properties": { "transit_type": "highway", "name": "Derkinderenstraat" }, "geometry": { "type": "Point", "coordinates": [ 4.839331101176379, 52.364159404137034 ] } },
{ "type": "Feature", "properties": { "transit_type": "highway", "name": "Jan van Galenstraat" }, "geometry": { "type": "Point", "coordinates": [ 4.860301201197841, 52.374829104143288 ] } },
{ "type": "Feature", "properties": { "transit_type": "highway", "name": "Jan van Galenstraat" }, "geometry": { "type": "Point", "coordinates": [ 4.858613801196129, 52.374301704142972 ] } },
{ "type": "Feature", "properties": { "transit_type": "highway", "name": "Antony Moddermanstraat" }, "geometry": { "type": "Point", "coordinates": [ 4.813385301151405, 52.383287204148353 ] } },
{ "type": "Feature", "properties": { "transit_type": "highway", "name": "Antony Moddermanstraat" }, "geometry": { "type": "Point", "coordinates": [ 4.814600101152624, 52.383392204148436 ] } },
{ "type": "Feature", "properties": { "transit_type": "highway", "name": "Frederik Hendrikplantsoen" }, "geometry": { "type": "Point", "coordinates": [ 4.874082001211791, 52.378708404145549 ] } },
{ "type": "Feature", "properties": { "transit_type": "highway", "name": "Solebaystraat" }, "geometry": { "type": "Point", "coordinates": [ 4.85538300119339, 52.384277104148886 ] } },
{ "type": "Feature", "properties": { "transit_type": "highway", "name": "Koivistokade" }, "geometry": { "type": "Point", "coordinates": [ 4.875237101213869, 52.397887004156871 ] } },
{ "type": "Feature", "properties": { "transit_type": "highway", "name": "Solebaystraat" }, "geometry": { "type": "Point", "coordinates": [ 4.855975301194014, 52.384977404149289 ] } },
{ "type": "Feature", "properties": { "transit_type": "highway", "name": "Van Hallstraat" }, "geometry": { "type": "Point", "coordinates": [ 4.867524001205557, 52.385234704149404 ] } },
{ "type": "Feature", "properties": { "transit_type": "highway", "name": "Van Hallstraat" }, "geometry": { "type": "Point", "coordinates": [ 4.868722601206763, 52.385398604149515 ] } },
{ "type": "Feature", "properties": { "transit_type": "highway", "name": "Vredenhof" }, "geometry": { "type": "Point", "coordinates": [ 4.863870201201906, 52.38519960414942 ] } },
{ "type": "Feature", "properties": { "transit_type": "highway", "name": "Vredenhof" }, "geometry": { "type": "Point", "coordinates": [ 4.862217001200261, 52.385298004149469 ] } },
{ "type": "Feature", "properties": { "transit_type": "highway", "name": "Durgerdammerdijk 143" }, "geometry": { "type": "Point", "coordinates": [ 4.99449020133205, 52.378984704145246 ] } },
{ "type": "Feature", "properties": { "transit_type": "highway", "name": "Durgerdammerdijk 175" }, "geometry": { "type": "Point", "coordinates": [ 4.996936801334519, 52.37955950414559 ] } },
{ "type": "Feature", "properties": { "transit_type": "highway", "name": "Durgerdammerdijk 175" }, "geometry": { "type": "Point", "coordinates": [ 4.998440301336042, 52.380036004145865 ] } },
{ "type": "Feature", "properties": { "transit_type": "highway", "name": "Durgerdammerdijk 36" }, "geometry": { "type": "Point", "coordinates": [ 4.986173501323595, 52.375792104143393 ] } },
{ "type": "Feature", "properties": { "transit_type": "highway", "name": "Durgerdammerdijk 36" }, "geometry": { "type": "Point", "coordinates": [ 4.986220001323651, 52.375930904143502 ] } },
{ "type": "Feature", "properties": { "transit_type": "highway", "name": "Durgerdammerdijk 4" }, "geometry": { "type": "Point", "coordinates": [ 4.978521101315969, 52.376138704143635 ] } },
{ "type": "Feature", "properties": { "transit_type": "highway", "name": "Durgerdammerdijk 4" }, "geometry": { "type": "Point", "coordinates": [ 4.978150501315605, 52.376288304143728 ] } },
{ "type": "Feature", "properties": { "transit_type": "highway", "name": "Durgerdammerdijk 82" }, "geometry": { "type": "Point", "coordinates": [ 4.988408001325898, 52.377321304144331 ] } },
{ "type": "Feature", "properties": { "transit_type": "highway", "name": "Durgerdammergouw 20" }, "geometry": { "type": "Point", "coordinates": [ 5.002680701340634, 52.387865804150408 ] } },
{ "type": "Feature", "properties": { "transit_type": "highway", "name": "Durgerdammergouw 20" }, "geometry": { "type": "Point", "coordinates": [ 5.002579201340534, 52.387853004150443 ] } },
{ "type": "Feature", "properties": { "transit_type": "highway", "name": "Durgerdammergouw 37" }, "geometry": { "type": "Point", "coordinates": [ 5.00234490134016, 52.384789704148638 ] } },
{ "type": "Feature", "properties": { "transit_type": "highway", "name": "Durgerdammergouw 37" }, "geometry": { "type": "Point", "coordinates": [ 5.002437201340248, 52.384745504148576 ] } },
{ "type": "Feature", "properties": { "transit_type": "highway", "name": null }, "geometry": { "type": "Point", "coordinates": [ 4.963079001300907, 52.383875004148251 ] } },
{ "type": "Feature", "properties": { "transit_type": "highway", "name": "Kabelhuisje" }, "geometry": { "type": "Point", "coordinates": [ 4.991255001328765, 52.377859704144605 ] } },
{ "type": "Feature", "properties": { "transit_type": "highway", "name": "Kabelhuisje" }, "geometry": { "type": "Point", "coordinates": [ 4.992093901329625, 52.378272304144851 ] } },
{ "type": "Feature", "properties": { "transit_type": "highway", "name": "Liergouw" }, "geometry": { "type": "Point", "coordinates": [ 4.966291801304017, 52.381745704147015 ] } },
{ "type": "Feature", "properties": { "transit_type": "highway", "name": "Liergouw" }, "geometry": { "type": "Point", "coordinates": [ 4.966168801303903, 52.381920004147105 ] } },
{ "type": "Feature", "properties": { "transit_type": "highway", "name": "Olof Palmeplein" }, "geometry": { "type": "Point", "coordinates": [ 4.939844601278309, 52.39667370415593 ] } },
{ "type": "Feature", "properties": { "transit_type": "highway", "name": "Purmerweg" }, "geometry": { "type": "Point", "coordinates": [ 4.948406501286545, 52.39005010415196 ] } },
{ "type": "Feature", "properties": { "transit_type": "highway", "name": "Schellingwouderdijk 175" }, "geometry": { "type": "Point", "coordinates": [ 4.958354201296276, 52.385732704149362 ] } },
{ "type": "Feature", "properties": { "transit_type": "highway", "name": "Schellingwouderdijk 175" }, "geometry": { "type": "Point", "coordinates": [ 4.958298701296227, 52.385823304149447 ] } },
{ "type": "Feature", "properties": { "transit_type": "highway", "name": "Schellingwouderdijk 83" }, "geometry": { "type": "Point", "coordinates": [ 4.954032001291987, 52.386272504149744 ] } },
{ "type": "Feature", "properties": { "transit_type": "highway", "name": "Schellingwouderdijk 83" }, "geometry": { "type": "Point", "coordinates": [ 4.953348701291309, 52.386358504149776 ] } },
{ "type": "Feature", "properties": { "transit_type": "highway", "name": "Wognumerplantsoen" }, "geometry": { "type": "Point", "coordinates": [ 4.949611101287628, 52.387448804150452 ] } },
{ "type": "Feature", "properties": { "transit_type": "highway", "name": "Wognumerplantsoen" }, "geometry": { "type": "Point", "coordinates": [ 4.949348101287368, 52.38757440415052 ] } },
{ "type": "Feature", "properties": { "transit_type": "highway", "name": "'t Nopeind" }, "geometry": { "type": "Point", "coordinates": [ 4.964995201304032, 52.409856704163523 ] } },
{ "type": "Feature", "properties": { "transit_type": "highway", "name": "'t Nopeind" }, "geometry": { "type": "Point", "coordinates": [ 4.964555901303598, 52.409941604163627 ] } },
{ "type": "Feature", "properties": { "transit_type": "highway", "name": "Beemsterstraat" }, "geometry": { "type": "Point", "coordinates": [ 4.951896301290386, 52.397660504156434 ] } },
{ "type": "Feature", "properties": { "transit_type": "highway", "name": "Bloemendalergouw 38" }, "geometry": { "type": "Point", "coordinates": [ 5.025695201364776, 52.41330030416524 ] } },
{ "type": "Feature", "properties": { "transit_type": "highway", "name": "Bloemendalergouw 42" }, "geometry": { "type": "Point", "coordinates": [ 5.006475701344806, 52.396179904155311 ] } },
{ "type": "Feature", "properties": { "transit_type": "highway", "name": "Bloemendalergouw 42" }, "geometry": { "type": "Point", "coordinates": [ 5.00434460134269, 52.396378804155439 ] } },
{ "type": "Feature", "properties": { "transit_type": "highway", "name": "Bloemendalergouw 51" }, "geometry": { "type": "Point", "coordinates": [ 5.008760501347079, 52.396031304155201 ] } },
{ "type": "Feature", "properties": { "transit_type": "highway", "name": "Bloemendalergouw 51" }, "geometry": { "type": "Point", "coordinates": [ 5.008620801346944, 52.396074504155223 ] } },
{ "type": "Feature", "properties": { "transit_type": "highway", "name": "Bloemendalergouw 69" }, "geometry": { "type": "Point", "coordinates": [ 5.018192801356835, 52.40337070415945 ] } },
{ "type": "Feature", "properties": { "transit_type": "highway", "name": "Bloemendalergouw 69" }, "geometry": { "type": "Point", "coordinates": [ 5.017873301356506, 52.403202004159361 ] } },
{ "type": "Feature", "properties": { "transit_type": "highway", "name": "Buikslotermeerdijk" }, "geometry": { "type": "Point", "coordinates": [ 4.957107001295761, 52.401328704158594 ] } },
{ "type": "Feature", "properties": { "transit_type": "highway", "name": "Buikslotermeerdijk" }, "geometry": { "type": "Point", "coordinates": [ 4.957120401295776, 52.401404804158624 ] } },
{ "type": "Feature", "properties": { "transit_type": "highway", "name": "Kerklaan" }, "geometry": { "type": "Point", "coordinates": [ 4.96453250130345, 52.407298404162056 ] } },
{ "type": "Feature", "properties": { "transit_type": "highway", "name": "Kerklaan" }, "geometry": { "type": "Point", "coordinates": [ 4.964388801303308, 52.407286804162062 ] } },
{ "type": "Feature", "properties": { "transit_type": "highway", "name": "Kinselmeer" }, "geometry": { "type": "Point", "coordinates": [ 5.010549001348866, 52.395998304155192 ] } },
{ "type": "Feature", "properties": { "transit_type": "highway", "name": "Kinselmeer" }, "geometry": { "type": "Point", "coordinates": [ 5.010513601348832, 52.396075604155222 ] } },
{ "type": "Feature", "properties": { "transit_type": "highway", "name": "Markengouw" }, "geometry": { "type": "Point", "coordinates": [ 4.952928101291487, 52.399207604157304 ] } },
{ "type": "Feature", "properties": { "transit_type": "highway", "name": "Markengouw" }, "geometry": { "type": "Point", "coordinates": [ 4.953116601291677, 52.399186404157355 ] } },
{ "type": "Feature", "properties": { "transit_type": "highway", "name": "Nieuwe Gouw" }, "geometry": { "type": "Point", "coordinates": [ 4.995729501334062, 52.39585440415518 ] } },
{ "type": "Feature", "properties": { "transit_type": "highway", "name": "Nieuwe Gouw" }, "geometry": { "type": "Point", "coordinates": [ 4.995622901333959, 52.395892104155152 ] } },
{ "type": "Feature", "properties": { "transit_type": "highway", "name": "Zunderdorp" }, "geometry": { "type": "Point", "coordinates": [ 4.962044401301095, 52.410037304163673 ] } },
{ "type": "Feature", "properties": { "transit_type": "highway", "name": "Zunderdorpergouw" }, "geometry": { "type": "Point", "coordinates": [ 4.96031740129906, 52.403334204159727 ] } },
{ "type": "Feature", "properties": { "transit_type": "highway", "name": "Zunderdorpergouw" }, "geometry": { "type": "Point", "coordinates": [ 4.961479401300276, 52.40460220416049 ] } },
{ "type": "Feature", "properties": { "transit_type": "highway", "name": "Bakkerswaal" }, "geometry": { "type": "Point", "coordinates": [ 4.937235901275969, 52.402246904159213 ] } },
{ "type": "Feature", "properties": { "transit_type": "highway", "name": "Ilperveldstraat" }, "geometry": { "type": "Point", "coordinates": [ 4.945227401283601, 52.394947004154893 ] } },
{ "type": "Feature", "properties": { "transit_type": "highway", "name": "Johan van Hasseltweg" }, "geometry": { "type": "Point", "coordinates": [ 4.923030501261114, 52.388018104150881 ] } },
{ "type": "Feature", "properties": { "transit_type": "highway", "name": "Nieuwe Purmerweg" }, "geometry": { "type": "Point", "coordinates": [ 4.93421050127258, 52.394468604154611 ] } },
{ "type": "Feature", "properties": { "transit_type": "highway", "name": "Prins Hendrikkade" }, "geometry": { "type": "Point", "coordinates": [ 4.902376901239957, 52.376845304144403 ] } },
{ "type": "Feature", "properties": { "transit_type": "highway", "name": "Spelderholt" }, "geometry": { "type": "Point", "coordinates": [ 4.944294801282961, 52.401146504158511 ] } },
{ "type": "Feature", "properties": { "transit_type": "highway", "name": "Volendammerweg" }, "geometry": { "type": "Point", "coordinates": [ 4.957040701295294, 52.392733704153507 ] } },
{ "type": "Feature", "properties": { "transit_type": "highway", "name": "Masthof" }, "geometry": { "type": "Point", "coordinates": [ 4.925572801264797, 52.412252504165139 ] } },
{ "type": "Feature", "properties": { "transit_type": "highway", "name": "Staghof" }, "geometry": { "type": "Point", "coordinates": [ 4.922540301261839, 52.413684204165975 ] } },
{ "type": "Feature", "properties": { "transit_type": "highway", "name": "Atatürk" }, "geometry": { "type": "Point", "coordinates": [ 4.898006101236852, 52.403208204159881 ] } },
{ "type": "Feature", "properties": { "transit_type": "highway", "name": "Beukenplein" }, "geometry": { "type": "Point", "coordinates": [ 4.918073001254696, 52.357051804132624 ] } },
{ "type": "Feature", "properties": { "transit_type": "highway", "name": "Beukenplein" }, "geometry": { "type": "Point", "coordinates": [ 4.918098901254732, 52.357249404132723 ] } },
{ "type": "Feature", "properties": { "transit_type": "highway", "name": "Bovenkruier" }, "geometry": { "type": "Point", "coordinates": [ 4.884157201223848, 52.420316504169975 ] } },
{ "type": "Feature", "properties": { "transit_type": "highway", "name": "Fluitschipstraat" }, "geometry": { "type": "Point", "coordinates": [ 4.916199501255036, 52.40373320416014 ] } },
{ "type": "Feature", "properties": { "transit_type": "highway", "name": "Hilversumstraat" }, "geometry": { "type": "Point", "coordinates": [ 4.959058901297161, 52.389660404151684 ] } },
{ "type": "Feature", "properties": { "transit_type": "highway", "name": "Hilversumstraat" }, "geometry": { "type": "Point", "coordinates": [ 4.95889690129703, 52.390250604152044 ] } },
{ "type": "Feature", "properties": { "transit_type": "highway", "name": "James Wattstraat" }, "geometry": { "type": "Point", "coordinates": [ 4.923224501259563, 52.35114550412915 ] } },
{ "type": "Feature", "properties": { "transit_type": "highway", "name": "James Wattstraat" }, "geometry": { "type": "Point", "coordinates": [ 4.922829201259187, 52.351532904129364 ] } },
{ "type": "Feature", "properties": { "transit_type": "highway", "name": "Krugerplein" }, "geometry": { "type": "Point", "coordinates": [ 4.920791701257218, 52.352962504130211 ] } },
{ "type": "Feature", "properties": { "transit_type": "highway", "name": "Th. Weeversweg" }, "geometry": { "type": "Point", "coordinates": [ 4.944527101283056, 52.398224004156795 ] } },
{ "type": "Feature", "properties": { "transit_type": "highway", "name": "Volkstuin" }, "geometry": { "type": "Point", "coordinates": [ 4.968311301306291, 52.387260704150236 ] } },
{ "type": "Feature", "properties": { "transit_type": "highway", "name": "Volkstuin" }, "geometry": { "type": "Point", "coordinates": [ 4.968190901306164, 52.387127104150167 ] } },
{ "type": "Feature", "properties": { "transit_type": "highway", "name": "Zuiderzeeweg" }, "geometry": { "type": "Point", "coordinates": [ 4.962408801299669, 52.371627004141068 ] } },
{ "type": "Feature", "properties": { "transit_type": "highway", "name": "Zuiderzeeweg" }, "geometry": { "type": "Point", "coordinates": [ 4.962159801299409, 52.37139540414092 ] } },
{ "type": "Feature", "properties": { "transit_type": "highway", "name": "Krugerplein" }, "geometry": { "type": "Point", "coordinates": [ 4.920733101257168, 52.353121804130311 ] } },
{ "type": "Feature", "properties": { "transit_type": "highway", "name": "Liergouw" }, "geometry": { "type": "Point", "coordinates": [ 4.970467201308239, 52.38288720414765 ] } },
{ "type": "Feature", "properties": { "transit_type": "highway", "name": "Liergouw" }, "geometry": { "type": "Point", "coordinates": [ 4.970762201308556, 52.383334804147928 ] } },
{ "type": "Feature", "properties": { "transit_type": "highway", "name": "Maanstraat" }, "geometry": { "type": "Point", "coordinates": [ 4.886681901225984, 52.412298704165224 ] } },
{ "type": "Feature", "properties": { "transit_type": "highway", "name": "Meteorensingel" }, "geometry": { "type": "Point", "coordinates": [ 4.891630701230823, 52.410197604164011 ] } },
{ "type": "Feature", "properties": { "transit_type": "highway", "name": "Meteorenweg" }, "geometry": { "type": "Point", "coordinates": [ 4.881072201220514, 52.41491940416681 ] } },
{ "type": "Feature", "properties": { "transit_type": "highway", "name": "Molenaarsweg" }, "geometry": { "type": "Point", "coordinates": [ 4.886371301226116, 52.42149450417066 ] } },
{ "type": "Feature", "properties": { "transit_type": "highway", "name": "Molenaarsweg" }, "geometry": { "type": "Point", "coordinates": [ 4.887560901227302, 52.421475804170647 ] } },
{ "type": "Feature", "properties": { "transit_type": "highway", "name": "Pomonastraat" }, "geometry": { "type": "Point", "coordinates": [ 4.8954765012346, 52.408892604163277 ] } },
{ "type": "Feature", "properties": { "transit_type": "highway", "name": "Th. Weeversweg" }, "geometry": { "type": "Point", "coordinates": [ 4.94435800128289, 52.398269004156866 ] } },
{ "type": "Feature", "properties": { "transit_type": "highway", "name": "Klaprozenweg" }, "geometry": { "type": "Point", "coordinates": [ 4.906334601244925, 52.398177904156896 ] } },
{ "type": "Feature", "properties": { "transit_type": "highway", "name": "Floraweg" }, "geometry": { "type": "Point", "coordinates": [ 4.906130601244762, 52.398991904157391 ] } },
{ "type": "Feature", "properties": { "transit_type": "highway", "name": "Spreeuwenpark" }, "geometry": { "type": "Point", "coordinates": [ 4.914150001252079, 52.384481604148853 ] } },
{ "type": "Feature", "properties": { "transit_type": "highway", "name": "Spreeuwenpark" }, "geometry": { "type": "Point", "coordinates": [ 4.914257301252218, 52.385177904149216 ] } },
{ "type": "Feature", "properties": { "transit_type": "highway", "name": "Valkenweg" }, "geometry": { "type": "Point", "coordinates": [ 4.913656001251515, 52.38302520414797 ] } },
{ "type": "Feature", "properties": { "transit_type": "highway", "name": "Valkenweg" }, "geometry": { "type": "Point", "coordinates": [ 4.913239501251104, 52.383117504148025 ] } },
{ "type": "Feature", "properties": { "transit_type": "highway", "name": "Ananasplein" }, "geometry": { "type": "Point", "coordinates": [ 4.895408001234595, 52.410248304164028 ] } },
{ "type": "Feature", "properties": { "transit_type": "highway", "name": "Ananasplein" }, "geometry": { "type": "Point", "coordinates": [ 4.89608390123529, 52.410628504164279 ] } },
{ "type": "Feature", "properties": { "transit_type": "highway", "name": "Appelweg" }, "geometry": { "type": "Point", "coordinates": [ 4.895454401234907, 52.415800504167294 ] } },
{ "type": "Feature", "properties": { "transit_type": "highway", "name": "Distelweg" }, "geometry": { "type": "Point", "coordinates": [ 4.902301801240712, 52.394234904154587 ] } },
{ "type": "Feature", "properties": { "transit_type": "highway", "name": "Distelweg" }, "geometry": { "type": "Point", "coordinates": [ 4.902693901241112, 52.394397404154702 ] } },
{ "type": "Feature", "properties": { "transit_type": "highway", "name": "Druivenstraat" }, "geometry": { "type": "Point", "coordinates": [ 4.898012101237292, 52.412297304165214 ] } },
{ "type": "Feature", "properties": { "transit_type": "highway", "name": "Druivenstraat" }, "geometry": { "type": "Point", "coordinates": [ 4.898755301238054, 52.412743504165512 ] } },
{ "type": "Feature", "properties": { "transit_type": "highway", "name": "Kruislaan" }, "geometry": { "type": "Point", "coordinates": [ 4.93887280127501, 52.347063304126628 ] } },
{ "type": "Feature", "properties": { "transit_type": "highway", "name": "Linnaeusparkweg" }, "geometry": { "type": "Point", "coordinates": [ 4.942734101278966, 52.349210104127927 ] } },
{ "type": "Feature", "properties": { "transit_type": "highway", "name": "Science Park Aqua" }, "geometry": { "type": "Point", "coordinates": [ 4.954110501290652, 52.35607270413189 ] } },
{ "type": "Feature", "properties": { "transit_type": "highway", "name": "Station Science Park" }, "geometry": { "type": "Point", "coordinates": [ 4.948001501284377, 52.352351904129748 ] } },
{ "type": "Feature", "properties": { "transit_type": "highway", "name": "Valentijnkade" }, "geometry": { "type": "Point", "coordinates": [ 4.940683701277369, 52.358861904133605 ] } },
{ "type": "Feature", "properties": { "transit_type": "highway", "name": "Holendrechtplein" }, "geometry": { "type": "Point", "coordinates": [ 4.963079501296967, 52.299102204098006 ] } },
{ "type": "Feature", "properties": { "transit_type": "highway", "name": "Holendrechtplein" }, "geometry": { "type": "Point", "coordinates": [ 4.964049001297958, 52.299540804098285 ] } },
{ "type": "Feature", "properties": { "transit_type": "highway", "name": "Huigenbos" }, "geometry": { "type": "Point", "coordinates": [ 4.960697101294937, 52.306666404102515 ] } },
{ "type": "Feature", "properties": { "transit_type": "highway", "name": "Huigenbos" }, "geometry": { "type": "Point", "coordinates": [ 4.960911501295161, 52.306871304102657 ] } },
{ "type": "Feature", "properties": { "transit_type": "highway", "name": "Kelbergen" }, "geometry": { "type": "Point", "coordinates": [ 4.971458101306017, 52.31360150410665 ] } },
{ "type": "Feature", "properties": { "transit_type": "highway", "name": "Maasdrielhof" }, "geometry": { "type": "Point", "coordinates": [ 4.965554401299568, 52.301794004099619 ] } },
{ "type": "Feature", "properties": { "transit_type": "highway", "name": "Maasdrielhof" }, "geometry": { "type": "Point", "coordinates": [ 4.96481090129884, 52.302193904099852 ] } },
{ "type": "Feature", "properties": { "transit_type": "highway", "name": "Station Gein" }, "geometry": { "type": "Point", "coordinates": [ 4.989150001322908, 52.296240904096202 ] } },
{ "type": "Feature", "properties": { "transit_type": "highway", "name": "Station Gein" }, "geometry": { "type": "Point", "coordinates": [ 4.989349001323117, 52.296497004096288 ] } },
{ "type": "Feature", "properties": { "transit_type": "highway", "name": "Reigersbos" }, "geometry": { "type": "Point", "coordinates": [ 4.973683201307445, 52.296341504096326 ] } },
{ "type": "Feature", "properties": { "transit_type": "highway", "name": "Station Reigersbos" }, "geometry": { "type": "Point", "coordinates": [ 4.973536701307347, 52.297371804096976 ] } },
{ "type": "Feature", "properties": { "transit_type": "highway", "name": "Veenendaalplein" }, "geometry": { "type": "Point", "coordinates": [ 4.980726801314723, 52.301454804099329 ] } },
{ "type": "Feature", "properties": { "transit_type": "highway", "name": "Veenendaalplein" }, "geometry": { "type": "Point", "coordinates": [ 4.980453501314456, 52.301582404099406 ] } },
{ "type": "Feature", "properties": { "transit_type": "highway", "name": "Staverdenplein" }, "geometry": { "type": "Point", "coordinates": [ 4.986017501319616, 52.292786804094114 ] } },
{ "type": "Feature", "properties": { "transit_type": "highway", "name": "Staverdenplein" }, "geometry": { "type": "Point", "coordinates": [ 4.985847301319451, 52.292921004094211 ] } },
{ "type": "Feature", "properties": { "transit_type": "highway", "name": "Wamelstraat" }, "geometry": { "type": "Point", "coordinates": [ 4.985779001319777, 52.301469304099321 ] } },
{ "type": "Feature", "properties": { "transit_type": "highway", "name": "Wamelstraat" }, "geometry": { "type": "Point", "coordinates": [ 4.985581001319583, 52.301583204099408 ] } },
{ "type": "Feature", "properties": { "transit_type": "highway", "name": "Woudrichemstraat" }, "geometry": { "type": "Point", "coordinates": [ 4.988832501322497, 52.294230304094974 ] } },
{ "type": "Feature", "properties": { "transit_type": "highway", "name": "Woudrichemstraat" }, "geometry": { "type": "Point", "coordinates": [ 4.989107401322777, 52.294334404095039 ] } },
{ "type": "Feature", "properties": { "transit_type": "highway", "name": "W. Gertenbachstraat" }, "geometry": { "type": "Point", "coordinates": [ 4.989106201322974, 52.2986127040976 ] } },
{ "type": "Feature", "properties": { "transit_type": "highway", "name": "W. Gertenbachstraat" }, "geometry": { "type": "Point", "coordinates": [ 4.989351701323225, 52.298738804097674 ] } },
{ "type": "Feature", "properties": { "transit_type": "highway", "name": "Gooioord" }, "geometry": { "type": "Point", "coordinates": [ 4.969311701304167, 52.319958704110405 ] } },
{ "type": "Feature", "properties": { "transit_type": "highway", "name": "Gooioord" }, "geometry": { "type": "Point", "coordinates": [ 4.969080901303959, 52.320491804110745 ] } },
{ "type": "Feature", "properties": { "transit_type": "highway", "name": "Kikkenstein" }, "geometry": { "type": "Point", "coordinates": [ 4.972650001307331, 52.316217604108147 ] } },
{ "type": "Feature", "properties": { "transit_type": "highway", "name": "Kikkenstein" }, "geometry": { "type": "Point", "coordinates": [ 4.972450001307157, 52.316790504108532 ] } },
{ "type": "Feature", "properties": { "transit_type": "highway", "name": "Leerdamhof" }, "geometry": { "type": "Point", "coordinates": [ 4.975235001309414, 52.305411004101735 ] } },
{ "type": "Feature", "properties": { "transit_type": "highway", "name": "Leerdamhof" }, "geometry": { "type": "Point", "coordinates": [ 4.974020101308291, 52.307355904102899 ] } },
{ "type": "Feature", "properties": { "transit_type": "highway", "name": "Leusdenhof" }, "geometry": { "type": "Point", "coordinates": [ 4.978538001312921, 52.309801404104327 ] } },
{ "type": "Feature", "properties": { "transit_type": "highway", "name": "Leusdenhof" }, "geometry": { "type": "Point", "coordinates": [ 4.978251901312637, 52.309885904104377 ] } },
{ "type": "Feature", "properties": { "transit_type": "highway", "name": "Schaarsbergenstraat" }, "geometry": { "type": "Point", "coordinates": [ 4.981603801315195, 52.292629604094074 ] } },
{ "type": "Feature", "properties": { "transit_type": "highway", "name": "Schaarsbergenstraat" }, "geometry": { "type": "Point", "coordinates": [ 4.981334101314928, 52.292775204094127 ] } },
{ "type": "Feature", "properties": { "transit_type": "highway", "name": "Scherpenzeelstraat" }, "geometry": { "type": "Point", "coordinates": [ 4.977342001310937, 52.292751204094145 ] } },
{ "type": "Feature", "properties": { "transit_type": "highway", "name": "Scherpenzeelstraat" }, "geometry": { "type": "Point", "coordinates": [ 4.977269601310872, 52.292893304094292 ] } },
{ "type": "Feature", "properties": { "transit_type": "highway", "name": "Schoonhovendreef" }, "geometry": { "type": "Point", "coordinates": [ 4.974460601308106, 52.293833704094816 ] } },
{ "type": "Feature", "properties": { "transit_type": "highway", "name": "Schoonhovendreef" }, "geometry": { "type": "Point", "coordinates": [ 4.974685701308339, 52.294012804094898 ] } },
{ "type": "Feature", "properties": { "transit_type": "highway", "name": "Gaasp" }, "geometry": { "type": "Point", "coordinates": [ 4.993005201327616, 52.314824004107251 ] } },
{ "type": "Feature", "properties": { "transit_type": "highway", "name": "Haardstee" }, "geometry": { "type": "Point", "coordinates": [ 4.951416801285861, 52.311074404105206 ] } },
{ "type": "Feature", "properties": { "transit_type": "highway", "name": "Hakfort" }, "geometry": { "type": "Point", "coordinates": [ 4.955755501290056, 52.307951004103352 ] } },
{ "type": "Feature", "properties": { "transit_type": "highway", "name": "Hakfort" }, "geometry": { "type": "Point", "coordinates": [ 4.955458501289764, 52.308083104103432 ] } },
{ "type": "Feature", "properties": { "transit_type": "highway", "name": "Herman Bonpad" }, "geometry": { "type": "Point", "coordinates": [ 4.800775901138059, 52.367946404139325 ] } },
{ "type": "Feature", "properties": { "transit_type": "highway", "name": "Herman Bonpad" }, "geometry": { "type": "Point", "coordinates": [ 4.800657801137989, 52.368940704139924 ] } },
{ "type": "Feature", "properties": { "transit_type": "highway", "name": "Louis Davidsstraat" }, "geometry": { "type": "Point", "coordinates": [ 4.809519601146083, 52.353546704130821 ] } },
{ "type": "Feature", "properties": { "transit_type": "highway", "name": "Louis Davidsstraat" }, "geometry": { "type": "Point", "coordinates": [ 4.809593101146168, 52.353802704130985 ] } },
{ "type": "Feature", "properties": { "transit_type": "highway", "name": "Naritaweg" }, "geometry": { "type": "Point", "coordinates": [ 4.821868101160099, 52.387827104151057 ] } },
{ "type": "Feature", "properties": { "transit_type": "highway", "name": "Naritaweg" }, "geometry": { "type": "Point", "coordinates": [ 4.821086101159321, 52.387915904151065 ] } },
{ "type": "Feature", "properties": { "transit_type": "highway", "name": "Plesostraat" }, "geometry": { "type": "Point", "coordinates": [ 4.828472501166694, 52.387869904151053 ] } },
{ "type": "Feature", "properties": { "transit_type": "highway", "name": "Plesostraat" }, "geometry": { "type": "Point", "coordinates": [ 4.826495101164726, 52.387961204151082 ] } },
{ "type": "Feature", "properties": { "transit_type": "highway", "name": "Reigersbroeck" }, "geometry": { "type": "Point", "coordinates": [ 5.002732501337116, 52.309911004104279 ] } },
{ "type": "Feature", "properties": { "transit_type": "highway", "name": "Reigersbroeck" }, "geometry": { "type": "Point", "coordinates": [ 5.000411601334847, 52.311028504104961 ] } },
{ "type": "Feature", "properties": { "transit_type": "highway", "name": "Troelstralaan" }, "geometry": { "type": "Point", "coordinates": [ 4.801411501139029, 52.3747377041433 ] } },
{ "type": "Feature", "properties": { "transit_type": "highway", "name": "Troelstralaan" }, "geometry": { "type": "Point", "coordinates": [ 4.802037901139665, 52.374939604143414 ] } },
{ "type": "Feature", "properties": { "transit_type": "highway", "name": "Osdorper ban" }, "geometry": { "type": "Point", "coordinates": [ 4.805842001142856, 52.362622404136197 ] } },
{ "type": "Feature", "properties": { "transit_type": "highway", "name": "Osdorper ban" }, "geometry": { "type": "Point", "coordinates": [ 4.805381901142455, 52.363837404136902 ] } },
{ "type": "Feature", "properties": { "transit_type": "highway", "name": "Willinklaan" }, "geometry": { "type": "Point", "coordinates": [ 4.800245801137672, 52.370847304141037 ] } },
{ "type": "Feature", "properties": { "transit_type": "highway", "name": "Willinklaan" }, "geometry": { "type": "Point", "coordinates": [ 4.80048200113792, 52.371099704141223 ] } },
{ "type": "Feature", "properties": { "transit_type": "highway", "name": "Amstelpark" }, "geometry": { "type": "Point", "coordinates": [ 4.889719301225163, 52.331744704117753 ] } },
{ "type": "Feature", "properties": { "transit_type": "highway", "name": "Amstelpark" }, "geometry": { "type": "Point", "coordinates": [ 4.890215501225658, 52.331739804117717 ] } },
{ "type": "Feature", "properties": { "transit_type": "highway", "name": "Europaboulevard" }, "geometry": { "type": "Point", "coordinates": [ 4.889706001225257, 52.334010004119079 ] } },
{ "type": "Feature", "properties": { "transit_type": "highway", "name": "Europaboulevard" }, "geometry": { "type": "Point", "coordinates": [ 4.890145901225746, 52.335061604119694 ] } },
{ "type": "Feature", "properties": { "transit_type": "highway", "name": "Nieuw Herlaer" }, "geometry": { "type": "Point", "coordinates": [ 4.890369501225532, 52.325856604114243 ] } },
{ "type": "Feature", "properties": { "transit_type": "highway", "name": "Nieuw Herlaer" }, "geometry": { "type": "Point", "coordinates": [ 4.889828101224997, 52.325975304114301 ] } },
{ "type": "Feature", "properties": { "transit_type": "highway", "name": "President Kennedylaan" }, "geometry": { "type": "Point", "coordinates": [ 4.901684501237559, 52.340979604123135 ] } },
{ "type": "Feature", "properties": { "transit_type": "highway", "name": "Van Heenvlietlaan" }, "geometry": { "type": "Point", "coordinates": [ 4.883351501218469, 52.324819004113628 ] } },
{ "type": "Feature", "properties": { "transit_type": "highway", "name": "Van Heenvlietlaan" }, "geometry": { "type": "Point", "coordinates": [ 4.882047601217169, 52.324944204113699 ] } },
{ "type": "Feature", "properties": { "transit_type": "highway", "name": "Griendstraat" }, "geometry": { "type": "Point", "coordinates": [ 4.779937501116802, 52.358982104134 ] } },
{ "type": "Feature", "properties": { "transit_type": "highway", "name": "Jan Rebelstraat" }, "geometry": { "type": "Point", "coordinates": [ 4.783064201120052, 52.36156180413554 ] } },
{ "type": "Feature", "properties": { "transit_type": "highway", "name": "Jan Rebelstraat" }, "geometry": { "type": "Point", "coordinates": [ 4.784282101121288, 52.361949404135807 ] } },
{ "type": "Feature", "properties": { "transit_type": "highway", "name": "Matterhorn" }, "geometry": { "type": "Point", "coordinates": [ 4.775099801111772, 52.355001504131671 ] } },
{ "type": "Feature", "properties": { "transit_type": "highway", "name": "Maxwellstraat" }, "geometry": { "type": "Point", "coordinates": [ 4.930208801266396, 52.347996304127214 ] } },
{ "type": "Feature", "properties": { "transit_type": "highway", "name": "Piet Wiedijkstraat" }, "geometry": { "type": "Point", "coordinates": [ 4.815373201152008, 52.355117504131726 ] } },
{ "type": "Feature", "properties": { "transit_type": "highway", "name": "Piet Wiedijkstraat" }, "geometry": { "type": "Point", "coordinates": [ 4.815280301151923, 52.355249504131812 ] } },
{ "type": "Feature", "properties": { "transit_type": "highway", "name": "Radioweg" }, "geometry": { "type": "Point", "coordinates": [ 4.939500901275928, 52.353369704130358 ] } },
{ "type": "Feature", "properties": { "transit_type": "highway", "name": "Radioweg" }, "geometry": { "type": "Point", "coordinates": [ 4.939771801276216, 52.353650004130557 ] } },
{ "type": "Feature", "properties": { "transit_type": "highway", "name": "Reimerswaalstraat" }, "geometry": { "type": "Point", "coordinates": [ 4.794289101131239, 52.36101080413524 ] } },
{ "type": "Feature", "properties": { "transit_type": "highway", "name": "Apollolaan" }, "geometry": { "type": "Point", "coordinates": [ 4.881905301218142, 52.348213604127551 ] } },
{ "type": "Feature", "properties": { "transit_type": "highway", "name": "Apollolaan" }, "geometry": { "type": "Point", "coordinates": [ 4.882304101218539, 52.348214904127538 ] } },
{ "type": "Feature", "properties": { "transit_type": "highway", "name": "Archimedesweg" }, "geometry": { "type": "Point", "coordinates": [ 4.9397663012763, 52.35558630413167 ] } },
{ "type": "Feature", "properties": { "transit_type": "highway", "name": "Archimedesweg" }, "geometry": { "type": "Point", "coordinates": [ 4.939715801276257, 52.35574470413178 ] } },
{ "type": "Feature", "properties": { "transit_type": "highway", "name": "Baden Powellweg" }, "geometry": { "type": "Point", "coordinates": [ 4.787674101124693, 52.362299704135992 ] } },
{ "type": "Feature", "properties": { "transit_type": "highway", "name": "Baden Powellweg" }, "geometry": { "type": "Point", "coordinates": [ 4.787883901124911, 52.362446904136064 ] } },
{ "type": "Feature", "properties": { "transit_type": "highway", "name": "Beethovenstraat" }, "geometry": { "type": "Point", "coordinates": [ 4.878222001214403, 52.347002704126787 ] } },
{ "type": "Feature", "properties": { "transit_type": "highway", "name": "Bullepad" }, "geometry": { "type": "Point", "coordinates": [ 4.79962080113661, 52.361982704135791 ] } },
{ "type": "Feature", "properties": { "transit_type": "highway", "name": "Bullepad" }, "geometry": { "type": "Point", "coordinates": [ 4.799518401136512, 52.362062704135859 ] } },
{ "type": "Feature", "properties": { "transit_type": "highway", "name": "Griendstraat" }, "geometry": { "type": "Point", "coordinates": [ 4.779448601116283, 52.358331804133655 ] } },
{ "type": "Feature", "properties": { "transit_type": "highway", "name": "Reimerswaalstraat" }, "geometry": { "type": "Point", "coordinates": [ 4.795715501132668, 52.361155504135311 ] } },
{ "type": "Feature", "properties": { "transit_type": "highway", "name": "Scheldeplein" }, "geometry": { "type": "Point", "coordinates": [ 4.890834901226842, 52.343608404124772 ] } },
{ "type": "Feature", "properties": { "transit_type": "highway", "name": "Scheldeplein" }, "geometry": { "type": "Point", "coordinates": [ 4.890858401226908, 52.344448004125269 ] } },
{ "type": "Feature", "properties": { "transit_type": "highway", "name": "Scheldestraat" }, "geometry": { "type": "Point", "coordinates": [ 4.889603401225775, 52.346963804126723 ] } },
{ "type": "Feature", "properties": { "transit_type": "highway", "name": "Scheldestraat" }, "geometry": { "type": "Point", "coordinates": [ 4.889649701225843, 52.347430804127015 ] } },
{ "type": "Feature", "properties": { "transit_type": "highway", "name": "Louis Bouwmeesterstraat" }, "geometry": { "type": "Point", "coordinates": [ 4.822907401159583, 52.356120804132338 ] } },
{ "type": "Feature", "properties": { "transit_type": "highway", "name": "Louis Bouwmeesterstraat" }, "geometry": { "type": "Point", "coordinates": [ 4.822045301158727, 52.356226304132385 ] } },
{ "type": "Feature", "properties": { "transit_type": "highway", "name": "Van Mourik Broekmanstraat" }, "geometry": { "type": "Point", "coordinates": [ 4.821350601158043, 52.356447404132496 ] } },
{ "type": "Feature", "properties": { "transit_type": "highway", "name": "Van Mourik Broekmanstraat" }, "geometry": { "type": "Point", "coordinates": [ 4.82151040115821, 52.356585604132597 ] } },
{ "type": "Feature", "properties": { "transit_type": "highway", "name": "Zuidermolenweg" }, "geometry": { "type": "Point", "coordinates": [ 4.781184901118095, 52.359898804134602 ] } },
{ "type": "Feature", "properties": { "transit_type": "highway", "name": "Confuciusplein" }, "geometry": { "type": "Point", "coordinates": [ 4.811772801149361, 52.37447510414318 ] } },
{ "type": "Feature", "properties": { "transit_type": "highway", "name": "Confuciusplein" }, "geometry": { "type": "Point", "coordinates": [ 4.812065801149659, 52.374573704143231 ] } },
{ "type": "Feature", "properties": { "transit_type": "highway", "name": "Doctor H. Colijnstraat" }, "geometry": { "type": "Point", "coordinates": [ 4.805551001143162, 52.374771004143383 ] } },
{ "type": "Feature", "properties": { "transit_type": "highway", "name": "Abberdaan" }, "geometry": { "type": "Point", "coordinates": [ 4.780909601119403, 52.391765004153378 ] } },
{ "type": "Feature", "properties": { "transit_type": "highway", "name": "Bolstoen" }, "geometry": { "type": "Point", "coordinates": [ 4.788617101127098, 52.391784904153376 ] } },
{ "type": "Feature", "properties": { "transit_type": "highway", "name": "Bornhout" }, "geometry": { "type": "Point", "coordinates": [ 4.793289701131959, 52.395752204155691 ] } },
{ "type": "Feature", "properties": { "transit_type": "highway", "name": "Bornhout" }, "geometry": { "type": "Point", "coordinates": [ 4.794634801133327, 52.396251704156008 ] } },
{ "type": "Feature", "properties": { "transit_type": "highway", "name": "Herwijk" }, "geometry": { "type": "Point", "coordinates": [ 4.787330801126011, 52.395744704155732 ] } },
{ "type": "Feature", "properties": { "transit_type": "highway", "name": "Jarmuiden" }, "geometry": { "type": "Point", "coordinates": [ 4.790464401128899, 52.390920104152826 ] } },
{ "type": "Feature", "properties": { "transit_type": "highway", "name": "Pleimuiden" }, "geometry": { "type": "Point", "coordinates": [ 4.785004501123491, 52.391773604153386 ] } },
{ "type": "Feature", "properties": { "transit_type": "highway", "name": "Scharenburg" }, "geometry": { "type": "Point", "coordinates": [ 4.779684701118376, 52.395730104155675 ] } },
{ "type": "Feature", "properties": { "transit_type": "highway", "name": "Westpoortweg" }, "geometry": { "type": "Point", "coordinates": [ 4.794258801132989, 52.396972604156431 ] } },
{ "type": "Feature", "properties": { "transit_type": "highway", "name": "Waterlooplein" }, "geometry": { "type": "Point", "coordinates": [ 4.9045019012417, 52.368765204139599 ] } },
{ "type": "Feature", "properties": { "transit_type": "highway", "name": "Weesperplein" }, "geometry": { "type": "Point", "coordinates": [ 4.90760870124445, 52.361452604135302 ] } },
{ "type": "Feature", "properties": { "transit_type": "highway", "name": "Doktor Meurerlaan" }, "geometry": { "type": "Point", "coordinates": [ 4.806408401143625, 52.366772704138619 ] } },
{ "type": "Feature", "properties": { "transit_type": "highway", "name": "Burgemeester Van Leeuwenlaan" }, "geometry": { "type": "Point", "coordinates": [ 4.813146901150815, 52.376123404144174 ] } },
{ "type": "Feature", "properties": { "transit_type": "highway", "name": "Jan van Galenstraat" }, "geometry": { "type": "Point", "coordinates": [ 4.836501301173976, 52.372821104142169 ] } },
{ "type": "Feature", "properties": { "transit_type": "highway", "name": "Allenstraat" }, "geometry": { "type": "Point", "coordinates": [ 4.78152110111793, 52.349859404128637 ] } },
{ "type": "Feature", "properties": { "transit_type": "highway", "name": "Baden Powellweg" }, "geometry": { "type": "Point", "coordinates": [ 4.791685101128419, 52.356610104132621 ] } },
{ "type": "Feature", "properties": { "transit_type": "highway", "name": "Ecuplein" }, "geometry": { "type": "Point", "coordinates": [ 4.787161101123534, 52.349236604128279 ] } },
{ "type": "Feature", "properties": { "transit_type": "highway", "name": "Jan Tooropstraat" }, "geometry": { "type": "Point", "coordinates": [ 4.835728001172772, 52.364006304136957 ] } },
{ "type": "Feature", "properties": { "transit_type": "highway", "name": "Jan Tooropstraat" }, "geometry": { "type": "Point", "coordinates": [ 4.835354101172406, 52.364128604137029 ] } },
{ "type": "Feature", "properties": { "transit_type": "highway", "name": "La Meye" }, "geometry": { "type": "Point", "coordinates": [ 4.773753801110327, 52.353000004130479 ] } },
{ "type": "Feature", "properties": { "transit_type": "highway", "name": "Presanella" }, "geometry": { "type": "Point", "coordinates": [ 4.776816101113322, 52.351754504129765 ] } },
{ "type": "Feature", "properties": { "transit_type": "highway", "name": "Wolbrantskerkweg" }, "geometry": { "type": "Point", "coordinates": [ 4.797553401134294, 52.356924304132832 ] } },
{ "type": "Feature", "properties": { "transit_type": "highway", "name": "Bouvigne" }, "geometry": { "type": "Point", "coordinates": [ 4.881759201217024, 52.327873904115457 ] } },
{ "type": "Feature", "properties": { "transit_type": "highway", "name": "Hofgeest" }, "geometry": { "type": "Point", "coordinates": [ 4.958642501293154, 52.312513704106024 ] } },
{ "type": "Feature", "properties": { "transit_type": "highway", "name": "Hofgeest" }, "geometry": { "type": "Point", "coordinates": [ 4.957543701292095, 52.313357804106573 ] } },
{ "type": "Feature", "properties": { "transit_type": "highway", "name": "Prins Bernhardplein" }, "geometry": { "type": "Point", "coordinates": [ 4.918058801254285, 52.348663504127643 ] } },
{ "type": "Feature", "properties": { "transit_type": "highway", "name": "Prins Bernhardplein" }, "geometry": { "type": "Point", "coordinates": [ 4.917771701254025, 52.349240204127995 ] } },
{ "type": "Feature", "properties": { "transit_type": "highway", "name": "Station Spaklerweg" }, "geometry": { "type": "Point", "coordinates": [ 4.92006700125589, 52.340157204122626 ] } },
{ "type": "Feature", "properties": { "transit_type": "highway", "name": "Heemstedestraat" }, "geometry": { "type": "Point", "coordinates": [ 4.835345701171777, 52.351415704129501 ] } },
{ "type": "Feature", "properties": { "transit_type": "highway", "name": "Jacques Veltmanstraat" }, "geometry": { "type": "Point", "coordinates": [ 4.831012201167456, 52.351549604129573 ] } },
{ "type": "Feature", "properties": { "transit_type": "highway", "name": "Steigereiland" }, "geometry": { "type": "Point", "coordinates": [ 4.981341801318161, 52.362589104135623 ] } },
{ "type": "Feature", "properties": { "transit_type": "highway", "name": "Steigereiland" }, "geometry": { "type": "Point", "coordinates": [ 4.979930401316793, 52.363539904136211 ] } },
{ "type": "Feature", "properties": { "transit_type": "highway", "name": "Koos Vorrinkweg" }, "geometry": { "type": "Point", "coordinates": [ 4.799697901136242, 52.352970004130469 ] } },
{ "type": "Feature", "properties": { "transit_type": "highway", "name": "Bob Haarmslaan" }, "geometry": { "type": "Point", "coordinates": [ 4.967748401304912, 52.369701904139923 ] } },
{ "type": "Feature", "properties": { "transit_type": "highway", "name": "Sierplein" }, "geometry": { "type": "Point", "coordinates": [ 4.827417001164025, 52.354869204131575 ] } },
{ "type": "Feature", "properties": { "transit_type": "highway", "name": "Buikslotermeerplein" }, "geometry": { "type": "Point", "coordinates": [ 4.938917501277535, 52.399937104157814 ] } },
{ "type": "Feature", "properties": { "transit_type": "highway", "name": "Antwerpenbaan" }, "geometry": { "type": "Point", "coordinates": [ 4.816660001152866, 52.346401204126565 ] } },
{ "type": "Feature", "properties": { "transit_type": "highway", "name": "Antwerpenbaan" }, "geometry": { "type": "Point", "coordinates": [ 4.816690101152886, 52.346234204126468 ] } },
{ "type": "Feature", "properties": { "transit_type": "highway", "name": "Henk Sneevlietweg" }, "geometry": { "type": "Point", "coordinates": [ 4.833076701169237, 52.34579440412621 ] } },
{ "type": "Feature", "properties": { "transit_type": "highway", "name": "Station Bijlmer ArenA" }, "geometry": { "type": "Point", "coordinates": [ 4.94642590128084, 52.310352604104814 ] } },
{ "type": "Feature", "properties": { "transit_type": "highway", "name": "John M. Keynesplein" }, "geometry": { "type": "Point", "coordinates": [ 4.824365301160272, 52.340455904123026 ] } },
{ "type": "Feature", "properties": { "transit_type": "highway", "name": "Artemis" }, "geometry": { "type": "Point", "coordinates": [ 4.824919201160885, 52.341588404123691 ] } },
{ "type": "Feature", "properties": { "transit_type": "highway", "name": "Adam Smithplein" }, "geometry": { "type": "Point", "coordinates": [ 4.821708601157582, 52.339696404122577 ] } },
{ "type": "Feature", "properties": { "transit_type": "highway", "name": "Adam Smithplein" }, "geometry": { "type": "Point", "coordinates": [ 4.821570501157442, 52.339683304122595 ] } },
{ "type": "Feature", "properties": { "transit_type": "highway", "name": "G.J. Scheurleerweg" }, "geometry": { "type": "Point", "coordinates": [ 4.929008901267825, 52.403727704160097 ] } },
{ "type": "Feature", "properties": { "transit_type": "highway", "name": "Station Sloterdijk" }, "geometry": { "type": "Point", "coordinates": [ 4.838774201177005, 52.388419404151314 ] } },
{ "type": "Feature", "properties": { "transit_type": "highway", "name": "Station Sloterdijk" }, "geometry": { "type": "Point", "coordinates": [ 4.838748701176979, 52.388350204151315 ] } },
{ "type": "Feature", "properties": { "transit_type": "highway", "name": "Station Sloterdijk" }, "geometry": { "type": "Point", "coordinates": [ 4.838763101176987, 52.388240104151237 ] } },
{ "type": "Feature", "properties": { "transit_type": "highway", "name": "Station Sloterdijk" }, "geometry": { "type": "Point", "coordinates": [ 4.838802601177012, 52.387940004151083 ] } },
{ "type": "Feature", "properties": { "transit_type": "highway", "name": "Station Sloterdijk" }, "geometry": { "type": "Point", "coordinates": [ 4.83881710117702, 52.387824504150998 ] } },
{ "type": "Feature", "properties": { "transit_type": "highway", "name": "Ruysdaelkade" }, "geometry": { "type": "Point", "coordinates": [ 4.886494001223299, 52.36023550413465 ] } },
{ "type": "Feature", "properties": { "transit_type": "highway", "name": "Haarlemmermeerstation" }, "geometry": { "type": "Point", "coordinates": [ 4.857324201193618, 52.348890404127971 ] } },
{ "type": "Feature", "properties": { "transit_type": "highway", "name": "Haarlemmermeerstation" }, "geometry": { "type": "Point", "coordinates": [ 4.857290901193589, 52.349087004128087 ] } },
{ "type": "Feature", "properties": { "transit_type": "highway", "name": "Haarlemmermeerstation" }, "geometry": { "type": "Point", "coordinates": [ 4.857375501193672, 52.349054104128065 ] } },
{ "type": "Feature", "properties": { "transit_type": "highway", "name": "Haarlemmermeerstation" }, "geometry": { "type": "Point", "coordinates": [ 4.857670401193975, 52.349218304128151 ] } },
{ "type": "Feature", "properties": { "transit_type": "highway", "name": "Pieter Oosterhuisstraat" }, "geometry": { "type": "Point", "coordinates": [ 5.007525301343826, 52.35183620412915 ] } },
{ "type": "Feature", "properties": { "transit_type": "highway", "name": "Pieter Oosterhuisstraat" }, "geometry": { "type": "Point", "coordinates": [ 5.007262401343572, 52.352061504129253 ] } },
{ "type": "Feature", "properties": { "transit_type": "highway", "name": "Anton de Komplein" }, "geometry": { "type": "Point", "coordinates": [ 4.954115201288791, 52.316040104108126 ] } },
{ "type": "Feature", "properties": { "transit_type": "highway", "name": "Guido Gezellestraat" }, "geometry": { "type": "Point", "coordinates": [ 4.88299840121908, 52.345049304125617 ] } },
{ "type": "Feature", "properties": { "transit_type": "highway", "name": "Guido Gezellestraat" }, "geometry": { "type": "Point", "coordinates": [ 4.882636301218721, 52.34507310412566 ] } },
{ "type": "Feature", "properties": { "transit_type": "highway", "name": "De Savornin Lohmanstraat" }, "geometry": { "type": "Point", "coordinates": [ 4.800745101138401, 52.375459204143766 ] } },
{ "type": "Feature", "properties": { "transit_type": "highway", "name": "Nolensstraat" }, "geometry": { "type": "Point", "coordinates": [ 4.800975801138616, 52.375204504143618 ] } },
{ "type": "Feature", "properties": { "transit_type": "highway", "name": "Sam van Houtenstraat" }, "geometry": { "type": "Point", "coordinates": [ 4.798036401135907, 52.379718504146282 ] } },
{ "type": "Feature", "properties": { "transit_type": "highway", "name": "Gelderlandplein NO" }, "geometry": { "type": "Point", "coordinates": [ 4.879198501214654, 52.331852704117843 ] } },
{ "type": "Feature", "properties": { "transit_type": "highway", "name": "Station Sloterdijk" }, "geometry": { "type": "Point", "coordinates": [ 4.836408801174688, 52.389320204151893 ] } },
{ "type": "Feature", "properties": { "transit_type": "highway", "name": "La Guardiaweg" }, "geometry": { "type": "Point", "coordinates": [ 4.840345301178725, 52.391485704153148 ] } },
{ "type": "Feature", "properties": { "transit_type": "highway", "name": "Dapperstraat" }, "geometry": { "type": "Point", "coordinates": [ 4.92893110126573, 52.360944904134911 ] } },
{ "type": "Feature", "properties": { "transit_type": "highway", "name": "Molukkenstraat" }, "geometry": { "type": "Point", "coordinates": [ 4.940171201276993, 52.361743004135363 ] } },
{ "type": "Feature", "properties": { "transit_type": "highway", "name": "Soembawastraat" }, "geometry": { "type": "Point", "coordinates": [ 4.944092401280935, 52.362294504135591 ] } },
{ "type": "Feature", "properties": { "transit_type": "highway", "name": "Insulindeweg" }, "geometry": { "type": "Point", "coordinates": [ 4.947498401284454, 52.364791904137086 ] } },
{ "type": "Feature", "properties": { "transit_type": "highway", "name": "Winkelcentrum" }, "geometry": { "type": "Point", "coordinates": [ 4.937307001275824, 52.397698804156526 ] } },
{ "type": "Feature", "properties": { "transit_type": "highway", "name": "Barkpad" }, "geometry": { "type": "Point", "coordinates": [ 4.911787901250581, 52.402608304159486 ] } },
{ "type": "Feature", "properties": { "transit_type": "highway", "name": "Olof Palmeplein" }, "geometry": { "type": "Point", "coordinates": [ 4.940155001278628, 52.396859904156024 ] } },
{ "type": "Feature", "properties": { "transit_type": "highway", "name": "Maxwellstraat" }, "geometry": { "type": "Point", "coordinates": [ 4.928649101264839, 52.348048104127272 ] } },
{ "type": "Feature", "properties": { "transit_type": "highway", "name": "Barkpad" }, "geometry": { "type": "Point", "coordinates": [ 4.911417201250217, 52.402703204159558 ] } },
{ "type": "Feature", "properties": { "transit_type": "highway", "name": "Insulindeweg" }, "geometry": { "type": "Point", "coordinates": [ 4.947890101284854, 52.364933504137177 ] } },
{ "type": "Feature", "properties": { "transit_type": "highway", "name": "Soembawastraat" }, "geometry": { "type": "Point", "coordinates": [ 4.943397701280236, 52.362125304135546 ] } },
{ "type": "Feature", "properties": { "transit_type": "highway", "name": "Dapperstraat" }, "geometry": { "type": "Point", "coordinates": [ 4.929771801266573, 52.361081004134988 ] } },
{ "type": "Feature", "properties": { "transit_type": "highway", "name": "Linnaeusstraat" }, "geometry": { "type": "Point", "coordinates": [ 4.924922701261674, 52.35989560413433 ] } },
{ "type": "Feature", "properties": { "transit_type": "highway", "name": "Wijttenbachstraat" }, "geometry": { "type": "Point", "coordinates": [ 4.925499701262246, 52.359801704134242 ] } },
{ "type": "Feature", "properties": { "transit_type": "highway", "name": "Oostpoort" }, "geometry": { "type": "Point", "coordinates": [ 4.927254801263866, 52.357015004132577 ] } },
{ "type": "Feature", "properties": { "transit_type": "highway", "name": "Hogeweg" }, "geometry": { "type": "Point", "coordinates": [ 4.930896201267344, 52.353579804130533 ] } },
{ "type": "Feature", "properties": { "transit_type": "highway", "name": "Hugo de Vrieslaan" }, "geometry": { "type": "Point", "coordinates": [ 4.935441301271751, 52.350736704128828 ] } },
{ "type": "Feature", "properties": { "transit_type": "highway", "name": "Het Breed" }, "geometry": { "type": "Point", "coordinates": [ 4.931794001270335, 52.398053804156781 ] } },
{ "type": "Feature", "properties": { "transit_type": "highway", "name": "Molukkenstraat" }, "geometry": { "type": "Point", "coordinates": [ 4.938832701275646, 52.361558104135227 ] } },
{ "type": "Feature", "properties": { "transit_type": "highway", "name": "Grasweg" }, "geometry": { "type": "Point", "coordinates": [ 4.905022501243153, 52.388492104151233 ] } },
{ "type": "Feature", "properties": { "transit_type": "highway", "name": "Grasweg" }, "geometry": { "type": "Point", "coordinates": [ 4.905147201243286, 52.388664804151347 ] } },
{ "type": "Feature", "properties": { "transit_type": "highway", "name": "Gaasperplasstation" }, "geometry": { "type": "Point", "coordinates": [ 4.985204601319644, 52.311113004105088 ] } },
{ "type": "Feature", "properties": { "transit_type": "highway", "name": "Oostpoort" }, "geometry": { "type": "Point", "coordinates": [ 4.926876101263508, 52.357430404132813 ] } },
{ "type": "Feature", "properties": { "transit_type": "highway", "name": "Linnaeusstraat" }, "geometry": { "type": "Point", "coordinates": [ 4.925688601262451, 52.360129904134425 ] } },
{ "type": "Feature", "properties": { "transit_type": "highway", "name": "Haparandaweg" }, "geometry": { "type": "Point", "coordinates": [ 4.8740204012125, 52.394698404154944 ] } },
{ "type": "Feature", "properties": { "transit_type": "highway", "name": "Haparandaweg" }, "geometry": { "type": "Point", "coordinates": [ 4.873138401211619, 52.394676604154974 ] } },
{ "type": "Feature", "properties": { "transit_type": "highway", "name": "Hugo de Vrieslaan" }, "geometry": { "type": "Point", "coordinates": [ 4.934778501271103, 52.351052704128996 ] } },
{ "type": "Feature", "properties": { "transit_type": "highway", "name": "Kruislaan" }, "geometry": { "type": "Point", "coordinates": [ 4.939862301276036, 52.347915504127144 ] } },
{ "type": "Feature", "properties": { "transit_type": "highway", "name": "Azartplein" }, "geometry": { "type": "Point", "coordinates": [ 4.937384501274918, 52.376817804144189 ] } },
{ "type": "Feature", "properties": { "transit_type": "highway", "name": "Azartplein" }, "geometry": { "type": "Point", "coordinates": [ 4.937289401274811, 52.376610404144039 ] } },
{ "type": "Feature", "properties": { "transit_type": "highway", "name": "Johan Huizingalaan" }, "geometry": { "type": "Point", "coordinates": [ 4.827535101163863, 52.349103104128147 ] } },
{ "type": "Feature", "properties": { "transit_type": "highway", "name": "Johan Huizingalaan" }, "geometry": { "type": "Point", "coordinates": [ 4.827409401163742, 52.349232504128238 ] } },
{ "type": "Feature", "properties": { "transit_type": "highway", "name": "Doctor H. Colijnstraat" }, "geometry": { "type": "Point", "coordinates": [ 4.80575200114374, 52.382417704147883 ] } },
{ "type": "Feature", "properties": { "transit_type": "highway", "name": "Aalbersestraat" }, "geometry": { "type": "Point", "coordinates": [ 4.798894901136888, 52.382287904147795 ] } },
{ "type": "Feature", "properties": { "transit_type": "highway", "name": "Michel de Klerkhof" }, "geometry": { "type": "Point", "coordinates": [ 4.797648401135333, 52.376010904144067 ] } },
{ "type": "Feature", "properties": { "transit_type": "highway", "name": "Louweshoek" }, "geometry": { "type": "Point", "coordinates": [ 4.823240101159435, 52.346288204126481 ] } },
{ "type": "Feature", "properties": { "transit_type": "highway", "name": "Michel de Klerkhof" }, "geometry": { "type": "Point", "coordinates": [ 4.797569301135269, 52.376351104144312 ] } },
{ "type": "Feature", "properties": { "transit_type": "highway", "name": "Sam van Houtenstraat" }, "geometry": { "type": "Point", "coordinates": [ 4.7978782011357, 52.378768404145724 ] } },
{ "type": "Feature", "properties": { "transit_type": "highway", "name": "Aalbersestraat" }, "geometry": { "type": "Point", "coordinates": [ 4.797723501135708, 52.382068904147644 ] } },
{ "type": "Feature", "properties": { "transit_type": "highway", "name": "Maasstraat" }, "geometry": { "type": "Point", "coordinates": [ 4.896336501232306, 52.342863904124329 ] } },
{ "type": "Feature", "properties": { "transit_type": "highway", "name": "Station RAI" }, "geometry": { "type": "Point", "coordinates": [ 4.890665201226355, 52.336909004120805 ] } },
{ "type": "Feature", "properties": { "transit_type": "highway", "name": "Prinses Irenestraat" }, "geometry": { "type": "Point", "coordinates": [ 4.868340101204335, 52.34295930412442 ] } },
{ "type": "Feature", "properties": { "transit_type": "highway", "name": "Prinses Irenestraat" }, "geometry": { "type": "Point", "coordinates": [ 4.868175901204128, 52.342119404123927 ] } },
{ "type": "Feature", "properties": { "transit_type": "highway", "name": "Matterhorn" }, "geometry": { "type": "Point", "coordinates": [ 4.774600901111246, 52.354386304131317 ] } },
{ "type": "Feature", "properties": { "transit_type": "highway", "name": "Cornelis Lelylaan" }, "geometry": { "type": "Point", "coordinates": [ 4.826760401163504, 52.357632404133184 ] } },
{ "type": "Feature", "properties": { "transit_type": "highway", "name": "Cornelis Lelylaan" }, "geometry": { "type": "Point", "coordinates": [ 4.827736301164497, 52.357940304133386 ] } },
{ "type": "Feature", "properties": { "transit_type": "highway", "name": "Waalstraat" }, "geometry": { "type": "Point", "coordinates": [ 4.901038901237089, 52.344648504125338 ] } },
{ "type": "Feature", "properties": { "transit_type": "highway", "name": "Burgemeester Van Leeuwenlaan" }, "geometry": { "type": "Point", "coordinates": [ 4.813463801151149, 52.376465704144351 ] } },
{ "type": "Feature", "properties": { "transit_type": "highway", "name": "Corantijnstraat" }, "geometry": { "type": "Point", "coordinates": [ 4.853216901190124, 52.361593904135518 ] } },
{ "type": "Feature", "properties": { "transit_type": "highway", "name": "W. Schoutenweg" }, "geometry": { "type": "Point", "coordinates": [ 4.852333801189524, 52.367384304138895 ] } },
{ "type": "Feature", "properties": { "transit_type": "highway", "name": "Marco Polostraat" }, "geometry": { "type": "Point", "coordinates": [ 4.855485901192846, 52.370980404141058 ] } },
{ "type": "Feature", "properties": { "transit_type": "highway", "name": "Jan Evertsenstraat" }, "geometry": { "type": "Point", "coordinates": [ 4.859396201196791, 52.371798604141489 ] } },
{ "type": "Feature", "properties": { "transit_type": "highway", "name": "Tweede Van der Helststraat" }, "geometry": { "type": "Point", "coordinates": [ 4.894917601231388, 52.353351704130517 ] } },
{ "type": "Feature", "properties": { "transit_type": "highway", "name": "Ceintuurbaan" }, "geometry": { "type": "Point", "coordinates": [ 4.901045101237589, 52.355028104131506 ] } },
{ "type": "Feature", "properties": { "transit_type": "highway", "name": "Vorticellaweg" }, "geometry": { "type": "Point", "coordinates": [ 4.907730401247355, 52.419953104169664 ] } },
{ "type": "Feature", "properties": { "transit_type": "highway", "name": "Pieter A van Heyningestraat" }, "geometry": { "type": "Point", "coordinates": [ 4.899741701239484, 52.422045604170926 ] } },
{ "type": "Feature", "properties": { "transit_type": "highway", "name": "J. Drijverweg" }, "geometry": { "type": "Point", "coordinates": [ 4.944639401283219, 52.399316104157421 ] } },
{ "type": "Feature", "properties": { "transit_type": "highway", "name": "J. Drijverweg" }, "geometry": { "type": "Point", "coordinates": [ 4.944334001282928, 52.399626004157625 ] } },
{ "type": "Feature", "properties": { "transit_type": "highway", "name": "Buikslotermeerplein" }, "geometry": { "type": "Point", "coordinates": [ 4.939600001278196, 52.399442504157562 ] } },
{ "type": "Feature", "properties": { "transit_type": "highway", "name": "Kadoelenpad" }, "geometry": { "type": "Point", "coordinates": [ 4.911380501250712, 52.413963804166137 ] } },
{ "type": "Feature", "properties": { "transit_type": "highway", "name": "Vorticellaweg" }, "geometry": { "type": "Point", "coordinates": [ 4.90795410124757, 52.419743504169574 ] } },
{ "type": "Feature", "properties": { "transit_type": "highway", "name": "Kattenburgerplein" }, "geometry": { "type": "Point", "coordinates": [ 4.916167601253434, 52.370632504140659 ] } },
{ "type": "Feature", "properties": { "transit_type": "highway", "name": "Kattenburgerplein" }, "geometry": { "type": "Point", "coordinates": [ 4.916097901253371, 52.37077040414075 ] } },
{ "type": "Feature", "properties": { "transit_type": "highway", "name": "Haarlemmerplein" }, "geometry": { "type": "Point", "coordinates": [ 4.883717701221722, 52.385113804149299 ] } },
{ "type": "Feature", "properties": { "transit_type": "highway", "name": "Kabelweg" }, "geometry": { "type": "Point", "coordinates": [ 4.848676901187051, 52.391683304153219 ] } },
{ "type": "Feature", "properties": { "transit_type": "highway", "name": "La Guardiaweg" }, "geometry": { "type": "Point", "coordinates": [ 4.840034001178439, 52.391944104153438 ] } },
{ "type": "Feature", "properties": { "transit_type": "highway", "name": "Kabelweg" }, "geometry": { "type": "Point", "coordinates": [ 4.848241101186637, 52.392079104153481 ] } },
{ "type": "Feature", "properties": { "transit_type": "highway", "name": "Assendelftstraat" }, "geometry": { "type": "Point", "coordinates": [ 4.879500501217712, 52.389360004151811 ] } },
{ "type": "Feature", "properties": { "transit_type": "highway", "name": "Assendelftstraat" }, "geometry": { "type": "Point", "coordinates": [ 4.879771201217961, 52.388861804151524 ] } },
{ "type": "Feature", "properties": { "transit_type": "highway", "name": "Nassauplein" }, "geometry": { "type": "Point", "coordinates": [ 4.881414501219427, 52.385258704149379 ] } },
{ "type": "Feature", "properties": { "transit_type": "highway", "name": "Nassauplein" }, "geometry": { "type": "Point", "coordinates": [ 4.881555101219574, 52.38537660414945 ] } },
{ "type": "Feature", "properties": { "transit_type": "highway", "name": "Buiten Oranjestraat" }, "geometry": { "type": "Point", "coordinates": [ 4.888033001225935, 52.383113204148117 ] } },
{ "type": "Feature", "properties": { "transit_type": "highway", "name": "Buiten Oranjestraat" }, "geometry": { "type": "Point", "coordinates": [ 4.887866201225777, 52.383301904148226 ] } },
{ "type": "Feature", "properties": { "transit_type": "highway", "name": "Amsterdamse Bos" }, "geometry": { "type": "Point", "coordinates": [ 4.857554901192777, 52.326749504114851 ] } },
{ "type": "Feature", "properties": { "transit_type": "highway", "name": "Het Funen" }, "geometry": { "type": "Point", "coordinates": [ 4.930920701268024, 52.367513504138778 ] } },
{ "type": "Feature", "properties": { "transit_type": "highway", "name": "Het Funen" }, "geometry": { "type": "Point", "coordinates": [ 4.931568401268668, 52.367420504138735 ] } },
{ "type": "Feature", "properties": { "transit_type": "highway", "name": "Oostenburgergracht" }, "geometry": { "type": "Point", "coordinates": [ 4.924329901261455, 52.367830904138955 ] } },
{ "type": "Feature", "properties": { "transit_type": "highway", "name": "Wittenburgergracht" }, "geometry": { "type": "Point", "coordinates": [ 4.919690001256896, 52.369410204139911 ] } },
{ "type": "Feature", "properties": { "transit_type": "highway", "name": "Wittenburgergracht" }, "geometry": { "type": "Point", "coordinates": [ 4.919573501256789, 52.36957160414002 ] } },
{ "type": "Feature", "properties": { "transit_type": "highway", "name": "Buiten Brouwersstraat" }, "geometry": { "type": "Point", "coordinates": [ 4.891510901229328, 52.381499004147123 ] } },
{ "type": "Feature", "properties": { "transit_type": "highway", "name": "Buiten Brouwersstraat" }, "geometry": { "type": "Point", "coordinates": [ 4.891332101229159, 52.381670404147243 ] } },
{ "type": "Feature", "properties": { "transit_type": "highway", "name": "Centraal Station" }, "geometry": { "type": "Point", "coordinates": [ 4.899525201237266, 52.380094304146297 ] } },
{ "type": "Feature", "properties": { "transit_type": "highway", "name": "Gelderlandplein Noord" }, "geometry": { "type": "Point", "coordinates": [ 4.876240601211713, 52.332163704118003 ] } },
{ "type": "Feature", "properties": { "transit_type": "highway", "name": "Egelenburg" }, "geometry": { "type": "Point", "coordinates": [ 4.862166501197433, 52.327746904115401 ] } },
{ "type": "Feature", "properties": { "transit_type": "highway", "name": "Noordhollandstraat" }, "geometry": { "type": "Point", "coordinates": [ 4.865861101200927, 52.323639604112898 ] } },
{ "type": "Feature", "properties": { "transit_type": "highway", "name": "Gustav Mahlerplein" }, "geometry": { "type": "Point", "coordinates": [ 4.873101701208787, 52.336607004120658 ] } },
{ "type": "Feature", "properties": { "transit_type": "highway", "name": "Jacob Cabeliaustraat" }, "geometry": { "type": "Point", "coordinates": [ 4.804182701142179, 52.38248880414789 ] } },
{ "type": "Feature", "properties": { "transit_type": "highway", "name": "Markthallen" }, "geometry": { "type": "Point", "coordinates": [ 4.866950101204523, 52.375651404143753 ] } },
{ "type": "Feature", "properties": { "transit_type": "highway", "name": "Markthallen" }, "geometry": { "type": "Point", "coordinates": [ 4.86663350120421, 52.37577660414383 ] } },
{ "type": "Feature", "properties": { "transit_type": "highway", "name": "Nassaukade" }, "geometry": { "type": "Point", "coordinates": [ 4.8786728012157, 52.364644204137242 ] } },
{ "type": "Feature", "properties": { "transit_type": "highway", "name": "Frederik Hendrikplantsoen" }, "geometry": { "type": "Point", "coordinates": [ 4.875353101213077, 52.379026404145748 ] } },
{ "type": "Feature", "properties": { "transit_type": "highway", "name": "Osdorpplein West" }, "geometry": { "type": "Point", "coordinates": [ 4.803399801140263, 52.359495504134301 ] } },
{ "type": "Feature", "properties": { "transit_type": "highway", "name": "Osdorpplein West" }, "geometry": { "type": "Point", "coordinates": [ 4.803053801139893, 52.359061404134017 ] } },
{ "type": "Feature", "properties": { "transit_type": "highway", "name": "Justus Lipsiusstraat" }, "geometry": { "type": "Point", "coordinates": [ 4.827295201164229, 52.361510904135478 ] } },
{ "type": "Feature", "properties": { "transit_type": "highway", "name": "Justus Lipsiusstraat" }, "geometry": { "type": "Point", "coordinates": [ 4.827024301163924, 52.360793404135073 ] } },
{ "type": "Feature", "properties": { "transit_type": "highway", "name": "Robert Fruinlaan" }, "geometry": { "type": "Point", "coordinates": [ 4.829130301166186, 52.364064304137003 ] } },
{ "type": "Feature", "properties": { "transit_type": "highway", "name": "Robert Fruinlaan" }, "geometry": { "type": "Point", "coordinates": [ 4.83007180116712, 52.363970204136933 ] } },
{ "type": "Feature", "properties": { "transit_type": "highway", "name": "Hoofdweg" }, "geometry": { "type": "Point", "coordinates": [ 4.852512001189553, 52.364347304137141 ] } },
{ "type": "Feature", "properties": { "transit_type": "highway", "name": "Van Beuningenplein" }, "geometry": { "type": "Point", "coordinates": [ 4.871175601209017, 52.381365704147107 ] } },
{ "type": "Feature", "properties": { "transit_type": "highway", "name": "Van Beuningenplein" }, "geometry": { "type": "Point", "coordinates": [ 4.870996101208832, 52.381245004147047 ] } },
{ "type": "Feature", "properties": { "transit_type": "highway", "name": "Kostverlorenstraat" }, "geometry": { "type": "Point", "coordinates": [ 4.871757601209517, 52.379691604146132 ] } },
{ "type": "Feature", "properties": { "transit_type": "highway", "name": "Kostverlorenstraat" }, "geometry": { "type": "Point", "coordinates": [ 4.871615301209366, 52.379510404146032 ] } },
{ "type": "Feature", "properties": { "transit_type": "highway", "name": "Van der Hoopstraat" }, "geometry": { "type": "Point", "coordinates": [ 4.870440301208379, 52.383363904148311 ] } },
{ "type": "Feature", "properties": { "transit_type": "highway", "name": "Van der Hoopstraat" }, "geometry": { "type": "Point", "coordinates": [ 4.870265501208203, 52.383325004148247 ] } },
{ "type": "Feature", "properties": { "transit_type": "highway", "name": "Delflandlaan" }, "geometry": { "type": "Point", "coordinates": [ 4.838751701175192, 52.351625904129605 ] } },
{ "type": "Feature", "properties": { "transit_type": "highway", "name": "Ferdinand Bolstraat" }, "geometry": { "type": "Point", "coordinates": [ 4.892311601229004, 52.358001504133313 ] } },
{ "type": "Feature", "properties": { "transit_type": "highway", "name": "Ferdinand Bolstraat" }, "geometry": { "type": "Point", "coordinates": [ 4.891891801228583, 52.357912304133237 ] } },
{ "type": "Feature", "properties": { "transit_type": "highway", "name": "Ruysdaelkade" }, "geometry": { "type": "Point", "coordinates": [ 4.88660720122342, 52.360350104134668 ] } },
{ "type": "Feature", "properties": { "transit_type": "highway", "name": "Centraal Station" }, "geometry": { "type": "Point", "coordinates": [ 4.900341001238067, 52.37979490414611 ] } },
{ "type": "Feature", "properties": { "transit_type": "highway", "name": "Centraal Station" }, "geometry": { "type": "Point", "coordinates": [ 4.900861801238586, 52.379783804146086 ] } },
{ "type": "Feature", "properties": { "transit_type": "highway", "name": "Van Nijenrodeweg" }, "geometry": { "type": "Point", "coordinates": [ 4.869120101204404, 52.328188004115717 ] } },
{ "type": "Feature", "properties": { "transit_type": "highway", "name": "Van Nijenrodeweg" }, "geometry": { "type": "Point", "coordinates": [ 4.868663901203905, 52.327327404115145 ] } },
{ "type": "Feature", "properties": { "transit_type": "highway", "name": "Bouvigne" }, "geometry": { "type": "Point", "coordinates": [ 4.882977901218251, 52.32810050411554 ] } },
{ "type": "Feature", "properties": { "transit_type": "highway", "name": "Banne Buikslootlaan" }, "geometry": { "type": "Point", "coordinates": [ 4.917856501256889, 52.407926004162604 ] } },
{ "type": "Feature", "properties": { "transit_type": "highway", "name": "Molenwijk" }, "geometry": { "type": "Point", "coordinates": [ 4.893553101233128, 52.418304004168753 ] } },
{ "type": "Feature", "properties": { "transit_type": "highway", "name": "Centraal Station" }, "geometry": { "type": "Point", "coordinates": [ 4.90071320123843, 52.379659704146036 ] } },
{ "type": "Feature", "properties": { "transit_type": "highway", "name": "Centraal Station" }, "geometry": { "type": "Point", "coordinates": [ 4.901287901238994, 52.379452004145932 ] } },
{ "type": "Feature", "properties": { "transit_type": "highway", "name": "Centraal Station" }, "geometry": { "type": "Point", "coordinates": [ 4.900152701237888, 52.380041904146275 ] } },
{ "type": "Feature", "properties": { "transit_type": "highway", "name": "Piet Heinkade" }, "geometry": { "type": "Point", "coordinates": [ 4.913587601251178, 52.377374404144661 ] } },
{ "type": "Feature", "properties": { "transit_type": "highway", "name": "Oostelijke Handelskade" }, "geometry": { "type": "Point", "coordinates": [ 4.931079001268542, 52.375099404143249 ] } },
{ "type": "Feature", "properties": { "transit_type": "highway", "name": "Bob Haarmslaan" }, "geometry": { "type": "Point", "coordinates": [ 4.968017101305192, 52.369957004140055 ] } },
{ "type": "Feature", "properties": { "transit_type": "highway", "name": "C. van Eesterenlaan" }, "geometry": { "type": "Point", "coordinates": [ 4.937681901275078, 52.373896904142512 ] } },
{ "type": "Feature", "properties": { "transit_type": "highway", "name": "Oostelijke Handelskade" }, "geometry": { "type": "Point", "coordinates": [ 4.930669001268128, 52.375055904143196 ] } },
{ "type": "Feature", "properties": { "transit_type": "highway", "name": "Kattenburg" }, "geometry": { "type": "Point", "coordinates": [ 4.922676601260195, 52.376050104143843 ] } },
{ "type": "Feature", "properties": { "transit_type": "highway", "name": "Centraal Station" }, "geometry": { "type": "Point", "coordinates": [ 4.899560201237309, 52.380252804146416 ] } },
{ "type": "Feature", "properties": { "transit_type": "highway", "name": "Station Holendrecht" }, "geometry": { "type": "Point", "coordinates": [ 4.958781901292576, 52.297028304096834 ] } },
{ "type": "Feature", "properties": { "transit_type": "highway", "name": "Station Holendrecht" }, "geometry": { "type": "Point", "coordinates": [ 4.959347501293148, 52.297228704096931 ] } },
{ "type": "Feature", "properties": { "transit_type": "highway", "name": "Station Holendrecht" }, "geometry": { "type": "Point", "coordinates": [ 4.95926950129307, 52.29720400409694 ] } },
{ "type": "Feature", "properties": { "transit_type": "highway", "name": "Station Holendrecht" }, "geometry": { "type": "Point", "coordinates": [ 4.959184501292984, 52.29717170409689 ] } },
{ "type": "Feature", "properties": { "transit_type": "highway", "name": "Station Holendrecht" }, "geometry": { "type": "Point", "coordinates": [ 4.959105601292902, 52.297145204096886 ] } },
{ "type": "Feature", "properties": { "transit_type": "highway", "name": "Station Holendrecht" }, "geometry": { "type": "Point", "coordinates": [ 4.959022301292819, 52.297113504096863 ] } },
{ "type": "Feature", "properties": { "transit_type": "highway", "name": "Station Holendrecht" }, "geometry": { "type": "Point", "coordinates": [ 4.958943001292738, 52.297086504096825 ] } },
{ "type": "Feature", "properties": { "transit_type": "highway", "name": "Station Holendrecht" }, "geometry": { "type": "Point", "coordinates": [ 4.958864501292658, 52.297051704096816 ] } },
{ "type": "Feature", "properties": { "transit_type": "highway", "name": "Tulastraat" }, "geometry": { "type": "Point", "coordinates": [ 4.965815101300666, 52.319829404110379 ] } },
{ "type": "Feature", "properties": { "transit_type": "highway", "name": "Tulastraat" }, "geometry": { "type": "Point", "coordinates": [ 4.965370501300226, 52.319976304110448 ] } },
{ "type": "Feature", "properties": { "transit_type": "highway", "name": "Hoofddorpplein" }, "geometry": { "type": "Point", "coordinates": [ 4.850198701186623, 52.351552704129574 ] } },
{ "type": "Feature", "properties": { "transit_type": "highway", "name": "Ransdorp (Kerk)" }, "geometry": { "type": "Point", "coordinates": [ 4.994148301332362, 52.393164404153623 ] } },
{ "type": "Feature", "properties": { "transit_type": "highway", "name": "Haarlemmermeerstraat" }, "geometry": { "type": "Point", "coordinates": [ 4.850183101186785, 52.355186104131711 ] } },
{ "type": "Feature", "properties": { "transit_type": "highway", "name": "Haarlemmermeerstraat" }, "geometry": { "type": "Point", "coordinates": [ 4.850475801187089, 52.355408104131818 ] } },
{ "type": "Feature", "properties": { "transit_type": "highway", "name": "Erasmusgracht" }, "geometry": { "type": "Point", "coordinates": [ 4.847006901184638, 52.376339304144238 ] } },
{ "type": "Feature", "properties": { "transit_type": "highway", "name": "Leidseplein" }, "geometry": { "type": "Point", "coordinates": [ 4.880666901217593, 52.362575504135982 ] } },
{ "type": "Feature", "properties": { "transit_type": "highway", "name": "Station Sloterdijk" }, "geometry": { "type": "Point", "coordinates": [ 4.838766001176985, 52.388146104151176 ] } },
{ "type": "Feature", "properties": { "transit_type": "highway", "name": "Station Sloterdijk" }, "geometry": { "type": "Point", "coordinates": [ 4.838777001176991, 52.388040004151108 ] } },
{ "type": "Feature", "properties": { "transit_type": "highway", "name": "Station Sloterdijk" }, "geometry": { "type": "Point", "coordinates": [ 4.838894201177066, 52.387181704150592 ] } },
{ "type": "Feature", "properties": { "transit_type": "highway", "name": "Mosplein" }, "geometry": { "type": "Point", "coordinates": [ 4.912674001251007, 52.392959304153869 ] } },
{ "type": "Feature", "properties": { "transit_type": "highway", "name": "Mosplein" }, "geometry": { "type": "Point", "coordinates": [ 4.912751401251087, 52.393002504153863 ] } },
{ "type": "Feature", "properties": { "transit_type": "highway", "name": "Prins Hendrikkade" }, "geometry": { "type": "Point", "coordinates": [ 4.904476201241944, 52.374510304142987 ] } },
{ "type": "Feature", "properties": { "transit_type": "highway", "name": "Olof Palmeplein" }, "geometry": { "type": "Point", "coordinates": [ 4.940143201278609, 52.396731704155947 ] } },
{ "type": "Feature", "properties": { "transit_type": "highway", "name": "Emmastraat" }, "geometry": { "type": "Point", "coordinates": [ 4.869529101206001, 52.352913504130328 ] } },
{ "type": "Feature", "properties": { "transit_type": "highway", "name": "Concertgebouw" }, "geometry": { "type": "Point", "coordinates": [ 4.879609401216222, 52.355996704132117 ] } },
{ "type": "Feature", "properties": { "transit_type": "highway", "name": "Elandsgracht" }, "geometry": { "type": "Point", "coordinates": [ 4.877567601214833, 52.369532204140093 ] } },
{ "type": "Feature", "properties": { "transit_type": "highway", "name": "Elandsgracht" }, "geometry": { "type": "Point", "coordinates": [ 4.878456901215651, 52.368095204139287 ] } },
{ "type": "Feature", "properties": { "transit_type": "highway", "name": "Amstelveenseweg" }, "geometry": { "type": "Point", "coordinates": [ 4.855731501192133, 52.351202004129341 ] } },
{ "type": "Feature", "properties": { "transit_type": "highway", "name": "Zeilstraat" }, "geometry": { "type": "Point", "coordinates": [ 4.856763601193167, 52.35124450412939 ] } },
{ "type": "Feature", "properties": { "transit_type": "highway", "name": "Anton de Komplein" }, "geometry": { "type": "Point", "coordinates": [ 4.955888401290585, 52.316458404108374 ] } },
{ "type": "Feature", "properties": { "transit_type": "highway", "name": "Baden Powellweg" }, "geometry": { "type": "Point", "coordinates": [ 4.795125301131581, 52.35101290412932 ] } },
{ "type": "Feature", "properties": { "transit_type": "highway", "name": "Station Bijlmer ArenA" }, "geometry": { "type": "Point", "coordinates": [ 4.946487301280908, 52.310526804104917 ] } },
{ "type": "Feature", "properties": { "transit_type": "highway", "name": "Jan Evertsenstraat" }, "geometry": { "type": "Point", "coordinates": [ 4.859496201196905, 52.372052304141654 ] } },
{ "type": "Feature", "properties": { "transit_type": "highway", "name": "Noorderpark" }, "geometry": { "type": "Point", "coordinates": [ 4.919259801257403, 52.389184204151597 ] } },
{ "type": "Feature", "properties": { "transit_type": "highway", "name": "Bovenkruier" }, "geometry": { "type": "Point", "coordinates": [ 4.884002901223688, 52.420138804169888 ] } },
{ "type": "Feature", "properties": { "transit_type": "highway", "name": "Metaalbewerkerweg" }, "geometry": { "type": "Point", "coordinates": [ 4.905785501244533, 52.40145860415884 ] } },
{ "type": "Feature", "properties": { "transit_type": "highway", "name": "Nieuwe Willemsstraat" }, "geometry": { "type": "Point", "coordinates": [ 4.880859501218683, 52.381306604147056 ] } },
{ "type": "Feature", "properties": { "transit_type": "highway", "name": "Nieuwe Willemsstraat" }, "geometry": { "type": "Point", "coordinates": [ 4.881259401219102, 52.381710204147318 ] } },
{ "type": "Feature", "properties": { "transit_type": "highway", "name": "Buiksloterwegveer" }, "geometry": { "type": "Point", "coordinates": [ 4.905730201243614, 52.38330150414815 ] } },
{ "type": "Feature", "properties": { "transit_type": "highway", "name": "Station Bijlmer ArenA" }, "geometry": { "type": "Point", "coordinates": [ 4.947463101281921, 52.311344004105393 ] } },
{ "type": "Feature", "properties": { "transit_type": "highway", "name": "Annie Romeinplein" }, "geometry": { "type": "Point", "coordinates": [ 4.970013401304937, 52.32146830411132 ] } },
{ "type": "Feature", "properties": { "transit_type": "highway", "name": "Flixbus Amsterdam Sloterdijk" }, "geometry": { "type": "Point", "coordinates": [ 4.833309701171632, 52.390106704152366 ] } },
{ "type": "Feature", "properties": { "transit_type": "highway", "name": "Zaanstraat" }, "geometry": { "type": "Point", "coordinates": [ 4.869843501208241, 52.392860604153924 ] } },
{ "type": "Feature", "properties": { "transit_type": "highway", "name": "Zaanstraat" }, "geometry": { "type": "Point", "coordinates": [ 4.870191101208592, 52.392929404153961 ] } },
{ "type": "Feature", "properties": { "transit_type": "highway", "name": "Station Zuid" }, "geometry": { "type": "Point", "coordinates": [ 4.872594101208486, 52.340896304123206 ] } },
{ "type": "Feature", "properties": { "transit_type": "highway", "name": "Station Zuid" }, "geometry": { "type": "Point", "coordinates": [ 4.872787701208669, 52.340679904123078 ] } },
{ "type": "Feature", "properties": { "transit_type": "highway", "name": "Amsterdam Sloterdijk" }, "geometry": { "type": "Point", "coordinates": [ 4.838778601177075, 52.389722804152107 ] } },
{ "type": "Feature", "properties": { "transit_type": "highway", "name": "Amsterdam Sloterdijk" }, "geometry": { "type": "Point", "coordinates": [ 4.838783001177076, 52.389674704152092 ] } },
{ "type": "Feature", "properties": { "transit_type": "highway", "name": "Peter Martensstraat" }, "geometry": { "type": "Point", "coordinates": [ 5.014228101350367, 52.348470904127097 ] } },
{ "type": "Feature", "properties": { "transit_type": "highway", "name": "Peter Martensstraat" }, "geometry": { "type": "Point", "coordinates": [ 5.014401101350558, 52.348828804127329 ] } },
{ "type": "Feature", "properties": { "transit_type": "highway", "name": "Station Noord" }, "geometry": { "type": "Point", "coordinates": [ 4.931758901270503, 52.402354604159299 ] } },
{ "type": "Feature", "properties": { "transit_type": "highway", "name": "Station Noord" }, "geometry": { "type": "Point", "coordinates": [ 4.931807901270556, 52.402396604159321 ] } },
{ "type": "Feature", "properties": { "transit_type": "highway", "name": "Station Noord" }, "geometry": { "type": "Point", "coordinates": [ 4.931860901270609, 52.402437504159266 ] } },
{ "type": "Feature", "properties": { "transit_type": "highway", "name": "Station Noord" }, "geometry": { "type": "Point", "coordinates": [ 4.931915501270668, 52.402478804159344 ] } },
{ "type": "Feature", "properties": { "transit_type": "highway", "name": "Station Noord" }, "geometry": { "type": "Point", "coordinates": [ 4.931969501270723, 52.402521204159399 ] } },
{ "type": "Feature", "properties": { "transit_type": "highway", "name": "Station Noord" }, "geometry": { "type": "Point", "coordinates": [ 4.932024101270778, 52.402561704159417 ] } },
{ "type": "Feature", "properties": { "transit_type": "highway", "name": "Station Noord" }, "geometry": { "type": "Point", "coordinates": [ 4.932077501270834, 52.402601504159435 ] } },
{ "type": "Feature", "properties": { "transit_type": "highway", "name": "Station Noord" }, "geometry": { "type": "Point", "coordinates": [ 4.93213180127089, 52.402644504159461 ] } },
{ "type": "Feature", "properties": { "transit_type": "highway", "name": "Station Noord" }, "geometry": { "type": "Point", "coordinates": [ 4.933439701272168, 52.402049604159089 ] } },
{ "type": "Feature", "properties": { "transit_type": "highway", "name": "Station Noord" }, "geometry": { "type": "Point", "coordinates": [ 4.933389401272114, 52.402005304159069 ] } },
{ "type": "Feature", "properties": { "transit_type": "highway", "name": "Station Noord" }, "geometry": { "type": "Point", "coordinates": [ 4.933334101272057, 52.401962704159047 ] } },
{ "type": "Feature", "properties": { "transit_type": "highway", "name": "Station Noord" }, "geometry": { "type": "Point", "coordinates": [ 4.933283101272004, 52.401923204158983 ] } },
{ "type": "Feature", "properties": { "transit_type": "highway", "name": "Station Noord" }, "geometry": { "type": "Point", "coordinates": [ 4.933224401271943, 52.401885404159017 ] } },
{ "type": "Feature", "properties": { "transit_type": "highway", "name": "Station Noord" }, "geometry": { "type": "Point", "coordinates": [ 4.933172501271891, 52.401841804158984 ] } },
{ "type": "Feature", "properties": { "transit_type": "highway", "name": "Station Noord" }, "geometry": { "type": "Point", "coordinates": [ 4.93312050127184, 52.401801504158939 ] } },
{ "type": "Feature", "properties": { "transit_type": "highway", "name": "Station Noord" }, "geometry": { "type": "Point", "coordinates": [ 4.933067201271783, 52.401760604158895 ] } },
{ "type": "Feature", "properties": { "transit_type": "highway", "name": "Slotermeerlaan" }, "geometry": { "type": "Point", "coordinates": [ 4.820628501158252, 52.375407004143703 ] } },
{ "type": "Feature", "properties": { "transit_type": "highway", "name": "Burgemeester Rendorpstraat" }, "geometry": { "type": "Point", "coordinates": [ 4.826790001164358, 52.374451004143133 ] } },
{ "type": "Feature", "properties": { "transit_type": "highway", "name": "Burgemeester Eliasstraat" }, "geometry": { "type": "Point", "coordinates": [ 4.827490501165349, 52.380424404146666 ] } },
{ "type": "Feature", "properties": { "transit_type": "highway", "name": "Burgemeester Eliasstraat" }, "geometry": { "type": "Point", "coordinates": [ 4.825818101163696, 52.380764704146863 ] } },
{ "type": "Feature", "properties": { "transit_type": "highway", "name": "Burgemeester Röellstraat" }, "geometry": { "type": "Point", "coordinates": [ 4.819644001157362, 52.377297504144821 ] } },
{ "type": "Feature", "properties": { "transit_type": "highway", "name": "Burgemeester Röellstraat" }, "geometry": { "type": "Point", "coordinates": [ 4.81950600115719, 52.376656404144441 ] } },
{ "type": "Feature", "properties": { "transit_type": "highway", "name": "Plein '40-'45" }, "geometry": { "type": "Point", "coordinates": [ 4.822516801160418, 52.381208004147119 ] } },
{ "type": "Feature", "properties": { "transit_type": "highway", "name": "Plein '40-'45" }, "geometry": { "type": "Point", "coordinates": [ 4.821134001159024, 52.380838404146893 ] } },
{ "type": "Feature", "properties": { "transit_type": "highway", "name": "Plein '40-'45" }, "geometry": { "type": "Point", "coordinates": [ 4.820435101158362, 52.381638304147373 ] } },
{ "type": "Feature", "properties": { "transit_type": "highway", "name": "Burgemeester de Vlugtlaan" }, "geometry": { "type": "Point", "coordinates": [ 4.838297101176059, 52.378728504145649 ] } },
{ "type": "Feature", "properties": { "transit_type": "highway", "name": "Burgemeester de Vlugtlaan" }, "geometry": { "type": "Point", "coordinates": [ 4.837210601174984, 52.37898610414581 ] } },
{ "type": "Feature", "properties": { "transit_type": "highway", "name": "Burgemeester Fockstraat" }, "geometry": { "type": "Point", "coordinates": [ 4.833227201171033, 52.379529704146101 ] } },
{ "type": "Feature", "properties": { "transit_type": "highway", "name": "Burgemeester Fockstraat" }, "geometry": { "type": "Point", "coordinates": [ 4.831281301169107, 52.379906704146343 ] } },
{ "type": "Feature", "properties": { "transit_type": "highway", "name": "VU Medisch Centrum" }, "geometry": { "type": "Point", "coordinates": [ 4.857233801192838, 52.334700804119556 ] } },
{ "type": "Feature", "properties": { "transit_type": "highway", "name": "De Boelelaan / VU" }, "geometry": { "type": "Point", "coordinates": [ 4.866274601201892, 52.335116004119797 ] } },
{ "type": "Feature", "properties": { "transit_type": "highway", "name": "De Boelelaan / VU" }, "geometry": { "type": "Point", "coordinates": [ 4.867378201202989, 52.334966404119712 ] } },
{ "type": "Feature", "properties": { "transit_type": "highway", "name": "Amstelveenseweg" }, "geometry": { "type": "Point", "coordinates": [ 4.857223001193008, 52.338421204121751 ] } },
{ "type": "Feature", "properties": { "transit_type": "highway", "name": "IJsbaanpad" }, "geometry": { "type": "Point", "coordinates": [ 4.857537601193427, 52.340599104123072 ] } },
{ "type": "Feature", "properties": { "transit_type": "highway", "name": "VU Medisch Centrum" }, "geometry": { "type": "Point", "coordinates": [ 4.857516101193129, 52.334914004119689 ] } },
{ "type": "Feature", "properties": { "transit_type": "highway", "name": "VUmc Hoofdingang" }, "geometry": { "type": "Point", "coordinates": [ 4.861117501196742, 52.335118104119815 ] } },
{ "type": "Feature", "properties": { "transit_type": "highway", "name": "Amstelveenseweg" }, "geometry": { "type": "Point", "coordinates": [ 4.858751001194566, 52.339093504122175 ] } },
{ "type": "Feature", "properties": { "transit_type": "highway", "name": "VUmc Hoofdingang" }, "geometry": { "type": "Point", "coordinates": [ 4.860059801195687, 52.335213804119839 ] } },
{ "type": "Feature", "properties": { "transit_type": "highway", "name": "Olympisch Stadion" }, "geometry": { "type": "Point", "coordinates": [ 4.857000401193049, 52.343853504124986 ] } },
{ "type": "Feature", "properties": { "transit_type": "highway", "name": "Olympisch Stadion" }, "geometry": { "type": "Point", "coordinates": [ 4.856804201192859, 52.344022304125083 ] } },
{ "type": "Feature", "properties": { "transit_type": "highway", "name": "IJsbaanpad" }, "geometry": { "type": "Point", "coordinates": [ 4.857795501193732, 52.341592804123614 ] } },
{ "type": "Feature", "properties": { "transit_type": "highway", "name": "Olympiaweg" }, "geometry": { "type": "Point", "coordinates": [ 4.858648201194761, 52.345237004125785 ] } },
{ "type": "Feature", "properties": { "transit_type": "highway", "name": "Olympiaweg" }, "geometry": { "type": "Point", "coordinates": [ 4.858331701194446, 52.34528540412586 ] } },
{ "type": "Feature", "properties": { "transit_type": "highway", "name": "Olympiaplein" }, "geometry": { "type": "Point", "coordinates": [ 4.865843901202002, 52.346322404126433 ] } },
{ "type": "Feature", "properties": { "transit_type": "highway", "name": "Olympiaplein" }, "geometry": { "type": "Point", "coordinates": [ 4.86665000120281, 52.346349304126448 ] } },
{ "type": "Feature", "properties": { "transit_type": "highway", "name": "Prinses Irenestraat" }, "geometry": { "type": "Point", "coordinates": [ 4.876818201212814, 52.34310770412452 ] } },
{ "type": "Feature", "properties": { "transit_type": "highway", "name": "Prinses Irenestraat" }, "geometry": { "type": "Point", "coordinates": [ 4.876738801212712, 52.342612204124208 ] } },
{ "type": "Feature", "properties": { "transit_type": "highway", "name": "Stadionweg" }, "geometry": { "type": "Point", "coordinates": [ 4.876902101213065, 52.346673504126592 ] } },
{ "type": "Feature", "properties": { "transit_type": "highway", "name": "Beethovenstraat" }, "geometry": { "type": "Point", "coordinates": [ 4.876275301212449, 52.346850404126684 ] } },
{ "type": "Feature", "properties": { "transit_type": "highway", "name": "Stadionweg" }, "geometry": { "type": "Point", "coordinates": [ 4.876855901213044, 52.347148604126858 ] } },
{ "type": "Feature", "properties": { "transit_type": "highway", "name": "Minervaplein" }, "geometry": { "type": "Point", "coordinates": [ 4.872016601208187, 52.346671104126642 ] } },
{ "type": "Feature", "properties": { "transit_type": "highway", "name": "Minervaplein" }, "geometry": { "type": "Point", "coordinates": [ 4.873028701209203, 52.34679290412668 ] } },
{ "type": "Feature", "properties": { "transit_type": "highway", "name": "Amstelstation" }, "geometry": { "type": "Point", "coordinates": [ 4.919398501255529, 52.346675904126506 ] } },
{ "type": "Feature", "properties": { "transit_type": "highway", "name": "Amstelstation" }, "geometry": { "type": "Point", "coordinates": [ 4.919441001255579, 52.346813804126569 ] } },
{ "type": "Feature", "properties": { "transit_type": "highway", "name": "Amsteldijk" }, "geometry": { "type": "Point", "coordinates": [ 4.910986201247147, 52.347133004126746 ] } },
{ "type": "Feature", "properties": { "transit_type": "highway", "name": "Amsteldijk" }, "geometry": { "type": "Point", "coordinates": [ 4.911165901247325, 52.347082304126779 ] } },
{ "type": "Feature", "properties": { "transit_type": "highway", "name": "Amstelstation" }, "geometry": { "type": "Point", "coordinates": [ 4.919092901255201, 52.346258404126225 ] } },
{ "type": "Feature", "properties": { "transit_type": "highway", "name": "Amstelstation" }, "geometry": { "type": "Point", "coordinates": [ 4.918970501255082, 52.346230104126199 ] } },
{ "type": "Feature", "properties": { "transit_type": "highway", "name": "Amstelstation" }, "geometry": { "type": "Point", "coordinates": [ 4.918732801254841, 52.346177004126204 ] } },
{ "type": "Feature", "properties": { "transit_type": "highway", "name": "Amstelstation" }, "geometry": { "type": "Point", "coordinates": [ 4.918651301254759, 52.346159404126176 ] } },
{ "type": "Feature", "properties": { "transit_type": "highway", "name": "Amstelstation" }, "geometry": { "type": "Point", "coordinates": [ 4.918579201254685, 52.346143604126169 ] } },
{ "type": "Feature", "properties": { "transit_type": "highway", "name": "Amstelstation" }, "geometry": { "type": "Point", "coordinates": [ 4.918501301254606, 52.346126204126179 ] } },
{ "type": "Feature", "properties": { "transit_type": "highway", "name": "Amstelstation" }, "geometry": { "type": "Point", "coordinates": [ 4.918438301254544, 52.346110804126141 ] } },
{ "type": "Feature", "properties": { "transit_type": "highway", "name": "Station RAI" }, "geometry": { "type": "Point", "coordinates": [ 4.890938701226633, 52.337037104120888 ] } },
{ "type": "Feature", "properties": { "transit_type": "highway", "name": "Europaplein" }, "geometry": { "type": "Point", "coordinates": [ 4.892166701228014, 52.340232204122771 ] } },
{ "type": "Feature", "properties": { "transit_type": "highway", "name": "Europaplein" }, "geometry": { "type": "Point", "coordinates": [ 4.892318301228174, 52.340431104122928 ] } },
{ "type": "Feature", "properties": { "transit_type": "highway", "name": "Waalstraat" }, "geometry": { "type": "Point", "coordinates": [ 4.900622901236662, 52.344419504125206 ] } },
{ "type": "Feature", "properties": { "transit_type": "highway", "name": "Maasstraat" }, "geometry": { "type": "Point", "coordinates": [ 4.896828701232811, 52.343121004124448 ] } },
{ "type": "Feature", "properties": { "transit_type": "highway", "name": "Dintelstraat" }, "geometry": { "type": "Point", "coordinates": [ 4.893007901228935, 52.341941304123772 ] } },
{ "type": "Feature", "properties": { "transit_type": "highway", "name": "Victorieplein" }, "geometry": { "type": "Point", "coordinates": [ 4.906359701242487, 52.346404404126361 ] } },
{ "type": "Feature", "properties": { "transit_type": "highway", "name": "Victorieplein" }, "geometry": { "type": "Point", "coordinates": [ 4.905664801241793, 52.346384504126327 ] } },
{ "type": "Feature", "properties": { "transit_type": "highway", "name": "Victorieplein" }, "geometry": { "type": "Point", "coordinates": [ 4.905070401241209, 52.346584004126484 ] } },
{ "type": "Feature", "properties": { "transit_type": "highway", "name": "Victorieplein" }, "geometry": { "type": "Point", "coordinates": [ 4.905099001241246, 52.346778104126592 ] } },
{ "type": "Feature", "properties": { "transit_type": "highway", "name": "Westerdoksdijk" }, "geometry": { "type": "Point", "coordinates": [ 4.89319460123122, 52.385851104149729 ] } },
{ "type": "Feature", "properties": { "transit_type": "highway", "name": "Jan Tooropstraat" }, "geometry": { "type": "Point", "coordinates": [ 4.838102901175517, 52.371633304141412 ] } },
{ "type": "Feature", "properties": { "transit_type": "highway", "name": "Mercatorplein" }, "geometry": { "type": "Point", "coordinates": [ 4.850012001187366, 52.370685804140862 ] } },
{ "type": "Feature", "properties": { "transit_type": "highway", "name": "W. Schoutenweg" }, "geometry": { "type": "Point", "coordinates": [ 4.852627601189799, 52.367000204138698 ] } },
{ "type": "Feature", "properties": { "transit_type": "highway", "name": "Jan van Galenstraat" }, "geometry": { "type": "Point", "coordinates": [ 4.8486161011861, 52.373334704142465 ] } },
{ "type": "Feature", "properties": { "transit_type": "highway", "name": "Jan van Galenstraat" }, "geometry": { "type": "Point", "coordinates": [ 4.848696801186162, 52.372979804142226 ] } },
{ "type": "Feature", "properties": { "transit_type": "highway", "name": "Bos en Lommerplein" }, "geometry": { "type": "Point", "coordinates": [ 4.847034201184753, 52.378096004145227 ] } },
{ "type": "Feature", "properties": { "transit_type": "highway", "name": "Bos en Lommerweg" }, "geometry": { "type": "Point", "coordinates": [ 4.853737501191547, 52.380203804146454 ] } },
{ "type": "Feature", "properties": { "transit_type": "highway", "name": "Egidiusstraat" }, "geometry": { "type": "Point", "coordinates": [ 4.850903301188659, 52.378959604145749 ] } },
{ "type": "Feature", "properties": { "transit_type": "highway", "name": "Egidiusstraat" }, "geometry": { "type": "Point", "coordinates": [ 4.851505201189261, 52.379008704145797 ] } },
{ "type": "Feature", "properties": { "transit_type": "highway", "name": "Rokin" }, "geometry": { "type": "Point", "coordinates": [ 4.892086601229328, 52.369458704140065 ] } },
{ "type": "Feature", "properties": { "transit_type": "highway", "name": "Rokin" }, "geometry": { "type": "Point", "coordinates": [ 4.892305001229558, 52.3697177041402 ] } },
{ "type": "Feature", "properties": { "transit_type": "highway", "name": "Dam" }, "geometry": { "type": "Point", "coordinates": [ 4.893604301231039, 52.373542604142472 ] } },
{ "type": "Feature", "properties": { "transit_type": "highway", "name": "Dam" }, "geometry": { "type": "Point", "coordinates": [ 4.895403701232899, 52.374855204143223 ] } },
{ "type": "Feature", "properties": { "transit_type": "highway", "name": "Nieuwezijds Kolk" }, "geometry": { "type": "Point", "coordinates": [ 4.894714701232305, 52.376807604144375 ] } },
{ "type": "Feature", "properties": { "transit_type": "highway", "name": "Nieuwezijds Kolk" }, "geometry": { "type": "Point", "coordinates": [ 4.894616801232209, 52.37686070414437 ] } },
{ "type": "Feature", "properties": { "transit_type": "highway", "name": "Westermarkt" }, "geometry": { "type": "Point", "coordinates": [ 4.884332401221799, 52.373990404142731 ] } },
{ "type": "Feature", "properties": { "transit_type": "highway", "name": "Westermarkt" }, "geometry": { "type": "Point", "coordinates": [ 4.883776101221248, 52.374082204142752 ] } },
{ "type": "Feature", "properties": { "transit_type": "highway", "name": "Marnixstraat" }, "geometry": { "type": "Point", "coordinates": [ 4.875288401212674, 52.372037304141628 ] } },
{ "type": "Feature", "properties": { "transit_type": "highway", "name": "Marnixstraat" }, "geometry": { "type": "Point", "coordinates": [ 4.876328601213729, 52.372356104141801 ] } },
{ "type": "Feature", "properties": { "transit_type": "highway", "name": "Rozengracht" }, "geometry": { "type": "Point", "coordinates": [ 4.875975401213352, 52.371826204141499 ] } },
{ "type": "Feature", "properties": { "transit_type": "highway", "name": "Westlandgracht" }, "geometry": { "type": "Point", "coordinates": [ 4.845608501182038, 52.351550504129577 ] } },
{ "type": "Feature", "properties": { "transit_type": "highway", "name": "Westlandgracht" }, "geometry": { "type": "Point", "coordinates": [ 4.845011001181446, 52.351608204129604 ] } },
{ "type": "Feature", "properties": { "transit_type": "highway", "name": "Delflandlaan" }, "geometry": { "type": "Point", "coordinates": [ 4.841641801178072, 52.351518504129558 ] } },
{ "type": "Feature", "properties": { "transit_type": "highway", "name": "Hoofddorpplein" }, "geometry": { "type": "Point", "coordinates": [ 4.850448701186897, 52.352025004129814 ] } },
{ "type": "Feature", "properties": { "transit_type": "highway", "name": "Van Woustraat" }, "geometry": { "type": "Point", "coordinates": [ 4.900875101237402, 52.35467130413128 ] } },
{ "type": "Feature", "properties": { "transit_type": "highway", "name": "Van Woustraat" }, "geometry": { "type": "Point", "coordinates": [ 4.90156620123811, 52.354965904131447 ] } },
{ "type": "Feature", "properties": { "transit_type": "highway", "name": "Ceintuurbaan" }, "geometry": { "type": "Point", "coordinates": [ 4.901466101237991, 52.354583604131214 ] } },
{ "type": "Feature", "properties": { "transit_type": "highway", "name": "Overtoom" }, "geometry": { "type": "Point", "coordinates": [ 4.875010901211973, 52.3632351041364 ] } },
{ "type": "Feature", "properties": { "transit_type": "highway", "name": "Overtoom" }, "geometry": { "type": "Point", "coordinates": [ 4.875053101212004, 52.363003604136289 ] } },
{ "type": "Feature", "properties": { "transit_type": "highway", "name": "Leidseplein" }, "geometry": { "type": "Point", "coordinates": [ 4.880905401217859, 52.36316290413636 ] } },
{ "type": "Feature", "properties": { "transit_type": "highway", "name": "Surinameplein" }, "geometry": { "type": "Point", "coordinates": [ 4.852178601188916, 52.358024104133399 ] } },
{ "type": "Feature", "properties": { "transit_type": "highway", "name": "Postjesweg" }, "geometry": { "type": "Point", "coordinates": [ 4.853209701190269, 52.364772404137376 ] } },
{ "type": "Feature", "properties": { "transit_type": "highway", "name": "Postjesweg" }, "geometry": { "type": "Point", "coordinates": [ 4.85312090119014, 52.363854304136829 ] } },
{ "type": "Feature", "properties": { "transit_type": "highway", "name": "Witte de Withstraat" }, "geometry": { "type": "Point", "coordinates": [ 4.859182101196238, 52.364784204137372 ] } },
{ "type": "Feature", "properties": { "transit_type": "highway", "name": "Corantijnstraat" }, "geometry": { "type": "Point", "coordinates": [ 4.853324101190238, 52.361730304135577 ] } },
{ "type": "Feature", "properties": { "transit_type": "highway", "name": "Witte de Withstraat" }, "geometry": { "type": "Point", "coordinates": [ 4.858602901195661, 52.364804104137384 ] } },
{ "type": "Feature", "properties": { "transit_type": "highway", "name": "Station Bijlmer ArenA" }, "geometry": { "type": "Point", "coordinates": [ 4.947613301282065, 52.311170604105278 ] } },
{ "type": "Feature", "properties": { "transit_type": "highway", "name": "Lutmastraat" }, "geometry": { "type": "Point", "coordinates": [ 4.903346501239717, 52.351452304129367 ] } },
{ "type": "Feature", "properties": { "transit_type": "highway", "name": "Lutmastraat" }, "geometry": { "type": "Point", "coordinates": [ 4.903128601239517, 52.351769704129559 ] } },
{ "type": "Feature", "properties": { "transit_type": "highway", "name": "Amstelkade" }, "geometry": { "type": "Point", "coordinates": [ 4.904366601240607, 52.348729404127717 ] } },
{ "type": "Feature", "properties": { "transit_type": "highway", "name": "Amstelkade" }, "geometry": { "type": "Point", "coordinates": [ 4.904018801240294, 52.349406604128191 ] } },
{ "type": "Feature", "properties": { "transit_type": "highway", "name": "Ventweg" }, "geometry": { "type": "Point", "coordinates": [ 4.930769001265149, 52.30963730410442 ] } },
{ "type": "Feature", "properties": { "transit_type": "highway", "name": "Holterbergweg" }, "geometry": { "type": "Point", "coordinates": [ 4.939622501273969, 52.308911204103957 ] } },
{ "type": "Feature", "properties": { "transit_type": "highway", "name": "Holterbergweg" }, "geometry": { "type": "Point", "coordinates": [ 4.941148001275478, 52.308545404103747 ] } },
{ "type": "Feature", "properties": { "transit_type": "highway", "name": "Kinkerstraat" }, "geometry": { "type": "Point", "coordinates": [ 4.872324901209477, 52.367089704138685 ] } },
{ "type": "Feature", "properties": { "transit_type": "highway", "name": "Centraal Station" }, "geometry": { "type": "Point", "coordinates": [ 4.902529701240223, 52.379178704145737 ] } },
{ "type": "Feature", "properties": { "transit_type": "highway", "name": "Centraal Station" }, "geometry": { "type": "Point", "coordinates": [ 4.899200501236946, 52.38020680414639 ] } },
{ "type": "Feature", "properties": { "transit_type": "highway", "name": "Centraal Station" }, "geometry": { "type": "Point", "coordinates": [ 4.901405801239117, 52.379582604146016 ] } },
{ "type": "Feature", "properties": { "transit_type": "highway", "name": "Centraal Station" }, "geometry": { "type": "Point", "coordinates": [ 4.902022701239722, 52.379359204145835 ] } },
{ "type": "Feature", "properties": { "transit_type": "highway", "name": "Centraal Station" }, "geometry": { "type": "Point", "coordinates": [ 4.902052901239745, 52.379173204145737 ] } },
{ "type": "Feature", "properties": { "transit_type": "highway", "name": "Station Bijlmer ArenA" }, "geometry": { "type": "Point", "coordinates": [ 4.947525801281981, 52.311263204105337 ] } },
{ "type": "Feature", "properties": { "transit_type": "highway", "name": "Station Bijlmer ArenA" }, "geometry": { "type": "Point", "coordinates": [ 4.947571201282024, 52.311215904105332 ] } },
{ "type": "Feature", "properties": { "transit_type": "highway", "name": "Station Bijlmer ArenA" }, "geometry": { "type": "Point", "coordinates": [ 4.947677201282128, 52.311137904105259 ] } },
{ "type": "Feature", "properties": { "transit_type": "highway", "name": "Wibautstraat" }, "geometry": { "type": "Point", "coordinates": [ 4.911960601248488, 52.354949304131409 ] } },
{ "type": "Feature", "properties": { "transit_type": "highway", "name": "Wibautstraat" }, "geometry": { "type": "Point", "coordinates": [ 4.911100301247663, 52.355634904131833 ] } },
{ "type": "Feature", "properties": { "transit_type": "highway", "name": "Station Bijlmer ArenA" }, "geometry": { "type": "Point", "coordinates": [ 4.947328201281796, 52.311485804105502 ] } },
{ "type": "Feature", "properties": { "transit_type": "highway", "name": "Station Bijlmer ArenA" }, "geometry": { "type": "Point", "coordinates": [ 4.947406801281867, 52.311387004105399 ] } },
{ "type": "Feature", "properties": { "transit_type": "highway", "name": "Station Bijlmer ArenA" }, "geometry": { "type": "Point", "coordinates": [ 4.94736650128183, 52.311435004105434 ] } },
{ "type": "Feature", "properties": { "transit_type": "highway", "name": "Waterlooplein" }, "geometry": { "type": "Point", "coordinates": [ 4.90483160124202, 52.368693404139528 ] } },
{ "type": "Feature", "properties": { "transit_type": "highway", "name": "Station Bijlmer ArenA" }, "geometry": { "type": "Point", "coordinates": [ 4.947214201281687, 52.31160320410558 ] } },
{ "type": "Feature", "properties": { "transit_type": "highway", "name": "Station Bijlmer ArenA" }, "geometry": { "type": "Point", "coordinates": [ 4.947103201281577, 52.311635804105542 ] } },
{ "type": "Feature", "properties": { "transit_type": "highway", "name": "Station Zuid" }, "geometry": { "type": "Point", "coordinates": [ 4.873715801209598, 52.340699004123081 ] } },
{ "type": "Feature", "properties": { "transit_type": "highway", "name": "Station Zuid" }, "geometry": { "type": "Point", "coordinates": [ 4.873572401209468, 52.340958104123231 ] } },
{ "type": "Feature", "properties": { "transit_type": "highway", "name": "Klaprozenweg" }, "geometry": { "type": "Point", "coordinates": [ 4.894812901233705, 52.404056904160399 ] } },
{ "type": "Feature", "properties": { "transit_type": "highway", "name": "Piet Heinkade" }, "geometry": { "type": "Point", "coordinates": [ 4.914050001251629, 52.377167004144489 ] } },
{ "type": "Feature", "properties": { "transit_type": "highway", "name": "Stenendokweg" }, "geometry": { "type": "Point", "coordinates": [ 4.892849701231852, 52.406284804161736 ] } },
{ "type": "Feature", "properties": { "transit_type": "highway", "name": "Stenendokweg" }, "geometry": { "type": "Point", "coordinates": [ 4.891866201230919, 52.40734010416233 ] } },
{ "type": "Feature", "properties": { "transit_type": "highway", "name": "Station Lelylaan" }, "geometry": { "type": "Point", "coordinates": [ 4.834814501171506, 52.356676304132598 ] } },
{ "type": "Feature", "properties": { "transit_type": "highway", "name": "Noorderpark" }, "geometry": { "type": "Point", "coordinates": [ 4.919378001257525, 52.38928590415162 ] } },
{ "type": "Feature", "properties": { "transit_type": "highway", "name": "Frederiksplein" }, "geometry": { "type": "Point", "coordinates": [ 4.898862601235599, 52.358995904133813 ] } },
{ "type": "Feature", "properties": { "transit_type": "highway", "name": "Amsterdam, Frederiksplein" }, "geometry": { "type": "Point", "coordinates": [ 4.899113801235893, 52.359925604134389 ] } },
{ "type": "Feature", "properties": { "transit_type": "highway", "name": "Molukkenstraat" }, "geometry": { "type": "Point", "coordinates": [ 4.940510401277329, 52.361724004135311 ] } },
{ "type": "Feature", "properties": { "transit_type": "highway", "name": "Muiderpoortstation" }, "geometry": { "type": "Point", "coordinates": [ 4.933706801270506, 52.36104050413492 ] } },
{ "type": "Feature", "properties": { "transit_type": "highway", "name": "Insulindeweg" }, "geometry": { "type": "Point", "coordinates": [ 4.947612101284568, 52.364765104137057 ] } },
{ "type": "Feature", "properties": { "transit_type": "highway", "name": "Wijttenbachstraat" }, "geometry": { "type": "Point", "coordinates": [ 4.925058301261824, 52.360251404134495 ] } },
{ "type": "Feature", "properties": { "transit_type": "highway", "name": "Amsterdam, Oostpoort" }, "geometry": { "type": "Point", "coordinates": [ 4.927186901263799, 52.357002904132585 ] } },
{ "type": "Feature", "properties": { "transit_type": "highway", "name": "Hogeweg" }, "geometry": { "type": "Point", "coordinates": [ 4.931017801267457, 52.353399004130416 ] } },
{ "type": "Feature", "properties": { "transit_type": "highway", "name": "Artis" }, "geometry": { "type": "Point", "coordinates": [ 4.910968101248057, 52.366731104138374 ] } },
{ "type": "Feature", "properties": { "transit_type": "highway", "name": "Plantage Lepellaan" }, "geometry": { "type": "Point", "coordinates": [ 4.915292601252307, 52.365235804137491 ] } },
{ "type": "Feature", "properties": { "transit_type": "highway", "name": "Rembrandtplein" }, "geometry": { "type": "Point", "coordinates": [ 4.896423101233508, 52.366275504138144 ] } },
{ "type": "Feature", "properties": { "transit_type": "highway", "name": "Rembrandtplein" }, "geometry": { "type": "Point", "coordinates": [ 4.896817001233897, 52.366210904138114 ] } },
{ "type": "Feature", "properties": { "transit_type": "highway", "name": "Waterlooplein" }, "geometry": { "type": "Point", "coordinates": [ 4.902261301239381, 52.367159904138674 ] } },
{ "type": "Feature", "properties": { "transit_type": "highway", "name": "Waterlooplein" }, "geometry": { "type": "Point", "coordinates": [ 4.901957001239069, 52.36700310413854 ] } },
{ "type": "Feature", "properties": { "transit_type": "highway", "name": "Alexanderplein" }, "geometry": { "type": "Point", "coordinates": [ 4.919601001256526, 52.363416004136376 ] } },
{ "type": "Feature", "properties": { "transit_type": "highway", "name": "Alexanderplein" }, "geometry": { "type": "Point", "coordinates": [ 4.9193741012563, 52.36352510413645 ] } },
{ "type": "Feature", "properties": { "transit_type": "highway", "name": "Eerste Van Swindenstraat" }, "geometry": { "type": "Point", "coordinates": [ 4.923785901260644, 52.362190204135636 ] } },
{ "type": "Feature", "properties": { "transit_type": "highway", "name": "Keizersgracht" }, "geometry": { "type": "Point", "coordinates": [ 4.898349201235313, 52.363836604136715 ] } },
{ "type": "Feature", "properties": { "transit_type": "highway", "name": "Keizersgracht" }, "geometry": { "type": "Point", "coordinates": [ 4.898264101235228, 52.363786504136691 ] } },
{ "type": "Feature", "properties": { "transit_type": "highway", "name": "Emmastraat" }, "geometry": { "type": "Point", "coordinates": [ 4.870155301206641, 52.353204804130506 ] } },
{ "type": "Feature", "properties": { "transit_type": "highway", "name": "Concertgebouw" }, "geometry": { "type": "Point", "coordinates": [ 4.878497001215086, 52.355524104131831 ] } },
{ "type": "Feature", "properties": { "transit_type": "highway", "name": "Concertgebouw" }, "geometry": { "type": "Point", "coordinates": [ 4.879780301216411, 52.356398604132345 ] } },
{ "type": "Feature", "properties": { "transit_type": "highway", "name": "Concertgebouw" }, "geometry": { "type": "Point", "coordinates": [ 4.879671501216316, 52.356700804132565 ] } },
{ "type": "Feature", "properties": { "transit_type": "highway", "name": "Roelof Hartplein" }, "geometry": { "type": "Point", "coordinates": [ 4.88209220121854, 52.352624404130147 ] } },
{ "type": "Feature", "properties": { "transit_type": "highway", "name": "Roelof Hartplein" }, "geometry": { "type": "Point", "coordinates": [ 4.881943701218422, 52.353290804130523 ] } },
{ "type": "Feature", "properties": { "transit_type": "highway", "name": "Anderlechtlaan" }, "geometry": { "type": "Point", "coordinates": [ 4.814455601150127, 52.335487904120079 ] } },
{ "type": "Feature", "properties": { "transit_type": "highway", "name": "Anderlechtlaan" }, "geometry": { "type": "Point", "coordinates": [ 4.813849701149516, 52.33536050412004 ] } },
{ "type": "Feature", "properties": { "transit_type": "highway", "name": "Station Sloterdijk" }, "geometry": { "type": "Point", "coordinates": [ 4.838497801176735, 52.388553104151377 ] } },
{ "type": "Feature", "properties": { "transit_type": "highway", "name": "Gerrit van der Veenstraat" }, "geometry": { "type": "Point", "coordinates": [ 4.877235501213502, 52.348817204127883 ] } },
{ "type": "Feature", "properties": { "transit_type": "highway", "name": "Uilenstede" }, "geometry": { "type": "Point", "coordinates": [ 4.869410301204399, 52.322114504112044 ] } },
{ "type": "Feature", "properties": { "transit_type": "highway", "name": "Gerrit van der Veenstraat" }, "geometry": { "type": "Point", "coordinates": [ 4.877334401213623, 52.349226504128133 ] } },
{ "type": "Feature", "properties": { "transit_type": "highway", "name": "Marco Polostraat" }, "geometry": { "type": "Point", "coordinates": [ 4.855111101192466, 52.370843204140954 ] } },
{ "type": "Feature", "properties": { "transit_type": "highway", "name": "Waalstraat" }, "geometry": { "type": "Point", "coordinates": [ 4.901466501237515, 52.344656404125317 ] } },
{ "type": "Feature", "properties": { "transit_type": "highway", "name": "Lumièrestraat" }, "geometry": { "type": "Point", "coordinates": [ 4.9992302013356, 52.353279804130025 ] } },
{ "type": "Feature", "properties": { "transit_type": "highway", "name": "Diemerparklaan" }, "geometry": { "type": "Point", "coordinates": [ 4.994776501331263, 52.355657504131457 ] } },
{ "type": "Feature", "properties": { "transit_type": "highway", "name": "Vennepluimstraat" }, "geometry": { "type": "Point", "coordinates": [ 4.990389301326987, 52.357981804132827 ] } },
{ "type": "Feature", "properties": { "transit_type": "highway", "name": "Station Ganzenhoef" }, "geometry": { "type": "Point", "coordinates": [ 4.972552201307517, 52.322347804111821 ] } },
{ "type": "Feature", "properties": { "transit_type": "highway", "name": "Meibergdreef" }, "geometry": { "type": "Point", "coordinates": [ 4.952750001286391, 52.293782704094887 ] } },
{ "type": "Feature", "properties": { "transit_type": "highway", "name": "Annie Romeinplein" }, "geometry": { "type": "Point", "coordinates": [ 4.971647201306581, 52.321729604111439 ] } },
{ "type": "Feature", "properties": { "transit_type": "highway", "name": "Louwesweg" }, "geometry": { "type": "Point", "coordinates": [ 4.825078401161289, 52.346681504126742 ] } },
{ "type": "Feature", "properties": { "transit_type": "highway", "name": "Louwesweg" }, "geometry": { "type": "Point", "coordinates": [ 4.82424980116046, 52.34670870412674 ] } },
{ "type": "Feature", "properties": { "transit_type": "highway", "name": "Bloemgracht" }, "geometry": { "type": "Point", "coordinates": [ 4.876561901214061, 52.374444404143027 ] } },
{ "type": "Feature", "properties": { "transit_type": "highway", "name": "Rozengracht" }, "geometry": { "type": "Point", "coordinates": [ 4.875806101213215, 52.372558604141929 ] } },
{ "type": "Feature", "properties": { "transit_type": "highway", "name": "Marnixplein" }, "geometry": { "type": "Point", "coordinates": [ 4.879420101217127, 52.378806304145598 ] } },
{ "type": "Feature", "properties": { "transit_type": "highway", "name": "Prinsengracht" }, "geometry": { "type": "Point", "coordinates": [ 4.898991501235878, 52.362185904135707 ] } },
{ "type": "Feature", "properties": { "transit_type": "highway", "name": "Prinsengracht" }, "geometry": { "type": "Point", "coordinates": [ 4.898946701235824, 52.362016004135633 ] } },
{ "type": "Feature", "properties": { "transit_type": "highway", "name": "Leidseplein" }, "geometry": { "type": "Point", "coordinates": [ 4.880658201217688, 52.364747804137316 ] } },
{ "type": "Feature", "properties": { "transit_type": "highway", "name": "Karel Doormanstraat" }, "geometry": { "type": "Point", "coordinates": [ 4.856995201194737, 52.378876704145682 ] } },
{ "type": "Feature", "properties": { "transit_type": "highway", "name": "Jan van Galenstraat" }, "geometry": { "type": "Point", "coordinates": [ 4.858513301196073, 52.375136704143465 ] } },
{ "type": "Feature", "properties": { "transit_type": "highway", "name": "De Rijpstraat" }, "geometry": { "type": "Point", "coordinates": [ 4.857697301195362, 52.377353004144773 ] } },
{ "type": "Feature", "properties": { "transit_type": "highway", "name": "Bos en Lommerweg" }, "geometry": { "type": "Point", "coordinates": [ 4.855254301193068, 52.380285104146537 ] } },
{ "type": "Feature", "properties": { "transit_type": "highway", "name": "Burgemeester van de Pollstraat" }, "geometry": { "type": "Point", "coordinates": [ 4.832337701169851, 52.373542904142575 ] } },
{ "type": "Feature", "properties": { "transit_type": "highway", "name": "Oldengaarde" }, "geometry": { "type": "Point", "coordinates": [ 4.881836201217305, 52.332157704117975 ] } },
{ "type": "Feature", "properties": { "transit_type": "highway", "name": "Weerdestein" }, "geometry": { "type": "Point", "coordinates": [ 4.888400201223866, 52.332164004117963 ] } },
{ "type": "Feature", "properties": { "transit_type": "highway", "name": "De Boelelaan/De Klencke" }, "geometry": { "type": "Point", "coordinates": [ 4.887568401223136, 52.334348204119287 ] } },
{ "type": "Feature", "properties": { "transit_type": "highway", "name": "Radboud" }, "geometry": { "type": "Point", "coordinates": [ 4.867509001202766, 52.327591704115314 ] } },
{ "type": "Feature", "properties": { "transit_type": "highway", "name": "Bolestein" }, "geometry": { "type": "Point", "coordinates": [ 4.859741801194875, 52.324980704113798 ] } },
{ "type": "Feature", "properties": { "transit_type": "highway", "name": "Benjamin Brittenstraat" }, "geometry": { "type": "Point", "coordinates": [ 4.869900901205588, 52.336599204120681 ] } },
{ "type": "Feature", "properties": { "transit_type": "highway", "name": "Kalfjeslaan" }, "geometry": { "type": "Point", "coordinates": [ 4.857584301192598, 52.322471704112296 ] } },
{ "type": "Feature", "properties": { "transit_type": "highway", "name": "Kalfjeslaan" }, "geometry": { "type": "Point", "coordinates": [ 4.857409001192421, 52.322402104112243 ] } },
{ "type": "Feature", "properties": { "transit_type": "highway", "name": "Amsterdamse Bos" }, "geometry": { "type": "Point", "coordinates": [ 4.857364001192597, 52.327008904114983 ] } },
{ "type": "Feature", "properties": { "transit_type": "highway", "name": "Osdorpplein Noord" }, "geometry": { "type": "Point", "coordinates": [ 4.805225601142126, 52.360353904134847 ] } },
{ "type": "Feature", "properties": { "transit_type": "highway", "name": "Belgiëplein" }, "geometry": { "type": "Point", "coordinates": [ 4.812524701148662, 52.344921804125697 ] } },
{ "type": "Feature", "properties": { "transit_type": "highway", "name": null }, "geometry": { "type": "Point", "coordinates": [ 5.016321501352908, 52.358281804132872 ] } },
{ "type": "Feature", "properties": { "transit_type": "highway", "name": "Station Noord" }, "geometry": { "type": "Point", "coordinates": [ 4.932644101271398, 52.402575604159431 ] } },
{ "type": "Feature", "properties": { "transit_type": "highway", "name": "De Boelelaan / Parnassusweg" }, "geometry": { "type": "Point", "coordinates": [ 4.869805101205422, 52.3351375041198 ] } },
{ "type": "Feature", "properties": { "transit_type": "highway", "name": "De Boelelaan / VU" }, "geometry": { "type": "Point", "coordinates": [ 4.86911170120471, 52.334701904119548 ] } },
{ "type": "Feature", "properties": { "transit_type": "highway", "name": "De Boelelaan / VU" }, "geometry": { "type": "Point", "coordinates": [ 4.868595601204182, 52.334484504119409 ] } },
{ "type": "Feature", "properties": { "transit_type": "highway", "name": "Antonio Vivaldistraat" }, "geometry": { "type": "Point", "coordinates": [ 4.883904501219501, 52.334870704119602 ] } },
{ "type": "Feature", "properties": { "transit_type": "highway", "name": "Dam" }, "geometry": { "type": "Point", "coordinates": [ 4.891515301228956, 52.373576504142463 ] } },
{ "type": "Feature", "properties": { "transit_type": "highway", "name": "Osdorper ban" }, "geometry": { "type": "Point", "coordinates": [ 4.804756901141799, 52.363147904136497 ] } },
{ "type": "Feature", "properties": { "transit_type": "highway", "name": "Muntplein" }, "geometry": { "type": "Point", "coordinates": [ 4.893110001230197, 52.366237404138161 ] } },
{ "type": "Feature", "properties": { "transit_type": "highway", "name": "Admiraal De Ruijterweg" }, "geometry": { "type": "Point", "coordinates": [ 4.860309201197687, 52.371463104141299 ] } },
{ "type": "Feature", "properties": { "transit_type": "highway", "name": "Admiraal De Ruijterweg" }, "geometry": { "type": "Point", "coordinates": [ 4.860280101197655, 52.37140410414127 ] } },
{ "type": "Feature", "properties": { "transit_type": "highway", "name": "Daniël Goedkoopstraat" }, "geometry": { "type": "Point", "coordinates": [ 4.922650001258189, 52.334188904119081 ] } },
{ "type": "Feature", "properties": { "transit_type": "highway", "name": "Van Woustraat" }, "geometry": { "type": "Point", "coordinates": [ 4.900365201237046, 52.357931704133222 ] } },
{ "type": "Feature", "properties": { "transit_type": "highway", "name": "Weesperplein" }, "geometry": { "type": "Point", "coordinates": [ 4.90769410124456, 52.361913704135517 ] } },
{ "type": "Feature", "properties": { "transit_type": "highway", "name": "Tafelbergweg" }, "geometry": { "type": "Point", "coordinates": [ 4.949768401283454, 52.294752004095486 ] } },
{ "type": "Feature", "properties": { "transit_type": "highway", "name": "Tafelbergweg" }, "geometry": { "type": "Point", "coordinates": [ 4.948844301282494, 52.294008704095027 ] } },
{ "type": "Feature", "properties": { "transit_type": "highway", "name": "Gaasperplasstation" }, "geometry": { "type": "Point", "coordinates": [ 4.985069401319505, 52.310953404104964 ] } },
{ "type": "Feature", "properties": { "transit_type": "highway", "name": "Dam" }, "geometry": { "type": "Point", "coordinates": [ 4.891333901228816, 52.374413204143003 ] } },
{ "type": "Feature", "properties": { "transit_type": "highway", "name": "Van Hilligaertstraat" }, "geometry": { "type": "Point", "coordinates": [ 4.891450301227755, 52.349850404128432 ] } },
{ "type": "Feature", "properties": { "transit_type": "highway", "name": "Dam" }, "geometry": { "type": "Point", "coordinates": [ 4.89166140122915, 52.374631104143099 ] } },
{ "type": "Feature", "properties": { "transit_type": "highway", "name": "Museumplein" }, "geometry": { "type": "Point", "coordinates": [ 4.880912401217651, 52.358665104133728 ] } },
{ "type": "Feature", "properties": { "transit_type": "highway", "name": "Parnassusweg" }, "geometry": { "type": "Point", "coordinates": [ 4.868863701204681, 52.339295404122254 ] } },
{ "type": "Feature", "properties": { "transit_type": "highway", "name": "Arent Janszoon Ernststraat" }, "geometry": { "type": "Point", "coordinates": [ 4.86909080120454, 52.331658504117748 ] } },
{ "type": "Feature", "properties": { "transit_type": "highway", "name": "Overtoomsesluis" }, "geometry": { "type": "Point", "coordinates": [ 4.855166301191873, 52.357469404133063 ] } },
{ "type": "Feature", "properties": { "transit_type": "highway", "name": "Oranje Nassaulaan" }, "geometry": { "type": "Point", "coordinates": [ 4.855351101191935, 52.354969204131542 ] } },
{ "type": "Feature", "properties": { "transit_type": "highway", "name": "Oranje Nassaulaan" }, "geometry": { "type": "Point", "coordinates": [ 4.855375301191962, 52.354972604131582 ] } },
{ "type": "Feature", "properties": { "transit_type": "highway", "name": "Oranje Nassaulaan" }, "geometry": { "type": "Point", "coordinates": [ 4.855343701191943, 52.355232604131736 ] } },
{ "type": "Feature", "properties": { "transit_type": "highway", "name": "Floraweg" }, "geometry": { "type": "Point", "coordinates": [ 4.907630901246227, 52.398314704156995 ] } },
{ "type": "Feature", "properties": { "transit_type": "highway", "name": "DFDS Shuttle-Service, Amsterdam - Newcastle" }, "geometry": { "type": "Point", "coordinates": [ 4.907310401244952, 52.378237004145149 ] } },
{ "type": "Feature", "properties": { "transit_type": "highway", "name": "Burgemeester Roellstraat" }, "geometry": { "type": "Point", "coordinates": [ 4.806489601144194, 52.376648604144449 ] } },
{ "type": "Feature", "properties": { "transit_type": "highway", "name": "Station RAI" }, "geometry": { "type": "Point", "coordinates": [ 4.890456001226144, 52.336864604120727 ] } },
{ "type": "Feature", "properties": { "transit_type": "highway", "name": "Amsterdam, Marnixplein" }, "geometry": { "type": "Point", "coordinates": [ 4.879305101217013, 52.378816804145593 ] } },
{ "type": "Feature", "properties": { "transit_type": "highway", "name": "Kaapstadweg" }, "geometry": { "type": "Point", "coordinates": [ 4.740002301079537, 52.410956404164672 ] } },
{ "type": "Feature", "properties": { "transit_type": "highway", "name": "Kaapstadweg" }, "geometry": { "type": "Point", "coordinates": [ 4.74023290107984, 52.412341004165462 ] } },
{ "type": "Feature", "properties": { "transit_type": "highway", "name": "Anderlechtlaan, tijdelijke halte" }, "geometry": { "type": "Point", "coordinates": [ 4.812451401148349, 52.340035804122785 ] } },
{ "type": "Feature", "properties": { "transit_type": "highway", "name": "Anderlechtlaan, tijdelijke halte" }, "geometry": { "type": "Point", "coordinates": [ 4.812031701147929, 52.340058304122799 ] } },
{ "type": "Feature", "properties": { "transit_type": "highway", "name": "Koenenkade" }, "geometry": { "type": "Point", "coordinates": [ 4.857539801192998, 52.331688304117755 ] } },
{ "type": "Feature", "properties": { "transit_type": "highway", "name": "Koenenkade" }, "geometry": { "type": "Point", "coordinates": [ 4.857323501192731, 52.330625104117132 ] } },
{ "type": "Feature", "properties": { "transit_type": "highway", "name": "Amsterdam, Rudolf Nurejevstraat" }, "geometry": { "type": "Point", "coordinates": [ 4.962474901299869, 52.37451930414278 ] } },
{ "type": "Feature", "properties": { "transit_type": "highway", "name": "Amsterdam, Rudolf Nurejevstraat" }, "geometry": { "type": "Point", "coordinates": [ 4.962721501300112, 52.374474104142706 ] } },
{ "type": "Feature", "properties": { "transit_type": "highway", "name": "Gaasperplasstation" }, "geometry": { "type": "Point", "coordinates": [ 4.985292101319741, 52.311316204105218 ] } },
{ "type": "Feature", "properties": { "transit_type": "highway", "name": "Kattenburg" }, "geometry": { "type": "Point", "coordinates": [ 4.920641101258182, 52.376523604144133 ] } },
{ "type": "Feature", "properties": { "transit_type": "highway", "name": "Anderlechtlaan" }, "geometry": { "type": "Point", "coordinates": [ 4.813641201149311, 52.335411204120049 ] } },
{ "type": "Feature", "properties": { "transit_type": "highway", "name": "Molenwijk" }, "geometry": { "type": "Point", "coordinates": [ 4.89347920123305, 52.418193204168723 ] } },
{ "type": "Feature", "properties": { "transit_type": "highway", "name": "Molenwijk" }, "geometry": { "type": "Point", "coordinates": [ 4.893680501233244, 52.418007404168598 ] } },
{ "type": "Feature", "properties": { "transit_type": "highway", "name": "Molenwijk" }, "geometry": { "type": "Point", "coordinates": [ 4.893674701233238, 52.418051504168588 ] } },
{ "type": "Feature", "properties": { "transit_type": "highway", "name": "Buiteneilandlaan" }, "geometry": { "type": "Point", "coordinates": [ 5.018522401354996, 52.355909504131489 ] } },
{ "type": "Feature", "properties": { "transit_type": "highway", "name": "Buiteneilandlaan" }, "geometry": { "type": "Point", "coordinates": [ 5.01776600135424, 52.355888604131465 ] } },
{ "type": "Feature", "properties": { "transit_type": "highway", "name": "Centrumeiland" }, "geometry": { "type": "Point", "coordinates": [ 5.013692301350072, 52.353762504130223 ] } },
{ "type": "Feature", "properties": { "transit_type": "highway", "name": "Amstelveenseweg" }, "geometry": { "type": "Point", "coordinates": [ 4.856926101192659, 52.337416204121169 ] } },
{ "type": "Feature", "properties": { "transit_type": "highway", "name": "Museumplein" }, "geometry": { "type": "Point", "coordinates": [ 4.881193901217946, 52.358969504133881 ] } },
{ "type": "Feature", "properties": { "transit_type": "highway", "name": "Dam" }, "geometry": { "type": "Point", "coordinates": [ 4.890077401227497, 52.373142604142217 ] } },
{ "type": "Feature", "properties": { "transit_type": "highway", "name": "Merelstraat" }, "geometry": { "type": "Point", "coordinates": [ 4.925086001263259, 52.390001404152052 ] } },
{ "type": "Feature", "properties": { "transit_type": "highway", "name": "Merelstraat" }, "geometry": { "type": "Point", "coordinates": [ 4.924896601263064, 52.389847904151949 ] } },
{ "type": "Feature", "properties": { "transit_type": "highway", "name": "Haparandaweg" }, "geometry": { "type": "Point", "coordinates": [ 4.876276101214741, 52.394508404154855 ] } },
{ "type": "Feature", "properties": { "transit_type": "highway", "name": "Haparandaweg" }, "geometry": { "type": "Point", "coordinates": [ 4.875769201214238, 52.39460330415487 ] } },
{ "type": "Feature", "properties": { "transit_type": "highway", "name": "Slotermeerlaan" }, "geometry": { "type": "Point", "coordinates": [ 4.818013601155654, 52.3756865041439 ] } },
{ "type": "Feature", "properties": { "transit_type": "highway", "name": "keizersgracht" }, "geometry": { "type": "Point", "coordinates": [ 4.886468001223548, 52.36593770413802 ] } },
{ "type": "Feature", "properties": { "transit_type": "highway", "name": "keizersgracht" }, "geometry": { "type": "Point", "coordinates": [ 4.886414501223496, 52.365991104138025 ] } },
{ "type": "Feature", "properties": { "transit_type": "highway", "name": "Prinsengracht" }, "geometry": { "type": "Point", "coordinates": [ 4.884415101221457, 52.365042204137445 ] } },
{ "type": "Feature", "properties": { "transit_type": "highway", "name": "J.M. den Uylstraat" }, "geometry": { "type": "Point", "coordinates": [ 4.790126101128103, 52.38171030414744 ] } },
{ "type": "Feature", "properties": { "transit_type": "highway", "name": "J.M. den Uylstraat" }, "geometry": { "type": "Point", "coordinates": [ 4.791141401129106, 52.381492904147315 ] } },
{ "type": "Feature", "properties": { "transit_type": "highway", "name": "Amstelveenseweg" }, "geometry": { "type": "Point", "coordinates": [ 4.85659150119302, 52.351788104129675 ] } },
{ "type": "Feature", "properties": { "transit_type": "highway", "name": "Buiksloterwegveer" }, "geometry": { "type": "Point", "coordinates": [ 4.905946701243836, 52.383392704148264 ] } },
{ "type": "Feature", "properties": { "transit_type": "highway", "name": "Johan van Hasseltweg" }, "geometry": { "type": "Point", "coordinates": [ 4.92463370126272, 52.388111604150957 ] } },
{ "type": "Feature", "properties": { "transit_type": "highway", "name": "Olof Palmeplein" }, "geometry": { "type": "Point", "coordinates": [ 4.940314501278784, 52.396808604155986 ] } },
{ "type": "Feature", "properties": { "transit_type": "highway", "name": "Gaasperplasstation" }, "geometry": { "type": "Point", "coordinates": [ 4.984534801318985, 52.311301504105195 ] } },
{ "type": "Feature", "properties": { "transit_type": "highway", "name": "Gaasperplasstation" }, "geometry": { "type": "Point", "coordinates": [ 4.983904301318354, 52.311283804105194 ] } },
{ "type": "Feature", "properties": { "transit_type": "highway", "name": null }, "geometry": { "type": "Point", "coordinates": [ 4.890727801227453, 52.358635104133661 ] } },
{ "type": "Feature", "properties": { "transit_type": "highway", "name": "De Entree" }, "geometry": { "type": "Point", "coordinates": [ 4.936794501271243, 52.311104104105283 ] } },
{ "type": "Feature", "properties": { "transit_type": "highway", "name": "De Entree" }, "geometry": { "type": "Point", "coordinates": [ 4.935395901269831, 52.310809404105122 ] } },
{ "type": "Feature", "properties": { "transit_type": "highway", "name": "Amsterdam Sloterdijk" }, "geometry": { "type": "Point", "coordinates": [ 4.838789901177082, 52.389627204152049 ] } },
{ "type": "Feature", "properties": { "transit_type": "highway", "name": "Elandsgracht" }, "geometry": { "type": "Point", "coordinates": [ 4.877195401214414, 52.368640704139594 ] } },
{ "type": "Feature", "properties": { "transit_type": "highway", "name": "Busstation Elandsgracht" }, "geometry": { "type": "Point", "coordinates": [ 4.876914501214184, 52.369637304140234 ] } },
{ "type": "Feature", "properties": { "transit_type": "highway", "name": "Busstation Elandsgracht" }, "geometry": { "type": "Point", "coordinates": [ 4.876773701214041, 52.369602004140141 ] } },
{ "type": "Feature", "properties": { "transit_type": "highway", "name": "Busstation Elandsgracht" }, "geometry": { "type": "Point", "coordinates": [ 4.877217901214459, 52.369081904139854 ] } },
{ "type": "Feature", "properties": { "transit_type": "highway", "name": "Busstation Elandsgracht" }, "geometry": { "type": "Point", "coordinates": [ 4.877293301214536, 52.369103404139864 ] } },
{ "type": "Feature", "properties": { "transit_type": "highway", "name": "Station Zuid" }, "geometry": { "type": "Point", "coordinates": [ 4.872030501207922, 52.340878304123208 ] } },
{ "type": "Feature", "properties": { "transit_type": "highway", "name": "Amstelstation" }, "geometry": { "type": "Point", "coordinates": [ 4.918801901254912, 52.346193004126206 ] } },
{ "type": "Feature", "properties": { "transit_type": "highway", "name": "Burgemeester van de Pollstraat" }, "geometry": { "type": "Point", "coordinates": [ 4.832183301169708, 52.373721704142682 ] } },
{ "type": "Feature", "properties": { "transit_type": "highway", "name": "Centrumeiland" }, "geometry": { "type": "Point", "coordinates": [ 5.012262201348642, 52.353687904130211 ] } },
{ "type": "Feature", "properties": { "transit_type": "highway", "name": "Frederik Hendrikplantsoen" }, "geometry": { "type": "Point", "coordinates": [ 4.875500101213201, 52.378588104145479 ] } },
{ "type": "Feature", "properties": { "transit_type": "highway", "name": "Frederik Hendrikplantsoen" }, "geometry": { "type": "Point", "coordinates": [ 4.875191601212895, 52.378581204145476 ] } },
{ "type": "Feature", "properties": { "transit_type": "highway", "name": "Burgemeester Roëllstraat" }, "geometry": { "type": "Point", "coordinates": [ 4.818568401156162, 52.374777604143318 ] } },
{ "type": "Feature", "properties": { "transit_type": "highway", "name": "IBM" }, "geometry": { "type": "Point", "coordinates": [ 4.827931201163936, 52.342503304124236 ] } },
{ "type": "Feature", "properties": { "transit_type": "highway", "name": "IBM" }, "geometry": { "type": "Point", "coordinates": [ 4.827764601163706, 52.341167704123436 ] } },
{ "type": "Feature", "properties": { "transit_type": "highway", "name": "Cruquiusweg" }, "geometry": { "type": "Point", "coordinates": [ 4.946013001283139, 52.368381504139187 ] } },
{ "type": "Feature", "properties": { "transit_type": "highway", "name": "Pigmentstraat" }, "geometry": { "type": "Point", "coordinates": [ 4.953073001290181, 52.368141004139034 ] } },
{ "type": "Feature", "properties": { "transit_type": "highway", "name": "Cruquiusweg" }, "geometry": { "type": "Point", "coordinates": [ 4.946175901283304, 52.368429004139259 ] } },
{ "type": "Feature", "properties": { "transit_type": "highway", "name": "George Gershwinlaan" }, "geometry": { "type": "Point", "coordinates": [ 4.87746830121313, 52.336196004120396 ] } },
{ "type": "Feature", "properties": { "transit_type": "highway", "name": "Antonio Vivaldistraat" }, "geometry": { "type": "Point", "coordinates": [ 4.8844589012201, 52.335816404120152 ] } },
{ "type": "Feature", "properties": { "transit_type": "highway", "name": "Domenico Scarlattilaan" }, "geometry": { "type": "Point", "coordinates": [ 4.886271401221967, 52.336995204120861 ] } },
{ "type": "Feature", "properties": { "transit_type": "highway", "name": "Barbara Strozzilaan" }, "geometry": { "type": "Point", "coordinates": [ 4.887543401223196, 52.336082704120294 ] } },
{ "type": "Feature", "properties": { "transit_type": "highway", "name": "Weerdestein" }, "geometry": { "type": "Point", "coordinates": [ 4.88840240122386, 52.332040204117895 ] } },
{ "type": "Feature", "properties": { "transit_type": "highway", "name": "Artis" }, "geometry": { "type": "Point", "coordinates": [ 4.911350901248432, 52.36653260413825 ] } },
{ "type": "Feature", "properties": { "transit_type": "highway", "name": "Amsterdam Centraal (De Ruijterkade)" }, "geometry": { "type": "Point", "coordinates": [ 4.90698340124463, 52.378352404145211 ] } },
{ "type": "Feature", "properties": { "transit_type": "highway", "name": "P&O Ferries Shuttle bus to Rotterdam Europort terminal" }, "geometry": { "type": "Point", "coordinates": [ 4.90752100124516, 52.378160704145145 ] } },
{ "type": "Feature", "properties": { "transit_type": "highway", "name": "Bob Haarmslaan" }, "geometry": { "type": "Point", "coordinates": [ 4.967640273518355, 52.369755484426655 ] } },
{ "type": "Feature", "properties": { "transit_type": "highway", "name": "Centrumeiland" }, "geometry": { "type": "Point", "coordinates": [ 5.011692718115839, 52.353237379104833 ] } },
{ "type": "Feature", "properties": { "transit_type": "station", "name": "Wibautstraat" }, "geometry": { "type": "Point", "coordinates": [ 4.912048601248564, 52.354594704131216 ] } },
{ "type": "Feature", "properties": { "transit_type": "station", "name": "Amstelveenseweg" }, "geometry": { "type": "Point", "coordinates": [ 4.857576901193359, 52.338402804121777 ] } },
{ "type": "Feature", "properties": { "transit_type": "station", "name": "Jan van Galenstraat" }, "geometry": { "type": "Point", "coordinates": [ 4.835293701172763, 52.372658204142034 ] } },
{ "type": "Feature", "properties": { "transit_type": "station", "name": "Strandvliet" }, "geometry": { "type": "Point", "coordinates": [ 4.941397701276197, 52.31861190410973 ] } },
{ "type": "Feature", "properties": { "transit_type": "station", "name": "Gein" }, "geometry": { "type": "Point", "coordinates": [ 4.989161201322927, 52.296406704096263 ] } },
{ "type": "Feature", "properties": { "transit_type": "station", "name": "Bullewijk" }, "geometry": { "type": "Point", "coordinates": [ 4.952129201286378, 52.306869004102715 ] } },
{ "type": "Feature", "properties": { "transit_type": "station", "name": "Overamstel" }, "geometry": { "type": "Point", "coordinates": [ 4.917626601253054, 52.331731804117631 ] } },
{ "type": "Feature", "properties": { "transit_type": "station", "name": "Wibautstraat" }, "geometry": { "type": "Point", "coordinates": [ 4.911895301248406, 52.35456010413116 ] } },
{ "type": "Feature", "properties": { "transit_type": "station", "name": "De Vlugtlaan" }, "geometry": { "type": "Point", "coordinates": [ 4.838222301176025, 52.379613404146149 ] } },
{ "type": "Feature", "properties": { "transit_type": "station", "name": "Gein" }, "geometry": { "type": "Point", "coordinates": [ 4.989012901322773, 52.296338004096221 ] } },
{ "type": "Feature", "properties": { "transit_type": "station", "name": "Reigersbos" }, "geometry": { "type": "Point", "coordinates": [ 4.974421801308152, 52.295647804095928 ] } },
{ "type": "Feature", "properties": { "transit_type": "station", "name": "Gaasperplas" }, "geometry": { "type": "Point", "coordinates": [ 4.984322301318773, 52.311317504105226 ] } },
{ "type": "Feature", "properties": { "transit_type": "station", "name": "Ganzenhoef" }, "geometry": { "type": "Point", "coordinates": [ 4.973550201308547, 52.323079204112261 ] } },
{ "type": "Feature", "properties": { "transit_type": "station", "name": "Kraaiennest" }, "geometry": { "type": "Point", "coordinates": [ 4.979123301313839, 52.31703130410861 ] } },
{ "type": "Feature", "properties": { "transit_type": "station", "name": "Venserpolder" }, "geometry": { "type": "Point", "coordinates": [ 4.946339801281519, 52.326766904114585 ] } },
{ "type": "Feature", "properties": { "transit_type": "station", "name": "Strandvliet" }, "geometry": { "type": "Point", "coordinates": [ 4.941355701276152, 52.318535504109718 ] } },
{ "type": "Feature", "properties": { "transit_type": "station", "name": "Bullewijk" }, "geometry": { "type": "Point", "coordinates": [ 4.952236401286476, 52.306610704102553 ] } },
{ "type": "Feature", "properties": { "transit_type": "station", "name": "Heemstedestraat" }, "geometry": { "type": "Point", "coordinates": [ 4.834302601170789, 52.352471304130127 ] } },
{ "type": "Feature", "properties": { "transit_type": "station", "name": "Spaklerweg" }, "geometry": { "type": "Point", "coordinates": [ 4.921011501256826, 52.339959504122504 ] } },
{ "type": "Feature", "properties": { "transit_type": "station", "name": "Wibautstraat" }, "geometry": { "type": "Point", "coordinates": [ 4.91202530124853, 52.354462404131141 ] } },
{ "type": "Feature", "properties": { "transit_type": "station", "name": "Nieuwmarkt" }, "geometry": { "type": "Point", "coordinates": [ 4.900878801238199, 52.371317604141105 ] } },
{ "type": "Feature", "properties": { "transit_type": "station", "name": "Henk Sneevlietweg" }, "geometry": { "type": "Point", "coordinates": [ 4.834502501170691, 52.346402904126563 ] } },
{ "type": "Feature", "properties": { "transit_type": "station", "name": "Isolatorweg" }, "geometry": { "type": "Point", "coordinates": [ 4.850791101189332, 52.395171304155284 ] } },
{ "type": "Feature", "properties": { "transit_type": "station", "name": "Postjesweg" }, "geometry": { "type": "Point", "coordinates": [ 4.833961201171022, 52.364292104137135 ] } },
{ "type": "Feature", "properties": { "transit_type": "station", "name": "Bullewijk" }, "geometry": { "type": "Point", "coordinates": [ 4.952001501286245, 52.306789504102653 ] } },
{ "type": "Feature", "properties": { "transit_type": "station", "name": "Gein" }, "geometry": { "type": "Point", "coordinates": [ 4.989299001323057, 52.296271104096178 ] } },
{ "type": "Feature", "properties": { "transit_type": "station", "name": "Strandvliet" }, "geometry": { "type": "Point", "coordinates": [ 4.94141980127621, 52.318362104109596 ] } },
{ "type": "Feature", "properties": { "transit_type": "station", "name": "Zuid" }, "geometry": { "type": "Point", "coordinates": [ 4.87461270121042, 52.3392032041222 ] } },
{ "type": "Feature", "properties": { "transit_type": "station", "name": "Station Sloterdijk" }, "geometry": { "type": "Point", "coordinates": [ 4.83887700117714, 52.3890161041517 ] } },
{ "type": "Feature", "properties": { "transit_type": "station", "name": "Station RAI" }, "geometry": { "type": "Point", "coordinates": [ 4.889326101225056, 52.337712404121255 ] } },
{ "type": "Feature", "properties": { "transit_type": "station", "name": "Centraal Station" }, "geometry": { "type": "Point", "coordinates": [ 4.900957801238568, 52.377431604144697 ] } },
{ "type": "Feature", "properties": { "transit_type": "station", "name": "Europaplein" }, "geometry": { "type": "Point", "coordinates": [ 4.891472701227383, 52.341606404123574 ] } },
{ "type": "Feature", "properties": { "transit_type": "station", "name": "De Pijp" }, "geometry": { "type": "Point", "coordinates": [ 4.890692601227194, 52.353975404130907 ] } },
{ "type": "Feature", "properties": { "transit_type": "station", "name": "Vijzelgracht" }, "geometry": { "type": "Point", "coordinates": [ 4.891164601227992, 52.360816904134943 ] } },
{ "type": "Feature", "properties": { "transit_type": "station", "name": "Noorderpark" }, "geometry": { "type": "Point", "coordinates": [ 4.918700401256832, 52.388931604151423 ] } },
{ "type": "Feature", "properties": { "transit_type": "station", "name": "Noord" }, "geometry": { "type": "Point", "coordinates": [ 4.932358901271087, 52.401993104159075 ] } },
{ "type": "Feature", "properties": { "transit_type": "station", "name": "Nieuwmarkt" }, "geometry": { "type": "Point", "coordinates": [ 4.901084601238405, 52.371353004141163 ] } },
{ "type": "Feature", "properties": { "transit_type": "station", "name": "Waterlooplein" }, "geometry": { "type": "Point", "coordinates": [ 4.903606101240698, 52.366626204138328 ] } },
{ "type": "Feature", "properties": { "transit_type": "station", "name": "Waterlooplein" }, "geometry": { "type": "Point", "coordinates": [ 4.903752701240849, 52.36669050413839 ] } },
{ "type": "Feature", "properties": { "transit_type": "station", "name": "Nieuwmarkt" }, "geometry": { "type": "Point", "coordinates": [ 4.900937901238262, 52.37142380414118 ] } },
{ "type": "Feature", "properties": { "transit_type": "station", "name": "Weesperplein" }, "geometry": { "type": "Point", "coordinates": [ 4.907918201244754, 52.361326304135183 ] } },
{ "type": "Feature", "properties": { "transit_type": "station", "name": "Weesperplein" }, "geometry": { "type": "Point", "coordinates": [ 4.907847201244682, 52.361299304135159 ] } },
{ "type": "Feature", "properties": { "transit_type": "station", "name": "Centraal Station" }, "geometry": { "type": "Point", "coordinates": [ 4.900905801238601, 52.379197704145774 ] } },
{ "type": "Feature", "properties": { "transit_type": "station", "name": "Rokin" }, "geometry": { "type": "Point", "coordinates": [ 4.892615871492882, 52.37046577761398 ] } },
{ "type": "Feature", "properties": { "transit_type": "station", "name": "Waterlooplein" }, "geometry": { "type": "Point", "coordinates": [ 4.902448877300567, 52.367345610599052 ] } },
{ "type": "Feature", "properties": { "transit_type": "station", "name": "Weesperplein" }, "geometry": { "type": "Point", "coordinates": [ 4.907967951634668, 52.361201629073953 ] } },
{ "type": "Feature", "properties": { "transit_type": "station", "name": null }, "geometry": { "type": "Point", "coordinates": [ 4.912725284940163, 52.353369015344867 ] } },
{ "type": "Feature", "properties": { "transit_type": "station", "name": null }, "geometry": { "type": "Point", "coordinates": [ 4.911609270281935, 52.355222385660255 ] } }
]
}
